action,book_side,count_fp,created_time,fee_cost,fill_id,is_taker,market_ticker,no_price_dollars,order_id,outcome_side,side,subaccount_number,ticker,trade_id,ts,yes_price_dollars
buy,bid,2.34,2026-08-05 22:55:55.249708+00:00,0.033100,fba3d9d3-54af-7c82-0d77-c1f698944300,True,KXBTCD-26AUG0519-T64599.99,0.2800,48547c72-8251-4e9c-a3fe-4523e66b9f0b,yes,yes,0,KXBTCD-26AUG0519-T64599.99,fba3d9d3-54af-7c82-0d77-c1f698944300,1785970555,0.7200
sell,bid,1.88,2026-08-05 22:54:36.379219+00:00,0.000000,b0994fba-a5b9-6546-8733-caa88018152f,False,KXBTC15M-26AUG051900-00,0.9100,2d4ca00c-e3d4-43c8-8446-7ed603887ebf,yes,yes,0,KXBTC15M-26AUG051900-00,b0994fba-a5b9-6546-8733-caa88018152f,1785970476,0.0900
buy,ask,1.88,2026-08-05 22:48:07.619051+00:00,0.031900,a37f010b-b956-410b-fd8a-b9b74360361c,True,KXBTC15M-26AUG051900-00,0.5900,617abcb7-366a-409c-9be4-6c9f4de9b590,no,no,0,KXBTC15M-26AUG051900-00,a37f010b-b956-410b-fd8a-b9b74360361c,1785970087,0.4100
sell,ask,12.25,2026-08-05 22:40:15.635212+00:00,0.077200,67eaa4ad-8647-6b92-e861-8534fdc1aa9a,True,KXBTC15M-26AUG051845-45,0.9000,b22a054e-4040-4a2f-9b9d-55493788a597,no,no,0,KXBTC15M-26AUG051845-45,67eaa4ad-8647-6b92-e861-8534fdc1aa9a,1785969615,0.1000
buy,bid,12.25,2026-08-05 22:32:49.413156+00:00,0.160800,6e02cf1f-44f1-55f7-e076-83f4c9b90d5d,True,KXBTC15M-26AUG051845-45,0.2500,2c3e2276-8fb4-4562-9b48-a1e382470af4,yes,yes,0,KXBTC15M-26AUG051845-45,6e02cf1f-44f1-55f7-e076-83f4c9b90d5d,1785969169,0.7500
sell,bid,5.95,2026-08-05 22:28:34.272930+00:00,0.006600,ccec0963-6ab0-5fdf-8f02-53030955411c,True,KXBTC15M-26AUG051830-30,0.0160,93ab7908-b5d1-472a-8e00-95693e5dbb61,yes,yes,0,KXBTC15M-26AUG051830-30,ccec0963-6ab0-5fdf-8f02-53030955411c,1785968914,0.9840
sell,bid,8.14,2026-08-05 22:28:34.272930+00:00,0.009040,8636f4f1-13bb-5b89-b251-ea21f52efed2,True,KXBTC15M-26AUG051830-30,0.0160,93ab7908-b5d1-472a-8e00-95693e5dbb61,yes,yes,0,KXBTC15M-26AUG051830-30,8636f4f1-13bb-5b89-b251-ea21f52efed2,1785968914,0.9840
buy,ask,14.09,2026-08-05 22:27:51.936905+00:00,0.189800,51845050-b9d1-4787-2693-c4471204aa9d,True,KXBTC15M-26AUG051830-30,0.7400,b62cec96-c655-4207-a352-401d0ca1c511,no,no,0,KXBTC15M-26AUG051830-30,51845050-b9d1-4787-2693-c4471204aa9d,1785968871,0.2600
sell,ask,0.01,2026-08-05 22:27:06.372722+00:00,0.000200,8e2e5a94-0262-7647-c491-df70a7fb282a,True,KXBTC15M-26AUG051830-30,0.6100,8f7df901-e818-4cb8-9896-5c9862095df5,no,no,0,KXBTC15M-26AUG051830-30,8e2e5a94-0262-7647-c491-df70a7fb282a,1785968826,0.3900
sell,bid,34.17,2026-08-05 22:26:50.757940+00:00,0.000000,fa33cc8b-15a0-557c-a16a-6759cea94d29,False,KXBTC15M-26AUG051830-30,0.5200,b9a9dfa8-92a5-4bb2-9cb2-128d4cd13af1,yes,yes,0,KXBTC15M-26AUG051830-30,fa33cc8b-15a0-557c-a16a-6759cea94d29,1785968810,0.4800
sell,bid,0.01,2026-08-05 22:26:42.012716+00:00,0.000100,41492001-4611-4966-928d-5120999758a1,True,KXBTC15M-26AUG051830-30,0.0900,e14b2221-d8d2-417e-8a0f-35b25102f411,yes,yes,0,KXBTC15M-26AUG051830-30,41492001-4611-4966-928d-5120999758a1,1785968802,0.9100
buy,ask,34.17,2026-08-05 22:25:12.733543+00:00,0.536800,2bb87ad1-8e80-55f6-754c-115b4a926076,True,KXBTC15M-26AUG051830-30,0.3400,d2987e43-a0d2-4639-b4bd-2461308d3fe4,no,no,0,KXBTC15M-26AUG051830-30,2bb87ad1-8e80-55f6-754c-115b4a926076,1785968712,0.6600
sell,ask,23.98,2026-08-05 22:23:06.785892+00:00,0.419000,b1d91b37-b116-6e41-2f41-25e4be1be07d,True,KXBTC15M-26AUG051830-30,0.5200,ff9c1bb6-2ccb-4b31-adfd-f74e08826b49,no,no,0,KXBTC15M-26AUG051830-30,b1d91b37-b116-6e41-2f41-25e4be1be07d,1785968586,0.4800
buy,bid,2.78,2026-08-05 22:20:26.345583+00:00,0.042400,06e40a15-60bd-6880-5e95-6860c4291954,True,KXBTC15M-26AUG051830-30,0.3200,4aa01f5f-ccc6-4b4d-b6ae-1191fbe5dc77,yes,yes,0,KXBTC15M-26AUG051830-30,06e40a15-60bd-6880-5e95-6860c4291954,1785968426,0.6800
buy,bid,21.20,2026-08-05 22:20:17.912431+00:00,0.278300,f6a2e659-d878-40a0-03d4-a9f314728471,True,KXBTC15M-26AUG051830-30,0.2500,152f88f6-e436-4147-accb-6596ff0b5524,yes,yes,0,KXBTC15M-26AUG051830-30,f6a2e659-d878-40a0-03d4-a9f314728471,1785968417,0.7500
sell,bid,22.78,2026-08-05 22:17:48.958109+00:00,0.375700,1b483191-a02f-6789-ca6a-e15980627156,True,KXBTC15M-26AUG051830-30,0.3800,bed7bc50-9e96-4b0b-991c-140f83f2b8bf,yes,yes,0,KXBTC15M-26AUG051830-30,1b483191-a02f-6789-ca6a-e15980627156,1785968268,0.6200
buy,ask,22.78,2026-08-05 22:15:24.943171+00:00,0.393000,4b5cbf85-8a22-5f74-eeb0-e86dd3f8f06c,True,KXBTC15M-26AUG051830-30,0.5600,fe88b44a-9e96-47d1-973e-8eb20d2a8e50,no,no,0,KXBTC15M-26AUG051830-30,4b5cbf85-8a22-5f74-eeb0-e86dd3f8f06c,1785968124,0.4400
sell,bid,16.15,2026-08-05 22:13:21.175089+00:00,0.000050,770667e9-fb78-6762-b47c-5e91eee390a8,False,KXBTC15M-26AUG051815-15,0.9930,a3f883ad-649d-4d5c-bdda-5bfbc5d266cc,yes,yes,0,KXBTC15M-26AUG051815-15,770667e9-fb78-6762-b47c-5e91eee390a8,1785968001,0.0070
buy,ask,16.15,2026-08-05 22:07:12.791612+00:00,0.180900,0efdef2e-60c9-738f-e8ff-b18c811fe6cc,True,KXBTC15M-26AUG051815-15,0.8000,c6a6ab2a-fa22-4c2f-98ab-a68a4a5c98c0,no,no,0,KXBTC15M-26AUG051815-15,0efdef2e-60c9-738f-e8ff-b18c811fe6cc,1785967632,0.2000
sell,bid,15.24,2026-08-05 22:03:09.206053+00:00,0.000000,aefe803b-063c-72c0-4363-d18c88055870,False,KXBTC15M-26AUG051815-15,0.8600,91927571-564d-4642-8d83-0fb1b1e3fd50,yes,yes,0,KXBTC15M-26AUG051815-15,aefe803b-063c-72c0-4363-d18c88055870,1785967389,0.1400
buy,ask,15.24,2026-08-05 22:02:11.066301+00:00,0.259900,c7b23244-2cb1-6b99-ca0e-150f7340806c,True,KXBTC15M-26AUG051815-15,0.5800,b6bc82c1-c319-4a9e-9a4b-1566fd116994,no,no,0,KXBTC15M-26AUG051815-15,c7b23244-2cb1-6b99-ca0e-150f7340806c,1785967331,0.4200
sell,bid,13.10,2026-08-05 21:58:30.025388+00:00,0.000000,3d29fbaa-7d53-658b-c9f6-5fde277d8c26,False,KXBTCD-26AUG0518-T64699.99,0.9900,c8e7e181-1ef2-4db1-b8fe-4e5c785e0e22,yes,yes,0,KXBTCD-26AUG0518-T64699.99,3d29fbaa-7d53-658b-c9f6-5fde277d8c26,1785967110,0.0100
buy,ask,13.10,2026-08-05 21:54:47.979504+00:00,0.172000,e763957c-3cf0-4f47-1159-f25ecce720cc,True,KXBTCD-26AUG0518-T64699.99,0.7500,c504c37a-18eb-4199-a726-16f3ed1ea6e9,no,no,0,KXBTCD-26AUG0518-T64699.99,e763957c-3cf0-4f47-1159-f25ecce720cc,1785966887,0.2500
sell,bid,17.46,2026-08-05 21:38:21.192995+00:00,0.000000,050150e3-002f-507c-1097-7a82cc71f16b,False,KXBTCD-26AUG0518-T64699.99,0.9200,c5b37938-8502-4142-923c-1fea381c39e3,yes,yes,0,KXBTCD-26AUG0518-T64699.99,050150e3-002f-507c-1097-7a82cc71f16b,1785965901,0.0800
buy,ask,15.30,2026-08-05 21:25:46.682514+00:00,0.211100,feac9dd0-471d-7c9a-d93c-61d8ed361b6c,True,KXBTCD-26AUG0518-T64699.99,0.7300,b9683ef7-5e10-4ca1-9da9-09ca935a598a,no,no,0,KXBTCD-26AUG0518-T64699.99,feac9dd0-471d-7c9a-d93c-61d8ed361b6c,1785965146,0.2700
buy,ask,1.00,2026-08-05 21:25:46.682514+00:00,0.013800,44f3ad57-ede0-75d6-f42d-cbf14f4a1615,True,KXBTCD-26AUG0518-T64699.99,0.7300,b9683ef7-5e10-4ca1-9da9-09ca935a598a,no,no,0,KXBTCD-26AUG0518-T64699.99,44f3ad57-ede0-75d6-f42d-cbf14f4a1615,1785965146,0.2700
buy,ask,1.16,2026-08-05 21:25:46.682514+00:00,0.016100,259cdff6-82c7-73a1-f49e-d846ca84cbce,True,KXBTCD-26AUG0518-T64699.99,0.7300,b9683ef7-5e10-4ca1-9da9-09ca935a598a,no,no,0,KXBTCD-26AUG0518-T64699.99,259cdff6-82c7-73a1-f49e-d846ca84cbce,1785965146,0.2700
sell,bid,14.17,2026-08-05 21:23:13.491671+00:00,0.000000,e096564d-4bfd-6523-ebd7-a3c2c10ff5d0,False,KXBTCD-26AUG0518-T64799.99,0.9200,54002814-6488-49cd-8f6c-a1bbe3b2601c,yes,yes,0,KXBTCD-26AUG0518-T64799.99,e096564d-4bfd-6523-ebd7-a3c2c10ff5d0,1785964993,0.0800
buy,ask,14.17,2026-08-05 21:13:55.963939+00:00,0.212200,55fdea03-1882-7260-7cd3-4306d728db07,True,KXBTCD-26AUG0518-T64799.99,0.6900,e9c85ef6-8b5c-4d66-b2ce-1db47dbb2625,no,no,0,KXBTCD-26AUG0518-T64799.99,55fdea03-1882-7260-7cd3-4306d728db07,1785964435,0.3100
sell,bid,10.35,2026-08-05 21:09:55.334117+00:00,0.000050,38cd1ca6-63a7-5e88-1fb3-0fa439f9d52f,False,KXBTC15M-26AUG051715-15,0.9670,0d93f0b6-fd72-4246-8ed7-b394ff15780f,yes,yes,0,KXBTC15M-26AUG051715-15,38cd1ca6-63a7-5e88-1fb3-0fa439f9d52f,1785964195,0.0330
buy,ask,10.35,2026-08-05 21:04:08.663850+00:00,0.149200,5a80a2f3-be54-6854-318c-b0685d5c2926,True,KXBTC15M-26AUG051715-15,0.7100,cefebe8d-6229-4864-ac15-4e9cccc8e036,no,no,0,KXBTC15M-26AUG051715-15,5a80a2f3-be54-6854-318c-b0685d5c2926,1785963848,0.2900
sell,bid,7.50,2026-08-05 20:56:57.793173+00:00,0.000000,674a5b82-b2ff-5fcf-5757-3255fc9f6a80,False,KXBTC15M-26AUG051700-00,0.9990,b4b3ed34-a2b2-4521-9c5c-359a1f718b38,yes,yes,0,KXBTC15M-26AUG051700-00,674a5b82-b2ff-5fcf-5757-3255fc9f6a80,1785963417,0.0010
buy,ask,7.50,2026-08-05 20:51:50.882227+00:00,0.029200,05257429-252f-65a2-5b49-5282d30d3097,True,KXBTC15M-26AUG051700-00,0.9410,8e19a9d7-bda8-49ac-bc85-6d8f644aa154,no,no,0,KXBTC15M-26AUG051700-00,05257429-252f-65a2-5b49-5282d30d3097,1785963110,0.0590
sell,bid,7.88,2026-08-05 20:40:55.819241+00:00,0.000000,18821474-6998-4163-67ec-94e262025cc5,False,KXBTC15M-26AUG051645-45,0.9000,6f3fc61c-6a31-49d9-b247-b4ca575e10ad,yes,yes,0,KXBTC15M-26AUG051645-45,18821474-6998-4163-67ec-94e262025cc5,1785962455,0.1000
buy,ask,7.88,2026-08-05 20:30:30.245005+00:00,0.137900,42e5e84c-3f52-601e-b053-dd153f8b6a0c,True,KXBTC15M-26AUG051645-45,0.5000,a8a6e7ab-4132-49ce-84c8-bc74bd38a225,no,no,0,KXBTC15M-26AUG051645-45,42e5e84c-3f52-601e-b053-dd153f8b6a0c,1785961830,0.5000
buy,bid,4.06,2026-08-05 20:29:04.449499+00:00,0.001500,0fb00e7d-bbf2-46ee-219e-4562b7d5276f,True,KXBTC15M-26AUG051630-30,0.0050,31ee916a-9836-43c7-a36d-ceaebe2854a6,yes,yes,0,KXBTC15M-26AUG051630-30,0fb00e7d-bbf2-46ee-219e-4562b7d5276f,1785961744,0.9950
sell,ask,4.26,2026-08-05 20:14:09.864861+00:00,0.000040,086ac309-6d32-514c-3abd-d4d459dcd381,False,KXBTC15M-26AUG051615-15,0.0610,ef31eed1-fe2f-4752-84bb-a1ff9972fc21,no,no,0,KXBTC15M-26AUG051615-15,086ac309-6d32-514c-3abd-d4d459dcd381,1785960849,0.9390
buy,bid,4.26,2026-08-05 20:00:21.722985+00:00,0.073500,942c3694-799b-4493-8a2e-79d4540d4498,True,KXBTC15M-26AUG051615-15,0.5600,2b400161-3976-409b-8a25-d6cc75964890,yes,yes,0,KXBTC15M-26AUG051615-15,942c3694-799b-4493-8a2e-79d4540d4498,1785960021,0.4400
buy,ask,2.00,2026-08-05 19:49:21.775200+00:00,0.025600,95176eca-54f7-4357-d142-2bc6152ff9fd,True,KXBTC15M-26AUG051600-00,0.7600,9e89f44b-15a1-4279-9d02-afd37727bf4b,no,no,0,KXBTC15M-26AUG051600-00,95176eca-54f7-4357-d142-2bc6152ff9fd,1785959361,0.2400
buy,ask,1.54,2026-08-05 19:34:56.374026+00:00,0.020800,12d92172-26d6-4a2a-36df-80322f0b5ff2,True,KXBTC15M-26AUG051545-45,0.7400,4e50f65b-e7f8-42b5-a831-58273a07afee,no,no,0,KXBTC15M-26AUG051545-45,12d92172-26d6-4a2a-36df-80322f0b5ff2,1785958496,0.2600
sell,ask,2.89,2026-08-05 19:33:56.761720+00:00,0.049300,2e7043c6-3890-4d9e-f197-1a4153db34c2,True,KXBTC15M-26AUG051545-45,0.5800,7b061cec-6c1f-400f-96e4-aa988f65f76e,no,no,0,KXBTC15M-26AUG051545-45,2e7043c6-3890-4d9e-f197-1a4153db34c2,1785958436,0.4200
buy,bid,2.89,2026-08-05 19:32:13.679023+00:00,0.049000,d79f4d4e-d5f2-7092-7463-0b1c80552ee8,True,KXBTC15M-26AUG051545-45,0.4100,927521ca-e2fc-4fc1-bd49-2d428253e046,yes,yes,0,KXBTC15M-26AUG051545-45,d79f4d4e-d5f2-7092-7463-0b1c80552ee8,1785958333,0.5900
sell,ask,1.78,2026-08-05 19:28:07.480949+00:00,0.000000,e640fb97-bac8-5e4f-d4bd-d5f5fb6d9853,False,KXBTC15M-26AUG051530-30,0.0100,39a83b4c-60e1-4341-b022-7ae45a0c4017,no,no,0,KXBTC15M-26AUG051530-30,e640fb97-bac8-5e4f-d4bd-d5f5fb6d9853,1785958087,0.9900
buy,bid,1.78,2026-08-05 19:26:07.138149+00:00,0.018400,6249651d-cab2-494a-f24f-215c69d8b119,True,KXBTC15M-26AUG051530-30,0.1800,c612ae92-dd71-404c-9d37-6938514e700d,yes,yes,0,KXBTC15M-26AUG051530-30,6249651d-cab2-494a-f24f-215c69d8b119,1785957967,0.8200
sell,bid,6.75,2026-08-05 19:25:56.161249+00:00,0.083700,094263cf-06ba-403b-bfeb-48ded15e77c9,True,KXBTC15M-26AUG051530-30,0.2300,c9d670d1-95b8-40fe-8844-16d8c197d35c,yes,yes,0,KXBTC15M-26AUG051530-30,094263cf-06ba-403b-bfeb-48ded15e77c9,1785957956,0.7700
buy,ask,6.75,2026-08-05 19:15:58.139064+00:00,0.112500,d97fa455-1984-6c33-5a72-a15ad2713ef8,True,KXBTC15M-26AUG051530-30,0.6100,a39bbc82-45ef-49b6-ba9e-6d37d6cecf47,no,no,0,KXBTC15M-26AUG051530-30,d97fa455-1984-6c33-5a72-a15ad2713ef8,1785957358,0.3900
sell,bid,43.76,2026-08-05 19:04:38.312419+00:00,0.275700,3bb41fb6-2384-7e91-42f4-50459583a8a8,True,KXBTC15M-26AUG051515-15,0.1000,b2aa0add-a867-4e6b-bc27-4a891fe9d532,yes,yes,0,KXBTC15M-26AUG051515-15,3bb41fb6-2384-7e91-42f4-50459583a8a8,1785956678,0.9000
buy,ask,43.76,2026-08-05 19:00:07.728596+00:00,0.735200,19e5c168-540d-4c6d-0158-827ff4191473,True,KXBTC15M-26AUG051515-15,0.6000,0725f86b-ab1e-401d-aec7-95259dc92240,no,no,0,KXBTC15M-26AUG051515-15,19e5c168-540d-4c6d-0158-827ff4191473,1785956407,0.4000
sell,ask,29.59,2026-08-05 18:59:40.610838+00:00,0.366900,a2b041db-c23c-43cc-bbde-9bce72cf8bb3,True,KXBTC15M-26AUG051500-00,0.7700,09fd5b60-51b9-41a6-8add-329a8f62ecdf,no,no,0,KXBTC15M-26AUG051500-00,a2b041db-c23c-43cc-bbde-9bce72cf8bb3,1785956380,0.2300
buy,bid,29.59,2026-08-05 18:59:26.052163+00:00,0.464800,a49d2fa3-0d66-4c0d-5d28-565ed1d952e4,True,KXBTC15M-26AUG051500-00,0.3400,251f1b8c-f49c-42db-b190-65368cbabfb1,yes,yes,0,KXBTC15M-26AUG051500-00,a49d2fa3-0d66-4c0d-5d28-565ed1d952e4,1785956366,0.6600
sell,ask,41.08,2026-08-05 18:58:18.597049+00:00,0.000000,8eac053b-a880-6dba-ed83-4bcee9b1f8a6,False,KXBTCD-26AUG0515-T64699.99,0.0100,aeb1f433-d185-4b1c-8ac7-d8a552236c6e,no,no,0,KXBTCD-26AUG0515-T64699.99,8eac053b-a880-6dba-ed83-4bcee9b1f8a6,1785956298,0.9900
buy,bid,41.08,2026-08-05 18:46:23.585682+00:00,0.386500,63ba2a9c-7959-5045-27ed-e9c02cb061d9,True,KXBTCD-26AUG0515-T64699.99,0.1600,be9dbac8-94d8-4682-a69a-12091cff6937,yes,yes,0,KXBTCD-26AUG0515-T64699.99,63ba2a9c-7959-5045-27ed-e9c02cb061d9,1785955583,0.8400
sell,bid,43.45,2026-08-05 18:39:05.527528+00:00,0.321200,e6b44400-b598-67c9-7ffc-f8539f81ee09,True,KXBTC15M-26AUG051445-45,0.1200,f0cbc2ec-9d61-4a10-b046-8ca6de09871e,yes,yes,0,KXBTC15M-26AUG051445-45,e6b44400-b598-67c9-7ffc-f8539f81ee09,1785955145,0.8800
buy,ask,43.45,2026-08-05 18:33:30.249615+00:00,0.661900,77a0e7da-6f89-6ae2-f43a-9aa1ffb19296,True,KXBTC15M-26AUG051445-45,0.6800,d5dd4180-1ef1-4b45-9fc1-8cc55b0c68f3,no,no,0,KXBTC15M-26AUG051445-45,77a0e7da-6f89-6ae2-f43a-9aa1ffb19296,1785954810,0.3200
sell,bid,42.96,2026-08-05 18:23:02.545394+00:00,0.000060,1f4c94a6-aee0-6ac2-4a71-4a7bca8578f8,False,KXBTC15M-26AUG051430-30,0.9360,52559d77-6271-4824-8616-bd7bd0fb0480,yes,yes,0,KXBTC15M-26AUG051430-30,1f4c94a6-aee0-6ac2-4a71-4a7bca8578f8,1785954182,0.0640
buy,ask,41.96,2026-08-05 18:17:09.674239+00:00,0.676800,94ccc77d-2aed-797c-b9c1-e4d8440d48b9,True,KXBTC15M-26AUG051430-30,0.6400,54225bd5-aa2d-4e21-8b55-967be9986634,no,no,0,KXBTC15M-26AUG051430-30,94ccc77d-2aed-797c-b9c1-e4d8440d48b9,1785953829,0.3600
buy,ask,1.00,2026-08-05 18:17:09.674239+00:00,0.016200,829e7541-1bbf-7de5-894d-ad9183edf81c,True,KXBTC15M-26AUG051430-30,0.6400,54225bd5-aa2d-4e21-8b55-967be9986634,no,no,0,KXBTC15M-26AUG051430-30,829e7541-1bbf-7de5-894d-ad9183edf81c,1785953829,0.3600
sell,bid,42.83,2026-08-05 18:06:30.150460+00:00,0.000000,e8d93378-6b24-7190-2431-24f0acc359ad,False,KXBTC15M-26AUG051415-15,0.8800,cfa8fdb6-1e79-45fe-b4e8-2b4adb0dd479,yes,yes,0,KXBTC15M-26AUG051415-15,e8d93378-6b24-7190-2431-24f0acc359ad,1785953190,0.1200
buy,ask,42.83,2026-08-05 18:00:25.130471+00:00,0.725300,65f177ec-a7f2-42e2-3ef7-cabca59d1f6a,True,KXBTC15M-26AUG051415-15,0.5900,83772d2d-373c-4118-a632-58ab3099b0a6,no,no,0,KXBTC15M-26AUG051415-15,65f177ec-a7f2-42e2-3ef7-cabca59d1f6a,1785952825,0.4100
sell,ask,36.81,2026-08-05 17:58:45.161223+00:00,0.000000,e00ae646-dcf2-5fba-263e-51e276a3701e,False,KXBTCD-26AUG0514-T64699.99,0.0100,c84cd7e3-9eb3-438c-9371-fe434a140bea,no,no,0,KXBTCD-26AUG0514-T64699.99,e00ae646-dcf2-5fba-263e-51e276a3701e,1785952725,0.9900
buy,bid,10.78,2026-08-05 17:58:08.524640+00:00,0.042600,c38aaf7d-b188-4b90-c3f3-2ab5366cf4f6,True,KXBTCD-26AUG0514-T64699.99,0.0600,5ba5d12a-2088-42ec-9d3b-32314dda4366,yes,yes,0,KXBTCD-26AUG0514-T64699.99,c38aaf7d-b188-4b90-c3f3-2ab5366cf4f6,1785952688,0.9400
buy,bid,26.03,2026-08-05 17:57:26.584671+00:00,0.454800,e9c6c558-bd02-537c-9b34-6c17da387280,True,KXBTCD-26AUG0514-T64699.99,0.4800,5fac6015-dd32-45e4-89e3-94e79043c904,yes,yes,0,KXBTCD-26AUG0514-T64699.99,e9c6c558-bd02-537c-9b34-6c17da387280,1785952646,0.5200
sell,ask,24.46,2026-08-05 17:55:40.901999+00:00,0.000000,d2a9d572-21ac-7a5b-78db-641a9c1a4060,False,KXBTCD-26AUG0514-T64599.99,0.0100,10db787c-0725-4a6d-b423-a0456791fb10,no,no,0,KXBTCD-26AUG0514-T64599.99,d2a9d572-21ac-7a5b-78db-641a9c1a4060,1785952540,0.9900
buy,bid,24.46,2026-08-05 17:45:33.913587+00:00,0.411000,1b8f40b4-b8a1-581b-9fee-c3b0c2320e20,True,KXBTCD-26AUG0514-T64599.99,0.4000,999a898c-db6f-4514-8fb8-a6f71a7e0a1d,yes,yes,0,KXBTCD-26AUG0514-T64599.99,1b8f40b4-b8a1-581b-9fee-c3b0c2320e20,1785951933,0.6000
sell,bid,183.92,2026-08-05 17:37:54.359471+00:00,0.979960,0915d7da-3ab6-56cc-1871-8f28576332d3,True,KXBTC15M-26AUG051345-45,0.0830,5cefcae8-eef5-44e8-a92c-1914dde2c53f,yes,yes,0,KXBTC15M-26AUG051345-45,0915d7da-3ab6-56cc-1871-8f28576332d3,1785951474,0.9170
buy,ask,183.92,2026-08-05 17:31:18.453647+00:00,3.155600,d25c5f08-b6b4-725c-eee5-c4bf385e0d56,True,KXBTC15M-26AUG051345-45,0.5700,df8e619c-a33f-4d7d-9b61-084b64b9fdd6,no,no,0,KXBTC15M-26AUG051345-45,d25c5f08-b6b4-725c-eee5-c4bf385e0d56,1785951078,0.4300
buy,ask,93.49,2026-08-05 17:29:38.032818+00:00,1.468600,d2fbd6cc-4cf5-5bb9-7cb0-ae954fd3129d,True,KXBTC15M-26AUG051330-30,0.3400,579b41b3-72ef-442d-b742-c5e483824e28,no,no,0,KXBTC15M-26AUG051330-30,d2fbd6cc-4cf5-5bb9-7cb0-ae954fd3129d,1785950978,0.6600
buy,ask,384.29,2026-08-05 17:29:38.032818+00:00,6.036500,352e9dec-8538-5f3a-7258-6b738100b0b1,True,KXBTC15M-26AUG051330-30,0.3400,579b41b3-72ef-442d-b742-c5e483824e28,no,no,0,KXBTC15M-26AUG051330-30,352e9dec-8538-5f3a-7258-6b738100b0b1,1785950978,0.6600
buy,ask,18.00,2026-08-05 17:29:38.032818+00:00,0.278600,20790eec-4e9e-5f59-706f-cae5251a9331,True,KXBTC15M-26AUG051330-30,0.3300,579b41b3-72ef-442d-b742-c5e483824e28,no,no,0,KXBTC15M-26AUG051330-30,20790eec-4e9e-5f59-706f-cae5251a9331,1785950978,0.6700
sell,ask,32.45,2026-08-05 17:29:29.482748+00:00,0.222400,a4ce7bd7-0d75-4a74-0aec-954d6987b4d0,True,KXBTC15M-26AUG051330-30,0.8900,5a187cba-7f26-4275-a358-778e656de6d9,no,no,0,KXBTC15M-26AUG051330-30,a4ce7bd7-0d75-4a74-0aec-954d6987b4d0,1785950969,0.1100
sell,ask,100.00,2026-08-05 17:29:29.482748+00:00,0.685300,a462883e-e660-4f28-2d45-589c87df7a1a,True,KXBTC15M-26AUG051330-30,0.8900,5a187cba-7f26-4275-a358-778e656de6d9,no,no,0,KXBTC15M-26AUG051330-30,a462883e-e660-4f28-2d45-589c87df7a1a,1785950969,0.1100
sell,ask,10.00,2026-08-05 17:29:29.482748+00:00,0.068600,91baf446-cd32-452d-3166-3c13f469bc49,True,KXBTC15M-26AUG051330-30,0.8900,5a187cba-7f26-4275-a358-778e656de6d9,no,no,0,KXBTC15M-26AUG051330-30,91baf446-cd32-452d-3166-3c13f469bc49,1785950969,0.1100
sell,ask,680.86,2026-08-05 17:29:29.482748+00:00,4.666000,3291de44-66b4-4b16-07b9-64a497cb8f95,True,KXBTC15M-26AUG051330-30,0.8900,5a187cba-7f26-4275-a358-778e656de6d9,no,no,0,KXBTC15M-26AUG051330-30,3291de44-66b4-4b16-07b9-64a497cb8f95,1785950969,0.1100
buy,bid,1.00,2026-08-05 17:26:53.756666+00:00,0.016000,f8bef7e9-0f01-43fb-123c-ef15410cfddd,True,KXBTC15M-26AUG051330-30,0.3500,c4102de7-a30f-4036-abf6-a346e4fcd95a,yes,yes,0,KXBTC15M-26AUG051330-30,f8bef7e9-0f01-43fb-123c-ef15410cfddd,1785950813,0.6500
buy,bid,93.98,2026-08-05 17:26:53.756666+00:00,1.476300,f33081a7-ccac-488d-38e4-90360ebd345a,True,KXBTC15M-26AUG051330-30,0.3400,c4102de7-a30f-4036-abf6-a346e4fcd95a,yes,yes,0,KXBTC15M-26AUG051330-30,f33081a7-ccac-488d-38e4-90360ebd345a,1785950813,0.6600
buy,bid,0.01,2026-08-05 17:26:53.756666+00:00,0.000200,9939582b-aea4-4de7-0f80-ab2ee54569a8,True,KXBTC15M-26AUG051330-30,0.3500,c4102de7-a30f-4036-abf6-a346e4fcd95a,yes,yes,0,KXBTC15M-26AUG051330-30,9939582b-aea4-4de7-0f80-ab2ee54569a8,1785950813,0.6500
buy,bid,0.10,2026-08-05 17:26:53.756666+00:00,0.001600,8c21b63a-82c7-45aa-2f47-91a560c52433,True,KXBTC15M-26AUG051330-30,0.3400,c4102de7-a30f-4036-abf6-a346e4fcd95a,yes,yes,0,KXBTC15M-26AUG051330-30,8c21b63a-82c7-45aa-2f47-91a560c52433,1785950813,0.6600
buy,bid,0.01,2026-08-05 17:26:53.756666+00:00,0.000200,57542284-50a1-46fe-0b6b-c43ee4145133,True,KXBTC15M-26AUG051330-30,0.3400,c4102de7-a30f-4036-abf6-a346e4fcd95a,yes,yes,0,KXBTC15M-26AUG051330-30,57542284-50a1-46fe-0b6b-c43ee4145133,1785950813,0.6600
buy,bid,61.00,2026-08-05 17:26:53.756666+00:00,0.958200,1028029b-8bb3-4f91-3d3f-318d46ead5b7,True,KXBTC15M-26AUG051330-30,0.3400,c4102de7-a30f-4036-abf6-a346e4fcd95a,yes,yes,0,KXBTC15M-26AUG051330-30,1028029b-8bb3-4f91-3d3f-318d46ead5b7,1785950813,0.6600
buy,bid,151.00,2026-08-05 17:26:33.263525+00:00,2.574900,e41d6a03-bd6b-7cfa-1782-0ec7357802f4,True,KXBTC15M-26AUG051330-30,0.4200,8ee6206c-c5f4-4e8a-a115-525ee89c044c,yes,yes,0,KXBTC15M-26AUG051330-30,e41d6a03-bd6b-7cfa-1782-0ec7357802f4,1785950793,0.5800
buy,bid,5.06,2026-08-05 17:26:33.263525+00:00,0.086300,c408a89d-6b1a-7219-26f6-9f78a4d0a73c,True,KXBTC15M-26AUG051330-30,0.4200,8ee6206c-c5f4-4e8a-a115-525ee89c044c,yes,yes,0,KXBTC15M-26AUG051330-30,c408a89d-6b1a-7219-26f6-9f78a4d0a73c,1785950793,0.5800
buy,bid,100.00,2026-08-05 17:26:33.263525+00:00,1.705200,6c98bdc1-050a-7d9e-2233-5db84d9a39ca,True,KXBTC15M-26AUG051330-30,0.4200,8ee6206c-c5f4-4e8a-a115-525ee89c044c,yes,yes,0,KXBTC15M-26AUG051330-30,6c98bdc1-050a-7d9e-2233-5db84d9a39ca,1785950793,0.5800
buy,bid,75.00,2026-08-05 17:26:33.263525+00:00,1.278900,5982264d-f214-7dd7-2cd8-71524b8b7177,True,KXBTC15M-26AUG051330-30,0.4200,8ee6206c-c5f4-4e8a-a115-525ee89c044c,yes,yes,0,KXBTC15M-26AUG051330-30,5982264d-f214-7dd7-2cd8-71524b8b7177,1785950793,0.5800
buy,bid,1.00,2026-08-05 17:26:33.263525+00:00,0.017100,4f924272-d18b-762c-3549-38705d6f1a97,True,KXBTC15M-26AUG051330-30,0.4200,8ee6206c-c5f4-4e8a-a115-525ee89c044c,yes,yes,0,KXBTC15M-26AUG051330-30,4f924272-d18b-762c-3549-38705d6f1a97,1785950793,0.5800
buy,bid,10.00,2026-08-05 17:26:33.263525+00:00,0.170600,2aa3adda-2d0e-752c-16c4-bc08c9f6418e,True,KXBTC15M-26AUG051330-30,0.4200,8ee6206c-c5f4-4e8a-a115-525ee89c044c,yes,yes,0,KXBTC15M-26AUG051330-30,2aa3adda-2d0e-752c-16c4-bc08c9f6418e,1785950793,0.5800
buy,bid,325.15,2026-08-05 17:26:33.263525+00:00,5.505800,273cd237-72a5-781a-0159-3ab558795a9b,True,KXBTC15M-26AUG051330-30,0.4100,8ee6206c-c5f4-4e8a-a115-525ee89c044c,yes,yes,0,KXBTC15M-26AUG051330-30,273cd237-72a5-781a-0159-3ab558795a9b,1785950793,0.5900
sell,bid,656.55,2026-08-05 17:26:21.940059+00:00,10.161500,e8dd4df5-43bb-72c0-fc8b-2f264c5d7e45,True,KXBTC15M-26AUG051330-30,0.3300,75585bb6-c4c4-4c25-9719-500fb95ef057,yes,yes,0,KXBTC15M-26AUG051330-30,e8dd4df5-43bb-72c0-fc8b-2f264c5d7e45,1785950781,0.6700
buy,ask,656.55,2026-08-05 17:23:26.141577+00:00,7.886500,f4bc9610-155f-4a8b-e959-204ad13e65d4,True,KXBTC15M-26AUG051330-30,0.7800,7d5b06c3-fa21-41e6-90f1-758098b4eec0,no,no,0,KXBTC15M-26AUG051330-30,f4bc9610-155f-4a8b-e959-204ad13e65d4,1785950606,0.2200
sell,bid,725.77,2026-08-05 17:11:08.700144+00:00,0.000040,215f3cad-d6ab-68cf-2cf7-1a54e147423c,False,KXBTC15M-26AUG051315-15,0.9920,a4d09995-a22e-4a51-872b-9e1a80a9fc04,yes,yes,0,KXBTC15M-26AUG051315-15,215f3cad-d6ab-68cf-2cf7-1a54e147423c,1785949868,0.0080
buy,ask,120.00,2026-08-05 17:10:29.809784+00:00,0.291600,f014e194-ff82-77bc-bbb8-daeb082a6fa4,True,KXBTC15M-26AUG051315-15,0.9640,40c9f95e-9cae-4ea0-82d1-692cd18e2fc9,no,no,0,KXBTC15M-26AUG051315-15,f014e194-ff82-77bc-bbb8-daeb082a6fa4,1785949829,0.0360
buy,ask,93.75,2026-08-05 17:10:29.809784+00:00,0.227800,e107f971-c59f-7f7b-8f9d-b2f5df6f2e42,True,KXBTC15M-26AUG051315-15,0.9640,40c9f95e-9cae-4ea0-82d1-692cd18e2fc9,no,no,0,KXBTC15M-26AUG051315-15,e107f971-c59f-7f7b-8f9d-b2f5df6f2e42,1785949829,0.0360
buy,ask,0.01,2026-08-05 17:10:29.809784+00:00,0.000160,c8d8331e-1ad9-7c61-b64e-5fb324917e69,True,KXBTC15M-26AUG051315-15,0.9640,40c9f95e-9cae-4ea0-82d1-692cd18e2fc9,no,no,0,KXBTC15M-26AUG051315-15,c8d8331e-1ad9-7c61-b64e-5fb324917e69,1785949829,0.0360
buy,ask,0.01,2026-08-05 17:10:09.851587+00:00,0.000100,a7bddcde-2388-5674-b90b-7f8782a7dfc8,True,KXBTC15M-26AUG051315-15,0.9300,4f4fb10f-34d3-45f0-8f8d-608ce9a80215,no,no,0,KXBTC15M-26AUG051315-15,a7bddcde-2388-5674-b90b-7f8782a7dfc8,1785949809,0.0700
buy,ask,500.00,2026-08-05 17:10:09.851587+00:00,2.308600,654f65ab-b7c2-5002-9144-eb798f71cf3b,True,KXBTC15M-26AUG051315-15,0.9290,4f4fb10f-34d3-45f0-8f8d-608ce9a80215,no,no,0,KXBTC15M-26AUG051315-15,654f65ab-b7c2-5002-9144-eb798f71cf3b,1785949809,0.0710
buy,ask,12.00,2026-08-05 17:10:09.851587+00:00,0.055500,002bc58b-b9e4-5df9-be39-cacc62cadb23,True,KXBTC15M-26AUG051315-15,0.9290,4f4fb10f-34d3-45f0-8f8d-608ce9a80215,no,no,0,KXBTC15M-26AUG051315-15,002bc58b-b9e4-5df9-be39-cacc62cadb23,1785949809,0.0710
sell,ask,672.77,2026-08-05 16:58:48.974462+00:00,0.000000,91a2dc70-0ac8-6c35-40c6-d6d4d949e86a,False,KXBTCD-26AUG0513-T64599.99,0.0100,1c41d92b-9d11-4e3f-a528-683bb475f76e,no,no,0,KXBTCD-26AUG0513-T64599.99,91a2dc70-0ac8-6c35-40c6-d6d4d949e86a,1785949128,0.9900
buy,bid,121.77,2026-08-05 16:57:51.085709+00:00,0.834500,f7b0a30b-1d7d-5acd-d97e-44cb32859838,True,KXBTCD-26AUG0513-T64599.99,0.1100,ffc405f6-b602-4472-907d-861bf6c35d44,yes,yes,0,KXBTCD-26AUG0513-T64599.99,f7b0a30b-1d7d-5acd-d97e-44cb32859838,1785949071,0.8900
buy,bid,1.00,2026-08-05 16:57:51.085709+00:00,0.008000,c2096d8c-24e0-5f1d-e650-77bdc78cbe0d,True,KXBTCD-26AUG0513-T64599.99,0.1300,ffc405f6-b602-4472-907d-861bf6c35d44,yes,yes,0,KXBTCD-26AUG0513-T64599.99,c2096d8c-24e0-5f1d-e650-77bdc78cbe0d,1785949071,0.8700
buy,bid,250.00,2026-08-05 16:57:51.085709+00:00,1.713300,c0f258d6-9917-588a-d32b-53a73d58df42,True,KXBTCD-26AUG0513-T64599.99,0.1100,ffc405f6-b602-4472-907d-861bf6c35d44,yes,yes,0,KXBTCD-26AUG0513-T64599.99,c0f258d6-9917-588a-d32b-53a73d58df42,1785949071,0.8900
buy,bid,250.00,2026-08-05 16:57:51.085709+00:00,1.848000,401518f1-29f5-55f2-d9e3-7ad9fc7d3c35,True,KXBTCD-26AUG0513-T64599.99,0.1200,ffc405f6-b602-4472-907d-861bf6c35d44,yes,yes,0,KXBTCD-26AUG0513-T64599.99,401518f1-29f5-55f2-d9e3-7ad9fc7d3c35,1785949071,0.8800
buy,bid,50.00,2026-08-05 16:57:51.085709+00:00,0.395900,366f86d1-e10c-5184-fb1f-7d6c09aae804,True,KXBTCD-26AUG0513-T64599.99,0.1300,ffc405f6-b602-4472-907d-861bf6c35d44,yes,yes,0,KXBTCD-26AUG0513-T64599.99,366f86d1-e10c-5184-fb1f-7d6c09aae804,1785949071,0.8700
sell,bid,0.10,2026-08-05 16:57:38.053891+00:00,0.001100,c5f4a998-3777-7bbf-2de7-6a26ce87b751,True,KXBTC15M-26AUG051300-00,0.8200,69d60b08-e61a-4cce-a430-32b11a2df600,yes,yes,0,KXBTC15M-26AUG051300-00,c5f4a998-3777-7bbf-2de7-6a26ce87b751,1785949058,0.1800
sell,bid,139.00,2026-08-05 16:57:38.053891+00:00,1.436200,bb299c8e-6c02-7328-2185-4e6dfb43dc15,True,KXBTC15M-26AUG051300-00,0.8200,69d60b08-e61a-4cce-a430-32b11a2df600,yes,yes,0,KXBTC15M-26AUG051300-00,bb299c8e-6c02-7328-2185-4e6dfb43dc15,1785949058,0.1800
sell,bid,128.60,2026-08-05 16:57:38.053891+00:00,1.328700,5186b8dc-4d0a-702e-25de-f5d1a651ce7d,True,KXBTC15M-26AUG051300-00,0.8200,69d60b08-e61a-4cce-a430-32b11a2df600,yes,yes,0,KXBTC15M-26AUG051300-00,5186b8dc-4d0a-702e-25de-f5d1a651ce7d,1785949058,0.1800
sell,bid,180.00,2026-08-05 16:57:38.053891+00:00,1.859800,32772d7b-8821-7b15-22da-705741a4bbc7,True,KXBTC15M-26AUG051300-00,0.8200,69d60b08-e61a-4cce-a430-32b11a2df600,yes,yes,0,KXBTC15M-26AUG051300-00,32772d7b-8821-7b15-22da-705741a4bbc7,1785949058,0.1800
sell,bid,73.00,2026-08-05 16:57:38.053891+00:00,0.754300,29c3ecb4-82e3-7d08-26c4-5b8d3c7e42dd,True,KXBTC15M-26AUG051300-00,0.8200,69d60b08-e61a-4cce-a430-32b11a2df600,yes,yes,0,KXBTC15M-26AUG051300-00,29c3ecb4-82e3-7d08-26c4-5b8d3c7e42dd,1785949058,0.1800
sell,bid,98.00,2026-08-05 16:57:21.261835+00:00,1.681400,e1750302-7fb6-5267-4c8d-7ee8494c81b1,True,KXBTCD-26AUG0513-T64599.99,0.4300,3b4a4ef0-0e52-44ea-b777-1d5de798f5a3,yes,yes,0,KXBTCD-26AUG0513-T64599.99,e1750302-7fb6-5267-4c8d-7ee8494c81b1,1785949041,0.5700
sell,bid,1.00,2026-08-05 16:57:21.261835+00:00,0.017100,bacc961a-9868-5b54-5931-54d4d2749576,True,KXBTCD-26AUG0513-T64599.99,0.4200,3b4a4ef0-0e52-44ea-b777-1d5de798f5a3,yes,yes,0,KXBTCD-26AUG0513-T64599.99,bacc961a-9868-5b54-5931-54d4d2749576,1785949041,0.5800
sell,bid,100.00,2026-08-05 16:57:21.261835+00:00,1.715700,06ad4048-2f61-5db4-5de5-1751b0041a45,True,KXBTCD-26AUG0513-T64599.99,0.4300,3b4a4ef0-0e52-44ea-b777-1d5de798f5a3,yes,yes,0,KXBTCD-26AUG0513-T64599.99,06ad4048-2f61-5db4-5de5-1751b0041a45,1785949041,0.5700
sell,bid,37.05,2026-08-05 16:57:21.261835+00:00,0.631800,01b92310-fe5d-5155-4589-6a2f04e62aba,True,KXBTCD-26AUG0513-T64599.99,0.4200,3b4a4ef0-0e52-44ea-b777-1d5de798f5a3,yes,yes,0,KXBTCD-26AUG0513-T64599.99,01b92310-fe5d-5155-4589-6a2f04e62aba,1785949041,0.5800
buy,ask,236.05,2026-08-05 16:56:58.287040+00:00,1.989500,f0305f10-f158-6fdd-0503-3f6787ca3dd5,True,KXBTCD-26AUG0513-T64599.99,0.8600,d05c1cbb-4ae6-4b19-a52f-b35eb98667da,no,no,0,KXBTCD-26AUG0513-T64599.99,f0305f10-f158-6fdd-0503-3f6787ca3dd5,1785949018,0.1400
buy,ask,520.70,2026-08-05 16:53:41.870387+00:00,3.849100,77aa944d-0af0-5d4a-7d49-c962bb2385a9,True,KXBTC15M-26AUG051300-00,0.8800,8a8cbf37-e87a-457d-b8ec-aaa4ea888d68,no,no,0,KXBTC15M-26AUG051300-00,77aa944d-0af0-5d4a-7d49-c962bb2385a9,1785948821,0.1200
sell,bid,454.51,2026-08-05 15:58:31.678855+00:00,0.000000,b3b036dc-7057-7e84-a16a-b35477b7373a,False,KXBTCD-26AUG0512-T64399.99,0.9900,b27218ce-da52-434a-9f93-a80a4485640a,yes,yes,0,KXBTCD-26AUG0512-T64399.99,b3b036dc-7057-7e84-a16a-b35477b7373a,1785945511,0.0100
buy,ask,50.00,2026-08-05 15:57:27.591232+00:00,0.134400,c75f068c-9485-4811-2647-5e85940a0b98,True,KXBTCD-26AUG0512-T64399.99,0.9600,f476d957-70fc-40ad-aba3-0ec4b1193b2a,no,no,0,KXBTCD-26AUG0512-T64399.99,c75f068c-9485-4811-2647-5e85940a0b98,1785945447,0.0400
buy,ask,148.26,2026-08-05 15:57:27.591232+00:00,0.398600,99599f31-d943-4b8a-28cf-fd1a2b9c69a0,True,KXBTCD-26AUG0512-T64399.99,0.9600,f476d957-70fc-40ad-aba3-0ec4b1193b2a,no,no,0,KXBTCD-26AUG0512-T64399.99,99599f31-d943-4b8a-28cf-fd1a2b9c69a0,1785945447,0.0400
buy,ask,114.00,2026-08-05 15:57:27.591232+00:00,0.306500,9823b7d8-3fef-481e-3875-359b474ac7f8,True,KXBTCD-26AUG0512-T64399.99,0.9600,f476d957-70fc-40ad-aba3-0ec4b1193b2a,no,no,0,KXBTCD-26AUG0512-T64399.99,9823b7d8-3fef-481e-3875-359b474ac7f8,1785945447,0.0400
buy,ask,92.25,2026-08-05 15:57:27.591232+00:00,0.248000,47ee8f9b-a948-4992-1d32-57890cda98d6,True,KXBTCD-26AUG0512-T64399.99,0.9600,f476d957-70fc-40ad-aba3-0ec4b1193b2a,no,no,0,KXBTCD-26AUG0512-T64399.99,47ee8f9b-a948-4992-1d32-57890cda98d6,1785945447,0.0400
buy,ask,50.00,2026-08-05 15:57:27.591232+00:00,0.166300,08801e2c-b706-4902-1b52-ac968af4d94a,True,KXBTCD-26AUG0512-T64399.99,0.9500,f476d957-70fc-40ad-aba3-0ec4b1193b2a,no,no,0,KXBTCD-26AUG0512-T64399.99,08801e2c-b706-4902-1b52-ac968af4d94a,1785945447,0.0500
sell,bid,41.86,2026-08-05 15:56:38.904195+00:00,0.000000,9313a733-6961-773d-53ed-3c0b8e061f35,False,KXBTCD-26AUG0512-T64499.99,0.9900,f1af428f-0958-47b3-8cb7-e4e98984cbb5,yes,yes,0,KXBTCD-26AUG0512-T64499.99,9313a733-6961-773d-53ed-3c0b8e061f35,1785945398,0.0100
sell,bid,112.00,2026-08-05 15:56:38.736565+00:00,0.000000,08004f62-f80d-63f5-c7d3-e2f4407e5bed,False,KXBTCD-26AUG0512-T64499.99,0.9900,f1af428f-0958-47b3-8cb7-e4e98984cbb5,yes,yes,0,KXBTCD-26AUG0512-T64499.99,08004f62-f80d-63f5-c7d3-e2f4407e5bed,1785945398,0.0100
sell,bid,387.48,2026-08-05 15:56:38.393889+00:00,0.000000,c6750a83-5381-417d-4dfc-093be70199c1,False,KXBTCD-26AUG0512-T64499.99,0.9900,f1af428f-0958-47b3-8cb7-e4e98984cbb5,yes,yes,0,KXBTCD-26AUG0512-T64499.99,c6750a83-5381-417d-4dfc-093be70199c1,1785945398,0.0100
buy,ask,100.00,2026-08-05 15:53:37.942676+00:00,0.394800,e9a76858-508c-5baa-9c15-7fd86041df7d,True,KXBTCD-26AUG0512-T64499.99,0.9400,6c592035-81ea-4570-882a-68d8464d55dd,no,no,0,KXBTCD-26AUG0512-T64499.99,e9a76858-508c-5baa-9c15-7fd86041df7d,1785945217,0.0600
buy,ask,0.50,2026-08-05 15:53:37.942676+00:00,0.002000,cd51c91a-98cf-54fd-819c-c26a44d14bd2,True,KXBTCD-26AUG0512-T64499.99,0.9400,6c592035-81ea-4570-882a-68d8464d55dd,no,no,0,KXBTCD-26AUG0512-T64499.99,cd51c91a-98cf-54fd-819c-c26a44d14bd2,1785945217,0.0600
buy,ask,10.00,2026-08-05 15:53:37.942676+00:00,0.039500,b351bcfd-9645-506f-b4ca-06c284f7f420,True,KXBTCD-26AUG0512-T64499.99,0.9400,6c592035-81ea-4570-882a-68d8464d55dd,no,no,0,KXBTCD-26AUG0512-T64499.99,b351bcfd-9645-506f-b4ca-06c284f7f420,1785945217,0.0600
buy,ask,111.80,2026-08-05 15:53:37.942676+00:00,0.441400,8e606e13-eb63-5618-b65b-15db6e637b51,True,KXBTCD-26AUG0512-T64499.99,0.9400,6c592035-81ea-4570-882a-68d8464d55dd,no,no,0,KXBTCD-26AUG0512-T64499.99,8e606e13-eb63-5618-b65b-15db6e637b51,1785945217,0.0600
buy,ask,250.00,2026-08-05 15:53:37.942676+00:00,1.139300,8a1d3fbb-bbb4-5434-968f-55fbd1143643,True,KXBTCD-26AUG0512-T64499.99,0.9300,6c592035-81ea-4570-882a-68d8464d55dd,no,no,0,KXBTCD-26AUG0512-T64499.99,8a1d3fbb-bbb4-5434-968f-55fbd1143643,1785945217,0.0700
buy,ask,19.04,2026-08-05 15:53:37.942676+00:00,0.075200,0b50a40f-08e2-531c-9cc2-fc465ff985d4,True,KXBTCD-26AUG0512-T64499.99,0.9400,6c592035-81ea-4570-882a-68d8464d55dd,no,no,0,KXBTCD-26AUG0512-T64499.99,0b50a40f-08e2-531c-9cc2-fc465ff985d4,1785945217,0.0600
buy,ask,50.00,2026-08-05 15:53:37.942676+00:00,0.197400,004a42c2-5c6a-56df-a314-57fe03678dd1,True,KXBTCD-26AUG0512-T64499.99,0.9400,6c592035-81ea-4570-882a-68d8464d55dd,no,no,0,KXBTCD-26AUG0512-T64499.99,004a42c2-5c6a-56df-a314-57fe03678dd1,1785945217,0.0600
sell,ask,223.52,2026-08-05 09:14:01.908407+00:00,0.000000,ee4581b2-483a-6fab-9f17-c97b5443056b,False,KXBTC15M-26AUG050515-15,0.0100,e5692cdf-56f3-4609-9ec5-5c8149d34c03,no,no,0,KXBTC15M-26AUG050515-15,ee4581b2-483a-6fab-9f17-c97b5443056b,1785921241,0.9900
buy,bid,0.01,2026-08-05 09:09:15.253565+00:00,0.000100,c74dbf0e-68ed-7ab0-e693-31c9af2348fe,True,KXBTC15M-26AUG050515-15,0.1400,2d88a4e2-3a41-4f21-91ae-86933d0873a4,yes,yes,0,KXBTC15M-26AUG050515-15,c74dbf0e-68ed-7ab0-e693-31c9af2348fe,1785920955,0.8600
buy,bid,98.32,2026-08-05 09:09:15.253565+00:00,0.828700,68ec2d2c-7e57-7867-db4a-1d1e44640c5f,True,KXBTC15M-26AUG050515-15,0.1400,2d88a4e2-3a41-4f21-91ae-86933d0873a4,yes,yes,0,KXBTC15M-26AUG050515-15,68ec2d2c-7e57-7867-db4a-1d1e44640c5f,1785920955,0.8600
buy,bid,25.18,2026-08-05 09:09:15.253565+00:00,0.212300,671380bb-0aab-7b51-e95a-bc9ce8b9b3ba,True,KXBTC15M-26AUG050515-15,0.1400,2d88a4e2-3a41-4f21-91ae-86933d0873a4,yes,yes,0,KXBTC15M-26AUG050515-15,671380bb-0aab-7b51-e95a-bc9ce8b9b3ba,1785920955,0.8600
buy,bid,100.00,2026-08-05 09:09:15.253565+00:00,0.842800,5018bd9c-85a2-7b02-fa17-a21dc717c353,True,KXBTC15M-26AUG050515-15,0.1400,2d88a4e2-3a41-4f21-91ae-86933d0873a4,yes,yes,0,KXBTC15M-26AUG050515-15,5018bd9c-85a2-7b02-fa17-a21dc717c353,1785920955,0.8600
buy,bid,0.01,2026-08-05 09:09:15.253565+00:00,0.000100,41c94d39-f256-7552-c4e7-9c6ced829556,True,KXBTC15M-26AUG050515-15,0.1400,2d88a4e2-3a41-4f21-91ae-86933d0873a4,yes,yes,0,KXBTC15M-26AUG050515-15,41c94d39-f256-7552-c4e7-9c6ced829556,1785920955,0.8600
sell,ask,160.67,2026-08-05 09:06:08.071758+00:00,0.000000,c39a0634-70ae-4a44-0ff4-003d710efcbc,False,KXBTC15M-26AUG050515-15,0.1900,124aaec8-c91f-4b3e-bde6-67b803ccb494,no,no,0,KXBTC15M-26AUG050515-15,c39a0634-70ae-4a44-0ff4-003d710efcbc,1785920768,0.8100
buy,bid,160.67,2026-08-05 09:01:06.828343+00:00,2.558700,1a6d6d98-c4d4-7cc1-9c7a-5b0350de05c1,True,KXBTC15M-26AUG050515-15,0.3500,cb7034a8-47a1-4fcc-8aa9-c8aa79667904,yes,yes,0,KXBTC15M-26AUG050515-15,1a6d6d98-c4d4-7cc1-9c7a-5b0350de05c1,1785920466,0.6500
buy,ask,0.01,2026-08-05 08:58:24.552601+00:00,0.000140,f4a10eef-6443-7fac-b194-af1dc03a85fc,True,KXBTC15M-26AUG050500-00,0.9260,81d92d01-77d4-4fbd-8c5a-a140e0ec107b,no,no,0,KXBTC15M-26AUG050500-00,f4a10eef-6443-7fac-b194-af1dc03a85fc,1785920304,0.0740
buy,ask,1.00,2026-08-05 08:58:24.552601+00:00,0.004600,ccce7293-2231-78da-8096-8aefcb70823d,True,KXBTC15M-26AUG050500-00,0.9300,81d92d01-77d4-4fbd-8c5a-a140e0ec107b,no,no,0,KXBTC15M-26AUG050500-00,ccce7293-2231-78da-8096-8aefcb70823d,1785920304,0.0700
buy,ask,39.00,2026-08-05 08:58:24.552601+00:00,0.184800,8392ab49-703f-7cd6-a2a5-2b96d4871719,True,KXBTC15M-26AUG050500-00,0.9270,81d92d01-77d4-4fbd-8c5a-a140e0ec107b,no,no,0,KXBTC15M-26AUG050500-00,8392ab49-703f-7cd6-a2a5-2b96d4871719,1785920304,0.0730
buy,ask,10.00,2026-08-05 08:58:24.552601+00:00,0.048000,807c5c74-853b-7e3e-87fb-af7eae618b1d,True,KXBTC15M-26AUG050500-00,0.9260,81d92d01-77d4-4fbd-8c5a-a140e0ec107b,no,no,0,KXBTC15M-26AUG050500-00,807c5c74-853b-7e3e-87fb-af7eae618b1d,1785920304,0.0740
buy,ask,13.08,2026-08-05 08:58:24.552601+00:00,0.060480,6377b1ba-1986-7aec-887b-e9e989d07ece,True,KXBTC15M-26AUG050500-00,0.9290,81d92d01-77d4-4fbd-8c5a-a140e0ec107b,no,no,0,KXBTC15M-26AUG050500-00,6377b1ba-1986-7aec-887b-e9e989d07ece,1785920304,0.0710
buy,ask,46.12,2026-08-05 08:58:24.552601+00:00,0.210200,395aceb7-2dcf-7106-b51b-c47bbd26c63f,True,KXBTC15M-26AUG050500-00,0.9300,81d92d01-77d4-4fbd-8c5a-a140e0ec107b,no,no,0,KXBTC15M-26AUG050500-00,395aceb7-2dcf-7106-b51b-c47bbd26c63f,1785920304,0.0700
buy,ask,60.68,2026-08-05 08:58:24.552601+00:00,0.276600,043a592d-3955-76af-9d24-cb367f4c53a6,True,KXBTC15M-26AUG050500-00,0.9300,81d92d01-77d4-4fbd-8c5a-a140e0ec107b,no,no,0,KXBTC15M-26AUG050500-00,043a592d-3955-76af-9d24-cb367f4c53a6,1785920304,0.0700
sell,ask,71.17,2026-08-05 08:58:03.206593+00:00,0.399960,27ebdb28-c9ed-6d89-251c-adc8f1d88871,True,KXBTC15M-26AUG050500-00,0.9120,4d7e7f15-d83b-4bed-a57f-fc9d9ed5f562,no,no,0,KXBTC15M-26AUG050500-00,27ebdb28-c9ed-6d89-251c-adc8f1d88871,1785920283,0.0880
buy,bid,71.17,2026-08-05 08:55:29.492715+00:00,0.908700,160da373-b228-5f55-3239-65f5748803dd,True,KXBTC15M-26AUG050500-00,0.2400,0597349d-a6bf-47d7-ad54-9b99669f5521,yes,yes,0,KXBTC15M-26AUG050500-00,160da373-b228-5f55-3239-65f5748803dd,1785920129,0.7600
buy,ask,0.01,2026-08-04 19:05:08.783265+00:00,0.000200,c3e1ec40-9873-7fc8-6ec8-e7366bca6ba2,True,KXBTC15M-26AUG041515-15,0.4000,f5c439c2-c862-4d05-b5e8-30253f9cc2b0,no,no,0,KXBTC15M-26AUG041515-15,c3e1ec40-9873-7fc8-6ec8-e7366bca6ba2,1785870308,0.6000
buy,ask,0.01,2026-08-04 19:05:08.783265+00:00,0.000200,af7a0569-fc02-79f7-7ac1-fe0984260ca1,True,KXBTC15M-26AUG041515-15,0.4000,f5c439c2-c862-4d05-b5e8-30253f9cc2b0,no,no,0,KXBTC15M-26AUG041515-15,af7a0569-fc02-79f7-7ac1-fe0984260ca1,1785870308,0.6000
buy,ask,0.03,2026-08-04 19:04:55.121962+00:00,0.000500,c80cdee5-78de-76bc-33c5-bca66814ae61,True,KXBTC15M-26AUG041515-15,0.3200,706d35b1-6ee4-4dfa-af23-b8daf034782c,no,no,0,KXBTC15M-26AUG041515-15,c80cdee5-78de-76bc-33c5-bca66814ae61,1785870295,0.6800
buy,ask,0.11,2026-08-04 18:17:13.443770+00:00,0.001600,2ec01293-6060-7cb3-8bb6-264c764bdf86,True,KXBTC15M-26AUG041430-30,0.2700,0ba556e8-1369-4dec-81ae-3162e74ba6d7,no,no,0,KXBTC15M-26AUG041430-30,2ec01293-6060-7cb3-8bb6-264c764bdf86,1785867433,0.7300
buy,ask,0.05,2026-08-04 17:42:16.672227+00:00,0.000500,00bfa7ea-bf18-6620-86df-a92568b77535,True,KXBTCD-26AUG0414-T63999.99,0.1700,9df621d9-d9c2-4bbd-86ae-5048fecc069f,no,no,0,KXBTCD-26AUG0414-T63999.99,00bfa7ea-bf18-6620-86df-a92568b77535,1785865336,0.8300
buy,ask,6.82,2026-08-04 17:00:37.079941+00:00,0.113600,82790eb2-4de4-7cd4-8fd8-e69e8eed742b,True,KXBTC15M-26AUG041315-15,0.3900,8b24ce2d-4f95-4e29-85c5-e4f11f79a7ff,no,no,0,KXBTC15M-26AUG041315-15,82790eb2-4de4-7cd4-8fd8-e69e8eed742b,1785862837,0.6100
sell,ask,2.79,2026-08-04 16:59:23.561003+00:00,0.000000,22a2992f-b25e-5a2f-1d8e-79ac3697fb82,False,KXBTCD-26AUG0413-T63899.99,0.0100,8e9979e6-d023-4541-a37b-92d33459ed32,no,no,0,KXBTCD-26AUG0413-T63899.99,22a2992f-b25e-5a2f-1d8e-79ac3697fb82,1785862763,0.9900
buy,bid,2.79,2026-08-04 16:59:15.017968+00:00,0.020700,ded68acc-25bd-6c83-cc0b-07bb08c00384,True,KXBTCD-26AUG0413-T63899.99,0.1200,cb93f8c4-b2db-4988-95ed-3800d25c76c6,yes,yes,0,KXBTCD-26AUG0413-T63899.99,ded68acc-25bd-6c83-cc0b-07bb08c00384,1785862755,0.8800
sell,bid,20.32,2026-08-04 16:59:06.062547+00:00,0.160900,da7eed69-602f-7558-1def-4a6856202dad,True,KXBTC15M-26AUG041300-00,0.1300,05c03fd9-2134-4c9d-a3e8-6feb226f8248,yes,yes,0,KXBTC15M-26AUG041300-00,da7eed69-602f-7558-1def-4a6856202dad,1785862746,0.8700
buy,ask,20.32,2026-08-04 16:55:13.934863+00:00,0.273700,7ef713db-4380-437f-8e44-73f633298daa,True,KXBTC15M-26AUG041300-00,0.7400,58c437d7-c538-4236-84ac-ecc7b5a967f3,no,no,0,KXBTC15M-26AUG041300-00,7ef713db-4380-437f-8e44-73f633298daa,1785862513,0.2600
sell,ask,4.00,2026-08-04 16:54:47.325119+00:00,0.055200,f4e271e7-d384-414d-bf5e-a537f5ae8ef9,True,KXBTCD-26AUG0413-T63899.99,0.7300,c7c3aeea-c229-4156-886e-613b89f265a9,no,no,0,KXBTCD-26AUG0413-T63899.99,f4e271e7-d384-414d-bf5e-a537f5ae8ef9,1785862487,0.2700
sell,ask,1.00,2026-08-04 16:54:47.325119+00:00,0.013800,eed37150-92c3-4dba-ae4d-5656a6045c9d,True,KXBTCD-26AUG0413-T63899.99,0.7300,c7c3aeea-c229-4156-886e-613b89f265a9,no,no,0,KXBTCD-26AUG0413-T63899.99,eed37150-92c3-4dba-ae4d-5656a6045c9d,1785862487,0.2700
sell,ask,35.28,2026-08-04 16:54:47.325119+00:00,0.486800,790acec7-b6e7-42a9-b68d-87f211aaa44d,True,KXBTCD-26AUG0413-T63899.99,0.7300,c7c3aeea-c229-4156-886e-613b89f265a9,no,no,0,KXBTCD-26AUG0413-T63899.99,790acec7-b6e7-42a9-b68d-87f211aaa44d,1785862487,0.2700
buy,bid,9.13,2026-08-04 16:51:24.564412+00:00,0.159200,36d5621b-9026-5d24-b21f-17b69fe47564,True,KXBTCD-26AUG0413-T63899.99,0.4700,12d79a11-1249-47a3-874d-b04e431ec81a,yes,yes,0,KXBTCD-26AUG0413-T63899.99,36d5621b-9026-5d24-b21f-17b69fe47564,1785862284,0.5300
buy,bid,31.15,2026-08-04 16:49:01.453089+00:00,0.348900,04fd8490-1591-60e4-feaf-780f21b740f9,True,KXBTCD-26AUG0413-T63899.99,0.2000,38854e3f-db30-4b8f-9daf-aab680d705bc,yes,yes,0,KXBTCD-26AUG0413-T63899.99,04fd8490-1591-60e4-feaf-780f21b740f9,1785862141,0.8000
sell,bid,22.02,2026-08-04 16:38:40.091330+00:00,0.000000,1fb85988-483f-4824-ffef-9f316bade2a4,False,KXBTC15M-26AUG041245-45,0.9200,d95f7f99-97d2-42aa-abdc-49fd8551688c,yes,yes,0,KXBTC15M-26AUG041245-45,1fb85988-483f-4824-ffef-9f316bade2a4,1785861520,0.0800
buy,ask,22.02,2026-08-04 16:36:37.716293+00:00,0.340900,183f2f9b-7cd2-7021-41f9-59042a525c6a,True,KXBTC15M-26AUG041245-45,0.6700,8c0fa4d4-cf5b-4f34-b523-ab59a6a15c08,no,no,0,KXBTC15M-26AUG041245-45,183f2f9b-7cd2-7021-41f9-59042a525c6a,1785861397,0.3300
sell,ask,25.30,2026-08-04 16:27:46.239099+00:00,0.000000,1e6b2cf1-8f4d-7b99-5c6c-8650a178e94f,False,KXBTC15M-26AUG041230-30,0.0080,0637862c-53e0-43d3-a788-19b6df347697,no,no,0,KXBTC15M-26AUG041230-30,1e6b2cf1-8f4d-7b99-5c6c-8650a178e94f,1785860866,0.9920
buy,bid,11.25,2026-08-04 16:26:01.914672+00:00,0.126000,6c9eaabb-0b20-4828-80cd-8be398819764,True,KXBTC15M-26AUG041230-30,0.2000,630bef19-eab6-400e-8f12-04749f001a94,yes,yes,0,KXBTC15M-26AUG041230-30,6c9eaabb-0b20-4828-80cd-8be398819764,1785860761,0.8000
buy,bid,14.05,2026-08-04 16:26:01.914672+00:00,0.157400,0ab023a3-08bc-4a9b-957c-ce0b59bf8658,True,KXBTC15M-26AUG041230-30,0.2000,630bef19-eab6-400e-8f12-04749f001a94,yes,yes,0,KXBTC15M-26AUG041230-30,0ab023a3-08bc-4a9b-957c-ce0b59bf8658,1785860761,0.8000
sell,ask,23.32,2026-08-04 16:24:00.069040+00:00,0.000000,4b31fd43-d44e-412b-533d-bebeb91bd2bd,False,KXBTC15M-26AUG041230-30,0.1200,f3dc0a03-439f-4be9-9bee-953b511fd78d,no,no,0,KXBTC15M-26AUG041230-30,4b31fd43-d44e-412b-533d-bebeb91bd2bd,1785860640,0.8800
buy,bid,22.32,2026-08-04 16:17:08.117498+00:00,0.355500,af4a5028-f015-563a-cb9c-96a1064e204c,True,KXBTC15M-26AUG041230-30,0.3500,63731194-b285-458c-9396-e4600b1a9a3c,yes,yes,0,KXBTC15M-26AUG041230-30,af4a5028-f015-563a-cb9c-96a1064e204c,1785860228,0.6500
buy,bid,1.00,2026-08-04 16:17:08.117498+00:00,0.016000,972f38d8-f961-5a44-cb6b-203deab99a02,True,KXBTC15M-26AUG041230-30,0.3500,63731194-b285-458c-9396-e4600b1a9a3c,yes,yes,0,KXBTC15M-26AUG041230-30,972f38d8-f961-5a44-cb6b-203deab99a02,1785860228,0.6500
buy,ask,20.47,2026-08-04 16:11:39.073208+00:00,0.079630,f1398955-3246-7575-0165-6bfa65742a66,True,KXBTC15M-26AUG041215-15,0.9410,f32ecd27-422c-4e94-a03b-0ff944d491ca,no,no,0,KXBTC15M-26AUG041215-15,f1398955-3246-7575-0165-6bfa65742a66,1785859899,0.0590
sell,bid,20.97,2026-08-04 16:05:31.817948+00:00,0.000050,74e05031-bd31-640f-6579-9f951fe8139a,False,KXBTC15M-26AUG041215-15,0.9150,a1715cb8-35b8-4279-83a3-9e199b6ff012,yes,yes,0,KXBTC15M-26AUG041215-15,74e05031-bd31-640f-6579-9f951fe8139a,1785859531,0.0850
buy,ask,19.05,2026-08-04 16:00:20.809631+00:00,0.330100,dff00cac-2bf6-4009-3fad-0f6e276d0fec,True,KXBTC15M-26AUG041215-15,0.5500,9228d6d7-48d3-4074-a0de-0f684eabe486,no,no,0,KXBTC15M-26AUG041215-15,dff00cac-2bf6-4009-3fad-0f6e276d0fec,1785859220,0.4500
buy,ask,1.92,2026-08-04 16:00:08.803034+00:00,0.033400,623b11d4-1a1f-7bf3-b384-578a67c26ace,True,KXBTC15M-26AUG041215-15,0.5400,2522dd18-508d-4db2-855a-bba665259eb1,no,no,0,KXBTC15M-26AUG041215-15,623b11d4-1a1f-7bf3-b384-578a67c26ace,1785859208,0.4600
sell,ask,34.17,2026-08-04 15:59:08.936099+00:00,0.396900,e315819e-d1db-7f70-338e-652045868964,True,KXBTCD-26AUG0412-T64099.99,0.7900,6fd32a00-ad68-4fa0-ad69-d3909b473739,no,no,0,KXBTCD-26AUG0412-T64099.99,e315819e-d1db-7f70-338e-652045868964,1785859148,0.2100
buy,bid,16.71,2026-08-04 15:57:45.755843+00:00,0.114600,474172cc-c722-729d-c0ca-135c313e3114,True,KXBTCD-26AUG0412-T64099.99,0.1100,ba394842-7d81-4eb5-9d66-17eeb51865c6,yes,yes,0,KXBTCD-26AUG0412-T64099.99,474172cc-c722-729d-c0ca-135c313e3114,1785859065,0.8900
buy,bid,17.46,2026-08-04 15:57:39.518669+00:00,0.100100,7dc9b7a7-e890-7ee9-3293-56c4b517fc25,True,KXBTCD-26AUG0412-T64099.99,0.0900,9e079eed-e6f7-4d2c-a3a6-a5732cbf3eba,yes,yes,0,KXBTCD-26AUG0412-T64099.99,7dc9b7a7-e890-7ee9-3293-56c4b517fc25,1785859059,0.9100
sell,bid,26.82,2026-08-04 15:56:34.211669+00:00,0.000000,879c59a6-76aa-4743-1ee2-74094117f023,False,KXBTCD-26AUG0412-T64199.99,0.9800,49cd6cdc-c55f-4551-b6af-e23ecf2154bb,yes,yes,0,KXBTCD-26AUG0412-T64199.99,879c59a6-76aa-4743-1ee2-74094117f023,1785858994,0.0200
buy,ask,26.82,2026-08-04 15:53:03.249643+00:00,0.277200,916b6c10-7eb4-5b53-ac9e-8fea684a41ea,True,KXBTCD-26AUG0412-T64199.99,0.8200,005870a2-f232-46ee-863f-ac9cd71d2500,no,no,0,KXBTCD-26AUG0412-T64199.99,916b6c10-7eb4-5b53-ac9e-8fea684a41ea,1785858783,0.1800
sell,ask,13.55,2026-08-04 15:51:59.781010+00:00,0.000000,a5e87b52-9d8b-6ece-b79f-cb09a2bc9f76,False,KXBTCD-26AUG0412-T63999.99,0.0600,503ccb1f-0d9a-439c-bbad-9b2cea87496a,no,no,0,KXBTCD-26AUG0412-T63999.99,a5e87b52-9d8b-6ece-b79f-cb09a2bc9f76,1785858719,0.9400
sell,ask,14.12,2026-08-04 15:49:14.453982+00:00,0.000000,1ff649d7-760f-40af-c65c-c70804e9b838,False,KXBTCD-26AUG0412-T63899.99,0.0200,06a9dcd3-467e-4629-8782-7226456d571c,no,no,0,KXBTCD-26AUG0412-T63899.99,1ff649d7-760f-40af-c65c-c70804e9b838,1785858554,0.9800
sell,ask,5.82,2026-08-04 15:48:41.185239+00:00,0.000000,3cfb18cf-36f7-7d87-768b-eb30f8396c40,False,KXBTCD-26AUG0412-T63899.99,0.0200,06a9dcd3-467e-4629-8782-7226456d571c,no,no,0,KXBTCD-26AUG0412-T63899.99,3cfb18cf-36f7-7d87-768b-eb30f8396c40,1785858521,0.9800
buy,bid,13.55,2026-08-04 15:45:07.348542+00:00,0.182500,d0b1a96b-b993-5480-01a5-8373f0bc58ad,True,KXBTCD-26AUG0412-T63999.99,0.2600,51e42e3e-fae2-4745-acc2-eeb125729205,yes,yes,0,KXBTCD-26AUG0412-T63999.99,d0b1a96b-b993-5480-01a5-8373f0bc58ad,1785858307,0.7400
buy,bid,3.22,2026-08-04 15:44:05.272565+00:00,0.037400,7e9e5a69-c376-40e0-ac39-4e7a4d58a854,True,KXBTCD-26AUG0412-T63899.99,0.2100,98d148f2-faef-4110-8236-29309fada858,yes,yes,0,KXBTCD-26AUG0412-T63899.99,7e9e5a69-c376-40e0-ac39-4e7a4d58a854,1785858245,0.7900
buy,bid,6.72,2026-08-04 15:44:05.272565+00:00,0.078100,64e69a02-f3eb-46e0-82af-bc8ecf6b8d2c,True,KXBTCD-26AUG0412-T63899.99,0.2100,98d148f2-faef-4110-8236-29309fada858,yes,yes,0,KXBTCD-26AUG0412-T63899.99,64e69a02-f3eb-46e0-82af-bc8ecf6b8d2c,1785858245,0.7900
buy,bid,10.00,2026-08-04 15:44:05.272565+00:00,0.116200,5a91aaff-2275-4e3c-a273-13680070e113,True,KXBTCD-26AUG0412-T63899.99,0.2100,98d148f2-faef-4110-8236-29309fada858,yes,yes,0,KXBTCD-26AUG0412-T63899.99,5a91aaff-2275-4e3c-a273-13680070e113,1785858245,0.7900
sell,ask,25.32,2026-08-04 15:43:42.915208+00:00,0.008900,420cd8f9-77aa-4a77-4429-1e19e15bb569,True,KXBTC15M-26AUG041145-45,0.0050,f31ce1b5-b92c-42c4-b60b-9dd872998685,no,no,0,KXBTC15M-26AUG041145-45,420cd8f9-77aa-4a77-4429-1e19e15bb569,1785858222,0.9950
buy,bid,12.00,2026-08-04 15:42:34.135453+00:00,0.107100,dc0e5e50-f521-4b51-6c7a-08a9fa00569c,True,KXBTC15M-26AUG041145-45,0.1500,af091d08-cfed-4209-b86f-dc5d3cea18fe,yes,yes,0,KXBTC15M-26AUG041145-45,dc0e5e50-f521-4b51-6c7a-08a9fa00569c,1785858154,0.8500
buy,bid,13.32,2026-08-04 15:42:34.135453+00:00,0.118900,dba5966a-3a4d-464c-71f9-00b46fba0ef8,True,KXBTC15M-26AUG041145-45,0.1500,af091d08-cfed-4209-b86f-dc5d3cea18fe,yes,yes,0,KXBTC15M-26AUG041145-45,dba5966a-3a4d-464c-71f9-00b46fba0ef8,1785858154,0.8500
sell,bid,39.38,2026-08-04 15:42:18.269860+00:00,0.181980,b06000bc-9fb2-5b2e-05a0-d44767b1aea3,True,KXBTC15M-26AUG041145-45,0.0710,d4c85996-a9c2-461f-afdc-a500af9e8047,yes,yes,0,KXBTC15M-26AUG041145-45,b06000bc-9fb2-5b2e-05a0-d44767b1aea3,1785858138,0.9290
buy,ask,39.38,2026-08-04 15:40:26.147584+00:00,0.609500,459c95e9-756d-5ff6-697d-02eb517771b6,True,KXBTC15M-26AUG041145-45,0.6700,b44ee95b-0ae3-441d-b051-d75ff63bd14a,no,no,0,KXBTC15M-26AUG041145-45,459c95e9-756d-5ff6-697d-02eb517771b6,1785858026,0.3300
sell,bid,28.82,2026-08-04 15:36:00.508800+00:00,0.000000,a31b0c0a-5e4e-4929-17b3-d70e8d5c8b95,False,KXBTC15M-26AUG041145-45,0.9400,d9aa12b3-3c7b-445f-acd8-3ac5a3b50391,yes,yes,0,KXBTC15M-26AUG041145-45,a31b0c0a-5e4e-4929-17b3-d70e8d5c8b95,1785857760,0.0600
buy,ask,28.82,2026-08-04 15:33:15.617995+00:00,0.378300,df96b8e2-5c85-424f-f911-f41b05e25f98,True,KXBTC15M-26AUG041145-45,0.7500,c117cb53-49ca-40f8-96dd-44f6239dcce4,no,no,0,KXBTC15M-26AUG041145-45,df96b8e2-5c85-424f-f911-f41b05e25f98,1785857595,0.2500
sell,bid,8.38,2026-08-04 15:26:54.568529+00:00,0.000000,82a8e531-a356-7269-338e-2d5ce943426a,False,KXBTC15M-26AUG041130-30,0.9700,325aa9c8-2e9f-47af-b1c6-31133280b8ce,yes,yes,0,KXBTC15M-26AUG041130-30,82a8e531-a356-7269-338e-2d5ce943426a,1785857214,0.0300
sell,bid,14.33,2026-08-04 15:26:54.516926+00:00,0.000000,8bc64157-be76-6711-40c7-4631a6283b12,False,KXBTC15M-26AUG041130-30,0.9700,325aa9c8-2e9f-47af-b1c6-31133280b8ce,yes,yes,0,KXBTC15M-26AUG041130-30,8bc64157-be76-6711-40c7-4631a6283b12,1785857214,0.0300
buy,ask,1.00,2026-08-04 15:20:22.066146+00:00,0.012100,abcbd2cd-eba7-4fd5-04c7-7ffd635ee073,True,KXBTC15M-26AUG041130-30,0.7800,19f63aa2-002f-402a-a497-0babcbc4d7ac,no,no,0,KXBTC15M-26AUG041130-30,abcbd2cd-eba7-4fd5-04c7-7ffd635ee073,1785856822,0.2200
buy,ask,21.71,2026-08-04 15:20:22.066146+00:00,0.260800,97008a1e-b3d2-4f4b-0889-2291fdb8ed54,True,KXBTC15M-26AUG041130-30,0.7800,19f63aa2-002f-402a-a497-0babcbc4d7ac,no,no,0,KXBTC15M-26AUG041130-30,97008a1e-b3d2-4f4b-0889-2291fdb8ed54,1785856822,0.2200
sell,bid,39.98,2026-08-04 15:10:09.238991+00:00,0.000040,01f30cde-7f6d-7b59-6f6c-a25c491c3e13,False,KXBTC15M-26AUG041115-15,0.9230,0fe7eb27-acbc-48e3-bb3b-2be17056b537,yes,yes,0,KXBTC15M-26AUG041115-15,01f30cde-7f6d-7b59-6f6c-a25c491c3e13,1785856209,0.0770
sell,bid,1.18,2026-08-04 15:10:08.139546+00:00,0.000040,e2bb0296-fd7d-764d-4144-22484b990dc3,False,KXBTC15M-26AUG041115-15,0.9230,0fe7eb27-acbc-48e3-bb3b-2be17056b537,yes,yes,0,KXBTC15M-26AUG041115-15,e2bb0296-fd7d-764d-4144-22484b990dc3,1785856208,0.0770
buy,ask,14.30,2026-08-04 15:06:06.383775+00:00,0.240300,4ad77755-022b-5488-9a43-9e0f340a5d47,True,KXBTC15M-26AUG041115-15,0.6000,456842ca-b347-44ff-8399-4528ab3849a8,no,no,0,KXBTC15M-26AUG041115-15,4ad77755-022b-5488-9a43-9e0f340a5d47,1785855966,0.4000
buy,ask,23.60,2026-08-04 15:05:55.132669+00:00,0.393100,af2ce566-3d86-7314-90cf-edcb129ca5cf,True,KXBTC15M-26AUG041115-15,0.6100,3c7b2591-cb15-4d55-8167-5ba31ad498c5,no,no,0,KXBTC15M-26AUG041115-15,af2ce566-3d86-7314-90cf-edcb129ca5cf,1785855955,0.3900
buy,ask,26.35,2026-08-04 15:05:27.851457+00:00,0.446200,ff9cf6aa-c0ab-442c-a4c0-4bc4dc7beca7,True,KXBTC15M-26AUG041115-15,0.5900,38e8f9a8-bdf9-4377-804d-2335d4896d34,no,no,0,KXBTC15M-26AUG041115-15,ff9cf6aa-c0ab-442c-a4c0-4bc4dc7beca7,1785855927,0.4100
buy,ask,16.37,2026-08-04 15:05:18.299413+00:00,0.277200,d1710186-ae9a-5e4e-ae40-d64521ca8626,True,KXBTC15M-26AUG041115-15,0.5900,62aeb81a-f4aa-44d9-88c5-7091abfd4fe7,no,no,0,KXBTC15M-26AUG041115-15,d1710186-ae9a-5e4e-ae40-d64521ca8626,1785855918,0.4100
buy,bid,24.40,2026-08-04 15:02:19.762907+00:00,0.424300,e96d9553-9c50-7bd8-9141-b5ba86e852c4,True,KXBTC15M-26AUG041115-15,0.4600,9067a246-e003-4fe5-8a28-e4484c197062,yes,yes,0,KXBTC15M-26AUG041115-15,e96d9553-9c50-7bd8-9141-b5ba86e852c4,1785855739,0.5400
buy,bid,1.00,2026-08-04 15:02:19.762907+00:00,0.017400,a82a984b-7a41-7f1b-aefd-6033a2641996,True,KXBTC15M-26AUG041115-15,0.4600,9067a246-e003-4fe5-8a28-e4484c197062,yes,yes,0,KXBTC15M-26AUG041115-15,a82a984b-7a41-7f1b-aefd-6033a2641996,1785855739,0.5400
buy,bid,14.06,2026-08-04 15:02:19.762907+00:00,0.244500,4835693f-cf32-7494-970b-52c9c360d480,True,KXBTC15M-26AUG041115-15,0.4600,9067a246-e003-4fe5-8a28-e4484c197062,yes,yes,0,KXBTC15M-26AUG041115-15,4835693f-cf32-7494-970b-52c9c360d480,1785855739,0.5400
sell,ask,32.50,2026-08-04 14:59:54.955822+00:00,0.066300,04edafe2-83cd-7c56-3d1d-a0e4034dc223,True,KXBTCD-26AUG0411-T64099.99,0.0300,5e92e67d-aaf4-4c13-a113-012305b68748,no,no,0,KXBTCD-26AUG0411-T64099.99,04edafe2-83cd-7c56-3d1d-a0e4034dc223,1785855594,0.9700
buy,bid,16.54,2026-08-04 14:59:03.012084+00:00,0.104300,6f30ed86-5fa7-7441-3313-c4db57642645,True,KXBTCD-26AUG0411-T64099.99,0.1000,d5494717-c9ea-4d8e-a8ef-68b9a822bceb,yes,yes,0,KXBTCD-26AUG0411-T64099.99,6f30ed86-5fa7-7441-3313-c4db57642645,1785855543,0.9000
sell,ask,14.96,2026-08-04 14:58:56.029799+00:00,0.002180,5006407a-dacc-52b5-41c8-fece2bd4ad01,True,KXBTC15M-26AUG041100-00,0.0020,6a29af3e-fa1b-47d1-b8af-84041b9845f8,no,no,0,KXBTC15M-26AUG041100-00,5006407a-dacc-52b5-41c8-fece2bd4ad01,1785855536,0.9980
buy,bid,14.96,2026-08-04 14:58:44.505313+00:00,0.173800,bb24264f-1367-57f0-9fe5-a33914297840,True,KXBTCD-26AUG0411-T64099.99,0.2100,a3f17614-b442-4632-883c-d7e6a78fa67e,yes,yes,0,KXBTCD-26AUG0411-T64099.99,bb24264f-1367-57f0-9fe5-a33914297840,1785855524,0.7900
buy,bid,1.00,2026-08-04 14:58:36.053482+00:00,0.015000,2d72e3e0-4b81-47d0-d8af-ba025e06873e,True,KXBTCD-26AUG0411-T64099.99,0.3100,43672b54-9ed7-4261-9726-656494003e6a,yes,yes,0,KXBTCD-26AUG0411-T64099.99,2d72e3e0-4b81-47d0-d8af-ba025e06873e,1785855516,0.6900
sell,bid,18.63,2026-08-04 14:58:31.185976+00:00,0.326100,da6bd7da-3700-416c-a7ba-313dac621559,True,KXBTCD-26AUG0411-T64099.99,0.5000,040d0c2c-095c-4105-887f-178acd8d951d,yes,yes,0,KXBTCD-26AUG0411-T64099.99,da6bd7da-3700-416c-a7ba-313dac621559,1785855511,0.5000
sell,bid,6.00,2026-08-04 14:58:31.185976+00:00,0.105000,83e5eeea-05a9-4062-8a61-c8cda979c2ce,True,KXBTCD-26AUG0411-T64099.99,0.5000,040d0c2c-095c-4105-887f-178acd8d951d,yes,yes,0,KXBTCD-26AUG0411-T64099.99,83e5eeea-05a9-4062-8a61-c8cda979c2ce,1785855511,0.5000
sell,bid,2.70,2026-08-04 14:58:31.185976+00:00,0.047300,10384620-ace8-4375-831e-4cf3ea83850f,True,KXBTCD-26AUG0411-T64099.99,0.5000,040d0c2c-095c-4105-887f-178acd8d951d,yes,yes,0,KXBTCD-26AUG0411-T64099.99,10384620-ace8-4375-831e-4cf3ea83850f,1785855511,0.5000
buy,bid,14.96,2026-08-04 14:57:40.216361+00:00,0.224000,47e27d13-9538-4a4d-c2eb-cff3b41babea,True,KXBTC15M-26AUG041100-00,0.3100,6af3e919-d9cd-41b5-9d01-ba95486e78ff,yes,yes,0,KXBTC15M-26AUG041100-00,47e27d13-9538-4a4d-c2eb-cff3b41babea,1785855460,0.6900
sell,bid,33.12,2026-08-04 14:57:20.885619+00:00,0.520300,8290cb0f-947e-67f6-e512-a836447f0426,True,KXBTC15M-26AUG041100-00,0.3400,437e37bf-bff1-4940-9d2e-1957aa9a43a5,yes,yes,0,KXBTC15M-26AUG041100-00,8290cb0f-947e-67f6-e512-a836447f0426,1785855440,0.6600
buy,ask,27.33,2026-08-04 14:53:54.236276+00:00,0.368100,29c0b0c4-cd09-53a6-b50e-373e076c8863,True,KXBTCD-26AUG0411-T64099.99,0.7400,a80b7c48-87e6-4400-8e53-14c6970ea960,no,no,0,KXBTCD-26AUG0411-T64099.99,29c0b0c4-cd09-53a6-b50e-373e076c8863,1785855234,0.2600
buy,ask,33.12,2026-08-04 14:52:20.889891+00:00,0.477400,5ddc22f1-f8d9-7c32-5273-50e6cae1347a,True,KXBTC15M-26AUG041100-00,0.7100,1d353e9c-7602-4cd1-bef3-1c9b01ab1a6c,no,no,0,KXBTC15M-26AUG041100-00,5ddc22f1-f8d9-7c32-5273-50e6cae1347a,1785855140,0.2900
buy,bid,0.25,2026-08-04 06:30:55.986600+00:00,0.004300,a6a2e9c4-da17-436d-7352-9dbf6fbe570e,True,KXBTC15M-26AUG040245-45,0.5700,78012210-fe34-4275-b505-bbeda0fc17a6,yes,yes,0,KXBTC15M-26AUG040245-45,a6a2e9c4-da17-436d-7352-9dbf6fbe570e,1785825055,0.4300
buy,bid,12.56,2026-08-04 06:26:22.211112+00:00,0.071340,c1c85efd-cc70-57b4-bd5f-360c280e987f,True,KXBTC15M-26AUG040230-30,0.0890,47c804a8-095e-46b4-8ebc-bc96a6b13934,yes,yes,0,KXBTC15M-26AUG040230-30,c1c85efd-cc70-57b4-bd5f-360c280e987f,1785824782,0.9110
sell,ask,13.85,2026-08-04 06:18:18.082771+00:00,0.000000,3903063a-0ff2-4c06-9b41-26edeff97b16,False,KXBTC15M-26AUG040230-30,0.1600,1ee6e065-cb6b-4b18-93fa-147015867ff6,no,no,0,KXBTC15M-26AUG040230-30,3903063a-0ff2-4c06-9b41-26edeff97b16,1785824298,0.8400
buy,bid,13.85,2026-08-04 06:15:42.787843+00:00,0.232700,14508f4c-4546-5c99-853e-540d65c78906,True,KXBTC15M-26AUG040230-30,0.4000,cd4c32d9-c443-4433-81f3-65a826d4244d,yes,yes,0,KXBTC15M-26AUG040230-30,14508f4c-4546-5c99-853e-540d65c78906,1785824142,0.6000
sell,bid,8.60,2026-08-04 06:14:01.248664+00:00,0.000000,5db5b2ef-ed2a-67ec-ce99-019f09017bee,False,KXBTC15M-26AUG040215-15,0.9900,c32e840b-312b-4296-92e7-e3be098ce8de,yes,yes,0,KXBTC15M-26AUG040215-15,5db5b2ef-ed2a-67ec-ce99-019f09017bee,1785824041,0.0100
buy,ask,8.60,2026-08-04 06:12:11.581510+00:00,0.118700,9eb3f703-fa64-471d-00f8-75a5757cece3,True,KXBTC15M-26AUG040215-15,0.7300,c5c4bba8-1ed5-42ba-a82a-e1bf3e8d1d35,no,no,0,KXBTC15M-26AUG040215-15,9eb3f703-fa64-471d-00f8-75a5757cece3,1785823931,0.2700
sell,ask,6.92,2026-08-04 06:12:00.062374+00:00,0.074600,0db0c531-7440-4ba9-25f6-32ed2a42b19f,True,KXBTC15M-26AUG040215-15,0.1900,732358a4-c64d-41b0-acbd-af3f9adc9419,no,no,0,KXBTC15M-26AUG040215-15,0db0c531-7440-4ba9-25f6-32ed2a42b19f,1785823920,0.8100
buy,bid,6.92,2026-08-04 06:11:32.195179+00:00,0.083200,7f8fe644-345d-557c-0a6d-2146d873f1eb,True,KXBTC15M-26AUG040215-15,0.2200,99c98344-a3fd-450c-a17a-3666a2bb80b6,yes,yes,0,KXBTC15M-26AUG040215-15,7f8fe644-345d-557c-0a6d-2146d873f1eb,1785823892,0.7800
sell,bid,15.55,2026-08-04 06:11:16.040662+00:00,0.092800,7202cb26-2d36-74fe-2e71-e814e7d36ef6,True,KXBTC15M-26AUG040215-15,0.0940,4ced5f7b-9ec7-4c0b-afe3-e86f387f0589,yes,yes,0,KXBTC15M-26AUG040215-15,7202cb26-2d36-74fe-2e71-e814e7d36ef6,1785823876,0.9060
buy,ask,15.55,2026-08-04 06:01:23.322162+00:00,0.240700,0d989736-0a3b-54c3-36e8-f6f1198ed4a9,True,KXBTC15M-26AUG040215-15,0.6700,f7b9aa6f-7d6e-4488-acbb-c410cb3dbed4,no,no,0,KXBTC15M-26AUG040215-15,0d989736-0a3b-54c3-36e8-f6f1198ed4a9,1785823283,0.3300
sell,ask,16.23,2026-08-04 05:42:35.030928+00:00,0.000000,f016474b-83a2-695a-064a-d7818ce577d6,False,KXBTC15M-26AUG040145-45,0.0400,0182e614-fe07-4e24-b8b1-fc754d913cea,no,no,0,KXBTC15M-26AUG040145-45,f016474b-83a2-695a-064a-d7818ce577d6,1785822155,0.9600
buy,bid,16.23,2026-08-04 05:30:30.495035+00:00,0.264900,922e5a8b-e0ed-5f83-5ce6-bd9c5c290a56,True,KXBTC15M-26AUG040145-45,0.3700,4633f280-6db5-47d9-b75d-a80863109ee0,yes,yes,0,KXBTC15M-26AUG040145-45,922e5a8b-e0ed-5f83-5ce6-bd9c5c290a56,1785821430,0.6300
sell,bid,11.61,2026-08-04 05:26:04.791078+00:00,0.000000,7f706566-03aa-6d03-926e-b58cc3393268,False,KXBTC15M-26AUG040130-30,0.9100,c0aff470-5027-46e9-bb3d-f80fc8671b78,yes,yes,0,KXBTC15M-26AUG040130-30,7f706566-03aa-6d03-926e-b58cc3393268,1785821164,0.0900
buy,ask,0.66,2026-08-04 05:19:53.402470+00:00,0.010300,799dcb0c-c768-68ec-22fb-c8cc68db4152,True,KXBTC15M-26AUG040130-30,0.3300,8296b984-bca3-4900-a334-8c734b9c2a15,no,no,0,KXBTC15M-26AUG040130-30,799dcb0c-c768-68ec-22fb-c8cc68db4152,1785820793,0.6700
buy,ask,10.95,2026-08-04 05:19:15.994446+00:00,0.188900,7aef40ef-0c7a-772c-4772-aab0b286baee,True,KXBTC15M-26AUG040130-30,0.4400,84208b4f-6e0d-4ff0-badf-1520ed16e7d8,no,no,0,KXBTC15M-26AUG040130-30,7aef40ef-0c7a-772c-4772-aab0b286baee,1785820755,0.5600
buy,ask,5.24,2026-08-04 05:08:37.308253+00:00,0.010460,9102ff1f-4924-6016-0460-067aced48c71,True,KXBTC15M-26AUG040115-15,0.9710,fefd6b83-3b74-4b74-a4d2-a05477a88b37,no,no,0,KXBTC15M-26AUG040115-15,9102ff1f-4924-6016-0460-067aced48c71,1785820117,0.0290
sell,ask,38.74,2026-08-04 05:03:58.485873+00:00,0.326600,5eecf0fd-ece6-445b-34ee-c9121ff9cab4,True,KXBTC15M-26AUG040115-15,0.8600,cb5bdca6-ec6e-41db-ae32-35cf3305c392,no,no,0,KXBTC15M-26AUG040115-15,5eecf0fd-ece6-445b-34ee-c9121ff9cab4,1785819838,0.1400
buy,bid,38.74,2026-08-04 05:00:13.501835+00:00,0.677700,143de4a5-1d13-686f-a288-e2c6235eaa21,True,KXBTC15M-26AUG040115-15,0.4900,38c5d665-0f4b-4936-80f3-f1de2602dd04,yes,yes,0,KXBTC15M-26AUG040115-15,143de4a5-1d13-686f-a288-e2c6235eaa21,1785819613,0.5100
buy,bid,44.90,2026-08-04 04:58:36.505868+00:00,0.378500,c4f9a38e-ec23-5438-ecd6-a2356137b891,True,KXBTC15M-26AUG040100-00,0.1400,08748011-1b07-4445-9e62-c7ff70fc54e4,yes,yes,0,KXBTC15M-26AUG040100-00,c4f9a38e-ec23-5438-ecd6-a2356137b891,1785819516,0.8600
sell,bid,39.43,2026-08-04 04:57:40.161717+00:00,0.000000,0f582656-b14c-77bb-74b1-ca4cdf0943aa,False,KXBTCD-26AUG0401-T64099.99,0.9900,8c0ad123-73bd-474d-8671-41acbab0534a,yes,yes,0,KXBTCD-26AUG0401-T64099.99,0f582656-b14c-77bb-74b1-ca4cdf0943aa,1785819460,0.0100
buy,ask,39.43,2026-08-04 04:55:34.351269+00:00,0.441700,487ad190-5c6a-76a3-4829-9153ab61dcb8,True,KXBTCD-26AUG0401-T64099.99,0.8000,9cf76f49-9466-4c80-b5c2-cf58cfaa92d1,no,no,0,KXBTCD-26AUG0401-T64099.99,487ad190-5c6a-76a3-4829-9153ab61dcb8,1785819334,0.2000
sell,ask,34.51,2026-08-04 04:53:58.533104+00:00,0.000000,636eec7e-29ba-6015-f9a6-6f709f595fc7,False,KXBTC15M-26AUG040100-00,0.0700,baf56bba-519f-408f-a05f-36e10160fc13,no,no,0,KXBTC15M-26AUG040100-00,636eec7e-29ba-6015-f9a6-6f709f595fc7,1785819238,0.9300
buy,bid,7.25,2026-08-04 04:47:18.473893+00:00,0.081200,82366207-456f-5549-4298-ae9ef41206bb,True,KXBTC15M-26AUG040100-00,0.2000,754b00ef-700c-4426-ba62-63919d07ff79,yes,yes,0,KXBTC15M-26AUG040100-00,82366207-456f-5549-4298-ae9ef41206bb,1785818838,0.8000
buy,bid,27.26,2026-08-04 04:47:18.473893+00:00,0.305400,3734f290-4d5a-52c8-55f7-74e80ab22e09,True,KXBTC15M-26AUG040100-00,0.2000,754b00ef-700c-4426-ba62-63919d07ff79,yes,yes,0,KXBTC15M-26AUG040100-00,3734f290-4d5a-52c8-55f7-74e80ab22e09,1785818838,0.8000
sell,ask,29.45,2026-08-04 04:46:40.048194+00:00,0.000000,0965c3b3-8822-7a45-3c5a-05ff3850d23e,False,KXBTCD-26AUG0401-T63899.99,0.0400,5be49c14-e243-4113-ab7b-6b530cce7122,no,no,0,KXBTCD-26AUG0401-T63899.99,0965c3b3-8822-7a45-3c5a-05ff3850d23e,1785818800,0.9600
buy,bid,29.45,2026-08-04 04:40:08.097523+00:00,0.396700,96520840-42f1-6b3b-cf0e-2b55dcb64148,True,KXBTCD-26AUG0401-T63899.99,0.2600,11cb9756-cfe3-4a34-9405-ef81a5571867,yes,yes,0,KXBTCD-26AUG0401-T63899.99,96520840-42f1-6b3b-cf0e-2b55dcb64148,1785818408,0.7400
sell,ask,41.44,2026-08-04 04:27:59.080773+00:00,0.014500,54ffcbc7-130b-4d27-f3c6-f8390a012b3b,True,KXBTC15M-26AUG040030-30,0.0050,548ecc54-2cf7-42e7-96d2-7a05dc1af427,no,no,0,KXBTC15M-26AUG040030-30,54ffcbc7-130b-4d27-f3c6-f8390a012b3b,1785817679,0.9950
buy,bid,41.44,2026-08-04 04:26:29.820565+00:00,0.235260,9b883f5d-9b9b-7865-3890-a2b095ae803f,True,KXBTC15M-26AUG040030-30,0.0890,38ee056a-4b20-4f14-ae12-a64355c84ffb,yes,yes,0,KXBTC15M-26AUG040030-30,9b883f5d-9b9b-7865-3890-a2b095ae803f,1785817589,0.9110
buy,bid,48.03,2026-08-04 04:14:40.665496+00:00,0.839200,88e08113-b401-4e7d-fee5-9a2ce78ccc15,True,KXBTC15M-26AUG040015-15,0.5200,193c9c98-a99e-40c6-9585-f7ecafaad76e,yes,yes,0,KXBTC15M-26AUG040015-15,88e08113-b401-4e7d-fee5-9a2ce78ccc15,1785816880,0.4800
buy,bid,146.00,2026-08-04 04:14:40.665496+00:00,2.551000,6f1bdbf7-47cd-4819-dafc-b211af70a7df,True,KXBTC15M-26AUG040015-15,0.5200,193c9c98-a99e-40c6-9585-f7ecafaad76e,yes,yes,0,KXBTC15M-26AUG040015-15,6f1bdbf7-47cd-4819-dafc-b211af70a7df,1785816880,0.4800
buy,bid,6.97,2026-08-04 04:14:40.665496+00:00,0.121800,26216edb-c325-4f08-fba7-14816258cdd6,True,KXBTC15M-26AUG040015-15,0.5200,193c9c98-a99e-40c6-9585-f7ecafaad76e,yes,yes,0,KXBTC15M-26AUG040015-15,26216edb-c325-4f08-fba7-14816258cdd6,1785816880,0.4800
sell,ask,62.95,2026-08-04 04:14:13.458513+00:00,0.561900,5a8939a3-64a2-49a7-837d-a46dd75e6275,True,KXBTC15M-26AUG040015-15,0.8500,60bf4f40-581b-406b-8d82-b2c2fa0fbb8e,no,no,0,KXBTC15M-26AUG040015-15,5a8939a3-64a2-49a7-837d-a46dd75e6275,1785816853,0.1500
buy,bid,62.95,2026-08-04 04:10:50.881848+00:00,0.925400,2368b7b9-16db-73de-e57c-2aa36ecc1bf1,True,KXBTC15M-26AUG040015-15,0.3000,29c9dccb-a61f-4cc4-9fc6-7b70e63c183b,yes,yes,0,KXBTC15M-26AUG040015-15,2368b7b9-16db-73de-e57c-2aa36ecc1bf1,1785816650,0.7000
sell,bid,54.72,2026-08-04 03:59:17.772006+00:00,0.000000,93102c64-23bd-7186-5ebe-a817326c9411,False,KXBTC15M-26AUG040000-00,0.9900,fa65657c-cc48-4e94-ba84-4bd4e2bcba65,yes,yes,0,KXBTC15M-26AUG040000-00,93102c64-23bd-7186-5ebe-a817326c9411,1785815957,0.0100
sell,bid,0.09,2026-08-04 03:59:17.757559+00:00,0.000000,53945856-6a71-417a-1792-b4b98731f6f9,False,KXBTC15M-26AUG040000-00,0.9900,fa65657c-cc48-4e94-ba84-4bd4e2bcba65,yes,yes,0,KXBTC15M-26AUG040000-00,53945856-6a71-417a-1792-b4b98731f6f9,1785815957,0.0100
buy,ask,30.72,2026-08-04 03:56:14.049637+00:00,0.331000,c32158e2-a115-4777-f6a2-5de32478a19d,True,KXBTC15M-26AUG040000-00,0.8100,66b4220c-5da2-4271-9eb1-fa73d2d9c55e,no,no,0,KXBTC15M-26AUG040000-00,c32158e2-a115-4777-f6a2-5de32478a19d,1785815774,0.1900
buy,ask,24.09,2026-08-04 03:56:14.049637+00:00,0.259600,b6e5cae9-2e66-4586-d87f-7106aeeea95d,True,KXBTC15M-26AUG040000-00,0.8100,66b4220c-5da2-4271-9eb1-fa73d2d9c55e,no,no,0,KXBTC15M-26AUG040000-00,b6e5cae9-2e66-4586-d87f-7106aeeea95d,1785815774,0.1900
sell,bid,66.36,2026-08-04 03:55:24.083997+00:00,0.000000,38ae3a69-628c-6f84-0df1-8cae2e6d1dcc,False,KXBTCD-26AUG0400-T63799.99,0.9800,ea192655-3e21-4dae-902f-ccb245d89028,yes,yes,0,KXBTCD-26AUG0400-T63799.99,38ae3a69-628c-6f84-0df1-8cae2e6d1dcc,1785815724,0.0200
buy,ask,15.00,2026-08-04 03:47:52.136878+00:00,0.133900,f535611c-c562-7b7c-39ec-04fbab2f9130,True,KXBTCD-26AUG0400-T63799.99,0.8500,0e449fdb-99c4-4e32-a36b-45d40865cc5c,no,no,0,KXBTCD-26AUG0400-T63799.99,f535611c-c562-7b7c-39ec-04fbab2f9130,1785815272,0.1500
buy,ask,25.36,2026-08-04 03:47:52.136878+00:00,0.226400,dbef156d-bd87-74a2-0df3-0a05693b6bba,True,KXBTCD-26AUG0400-T63799.99,0.8500,0e449fdb-99c4-4e32-a36b-45d40865cc5c,no,no,0,KXBTCD-26AUG0400-T63799.99,dbef156d-bd87-74a2-0df3-0a05693b6bba,1785815272,0.1500
buy,ask,1.00,2026-08-04 03:47:52.136878+00:00,0.009500,82d62f5a-f3b8-76fb-0a83-d63883761d9b,True,KXBTCD-26AUG0400-T63799.99,0.8400,0e449fdb-99c4-4e32-a36b-45d40865cc5c,no,no,0,KXBTCD-26AUG0400-T63799.99,82d62f5a-f3b8-76fb-0a83-d63883761d9b,1785815272,0.1600
buy,ask,25.00,2026-08-04 03:47:52.136878+00:00,0.223200,6ff812c1-5860-71fd-39d0-41ba07dfe6ed,True,KXBTCD-26AUG0400-T63799.99,0.8500,0e449fdb-99c4-4e32-a36b-45d40865cc5c,no,no,0,KXBTCD-26AUG0400-T63799.99,6ff812c1-5860-71fd-39d0-41ba07dfe6ed,1785815272,0.1500
sell,bid,57.35,2026-08-04 00:59:38.856485+00:00,0.000000,eea4c11d-da76-717b-f875-bed02cf8b2bc,False,KXBTCD-26AUG0321-T63299.99,0.9900,bedf117d-3033-40c1-b82a-a16fc88f9378,yes,yes,0,KXBTCD-26AUG0321-T63299.99,eea4c11d-da76-717b-f875-bed02cf8b2bc,1785805178,0.0100
buy,ask,57.35,2026-08-04 00:58:41.759499+00:00,0.843100,e021ed5f-56a5-4b78-500f-0a6112b9a36a,True,KXBTCD-26AUG0321-T63299.99,0.7000,7a6ace99-b208-432a-bc2e-332c5e5fdb08,no,no,0,KXBTCD-26AUG0321-T63299.99,e021ed5f-56a5-4b78-500f-0a6112b9a36a,1785805121,0.3000
sell,bid,61.62,2026-08-04 00:58:07.917053+00:00,0.000000,5e2ac3d5-55c6-6836-b65c-40c5fec97204,False,KXBTC15M-26AUG032100-00,0.9900,646cc720-011f-4054-a0fe-a9229ce2e3bc,yes,yes,0,KXBTC15M-26AUG032100-00,5e2ac3d5-55c6-6836-b65c-40c5fec97204,1785805087,0.0100
buy,ask,61.62,2026-08-04 00:56:56.371128+00:00,0.690200,dce9ac46-d8be-7546-7b5e-b19f52c1b1c1,True,KXBTC15M-26AUG032100-00,0.8000,88c35a0d-c2f1-4dbb-b7b7-553f986f745e,no,no,0,KXBTC15M-26AUG032100-00,dce9ac46-d8be-7546-7b5e-b19f52c1b1c1,1785805016,0.2000
sell,bid,112.68,2026-08-04 00:55:36.824682+00:00,0.000000,f4b92075-037d-4da4-8daf-175c09f127c2,False,KXBTCD-26AUG0321-T63399.99,0.9800,4c98bc06-5af8-4a5a-b4bb-3de377bb485e,yes,yes,0,KXBTCD-26AUG0321-T63399.99,f4b92075-037d-4da4-8daf-175c09f127c2,1785804936,0.0200
buy,ask,1.00,2026-08-04 00:53:26.556479+00:00,0.007400,afd164f1-3d9a-60a1-ddff-f233ceddb699,True,KXBTCD-26AUG0321-T63399.99,0.8800,c02cf2c6-4d10-4b01-9990-2284b2a95df6,no,no,0,KXBTCD-26AUG0321-T63399.99,afd164f1-3d9a-60a1-ddff-f233ceddb699,1785804806,0.1200
buy,ask,25.00,2026-08-04 00:53:26.556479+00:00,0.184800,99d67edf-9876-61bb-c15a-4f7fd4a4a372,True,KXBTCD-26AUG0321-T63399.99,0.8800,c02cf2c6-4d10-4b01-9990-2284b2a95df6,no,no,0,KXBTCD-26AUG0321-T63399.99,99d67edf-9876-61bb-c15a-4f7fd4a4a372,1785804806,0.1200
buy,ask,50.00,2026-08-04 00:53:26.556479+00:00,0.369600,8030bd53-6f30-61da-ca8b-4d8c5c5cbd64,True,KXBTCD-26AUG0321-T63399.99,0.8800,c02cf2c6-4d10-4b01-9990-2284b2a95df6,no,no,0,KXBTCD-26AUG0321-T63399.99,8030bd53-6f30-61da-ca8b-4d8c5c5cbd64,1785804806,0.1200
buy,ask,36.68,2026-08-04 00:53:26.556479+00:00,0.271200,4a0baba7-2083-6cbc-c145-e4de2fedbb36,True,KXBTCD-26AUG0321-T63399.99,0.8800,c02cf2c6-4d10-4b01-9990-2284b2a95df6,no,no,0,KXBTCD-26AUG0321-T63399.99,4a0baba7-2083-6cbc-c145-e4de2fedbb36,1785804806,0.1200
sell,bid,49.73,2026-08-04 00:41:39.398062+00:00,0.000080,a6ecd425-f2e8-4fe8-46d7-9a991c855f8e,False,KXBTC15M-26AUG032045-45,0.9860,650c149e-c8ad-4032-8a2f-de789b4827ae,yes,yes,0,KXBTC15M-26AUG032045-45,a6ecd425-f2e8-4fe8-46d7-9a991c855f8e,1785804099,0.0140
buy,ask,49.73,2026-08-04 00:36:30.322017+00:00,0.701800,cf41a7ec-65e2-6a15-0b83-564447fb2c4c,True,KXBTC15M-26AUG032045-45,0.7200,3b5d363b-99ba-4ad2-a67d-cdde7d188788,no,no,0,KXBTC15M-26AUG032045-45,cf41a7ec-65e2-6a15-0b83-564447fb2c4c,1785803790,0.2800
sell,ask,43.53,2026-08-03 23:59:09.662119+00:00,0.000050,703f5956-fecc-7538-c7a4-1245e7de1a42,False,KXBTC15M-26AUG032000-00,0.0050,de928e23-cec9-4de6-a4c5-86f68e542fd2,no,no,0,KXBTC15M-26AUG032000-00,703f5956-fecc-7538-c7a4-1245e7de1a42,1785801549,0.9950
sell,ask,1.00,2026-08-03 23:59:09.647710+00:00,0.000000,62e07bac-6554-4fb8-77ad-281600ddfa5a,False,KXBTC15M-26AUG032000-00,0.0050,de928e23-cec9-4de6-a4c5-86f68e542fd2,no,no,0,KXBTC15M-26AUG032000-00,62e07bac-6554-4fb8-77ad-281600ddfa5a,1785801549,0.9950
sell,ask,3.69,2026-08-03 23:59:09.628750+00:00,0.000050,026e5892-17f8-5c3c-c239-46b87aebd71e,False,KXBTC15M-26AUG032000-00,0.0050,de928e23-cec9-4de6-a4c5-86f68e542fd2,no,no,0,KXBTC15M-26AUG032000-00,026e5892-17f8-5c3c-c239-46b87aebd71e,1785801549,0.9950
buy,bid,48.22,2026-08-03 23:57:16.162813+00:00,0.615700,1a450030-e76c-7590-9168-1e7eda7b5404,True,KXBTC15M-26AUG032000-00,0.2400,68f25ca6-266d-4d08-8d53-4402089a2be8,yes,yes,0,KXBTC15M-26AUG032000-00,1a450030-e76c-7590-9168-1e7eda7b5404,1785801436,0.7600
sell,bid,57.67,2026-08-03 23:51:43.224781+00:00,0.000000,f34897e4-ec7f-41f3-b636-f52409fe2e1b,False,KXBTCD-26AUG0320-T63499.99,0.9800,7b5ffe89-f10e-4f7d-a833-693cc6331ddf,yes,yes,0,KXBTCD-26AUG0320-T63499.99,f34897e4-ec7f-41f3-b636-f52409fe2e1b,1785801103,0.0200
buy,ask,57.67,2026-08-03 23:43:48.915438+00:00,0.542600,5af2ac7c-0d16-5d23-cce1-459aa4562e68,True,KXBTCD-26AUG0320-T63499.99,0.8400,3404c00b-411d-46c7-928b-5ff1226198a4,no,no,0,KXBTCD-26AUG0320-T63499.99,5af2ac7c-0d16-5d23-cce1-459aa4562e68,1785800628,0.1600
sell,ask,58.85,2026-08-03 23:28:02.464924+00:00,0.000050,8efba7d9-a78f-4751-fb55-896714f8439d,False,KXBTC15M-26AUG031930-30,0.0030,8ee3d51c-1232-4a37-964d-d0a14dcd7b45,no,no,0,KXBTC15M-26AUG031930-30,8efba7d9-a78f-4751-fb55-896714f8439d,1785799682,0.9970
buy,bid,58.85,2026-08-03 23:25:53.370204+00:00,0.581300,b9bfd9bd-4ed3-4012-37c8-d14626c8536e,True,KXBTC15M-26AUG031930-30,0.1700,62906e8e-785d-40c4-a8c7-4382ecec78bd,yes,yes,0,KXBTC15M-26AUG031930-30,b9bfd9bd-4ed3-4012-37c8-d14626c8536e,1785799553,0.8300
sell,bid,127.46,2026-08-03 22:53:08.905599+00:00,1.259000,5d4c3de5-7a0a-43ea-f921-e8a91ad5111b,True,KXBTCD-26AUG0319-T63499.99,0.1700,8f127931-2e87-433e-913d-08f75212cb96,yes,yes,0,KXBTCD-26AUG0319-T63499.99,5d4c3de5-7a0a-43ea-f921-e8a91ad5111b,1785797588,0.8300
buy,ask,127.46,2026-08-03 22:49:28.235194+00:00,2.186900,84a6cad3-b0df-79c0-f5e6-1b712b9135ed,True,KXBTCD-26AUG0319-T63499.99,0.4300,b82dbc03-79b0-4d58-9dee-bc3b383e9869,no,no,0,KXBTCD-26AUG0319-T63499.99,84a6cad3-b0df-79c0-f5e6-1b712b9135ed,1785797368,0.5700
sell,bid,63.78,2026-08-03 22:43:46.449774+00:00,0.000000,44e78277-a5d3-525d-2e78-946fbd8273ac,False,KXBTC15M-26AUG031845-45,0.9800,5288f177-91d6-4307-9d60-dd8ba0272b04,yes,yes,0,KXBTC15M-26AUG031845-45,44e78277-a5d3-525d-2e78-946fbd8273ac,1785797026,0.0200
sell,bid,3.65,2026-08-03 22:43:45.962365+00:00,0.000000,83cb2323-8c7f-6369-b7cf-847938339e48,False,KXBTC15M-26AUG031845-45,0.9800,5288f177-91d6-4307-9d60-dd8ba0272b04,yes,yes,0,KXBTC15M-26AUG031845-45,83cb2323-8c7f-6369-b7cf-847938339e48,1785797025,0.0200
buy,ask,50.82,2026-08-03 22:38:43.280610+00:00,0.525100,e42e9f29-42a6-5241-bf47-83956170f74d,True,KXBTC15M-26AUG031845-45,0.8200,c975a809-a96e-4644-89fe-cc0ac8a6577a,no,no,0,KXBTC15M-26AUG031845-45,e42e9f29-42a6-5241-bf47-83956170f74d,1785796723,0.1800
buy,ask,16.61,2026-08-03 22:38:43.280610+00:00,0.171700,0a02ceca-0316-57c2-850f-0d473a229787,True,KXBTC15M-26AUG031845-45,0.8200,c975a809-a96e-4644-89fe-cc0ac8a6577a,no,no,0,KXBTC15M-26AUG031845-45,0a02ceca-0316-57c2-850f-0d473a229787,1785796723,0.1800
sell,ask,86.66,2026-08-03 22:28:39.502028+00:00,0.000000,dfb87db3-a8ba-7f35-94d2-dd2fdea10d60,False,KXBTC15M-26AUG031830-30,0.0050,a6981f8a-00d3-4c57-bcf8-01763024feac,no,no,0,KXBTC15M-26AUG031830-30,dfb87db3-a8ba-7f35-94d2-dd2fdea10d60,1785796119,0.9950
buy,bid,86.66,2026-08-03 22:25:02.972047+00:00,0.395000,74e355b3-3444-61c6-1e18-4be3906c1934,True,KXBTC15M-26AUG031830-30,0.0700,c84defd4-3c9a-49b2-acdd-a5d6c3c80dc8,yes,yes,0,KXBTC15M-26AUG031830-30,74e355b3-3444-61c6-1e18-4be3906c1934,1785795902,0.9300
sell,bid,54.15,2026-08-03 22:05:06.586358+00:00,0.000000,a0a6994b-19df-5a9b-9949-69bab77a47ca,False,KXBTC15M-26AUG031815-15,0.9500,e02fa824-fb26-4cd1-9088-f707adddf1a6,yes,yes,0,KXBTC15M-26AUG031815-15,a0a6994b-19df-5a9b-9949-69bab77a47ca,1785794706,0.0500
buy,ask,2.90,2026-08-03 22:02:52.775487+00:00,0.027300,d49addc7-daed-6358-6974-2fbbbaae0afd,True,KXBTC15M-26AUG031815-15,0.8400,d76f7fa9-4d70-483b-ba93-a0baca5ae36b,no,no,0,KXBTC15M-26AUG031815-15,d49addc7-daed-6358-6974-2fbbbaae0afd,1785794572,0.1600
buy,ask,51.25,2026-08-03 22:02:52.775487+00:00,0.482200,155100fd-1b65-6c5b-7411-90e515640a1c,True,KXBTC15M-26AUG031815-15,0.8400,d76f7fa9-4d70-483b-ba93-a0baca5ae36b,no,no,0,KXBTC15M-26AUG031815-15,155100fd-1b65-6c5b-7411-90e515640a1c,1785794572,0.1600
sell,ask,95.24,2026-08-03 21:58:30.671399+00:00,0.000000,fd0ed8ef-831d-4fdd-8275-d7ce88b4df2c,False,KXBTCD-26AUG0318-T63499.99,0.0100,09e153df-05dc-42cb-a31f-47ca97968f18,no,no,0,KXBTCD-26AUG0318-T63499.99,fd0ed8ef-831d-4fdd-8275-d7ce88b4df2c,1785794310,0.9900
buy,bid,95.24,2026-08-03 21:56:37.873814+00:00,1.026100,a346bf53-5047-5b8d-6861-829cbc416962,True,KXBTCD-26AUG0318-T63499.99,0.1900,0d209af4-8560-452b-b836-2ee80d65c69b,yes,yes,0,KXBTCD-26AUG0318-T63499.99,a346bf53-5047-5b8d-6861-829cbc416962,1785794197,0.8100
sell,ask,91.32,2026-08-03 21:54:27.098408+00:00,0.625900,25dc163f-d729-641e-58d2-e5a2713359e4,True,KXBTCD-26AUG0318-T63599.99,0.8900,be955638-5710-486d-bdc1-f0459d09e199,no,no,0,KXBTCD-26AUG0318-T63599.99,25dc163f-d729-641e-58d2-e5a2713359e4,1785794067,0.1100
buy,bid,91.32,2026-08-03 21:50:20.987921+00:00,1.592400,146000e4-0e1f-46fa-6093-844ecbc0944f,True,KXBTCD-26AUG0318-T63599.99,0.4700,bb1a86ec-ca8b-40a5-b985-bacc7fabb5ae,yes,yes,0,KXBTCD-26AUG0318-T63599.99,146000e4-0e1f-46fa-6093-844ecbc0944f,1785793820,0.5300
sell,bid,67.02,2026-08-03 21:41:13.899299+00:00,0.000000,736ca7b5-decc-52a2-2546-74375139285b,False,KXBTC15M-26AUG031745-45,0.9000,edfd52f2-4e4d-4ae4-982d-cf62b58e0023,yes,yes,0,KXBTC15M-26AUG031745-45,736ca7b5-decc-52a2-2546-74375139285b,1785793273,0.1000
buy,ask,67.02,2026-08-03 21:33:08.942503+00:00,1.165400,ddf6a253-f8e8-6f2b-1f8b-e90635fc4d07,True,KXBTC15M-26AUG031745-45,0.4600,38f39f9f-ef62-4bf0-a4c5-4175352438b1,no,no,0,KXBTC15M-26AUG031745-45,ddf6a253-f8e8-6f2b-1f8b-e90635fc4d07,1785792788,0.5400
sell,bid,29.66,2026-08-03 21:29:52.331822+00:00,0.002140,25383667-19f3-7eee-4bc5-7be1b06843f0,True,KXBTC15M-26AUG031730-30,0.9990,c249e369-2eed-4dfc-bec9-82e6b11ecd7c,yes,yes,0,KXBTC15M-26AUG031730-30,25383667-19f3-7eee-4bc5-7be1b06843f0,1785792592,0.0010
buy,ask,72.06,2026-08-03 21:28:35.791721+00:00,0.920100,ff98b84f-b406-451a-712e-e5a390536393,True,KXBTC15M-26AUG031730-30,0.7600,c721da9e-8dfd-4348-b4e3-f01b1670fed5,no,no,0,KXBTC15M-26AUG031730-30,ff98b84f-b406-451a-712e-e5a390536393,1785792515,0.2400
buy,ask,20.00,2026-08-03 21:28:35.791721+00:00,0.262500,0326233c-dddb-4e54-4295-eb5fff5b96a1,True,KXBTC15M-26AUG031730-30,0.7500,c721da9e-8dfd-4348-b4e3-f01b1670fed5,no,no,0,KXBTC15M-26AUG031730-30,0326233c-dddb-4e54-4295-eb5fff5b96a1,1785792515,0.2500
buy,bid,62.40,2026-08-03 21:27:48.044448+00:00,0.965800,b31314f4-7806-58fd-6f71-7a5ae0c42d07,True,KXBTC15M-26AUG031730-30,0.3300,8a95d85e-fb79-47ad-bc3e-f35759c65cf5,yes,yes,0,KXBTC15M-26AUG031730-30,b31314f4-7806-58fd-6f71-7a5ae0c42d07,1785792468,0.6700
sell,bid,99.19,2026-08-03 21:26:01.656094+00:00,1.724800,a51a23d1-1956-772d-9706-9a71b52b083e,True,KXBTC15M-26AUG031730-30,0.4600,a964d98f-3744-4d0f-8d3b-f38c0f092257,yes,yes,0,KXBTC15M-26AUG031730-30,a51a23d1-1956-772d-9706-9a71b52b083e,1785792361,0.5400
buy,ask,89.19,2026-08-03 21:16:30.308749+00:00,1.380400,c1dbff9d-a7e3-625e-31c3-a6d405441420,True,KXBTC15M-26AUG031730-30,0.6700,38fc3c00-7382-4b5a-a842-2614c477958f,no,no,0,KXBTC15M-26AUG031730-30,c1dbff9d-a7e3-625e-31c3-a6d405441420,1785791790,0.3300
buy,ask,10.00,2026-08-03 21:16:30.308749+00:00,0.157100,19493823-4abe-6431-2777-070975998aef,True,KXBTC15M-26AUG031730-30,0.6600,38fc3c00-7382-4b5a-a842-2614c477958f,no,no,0,KXBTC15M-26AUG031730-30,19493823-4abe-6431-2777-070975998aef,1785791790,0.3400
sell,bid,50.56,2026-08-03 20:59:05.298233+00:00,0.000000,faf4f029-44eb-4505-73da-590ee4a47174,False,KXBTCD-26AUG0317-T63749.99,0.9600,a8bd2f31-389a-469b-b9f6-2ed8d4af6ea4,yes,yes,0,KXBTCD-26AUG0317-T63749.99,faf4f029-44eb-4505-73da-590ee4a47174,1785790745,0.0400
sell,bid,18.51,2026-08-03 20:59:05.176754+00:00,0.000000,0bddf3d4-ee33-4409-1421-810b81980854,False,KXBTCD-26AUG0317-T63749.99,0.9600,a8bd2f31-389a-469b-b9f6-2ed8d4af6ea4,yes,yes,0,KXBTCD-26AUG0317-T63749.99,0bddf3d4-ee33-4409-1421-810b81980854,1785790745,0.0400
buy,ask,69.07,2026-08-03 20:56:55.274974+00:00,1.127100,9a0a993c-01a1-635a-3ae8-c8b82f6b2eae,True,KXBTCD-26AUG0317-T63749.99,0.6300,020316ab-62e7-48e2-a171-dd54208e66fa,no,no,0,KXBTCD-26AUG0317-T63749.99,9a0a993c-01a1-635a-3ae8-c8b82f6b2eae,1785790615,0.3700
sell,bid,1.00,2026-08-03 20:55:59.507090+00:00,0.017500,b8ce96df-e871-4058-6ed7-ec0e950981fe,True,KXBTCD-26AUG0317-T63749.99,0.4800,591048c9-54e1-4131-b07f-fbdfd59829d6,yes,yes,0,KXBTCD-26AUG0317-T63749.99,b8ce96df-e871-4058-6ed7-ec0e950981fe,1785790559,0.5200
sell,bid,55.62,2026-08-03 20:55:59.507090+00:00,0.971800,43b6882c-7b01-4dab-6c20-9781f7be7d18,True,KXBTCD-26AUG0317-T63749.99,0.4800,591048c9-54e1-4131-b07f-fbdfd59829d6,yes,yes,0,KXBTCD-26AUG0317-T63749.99,43b6882c-7b01-4dab-6c20-9781f7be7d18,1785790559,0.5200
buy,ask,56.62,2026-08-03 20:50:36.295127+00:00,0.987300,0cb72c4a-c9e4-7a63-5102-63c58f87dabf,True,KXBTCD-26AUG0317-T63749.99,0.5300,06e361b8-97ee-4e1b-b98d-604e68182da8,no,no,0,KXBTCD-26AUG0317-T63749.99,0cb72c4a-c9e4-7a63-5102-63c58f87dabf,1785790236,0.4700
sell,bid,57.35,2026-08-03 20:49:14.420977+00:00,0.000000,df825f3e-fd31-58dd-1073-11c9426c350b,False,KXBTC15M-26AUG031700-00,0.8900,70a7fda3-55fc-46f3-aeaf-30236193970b,yes,yes,0,KXBTC15M-26AUG031700-00,df825f3e-fd31-58dd-1073-11c9426c350b,1785790154,0.1100
buy,ask,56.35,2026-08-03 20:45:31.756216+00:00,0.828400,56b5f7d2-5db5-531b-6eca-66dd21867f02,True,KXBTC15M-26AUG031700-00,0.7000,2233f930-e754-479a-bdfe-a69f7cdde238,no,no,0,KXBTC15M-26AUG031700-00,56b5f7d2-5db5-531b-6eca-66dd21867f02,1785789931,0.3000
buy,ask,1.00,2026-08-03 20:45:31.756216+00:00,0.015000,13d37c18-b40b-5cc1-5080-b49d59a50606,True,KXBTC15M-26AUG031700-00,0.6900,2233f930-e754-479a-bdfe-a69f7cdde238,no,no,0,KXBTC15M-26AUG031700-00,13d37c18-b40b-5cc1-5080-b49d59a50606,1785789931,0.3100
sell,bid,66.33,2026-08-03 20:39:21.899649+00:00,0.000000,30c47271-ca1e-40bb-520d-8ac4236a6731,False,KXBTC15M-26AUG031645-45,0.7700,79abfc41-4573-42a9-88e4-0e4a6e514225,yes,yes,0,KXBTC15M-26AUG031645-45,30c47271-ca1e-40bb-520d-8ac4236a6731,1785789561,0.2300
buy,ask,66.33,2026-08-03 20:30:26.755308+00:00,1.160400,741c2073-305c-7125-fbd1-6d103a2c6a6e,True,KXBTC15M-26AUG031645-45,0.5100,023de099-7649-4f7e-91e9-14bc16267515,no,no,0,KXBTC15M-26AUG031645-45,741c2073-305c-7125-fbd1-6d103a2c6a6e,1785789026,0.4900
sell,ask,48.78,2026-08-03 20:28:18.567692+00:00,0.000060,f6713122-7992-73f5-a413-2eb2f934cfda,False,KXBTC15M-26AUG031630-30,0.0080,5aa7a98a-39ff-41fb-8822-7b58512341da,no,no,0,KXBTC15M-26AUG031630-30,f6713122-7992-73f5-a413-2eb2f934cfda,1785788898,0.9920
sell,ask,47.00,2026-08-03 20:28:17.954284+00:00,0.000000,b7a4b0a7-ee2e-7711-afc8-290bb1db9336,False,KXBTC15M-26AUG031630-30,0.0080,5aa7a98a-39ff-41fb-8822-7b58512341da,no,no,0,KXBTC15M-26AUG031630-30,b7a4b0a7-ee2e-7711-afc8-290bb1db9336,1785788897,0.9920
buy,bid,95.78,2026-08-03 20:20:44.348770+00:00,0.708100,950ca5bd-5286-5a40-30c3-fceb67922fba,True,KXBTC15M-26AUG031630-30,0.1200,9aa6f11d-5be0-44ef-a9f9-47479bdd2235,yes,yes,0,KXBTC15M-26AUG031630-30,950ca5bd-5286-5a40-30c3-fceb67922fba,1785788444,0.8800
sell,bid,34.76,2026-08-03 20:20:23.191608+00:00,0.193320,fed4628b-657e-7639-9fe0-21bf98afc575,True,KXBTC15M-26AUG031630-30,0.0870,262168e6-8b81-4db6-8c8e-9cfd1e61b8c2,yes,yes,0,KXBTC15M-26AUG031630-30,fed4628b-657e-7639-9fe0-21bf98afc575,1785788423,0.9130
sell,bid,10.00,2026-08-03 20:20:23.191608+00:00,0.055700,d9af6259-241a-7853-98fc-513ad0236598,True,KXBTC15M-26AUG031630-30,0.0870,262168e6-8b81-4db6-8c8e-9cfd1e61b8c2,yes,yes,0,KXBTC15M-26AUG031630-30,d9af6259-241a-7853-98fc-513ad0236598,1785788423,0.9130
sell,bid,0.01,2026-08-03 20:20:23.191608+00:00,0.000170,a4e37e90-3681-7e8d-bca1-8a983dc7baa3,True,KXBTC15M-26AUG031630-30,0.0870,262168e6-8b81-4db6-8c8e-9cfd1e61b8c2,yes,yes,0,KXBTC15M-26AUG031630-30,a4e37e90-3681-7e8d-bca1-8a983dc7baa3,1785788423,0.9130
sell,bid,8.01,2026-08-03 20:20:23.191608+00:00,0.044670,88c2adfe-532a-7ba8-af43-f73096d55a06,True,KXBTC15M-26AUG031630-30,0.0870,262168e6-8b81-4db6-8c8e-9cfd1e61b8c2,yes,yes,0,KXBTC15M-26AUG031630-30,88c2adfe-532a-7ba8-af43-f73096d55a06,1785788423,0.9130
buy,ask,52.78,2026-08-03 20:16:05.857622+00:00,0.910400,886c2ad4-5691-52f7-49b1-2ac10740a2d7,True,KXBTC15M-26AUG031630-30,0.5600,acc23dc0-95ca-46d5-b981-35b6c9339eeb,no,no,0,KXBTC15M-26AUG031630-30,886c2ad4-5691-52f7-49b1-2ac10740a2d7,1785788165,0.4400
sell,ask,92.95,2026-08-03 20:12:04.211628+00:00,0.000000,621fd182-032f-765e-fa1c-f4adc3ff090c,False,KXBTC15M-26AUG031615-15,0.0200,2ee9bcce-551a-47ac-91d6-6ce0f457be88,no,no,0,KXBTC15M-26AUG031615-15,621fd182-032f-765e-fa1c-f4adc3ff090c,1785787924,0.9800
buy,bid,61.04,2026-08-03 20:10:08.196665+00:00,0.822100,f757762a-588b-4a7c-4ce1-65a9ea85c860,True,KXBTC15M-26AUG031615-15,0.2600,c76a45b2-f94d-40c9-b121-5a690828dcc3,yes,yes,0,KXBTC15M-26AUG031615-15,f757762a-588b-4a7c-4ce1-65a9ea85c860,1785787808,0.7400
buy,bid,36.00,2026-08-03 20:09:15.891610+00:00,0.629800,be14c803-2c8f-6eeb-6a18-d349f17ac267,True,KXBTC15M-26AUG031615-15,0.5100,7178bd1a-8f54-4ba7-b466-b4295023d581,yes,yes,0,KXBTC15M-26AUG031615-15,be14c803-2c8f-6eeb-6a18-d349f17ac267,1785787755,0.4900
buy,bid,60.60,2026-08-03 20:09:15.891610+00:00,1.060100,191515a2-673c-6a30-68a2-8c2f3f31ef65,True,KXBTC15M-26AUG031615-15,0.5100,7178bd1a-8f54-4ba7-b466-b4295023d581,yes,yes,0,KXBTC15M-26AUG031615-15,191515a2-673c-6a30-68a2-8c2f3f31ef65,1785787755,0.4900
buy,ask,1.00,2026-08-03 20:03:19.544961+00:00,0.012800,e4297497-0ff4-679d-4d36-e8c094860831,True,KXBTC15M-26AUG031615-15,0.7600,517eaeb9-ffa0-48c6-b285-3ed655fe986b,no,no,0,KXBTC15M-26AUG031615-15,e4297497-0ff4-679d-4d36-e8c094860831,1785787399,0.2400
buy,ask,49.24,2026-08-03 20:03:19.544961+00:00,0.628700,d022d1dc-5c6d-6e1d-52cc-91b66e9e0239,True,KXBTC15M-26AUG031615-15,0.7600,517eaeb9-ffa0-48c6-b285-3ed655fe986b,no,no,0,KXBTC15M-26AUG031615-15,d022d1dc-5c6d-6e1d-52cc-91b66e9e0239,1785787399,0.2400
buy,ask,14.45,2026-08-03 20:03:19.544961+00:00,0.184500,a855770f-2edc-61ad-4e59-fbdd881f1ee9,True,KXBTC15M-26AUG031615-15,0.7600,517eaeb9-ffa0-48c6-b285-3ed655fe986b,no,no,0,KXBTC15M-26AUG031615-15,a855770f-2edc-61ad-4e59-fbdd881f1ee9,1785787399,0.2400
sell,bid,98.31,2026-08-03 19:58:34.348899+00:00,0.000080,49f87f61-8d1a-59f7-b921-57a2bcc4eef5,False,KXBTC15M-26AUG031600-00,0.9980,e5b701df-ea0f-4a41-b9b5-137a0ec6d3b9,yes,yes,0,KXBTC15M-26AUG031600-00,49f87f61-8d1a-59f7-b921-57a2bcc4eef5,1785787114,0.0020
sell,bid,1.29,2026-08-03 19:57:47.102168+00:00,0.000000,19ada86e-74c7-4db7-4a3a-24a928f64890,False,KXBTCD-26AUG0316-T63899.99,0.9900,9b530dd5-bad2-4475-9cd6-99550573d668,yes,yes,0,KXBTCD-26AUG0316-T63899.99,19ada86e-74c7-4db7-4a3a-24a928f64890,1785787067,0.0100
buy,ask,32.00,2026-08-03 19:56:39.950815+00:00,0.126400,ca60dedc-afd6-5568-d3a0-5f0503a1c275,True,KXBTC15M-26AUG031600-00,0.9400,acbe6e83-374d-452a-98ed-a0cf05e39939,no,no,0,KXBTC15M-26AUG031600-00,ca60dedc-afd6-5568-d3a0-5f0503a1c275,1785786999,0.0600
buy,ask,14.89,2026-08-03 19:56:39.950815+00:00,0.057020,c99cf4ad-e89a-53fa-c4f8-c0299fe8eae7,True,KXBTC15M-26AUG031600-00,0.9420,acbe6e83-374d-452a-98ed-a0cf05e39939,no,no,0,KXBTC15M-26AUG031600-00,c99cf4ad-e89a-53fa-c4f8-c0299fe8eae7,1785786999,0.0580
buy,ask,0.01,2026-08-03 19:56:39.950815+00:00,0.000190,408f5ad4-17ae-517c-f250-b2921706e19e,True,KXBTC15M-26AUG031600-00,0.9410,acbe6e83-374d-452a-98ed-a0cf05e39939,no,no,0,KXBTC15M-26AUG031600-00,408f5ad4-17ae-517c-f250-b2921706e19e,1785786999,0.0590
buy,ask,51.41,2026-08-03 19:56:39.950815+00:00,0.199890,0dfda18d-e71d-5b93-fbe7-daa0d10b3d1e,True,KXBTC15M-26AUG031600-00,0.9410,acbe6e83-374d-452a-98ed-a0cf05e39939,no,no,0,KXBTC15M-26AUG031600-00,0dfda18d-e71d-5b93-fbe7-daa0d10b3d1e,1785786999,0.0590
sell,bid,56.19,2026-08-03 19:56:22.709718+00:00,0.000000,e469f222-a0fa-65d9-19a1-e7e866296ff6,False,KXBTC15M-26AUG031600-00,0.9600,81b90ea7-1beb-4cff-a38c-7b6a572bc8ea,yes,yes,0,KXBTC15M-26AUG031600-00,e469f222-a0fa-65d9-19a1-e7e866296ff6,1785786982,0.0400
buy,ask,30.00,2026-08-03 19:45:57.901614+00:00,0.514800,f42844ab-7ff8-5c48-0584-43924b2a05fe,True,KXBTC15M-26AUG031600-00,0.5700,1237e98b-936d-477c-a445-2854d0ae1be8,no,no,0,KXBTC15M-26AUG031600-00,f42844ab-7ff8-5c48-0584-43924b2a05fe,1785786357,0.4300
buy,ask,26.19,2026-08-03 19:45:57.901614+00:00,0.449400,496e475c-05d0-5d98-0ec4-68833021719f,True,KXBTC15M-26AUG031600-00,0.5700,1237e98b-936d-477c-a445-2854d0ae1be8,no,no,0,KXBTC15M-26AUG031600-00,496e475c-05d0-5d98-0ec4-68833021719f,1785786357,0.4300
sell,bid,73.75,2026-08-03 19:43:44.074864+00:00,0.000000,629fc556-b58f-7458-35a2-1ba5762e5d14,False,KXBTC15M-26AUG031545-45,0.9900,fa42e8ed-3392-404a-991c-b7b56d7094e0,yes,yes,0,KXBTC15M-26AUG031545-45,629fc556-b58f-7458-35a2-1ba5762e5d14,1785786224,0.0100
buy,ask,1.29,2026-08-03 19:39:11.911331+00:00,0.020900,cda80a79-5a95-74a4-02c1-7b75c3a007d6,True,KXBTCD-26AUG0316-T63899.99,0.6400,af1e6de6-4c1a-4f25-a4ca-a80b9e915c9e,no,no,0,KXBTCD-26AUG0316-T63899.99,cda80a79-5a95-74a4-02c1-7b75c3a007d6,1785785951,0.3600
buy,ask,73.75,2026-08-03 19:38:23.948722+00:00,0.941700,11446f73-7ddc-6af4-38c9-762205332b81,True,KXBTC15M-26AUG031545-45,0.7600,09645175-6bda-497e-a4f0-a50ff231c0f1,no,no,0,KXBTC15M-26AUG031545-45,11446f73-7ddc-6af4-38c9-762205332b81,1785785903,0.2400
sell,ask,37.43,2026-08-03 19:38:13.855139+00:00,0.539500,4479911c-8953-6bcf-71ba-ce631da24f97,True,KXBTC15M-26AUG031545-45,0.7100,cfe276e6-fc43-49f9-bfca-6a935d13fc40,no,no,0,KXBTC15M-26AUG031545-45,4479911c-8953-6bcf-71ba-ce631da24f97,1785785893,0.2900
sell,ask,25.43,2026-08-03 19:38:09.379974+00:00,0.380800,ef46a541-aad5-762c-0f9d-b084d21e343b,True,KXBTC15M-26AUG031545-45,0.6900,80d7349a-e6e9-4d24-a30e-9b3fe4af5bad,no,no,0,KXBTC15M-26AUG031545-45,ef46a541-aad5-762c-0f9d-b084d21e343b,1785785889,0.3100
buy,bid,62.86,2026-08-03 19:33:09.264622+00:00,0.704100,ba12e223-4ccc-61a1-668a-2349712d838d,True,KXBTC15M-26AUG031545-45,0.2000,1c085db8-4a78-4beb-b55e-2da6b9e29706,yes,yes,0,KXBTC15M-26AUG031545-45,ba12e223-4ccc-61a1-668a-2349712d838d,1785785589,0.8000
sell,ask,91.42,2026-08-03 19:27:28.870706+00:00,0.000000,af9aeae8-d6e5-665e-c1cb-809e5a84bd4b,False,KXBTC15M-26AUG031530-30,0.0100,55ddae0f-835c-40b8-b583-76ff7907ed13,no,no,0,KXBTC15M-26AUG031530-30,af9aeae8-d6e5-665e-c1cb-809e5a84bd4b,1785785248,0.9900
buy,bid,91.42,2026-08-03 19:25:21.487782+00:00,0.626600,25936f25-6eed-779a-8bed-5ba2c33f6be0,True,KXBTC15M-26AUG031530-30,0.1100,d0e74923-93d7-4c6a-8838-082bddde8efc,yes,yes,0,KXBTC15M-26AUG031530-30,25936f25-6eed-779a-8bed-5ba2c33f6be0,1785785121,0.8900
sell,ask,51.77,2026-08-03 19:22:03.530951+00:00,0.000000,8c78adf0-5681-67de-f52d-afcddf3ae239,False,KXBTC15M-26AUG031530-30,0.1800,3c1dac2e-a088-4764-a89d-2c7ce048cfe5,no,no,0,KXBTC15M-26AUG031530-30,8c78adf0-5681-67de-f52d-afcddf3ae239,1785784923,0.8200
buy,bid,51.77,2026-08-03 19:17:15.281273+00:00,0.788600,62631a6c-fd8b-4a37-5340-0d6bac5f1998,True,KXBTC15M-26AUG031530-30,0.3200,0267da52-1a40-4130-b9a8-2fd34c798552,yes,yes,0,KXBTC15M-26AUG031530-30,62631a6c-fd8b-4a37-5340-0d6bac5f1998,1785784635,0.6800
sell,ask,76.04,2026-08-03 19:13:31.368921+00:00,0.000060,ff96f1d5-99a1-640b-46f1-3873a96f5b60,False,KXBTC15M-26AUG031515-15,0.0010,788d3617-2f20-4671-aa7d-afa574ca7600,no,no,0,KXBTC15M-26AUG031515-15,ff96f1d5-99a1-640b-46f1-3873a96f5b60,1785784411,0.9990
buy,bid,76.04,2026-08-03 19:11:17.730257+00:00,0.474860,7452b725-6e1e-4231-0f27-26879e758fab,True,KXBTC15M-26AUG031515-15,0.0990,1e2d0e8a-da15-43c1-a28d-60f875ddb3b5,yes,yes,0,KXBTC15M-26AUG031515-15,7452b725-6e1e-4231-0f27-26879e758fab,1785784277,0.9010
sell,bid,5.28,2026-08-03 19:08:31.679352+00:00,0.086200,df24a3b3-2cd7-56dd-bd6d-604b171b4ead,True,KXBTC15M-26AUG031515-15,0.6300,5d77888d-fd42-45fb-89b4-c48075e02444,yes,yes,0,KXBTC15M-26AUG031515-15,df24a3b3-2cd7-56dd-bd6d-604b171b4ead,1785784111,0.3700
sell,bid,74.39,2026-08-03 19:08:31.679352+00:00,1.213900,6650bf43-e514-5002-8ec2-361022a3f2f0,True,KXBTC15M-26AUG031515-15,0.6300,5d77888d-fd42-45fb-89b4-c48075e02444,yes,yes,0,KXBTC15M-26AUG031515-15,6650bf43-e514-5002-8ec2-361022a3f2f0,1785784111,0.3700
buy,ask,79.67,2026-08-03 19:00:41.968003+00:00,1.374200,cf7f77ad-5d27-7837-1dc9-8326dd10033b,True,KXBTC15M-26AUG031515-15,0.5600,cb56c222-1d31-4e93-ab09-421fad566e01,no,no,0,KXBTC15M-26AUG031515-15,cf7f77ad-5d27-7837-1dc9-8326dd10033b,1785783641,0.4400
buy,ask,72.25,2026-08-03 18:43:20.599504+00:00,0.746500,8e99cb6d-4c18-6469-c124-66a0b5534e7a,True,KXBTC15M-26AUG031445-45,0.8200,767bf007-907b-4b00-9e97-b2b97caad12f,no,no,0,KXBTC15M-26AUG031445-45,8e99cb6d-4c18-6469-c124-66a0b5534e7a,1785782600,0.1800
sell,bid,64.56,2026-08-03 18:42:57.382832+00:00,0.999200,3f0100d5-f33d-533e-2f40-8111123422ef,True,KXBTC15M-26AUG031445-45,0.3300,7056886a-1918-466f-abb3-4f076db846e0,yes,yes,0,KXBTC15M-26AUG031445-45,3f0100d5-f33d-533e-2f40-8111123422ef,1785782577,0.6700
buy,ask,64.56,2026-08-03 18:41:17.597862+00:00,1.028200,d11045d2-4a83-5fbf-3640-02244822c8c8,True,KXBTC15M-26AUG031445-45,0.6500,ded3a459-daed-46d2-a2ae-7bfae37bbb9f,no,no,0,KXBTC15M-26AUG031445-45,d11045d2-4a83-5fbf-3640-02244822c8c8,1785782477,0.3500
sell,ask,58.39,2026-08-03 18:38:41.750581+00:00,0.000000,e3656282-0f35-7f82-2cc6-30d2d9b954ef,False,KXBTC15M-26AUG031445-45,0.1000,bd0415da-a780-4964-a390-7d8b8913ff23,no,no,0,KXBTC15M-26AUG031445-45,e3656282-0f35-7f82-2cc6-30d2d9b954ef,1785782321,0.9000
buy,bid,58.39,2026-08-03 18:35:55.000746+00:00,0.786400,dd02d60d-8ee3-59b5-bf97-48a4b1c08a03,True,KXBTC15M-26AUG031445-45,0.2600,eae47e5c-ef26-44ad-88f1-7ddbdc4d6fe0,yes,yes,0,KXBTC15M-26AUG031445-45,dd02d60d-8ee3-59b5-bf97-48a4b1c08a03,1785782155,0.7400
sell,bid,13.67,2026-08-03 18:23:47.680673+00:00,0.000000,e43f6605-e920-72db-0e75-3bd9121779e3,False,KXBTC15M-26AUG031430-30,0.9500,d8d4c4dc-143d-48a5-862c-a3adb52ca3f3,yes,yes,0,KXBTC15M-26AUG031430-30,e43f6605-e920-72db-0e75-3bd9121779e3,1785781427,0.0500
sell,bid,4.00,2026-08-03 18:23:47.631760+00:00,0.000000,71f784fb-c410-7343-5788-6e41f20f1f83,False,KXBTC15M-26AUG031430-30,0.9500,d8d4c4dc-143d-48a5-862c-a3adb52ca3f3,yes,yes,0,KXBTC15M-26AUG031430-30,71f784fb-c410-7343-5788-6e41f20f1f83,1785781427,0.0500
sell,bid,50.64,2026-08-03 18:23:47.463886+00:00,0.000000,a60a7700-4d4c-57bf-98cd-641c5c1c0a0b,False,KXBTC15M-26AUG031430-30,0.9500,d8d4c4dc-143d-48a5-862c-a3adb52ca3f3,yes,yes,0,KXBTC15M-26AUG031430-30,a60a7700-4d4c-57bf-98cd-641c5c1c0a0b,1785781427,0.0500
sell,bid,8.00,2026-08-03 18:23:47.425288+00:00,0.000000,611eba94-ee48-623b-4a55-8371c32ff5f7,False,KXBTC15M-26AUG031430-30,0.9500,d8d4c4dc-143d-48a5-862c-a3adb52ca3f3,yes,yes,0,KXBTC15M-26AUG031430-30,611eba94-ee48-623b-4a55-8371c32ff5f7,1785781427,0.0500
sell,bid,2.23,2026-08-03 18:23:47.336933+00:00,0.000000,d198e246-ce04-7c47-4715-43a8ffb608b3,False,KXBTC15M-26AUG031430-30,0.9500,d8d4c4dc-143d-48a5-862c-a3adb52ca3f3,yes,yes,0,KXBTC15M-26AUG031430-30,d198e246-ce04-7c47-4715-43a8ffb608b3,1785781427,0.0500
buy,ask,78.54,2026-08-03 18:16:45.280696+00:00,1.295300,03a192b9-b1f1-720a-33eb-0b2af2247983,True,KXBTC15M-26AUG031430-30,0.6200,f866cd63-4648-4fa3-aa9d-bc1a89dfe9f3,no,no,0,KXBTC15M-26AUG031430-30,03a192b9-b1f1-720a-33eb-0b2af2247983,1785781005,0.3800
buy,ask,84.64,2026-08-03 18:07:47.257962+00:00,1.395900,a8c37ca3-ab3b-4f6d-186c-35d0a690299f,True,KXBTC15M-26AUG031415-15,0.6200,080562d4-3363-436b-aca9-cd27c6b8ee45,no,no,0,KXBTC15M-26AUG031415-15,a8c37ca3-ab3b-4f6d-186c-35d0a690299f,1785780467,0.3800
buy,ask,43.55,2026-08-03 17:59:14.522623+00:00,0.600900,da3dba97-7ee7-6306-af2c-c7d2bd5511d5,True,KXBTC15M-26AUG031400-00,0.7300,75420738-b58f-4b81-8917-34d03c57eb9b,no,no,0,KXBTC15M-26AUG031400-00,da3dba97-7ee7-6306-af2c-c7d2bd5511d5,1785779954,0.2700
buy,ask,132.12,2026-08-03 17:59:14.522623+00:00,1.822900,b39570f3-eac7-6a90-a42d-50bd2d539a1e,True,KXBTC15M-26AUG031400-00,0.7300,75420738-b58f-4b81-8917-34d03c57eb9b,no,no,0,KXBTC15M-26AUG031400-00,b39570f3-eac7-6a90-a42d-50bd2d539a1e,1785779954,0.2700
buy,ask,0.01,2026-08-03 17:59:14.522623+00:00,0.000200,67a60c00-9e85-6496-81e3-893b00381890,True,KXBTC15M-26AUG031400-00,0.7300,75420738-b58f-4b81-8917-34d03c57eb9b,no,no,0,KXBTC15M-26AUG031400-00,67a60c00-9e85-6496-81e3-893b00381890,1785779954,0.2700
buy,ask,29.55,2026-08-03 17:59:14.522623+00:00,0.407800,2886527d-f0ce-6ded-acce-4b170c979131,True,KXBTC15M-26AUG031400-00,0.7300,75420738-b58f-4b81-8917-34d03c57eb9b,no,no,0,KXBTC15M-26AUG031400-00,2886527d-f0ce-6ded-acce-4b170c979131,1785779954,0.2700
buy,ask,39.45,2026-08-03 17:59:14.522623+00:00,0.544300,109875e9-e7d1-6b1e-b08a-02486ef574eb,True,KXBTC15M-26AUG031400-00,0.7300,75420738-b58f-4b81-8917-34d03c57eb9b,no,no,0,KXBTC15M-26AUG031400-00,109875e9-e7d1-6b1e-b08a-02486ef574eb,1785779954,0.2700
sell,ask,19.23,2026-08-03 17:58:51.171166+00:00,0.259000,e0fd9936-33b6-59ad-5d79-d410a99c9cb6,True,KXBTC15M-26AUG031400-00,0.7400,420d065f-6318-4726-b281-17aacde633ee,no,no,0,KXBTC15M-26AUG031400-00,e0fd9936-33b6-59ad-5d79-d410a99c9cb6,1785779931,0.2600
sell,ask,0.01,2026-08-03 17:58:51.171166+00:00,0.000200,69bc3d31-613f-5a4f-7fa0-2a6eb73a90d3,True,KXBTC15M-26AUG031400-00,0.7400,420d065f-6318-4726-b281-17aacde633ee,no,no,0,KXBTC15M-26AUG031400-00,69bc3d31-613f-5a4f-7fa0-2a6eb73a90d3,1785779931,0.2600
sell,ask,304.63,2026-08-03 17:58:51.171166+00:00,4.102800,0e3fa0a1-b935-5827-4ef0-bac69d7ec7ce,True,KXBTC15M-26AUG031400-00,0.7400,420d065f-6318-4726-b281-17aacde633ee,no,no,0,KXBTC15M-26AUG031400-00,0e3fa0a1-b935-5827-4ef0-bac69d7ec7ce,1785779931,0.2600
buy,bid,323.87,2026-08-03 17:58:42.747085+00:00,5.522700,b32e43e3-57d8-53eb-0d80-12a0635654e4,True,KXBTC15M-26AUG031400-00,0.4200,4ad8ad1e-a16c-4692-a94a-5c6c68975d98,yes,yes,0,KXBTC15M-26AUG031400-00,b32e43e3-57d8-53eb-0d80-12a0635654e4,1785779922,0.5800
sell,bid,198.59,2026-08-03 17:58:32.338955+00:00,3.475400,508dd355-7b12-4b06-bcf1-c0cef12a778f,True,KXBTC15M-26AUG031400-00,0.5000,dd5bd67b-a260-43db-8f52-ee8849cb5d6e,yes,yes,0,KXBTC15M-26AUG031400-00,508dd355-7b12-4b06-bcf1-c0cef12a778f,1785779912,0.5000
buy,ask,198.59,2026-08-03 17:57:02.023078+00:00,2.139500,e8e4745e-e9f0-7d2a-6cff-6ee652ea2984,True,KXBTC15M-26AUG031400-00,0.8100,41a0df56-b1a5-4dfc-b604-c737d471a76a,no,no,0,KXBTC15M-26AUG031400-00,e8e4745e-e9f0-7d2a-6cff-6ee652ea2984,1785779822,0.1900
sell,ask,80.03,2026-08-03 17:56:56.453393+00:00,1.176500,648cea3f-6a8c-761f-69b0-9786b66dc372,True,KXBTC15M-26AUG031400-00,0.7000,771cd260-6baf-4e27-b0a3-7f39fe2d1544,no,no,0,KXBTC15M-26AUG031400-00,648cea3f-6a8c-761f-69b0-9786b66dc372,1785779816,0.3000
buy,bid,80.03,2026-08-03 17:56:04.846597+00:00,1.373100,d16931ea-22d5-5efd-7de7-679cc236a9c3,True,KXBTC15M-26AUG031400-00,0.4300,9b5cef7e-3075-4594-b529-2a6a3758a4bf,yes,yes,0,KXBTC15M-26AUG031400-00,d16931ea-22d5-5efd-7de7-679cc236a9c3,1785779764,0.5700
sell,bid,65.18,2026-08-03 17:55:50.983128+00:00,1.118300,f8417c7b-54c9-54b9-a0f8-e262df8a3805,True,KXBTC15M-26AUG031400-00,0.4300,f0993485-71de-4403-865a-f2a4cf4255a7,yes,yes,0,KXBTC15M-26AUG031400-00,f8417c7b-54c9-54b9-a0f8-e262df8a3805,1785779750,0.5700
sell,bid,81.93,2026-08-03 17:55:20.194278+00:00,0.000000,bc6519c5-7496-7cc0-237d-a6d88d5aef73,False,KXBTCD-26AUG0314-T63899.99,0.9800,40662b07-aa5b-4c86-b281-874235b02763,yes,yes,0,KXBTCD-26AUG0314-T63899.99,bc6519c5-7496-7cc0-237d-a6d88d5aef73,1785779720,0.0200
buy,ask,65.18,2026-08-03 17:55:15.377972+00:00,0.808100,edacd7eb-fd53-7207-7143-363c0e1924bb,True,KXBTC15M-26AUG031400-00,0.7700,2221ac65-c382-4c78-b44c-563b43f6175c,no,no,0,KXBTC15M-26AUG031400-00,edacd7eb-fd53-7207-7143-363c0e1924bb,1785779715,0.2300
buy,ask,50.00,2026-08-03 17:52:59.199953+00:00,0.369600,c1c87346-4392-5df8-9b71-ca42bd9fc87e,True,KXBTCD-26AUG0314-T63899.99,0.8800,569fedfc-6100-46ab-8c15-7d1130bd9f85,no,no,0,KXBTCD-26AUG0314-T63899.99,c1c87346-4392-5df8-9b71-ca42bd9fc87e,1785779579,0.1200
buy,ask,1.00,2026-08-03 17:52:59.199953+00:00,0.007400,a052ae59-0b49-5fff-bdf3-1cf27f81141d,True,KXBTCD-26AUG0314-T63899.99,0.8800,569fedfc-6100-46ab-8c15-7d1130bd9f85,no,no,0,KXBTCD-26AUG0314-T63899.99,a052ae59-0b49-5fff-bdf3-1cf27f81141d,1785779579,0.1200
buy,ask,1.00,2026-08-03 17:52:59.199953+00:00,0.008000,9afa4d6b-b76e-5ae0-93ea-7c4a745a4a4c,True,KXBTCD-26AUG0314-T63899.99,0.8700,569fedfc-6100-46ab-8c15-7d1130bd9f85,no,no,0,KXBTCD-26AUG0314-T63899.99,9afa4d6b-b76e-5ae0-93ea-7c4a745a4a4c,1785779579,0.1300
buy,ask,29.93,2026-08-03 17:52:59.199953+00:00,0.221300,390dee0d-fd51-5d44-9fb3-e631d5abd592,True,KXBTCD-26AUG0314-T63899.99,0.8800,569fedfc-6100-46ab-8c15-7d1130bd9f85,no,no,0,KXBTCD-26AUG0314-T63899.99,390dee0d-fd51-5d44-9fb3-e631d5abd592,1785779579,0.1200
sell,ask,111.12,2026-08-03 17:42:38.642315+00:00,0.000020,1fdd5d08-ae79-4d8b-a4b8-9bb32dcd5fc2,False,KXBTC15M-26AUG031345-45,0.0090,f095727e-2358-4cf5-abee-86b19897e42e,no,no,0,KXBTC15M-26AUG031345-45,1fdd5d08-ae79-4d8b-a4b8-9bb32dcd5fc2,1785778958,0.9910
sell,ask,33.26,2026-08-03 17:42:38.558102+00:00,0.000060,11e94024-2965-54a7-7c9d-be8bcaab5ae2,False,KXBTC15M-26AUG031345-45,0.0090,f095727e-2358-4cf5-abee-86b19897e42e,no,no,0,KXBTC15M-26AUG031345-45,11e94024-2965-54a7-7c9d-be8bcaab5ae2,1785778958,0.9910
buy,bid,27.09,2026-08-03 17:41:16.489048+00:00,0.382300,fb5e59c6-f513-4e60-efa9-a637f80c4ec2,True,KXBTC15M-26AUG031345-45,0.2800,8174f7b6-4927-4046-9560-2e17656c0739,yes,yes,0,KXBTC15M-26AUG031345-45,fb5e59c6-f513-4e60-efa9-a637f80c4ec2,1785778876,0.7200
buy,bid,17.29,2026-08-03 17:41:16.489048+00:00,0.244000,aeb3f19d-1eb4-4618-f87e-edebc5c5264f,True,KXBTC15M-26AUG031345-45,0.2800,8174f7b6-4927-4046-9560-2e17656c0739,yes,yes,0,KXBTC15M-26AUG031345-45,aeb3f19d-1eb4-4618-f87e-edebc5c5264f,1785778876,0.7200
buy,bid,100.00,2026-08-03 17:41:16.489048+00:00,1.411200,0f7fd925-42dc-4d17-d49f-077c2aaa2c99,True,KXBTC15M-26AUG031345-45,0.2800,8174f7b6-4927-4046-9560-2e17656c0739,yes,yes,0,KXBTC15M-26AUG031345-45,0f7fd925-42dc-4d17-d49f-077c2aaa2c99,1785778876,0.7200
sell,ask,126.20,2026-08-03 17:13:05.163059+00:00,0.000000,2d623564-c761-6708-f4f8-f3a08f39e1ec,False,KXBTC15M-26AUG031315-15,0.0090,e671705b-f7a8-484e-b492-2a5fb2d1e564,no,no,0,KXBTC15M-26AUG031315-15,2d623564-c761-6708-f4f8-f3a08f39e1ec,1785777185,0.9910
buy,bid,126.20,2026-08-03 17:10:35.773011+00:00,1.303900,187426f5-4a3a-69f2-5ed9-d3a9c65ccce8,True,KXBTC15M-26AUG031315-15,0.1800,37df307e-9014-4b7a-b86c-d701fb12bf91,yes,yes,0,KXBTC15M-26AUG031315-15,187426f5-4a3a-69f2-5ed9-d3a9c65ccce8,1785777035,0.8200
sell,ask,228.52,2026-08-03 16:59:36.305142+00:00,0.000000,1676dd86-aebe-44a9-5920-8902f60c9f1c,False,KXBTC15M-26AUG031300-00,0.0100,9f1d83cc-446b-4e4b-b463-c03a25957ba0,no,no,0,KXBTC15M-26AUG031300-00,1676dd86-aebe-44a9-5920-8902f60c9f1c,1785776376,0.9900
sell,ask,70.67,2026-08-03 16:59:29.972369+00:00,0.000000,6ff72fc9-7514-6b2c-2958-6dd553ba379b,False,KXBTCD-26AUG0313-T63699.99,0.0100,2e841061-33f5-4946-be20-cf9ba5a426cf,no,no,0,KXBTCD-26AUG0313-T63699.99,6ff72fc9-7514-6b2c-2958-6dd553ba379b,1785776369,0.9900
sell,ask,49.75,2026-08-03 16:59:29.607445+00:00,0.000000,e8ca0ea9-76f4-5f28-5656-be0caf642497,False,KXBTCD-26AUG0313-T63699.99,0.0100,2e841061-33f5-4946-be20-cf9ba5a426cf,no,no,0,KXBTCD-26AUG0313-T63699.99,e8ca0ea9-76f4-5f28-5656-be0caf642497,1785776369,0.9900
buy,bid,15.85,2026-08-03 16:58:18.385350+00:00,0.163800,a8a45818-d131-7522-9a3a-0a9f50758056,True,KXBTCD-26AUG0313-T63699.99,0.1800,4f49b8aa-4266-4ec4-8030-44d0a5ee083c,yes,yes,0,KXBTCD-26AUG0313-T63699.99,a8a45818-d131-7522-9a3a-0a9f50758056,1785776298,0.8200
buy,bid,25.00,2026-08-03 16:58:18.385350+00:00,0.258300,9edcab42-6055-7d9d-bf74-c9e381f30eca,True,KXBTCD-26AUG0313-T63699.99,0.1800,4f49b8aa-4266-4ec4-8030-44d0a5ee083c,yes,yes,0,KXBTCD-26AUG0313-T63699.99,9edcab42-6055-7d9d-bf74-c9e381f30eca,1785776298,0.8200
buy,bid,79.57,2026-08-03 16:58:18.385350+00:00,0.822200,5d704329-675f-7561-9254-0324eea2dd74,True,KXBTCD-26AUG0313-T63699.99,0.1800,4f49b8aa-4266-4ec4-8030-44d0a5ee083c,yes,yes,0,KXBTCD-26AUG0313-T63699.99,5d704329-675f-7561-9254-0324eea2dd74,1785776298,0.8200
buy,bid,228.52,2026-08-03 16:57:43.888044+00:00,2.745000,e348cad3-f30f-6f39-9b78-604f20edae74,True,KXBTC15M-26AUG031300-00,0.2200,052f8c40-961a-4a5f-8a9e-b024e79bab38,yes,yes,0,KXBTC15M-26AUG031300-00,e348cad3-f30f-6f39-9b78-604f20edae74,1785776263,0.7800
sell,bid,148.47,2026-08-03 16:57:35.071492+00:00,2.139900,3a2c58a2-a5ce-707f-8767-136d78734603,True,KXBTC15M-26AUG031300-00,0.2900,778f8d6a-9dcd-4d6e-8985-594a3cbcdb0d,yes,yes,0,KXBTC15M-26AUG031300-00,3a2c58a2-a5ce-707f-8767-136d78734603,1785776255,0.7100
buy,ask,148.47,2026-08-03 16:56:14.586438+00:00,2.095300,c3d536f5-4de7-7caa-7ec5-6329e79ba083,True,KXBTC15M-26AUG031300-00,0.7200,2336c5b0-8c10-4f1c-b621-64f1b8ba53bd,no,no,0,KXBTC15M-26AUG031300-00,c3d536f5-4de7-7caa-7ec5-6329e79ba083,1785776174,0.2800
sell,ask,73.68,2026-08-03 16:55:57.463033+00:00,1.256400,77d3d857-5357-51c2-375a-9c4a52415907,True,KXBTCD-26AUG0313-T63699.99,0.5800,6aa34c11-2ce9-4430-ac3e-c97b2bba570a,no,no,0,KXBTCD-26AUG0313-T63699.99,77d3d857-5357-51c2-375a-9c4a52415907,1785776157,0.4200
buy,bid,1.82,2026-08-03 16:48:33.297999+00:00,0.015400,ba5a8a2d-68ce-7647-0390-d6c627b4f69c,True,KXBTCD-26AUG0313-T63699.99,0.1400,bd149aab-e716-4d34-a7ef-1b8003b1484a,yes,yes,0,KXBTCD-26AUG0313-T63699.99,ba5a8a2d-68ce-7647-0390-d6c627b4f69c,1785775713,0.8600
buy,bid,71.86,2026-08-03 16:48:33.297999+00:00,0.605700,708bb91b-85bd-7164-23e9-325935a291a3,True,KXBTCD-26AUG0313-T63699.99,0.1400,bd149aab-e716-4d34-a7ef-1b8003b1484a,yes,yes,0,KXBTCD-26AUG0313-T63699.99,708bb91b-85bd-7164-23e9-325935a291a3,1785775713,0.8600
sell,ask,79.30,2026-08-03 15:59:43.830193+00:00,0.000000,2218f49f-623d-7859-d97c-02534c4be8a3,False,KXBTCD-26AUG0312-T63599.99,0.0100,3c8d2ec3-ea98-4077-bb3f-aa86caed891f,no,no,0,KXBTCD-26AUG0312-T63599.99,2218f49f-623d-7859-d97c-02534c4be8a3,1785772783,0.9900
buy,bid,79.32,2026-08-03 15:59:07.137338+00:00,1.246000,e7285bd3-68b4-48fc-2ecb-5eb69ac43697,True,KXBTCD-26AUG0312-T63599.99,0.3400,ee17de28-a6f2-4058-aa02-69438b5e6117,yes,yes,0,KXBTCD-26AUG0312-T63599.99,e7285bd3-68b4-48fc-2ecb-5eb69ac43697,1785772747,0.6600
sell,ask,0.70,2026-08-03 15:58:26.084004+00:00,0.011700,aad1750a-1fe7-5b2d-753a-86fe4ccf3ccc,True,KXBTCD-26AUG0312-T63599.99,0.6100,64b8d248-85d1-46fc-b70a-2962ee1c8fc2,no,no,0,KXBTCD-26AUG0312-T63599.99,aad1750a-1fe7-5b2d-753a-86fe4ccf3ccc,1785772706,0.3900
sell,ask,54.83,2026-08-03 15:58:26.084004+00:00,0.913100,397c13f6-214e-5c30-5899-68b6e0fd157a,True,KXBTCD-26AUG0312-T63599.99,0.6100,64b8d248-85d1-46fc-b70a-2962ee1c8fc2,no,no,0,KXBTCD-26AUG0312-T63599.99,397c13f6-214e-5c30-5899-68b6e0fd157a,1785772706,0.3900
buy,bid,55.53,2026-08-03 15:58:03.238364+00:00,0.522500,ee932040-a4be-7f30-2ddc-8aa787bdc766,True,KXBTCD-26AUG0312-T63599.99,0.1600,6fab2df5-472c-4c8a-ab25-1e50469b1e82,yes,yes,0,KXBTCD-26AUG0312-T63599.99,ee932040-a4be-7f30-2ddc-8aa787bdc766,1785772683,0.8400
sell,bid,67.61,2026-08-03 15:57:56.501714+00:00,0.000000,f266a492-b3e0-7873-2002-d0420a79e79f,False,KXBTCD-26AUG0312-T63699.99,0.9900,5e288fa8-6485-4899-ab95-9f91c72e2983,yes,yes,0,KXBTCD-26AUG0312-T63699.99,f266a492-b3e0-7873-2002-d0420a79e79f,1785772676,0.0100
sell,bid,46.46,2026-08-03 15:56:22.198659+00:00,0.000000,1647864b-d0a3-5df6-49d9-21c80310d5da,False,KXBTC15M-26AUG031200-00,0.9800,cfadc735-44de-48ac-800a-ba024a43573e,yes,yes,0,KXBTC15M-26AUG031200-00,1647864b-d0a3-5df6-49d9-21c80310d5da,1785772582,0.0200
buy,ask,67.61,2026-08-03 15:55:59.827361+00:00,0.636100,70ba9b8d-6db7-59a9-45f6-d4605ae76bc3,True,KXBTCD-26AUG0312-T63699.99,0.8400,c8973233-c8ad-455f-b956-99fcee162e3b,no,no,0,KXBTCD-26AUG0312-T63699.99,70ba9b8d-6db7-59a9-45f6-d4605ae76bc3,1785772559,0.1600
buy,ask,46.46,2026-08-03 15:54:18.495424+00:00,0.609800,bf5e5db6-90ad-56ca-5e73-b8b3e4b90183,True,KXBTC15M-26AUG031200-00,0.7500,02491706-2c6b-4694-b8b6-7e4dbc76cbe0,no,no,0,KXBTC15M-26AUG031200-00,bf5e5db6-90ad-56ca-5e73-b8b3e4b90183,1785772458,0.2500
sell,bid,68.18,2026-08-03 15:54:07.380549+00:00,0.000000,70bfc677-b720-6a75-7907-da9dfeaafb87,False,KXBTCD-26AUG0312-T63799.99,0.9600,469d6a3c-0ba9-4eaf-be32-48416a3d0787,yes,yes,0,KXBTCD-26AUG0312-T63799.99,70bfc677-b720-6a75-7907-da9dfeaafb87,1785772447,0.0400
buy,ask,68.18,2026-08-03 15:50:57.936672+00:00,0.819000,4260b787-f679-4e9c-ccea-b229cbb5d2c4,True,KXBTCD-26AUG0312-T63799.99,0.7800,4c739ad8-3b8b-43dc-9abc-0a8588cea1f3,no,no,0,KXBTCD-26AUG0312-T63799.99,4260b787-f679-4e9c-ccea-b229cbb5d2c4,1785772257,0.2200
sell,bid,54.19,2026-08-03 15:12:40.815112+00:00,0.000050,14e52244-e6b3-5952-043a-f211593c9727,False,KXBTC15M-26AUG031115-15,0.9950,8d3df63b-4ac6-4028-98e1-9e51552e78bf,yes,yes,0,KXBTC15M-26AUG031115-15,14e52244-e6b3-5952-043a-f211593c9727,1785769960,0.0050
buy,ask,54.19,2026-08-03 15:11:55.148218+00:00,0.583800,b6bfc536-3809-78e7-9df7-465569f8f349,True,KXBTC15M-26AUG031115-15,0.8100,f76abdb1-1c51-4e2c-8009-90430abe77a7,no,no,0,KXBTC15M-26AUG031115-15,b6bfc536-3809-78e7-9df7-465569f8f349,1785769915,0.1900
sell,ask,58.47,2026-08-03 14:59:11.801372+00:00,0.000000,30b37a1e-2a57-40f2-ee54-e759acec14ba,False,KXBTCD-26AUG0311-T63799.99,0.0100,42363756-b912-46bc-b848-d0767eca99ea,no,no,0,KXBTCD-26AUG0311-T63799.99,30b37a1e-2a57-40f2-ee54-e759acec14ba,1785769151,0.9900
sell,bid,74.37,2026-08-03 14:58:49.863598+00:00,0.000000,29fb5446-5346-4c4a-625a-25321ca1e82d,False,KXBTCD-26AUG0311-T63899.99,0.9900,660eb0a1-ffb3-4ea4-b35e-27fca69da189,yes,yes,0,KXBTCD-26AUG0311-T63899.99,29fb5446-5346-4c4a-625a-25321ca1e82d,1785769129,0.0100
buy,ask,74.37,2026-08-03 14:58:12.106875+00:00,0.734600,534a5e10-c9e1-75f2-2f74-e820fa158197,True,KXBTCD-26AUG0311-T63899.99,0.8300,4983d5d2-b411-4d6b-ac67-8177b18b021e,no,no,0,KXBTCD-26AUG0311-T63899.99,534a5e10-c9e1-75f2-2f74-e820fa158197,1785769092,0.1700
sell,ask,56.40,2026-08-03 14:56:33.832896+00:00,0.000000,8869b543-9e07-64cd-223b-e130cafb4122,False,KXBTCD-26AUG0311-T63699.99,0.0100,b5b48346-ab42-4b0b-a0ce-dc3b4f12939a,no,no,0,KXBTCD-26AUG0311-T63699.99,8869b543-9e07-64cd-223b-e130cafb4122,1785768993,0.9900
buy,bid,58.47,2026-08-03 14:56:05.928134+00:00,0.550100,038478d1-370e-5123-5c74-ab9fd6e9fdd3,True,KXBTCD-26AUG0311-T63799.99,0.1600,ab1f390a-0a3f-4511-bd4c-8ecc8253c4e3,yes,yes,0,KXBTCD-26AUG0311-T63799.99,038478d1-370e-5123-5c74-ab9fd6e9fdd3,1785768965,0.8400
buy,bid,56.40,2026-08-03 14:54:21.794801+00:00,0.778200,d3bc46ee-a981-7834-c235-89fe4475a480,True,KXBTCD-26AUG0311-T63699.99,0.2700,98677ab6-fbe0-4c43-9799-23e68b7f89e4,yes,yes,0,KXBTCD-26AUG0311-T63699.99,d3bc46ee-a981-7834-c235-89fe4475a480,1785768861,0.7300
sell,ask,297.90,2026-08-03 05:59:26.172368+00:00,0.000000,31e1343e-3091-41d4-e50d-3e911503babc,False,KXBTC15M-26AUG030200-00,0.0100,53f04c5e-fb40-410a-bb67-351c71755d2c,no,no,0,KXBTC15M-26AUG030200-00,31e1343e-3091-41d4-e50d-3e911503babc,1785736766,0.9900
buy,bid,25.80,2026-08-03 05:58:49.801764+00:00,0.329500,fc9a7815-9c70-642f-499a-8d4a4e0f9199,True,KXBTC15M-26AUG030200-00,0.2400,a1afb10b-5d7f-4af0-bafd-623178afff22,yes,yes,0,KXBTC15M-26AUG030200-00,fc9a7815-9c70-642f-499a-8d4a4e0f9199,1785736729,0.7600
buy,bid,102.00,2026-08-03 05:58:49.801764+00:00,1.302400,f8e47294-bda1-6d06-7f2f-dafd15219dc3,True,KXBTC15M-26AUG030200-00,0.2400,a1afb10b-5d7f-4af0-bafd-623178afff22,yes,yes,0,KXBTC15M-26AUG030200-00,f8e47294-bda1-6d06-7f2f-dafd15219dc3,1785736729,0.7600
buy,bid,11.69,2026-08-03 05:58:41.215093+00:00,0.140500,54403b67-6d9c-5f5c-88b4-012acc6cb825,True,KXBTC15M-26AUG030200-00,0.2200,01a217da-14fd-47cd-8b9e-f4d5812ecb19,yes,yes,0,KXBTC15M-26AUG030200-00,54403b67-6d9c-5f5c-88b4-012acc6cb825,1785736721,0.7800
buy,bid,237.80,2026-08-03 05:58:41.215093+00:00,2.856500,17aaa3a8-6a2e-56c0-a848-35f9251d6998,True,KXBTC15M-26AUG030200-00,0.2200,01a217da-14fd-47cd-8b9e-f4d5812ecb19,yes,yes,0,KXBTC15M-26AUG030200-00,17aaa3a8-6a2e-56c0-a848-35f9251d6998,1785736721,0.7800
buy,ask,139.91,2026-08-03 05:58:28.287497+00:00,2.131200,93cf4f9d-581d-7a14-3930-5fad6c4f1cae,True,KXBTC15M-26AUG030200-00,0.6800,7515e8f2-24b6-4da1-a8fa-9824bb227479,no,no,0,KXBTC15M-26AUG030200-00,93cf4f9d-581d-7a14-3930-5fad6c4f1cae,1785736708,0.3200
buy,bid,60.52,2026-08-03 05:57:50.059462+00:00,0.569400,c99e84c4-f460-4afa-1b03-8d16c1bd1724,True,KXBTC15M-26AUG030200-00,0.1600,e4cf71fb-daf2-4310-a130-02f2491b62e3,yes,yes,0,KXBTC15M-26AUG030200-00,c99e84c4-f460-4afa-1b03-8d16c1bd1724,1785736670,0.8400
sell,bid,52.47,2026-08-03 05:43:46.086776+00:00,0.000000,6e59e2d4-d888-76e5-7fcf-f71522467d92,False,KXBTC15M-26AUG030145-45,0.9900,d18d35cf-5cc1-4527-8a11-e0f608c4cc7a,yes,yes,0,KXBTC15M-26AUG030145-45,6e59e2d4-d888-76e5-7fcf-f71522467d92,1785735826,0.0100
buy,ask,52.47,2026-08-03 05:42:54.662847+00:00,0.785700,43877572-1be8-6b5f-0ade-ee383c2aaf4e,True,KXBTC15M-26AUG030145-45,0.6900,ab04af19-072d-4aea-aa5c-f6521f96172d,no,no,0,KXBTC15M-26AUG030145-45,43877572-1be8-6b5f-0ade-ee383c2aaf4e,1785735774,0.3100
sell,bid,67.00,2026-08-03 05:28:52.566920+00:00,0.000000,3d78f990-4904-4da9-c677-77b267d2b238,False,KXBTC15M-26AUG030130-30,0.9900,c29fcea9-3071-4a2b-909c-f45217263108,yes,yes,0,KXBTC15M-26AUG030130-30,3d78f990-4904-4da9-c677-77b267d2b238,1785734932,0.0100
buy,ask,67.00,2026-08-03 05:27:33.572265+00:00,0.721800,1977d074-8c50-717a-a5a5-4f4e12b26d59,True,KXBTC15M-26AUG030130-30,0.8100,4236eed2-3b8b-4d8e-885e-fbe015dcb688,no,no,0,KXBTC15M-26AUG030130-30,1977d074-8c50-717a-a5a5-4f4e12b26d59,1785734853,0.1900
sell,ask,56.23,2026-08-02 21:59:34.120809+00:00,0.000000,0cd41328-74ef-7b0b-a27b-73725ac37db5,False,KXBTCD-26AUG0218-T63499.99,0.0200,bb4a9c6e-e322-430d-bcb3-c21232ce44d5,no,no,0,KXBTCD-26AUG0218-T63499.99,0cd41328-74ef-7b0b-a27b-73725ac37db5,1785707974,0.9800
buy,bid,56.23,2026-08-02 21:59:12.057379+00:00,0.697100,1720c54a-24a5-6f49-30e4-c33416237c83,True,KXBTCD-26AUG0218-T63499.99,0.2300,64e1f713-f726-4ad3-a41e-e9d93014f190,yes,yes,0,KXBTCD-26AUG0218-T63499.99,1720c54a-24a5-6f49-30e4-c33416237c83,1785707952,0.7700
sell,bid,20.27,2026-07-31 20:57:08.690272+00:00,0.000000,a0533b56-ef0b-5043-0015-e0d225b41d99,False,KXBTC15M-26JUL311700-00,0.9800,dce0451b-a3d6-4611-bba1-f2b36398dd5d,yes,yes,0,KXBTC15M-26JUL311700-00,a0533b56-ef0b-5043-0015-e0d225b41d99,1785531428,0.0200
sell,bid,65.58,2026-07-31 20:57:08.310799+00:00,0.000000,ad65b8b7-1d93-70a3-5a06-5aa0eec9359d,False,KXBTC15M-26JUL311700-00,0.9800,dce0451b-a3d6-4611-bba1-f2b36398dd5d,yes,yes,0,KXBTC15M-26JUL311700-00,ad65b8b7-1d93-70a3-5a06-5aa0eec9359d,1785531428,0.0200
buy,ask,37.00,2026-07-31 20:55:56.882817+00:00,0.253600,b2b1d50f-6539-5ff2-43da-a41e6e91fe10,True,KXBTC15M-26JUL311700-00,0.8900,dcd1f9f8-b68c-46a8-bf16-36562509b4c1,no,no,0,KXBTC15M-26JUL311700-00,b2b1d50f-6539-5ff2-43da-a41e6e91fe10,1785531356,0.1100
buy,ask,0.85,2026-07-31 20:55:56.882817+00:00,0.005900,6507ed39-0cbc-5ffe-661d-5cfd51eaa1d8,True,KXBTC15M-26JUL311700-00,0.8900,dcd1f9f8-b68c-46a8-bf16-36562509b4c1,no,no,0,KXBTC15M-26JUL311700-00,6507ed39-0cbc-5ffe-661d-5cfd51eaa1d8,1785531356,0.1100
buy,ask,48.00,2026-07-31 20:55:56.882817+00:00,0.329000,0f116456-1fd6-52d9-4387-fc69d7a8542f,True,KXBTC15M-26JUL311700-00,0.8900,dcd1f9f8-b68c-46a8-bf16-36562509b4c1,no,no,0,KXBTC15M-26JUL311700-00,0f116456-1fd6-52d9-4387-fc69d7a8542f,1785531356,0.1100
sell,bid,178.50,2026-07-31 20:54:56.790790+00:00,0.000000,bee072b1-61cd-41a4-425b-9e43627d0e8d,False,KXBTCD-26JUL3117-T62999.99,0.9900,7274b304-2158-4766-b2d5-3fab363b19c9,yes,yes,0,KXBTCD-26JUL3117-T62999.99,bee072b1-61cd-41a4-425b-9e43627d0e8d,1785531296,0.0100
buy,ask,76.50,2026-07-31 20:53:23.545417+00:00,0.438600,a2ba251b-bee7-6c23-0d39-8fbddcee5d17,True,KXBTCD-26JUL3117-T62999.99,0.9100,4a132571-8510-4b2c-ae8a-62862453ee9d,no,no,0,KXBTCD-26JUL3117-T62999.99,a2ba251b-bee7-6c23-0d39-8fbddcee5d17,1785531203,0.0900
buy,ask,50.00,2026-07-31 20:53:23.545417+00:00,0.286700,9021444a-9126-6761-361b-da1a42e88f24,True,KXBTCD-26JUL3117-T62999.99,0.9100,4a132571-8510-4b2c-ae8a-62862453ee9d,no,no,0,KXBTCD-26JUL3117-T62999.99,9021444a-9126-6761-361b-da1a42e88f24,1785531203,0.0900
buy,ask,50.00,2026-07-31 20:53:23.545417+00:00,0.315000,8254d6a1-e76f-6209-3e37-ddf186180422,True,KXBTCD-26JUL3117-T62999.99,0.9000,4a132571-8510-4b2c-ae8a-62862453ee9d,no,no,0,KXBTCD-26JUL3117-T62999.99,8254d6a1-e76f-6209-3e37-ddf186180422,1785531203,0.1000
buy,ask,1.00,2026-07-31 20:53:23.545417+00:00,0.005800,59a5b3bd-fee8-682f-3c72-9df397bb7e1f,True,KXBTCD-26JUL3117-T62999.99,0.9100,4a132571-8510-4b2c-ae8a-62862453ee9d,no,no,0,KXBTCD-26JUL3117-T62999.99,59a5b3bd-fee8-682f-3c72-9df397bb7e1f,1785531203,0.0900
buy,ask,1.00,2026-07-31 20:53:23.545417+00:00,0.006300,1b70cab4-27e5-67c6-247e-1c46d72e1522,True,KXBTCD-26JUL3117-T62999.99,0.9000,4a132571-8510-4b2c-ae8a-62862453ee9d,no,no,0,KXBTCD-26JUL3117-T62999.99,1b70cab4-27e5-67c6-247e-1c46d72e1522,1785531203,0.1000
sell,bid,170.11,2026-07-31 20:44:39.392154+00:00,0.000000,1fe2e7a3-8be7-7021-cdbe-8ff1e9554781,False,KXBTC15M-26JUL311645-45,0.9900,cb9e8734-2f7a-4e47-be6d-4812976012c9,yes,yes,0,KXBTC15M-26JUL311645-45,1fe2e7a3-8be7-7021-cdbe-8ff1e9554781,1785530679,0.0100
sell,bid,129.00,2026-07-31 20:44:34.230666+00:00,0.228700,ff21affa-b6af-46fa-51a2-271b9c098e96,True,KXBTC15M-26JUL311645-45,0.9740,c0a14d43-eb37-4357-b899-22fa42354d2d,yes,yes,0,KXBTC15M-26JUL311645-45,ff21affa-b6af-46fa-51a2-271b9c098e96,1785530674,0.0260
sell,bid,41.11,2026-07-31 20:44:34.230666+00:00,0.075730,63295234-6300-4502-7b56-2b2324b7e097,True,KXBTC15M-26JUL311645-45,0.9730,c0a14d43-eb37-4357-b899-22fa42354d2d,yes,yes,0,KXBTC15M-26JUL311645-45,63295234-6300-4502-7b56-2b2324b7e097,1785530674,0.0270
buy,ask,57.00,2026-07-31 20:42:09.865471+00:00,0.638400,f5676edd-d89a-5011-d64a-1f0ff0850956,True,KXBTC15M-26JUL311645-45,0.8000,d3170c0b-ffaa-4640-999b-db337b784ec7,no,no,0,KXBTC15M-26JUL311645-45,f5676edd-d89a-5011-d64a-1f0ff0850956,1785530529,0.2000
buy,ask,0.01,2026-07-31 20:42:09.865471+00:00,0.000200,af0e4dc8-caab-5dc3-d826-3ea41a530dd8,True,KXBTC15M-26JUL311645-45,0.8000,d3170c0b-ffaa-4640-999b-db337b784ec7,no,no,0,KXBTC15M-26JUL311645-45,af0e4dc8-caab-5dc3-d826-3ea41a530dd8,1785530529,0.2000
buy,ask,42.65,2026-07-31 20:42:09.865471+00:00,0.477700,68c4ae4d-31a2-5de3-fa1e-a51a7d2629a4,True,KXBTC15M-26JUL311645-45,0.8000,d3170c0b-ffaa-4640-999b-db337b784ec7,no,no,0,KXBTC15M-26JUL311645-45,68c4ae4d-31a2-5de3-fa1e-a51a7d2629a4,1785530529,0.2000
buy,ask,70.45,2026-07-31 20:42:09.865471+00:00,0.789100,03446b4b-178c-584c-fafd-6779d5fa0a76,True,KXBTC15M-26JUL311645-45,0.8000,d3170c0b-ffaa-4640-999b-db337b784ec7,no,no,0,KXBTC15M-26JUL311645-45,03446b4b-178c-584c-fafd-6779d5fa0a76,1785530529,0.2000
sell,bid,113.88,2026-07-31 20:40:51.536158+00:00,1.368000,b0fae967-7e9c-4772-1a13-29fddab19dc2,True,KXBTC15M-26JUL311645-45,0.7800,8b029666-427e-41e6-a590-09471de7f550,yes,yes,0,KXBTC15M-26JUL311645-45,b0fae967-7e9c-4772-1a13-29fddab19dc2,1785530451,0.2200
buy,ask,113.88,2026-07-31 20:39:58.760861+00:00,0.442620,3e38062b-3d8c-521d-438c-e153b96278f5,True,KXBTC15M-26JUL311645-45,0.9410,f0e33015-f15f-4445-bf30-3f21ecec395c,no,no,0,KXBTC15M-26JUL311645-45,3e38062b-3d8c-521d-438c-e153b96278f5,1785530398,0.0590
sell,bid,117.32,2026-07-31 18:27:14.423435+00:00,0.000000,01c955f3-73c5-6039-f658-2c1d12e2f848,False,KXBTC15M-26JUL311430-30,0.9900,771f5552-5b2c-4383-850a-c98163523c9c,yes,yes,0,KXBTC15M-26JUL311430-30,01c955f3-73c5-6039-f658-2c1d12e2f848,1785522434,0.0100
buy,ask,117.32,2026-07-31 18:26:37.331548+00:00,1.047100,3bd66de1-a7f6-6cd2-49e8-e083859a4030,True,KXBTC15M-26JUL311430-30,0.8500,9d410e05-d60e-4a17-b4c6-84916a2502d5,no,no,0,KXBTC15M-26JUL311430-30,3bd66de1-a7f6-6cd2-49e8-e083859a4030,1785522397,0.1500
sell,ask,57.35,2026-07-31 16:58:17.792292+00:00,0.000000,1114e9ca-4013-541d-69e4-08e8a0c0b03f,False,KXBTCD-26JUL3113-T62799.99,0.0400,d2e81eef-9b66-4363-af7f-b1afbad82b27,no,no,0,KXBTCD-26JUL3113-T62799.99,1114e9ca-4013-541d-69e4-08e8a0c0b03f,1785517097,0.9600
sell,ask,57.97,2026-07-31 16:57:37.918597+00:00,0.000070,106f20fc-8473-6c15-4c86-ce1633e08b41,False,KXBTC15M-26JUL311300-00,0.0090,bedd3ff6-5a06-4f6b-b6bf-76fe39062979,no,no,0,KXBTC15M-26JUL311300-00,106f20fc-8473-6c15-4c86-ce1633e08b41,1785517057,0.9910
buy,bid,57.35,2026-07-31 16:57:10.792104+00:00,0.843100,cd9636ae-9bba-559a-5ab8-ce2f9a3a227d,True,KXBTCD-26JUL3113-T62799.99,0.3000,21e44aaa-5ed2-44c8-ba59-c6e6c8d88bad,yes,yes,0,KXBTCD-26JUL3113-T62799.99,cd9636ae-9bba-559a-5ab8-ce2f9a3a227d,1785517030,0.7000
buy,bid,57.97,2026-07-31 16:55:17.180610+00:00,0.428600,356beb90-e472-6191-7a87-71ecf8e9dccd,True,KXBTC15M-26JUL311300-00,0.1200,c902fa18-86e0-491f-b0f2-554d2cfca272,yes,yes,0,KXBTC15M-26JUL311300-00,356beb90-e472-6191-7a87-71ecf8e9dccd,1785516917,0.8800
sell,bid,58.91,2026-07-31 16:35:29.403374+00:00,0.000000,024f041b-a4a4-5cb0-1693-e5b8412e86ad,False,KXBTC15M-26JUL311245-45,0.8300,5fc74a3e-666d-48f2-9442-66834f9b630d,yes,yes,0,KXBTC15M-26JUL311245-45,024f041b-a4a4-5cb0-1693-e5b8412e86ad,1785515729,0.1700
sell,bid,4.13,2026-07-31 16:35:29.291175+00:00,0.000000,10a42e75-1d14-6814-ac19-2497c076ac91,False,KXBTC15M-26JUL311245-45,0.8300,5fc74a3e-666d-48f2-9442-66834f9b630d,yes,yes,0,KXBTC15M-26JUL311245-45,10a42e75-1d14-6814-ac19-2497c076ac91,1785515729,0.1700
buy,ask,63.04,2026-07-31 16:30:32.133892+00:00,1.102800,13df9090-6bb2-6065-8bde-9e3095bb5383,True,KXBTC15M-26JUL311245-45,0.4900,55abf381-c6af-4883-8359-51fccde053bc,no,no,0,KXBTC15M-26JUL311245-45,13df9090-6bb2-6065-8bde-9e3095bb5383,1785515432,0.5100
sell,ask,153.69,2026-07-31 16:28:50.221316+00:00,0.000000,ad4bf23f-e407-6c60-e94c-efab1dddbbbf,False,KXBTC15M-26JUL311230-30,0.0100,cb3622fa-b40e-485a-b1c7-8db5b6c02a1f,no,no,0,KXBTC15M-26JUL311230-30,ad4bf23f-e407-6c60-e94c-efab1dddbbbf,1785515330,0.9900
buy,bid,57.41,2026-07-31 16:21:01.390854+00:00,0.859600,2226aa3a-01b4-5bba-543f-61ce0efebf37,True,KXBTC15M-26JUL311230-30,0.3100,b193d3c1-6260-468c-b971-e2e7455e57ce,yes,yes,0,KXBTC15M-26JUL311230-30,2226aa3a-01b4-5bba-543f-61ce0efebf37,1785514861,0.6900
buy,bid,14.92,2026-07-31 16:21:01.390854+00:00,0.223400,14cd5e69-b52b-55fd-44c1-1b8b863e5ec2,True,KXBTC15M-26JUL311230-30,0.3100,b193d3c1-6260-468c-b971-e2e7455e57ce,yes,yes,0,KXBTC15M-26JUL311230-30,14cd5e69-b52b-55fd-44c1-1b8b863e5ec2,1785514861,0.6900
buy,bid,82.19,2026-07-31 16:20:22.797204+00:00,1.325600,a121c98a-e169-6f86-3449-9f9c293053cc,True,KXBTC15M-26JUL311230-30,0.3600,ead33731-71e7-48c8-a67b-6eabe15b1409,yes,yes,0,KXBTC15M-26JUL311230-30,a121c98a-e169-6f86-3449-9f9c293053cc,1785514822,0.6400
buy,bid,70.00,2026-07-31 16:20:22.797204+00:00,1.129000,29077cba-8a64-6e1e-029f-efc646b33561,True,KXBTC15M-26JUL311230-30,0.3600,ead33731-71e7-48c8-a67b-6eabe15b1409,yes,yes,0,KXBTC15M-26JUL311230-30,29077cba-8a64-6e1e-029f-efc646b33561,1785514822,0.6400
buy,ask,1.00,2026-07-31 16:16:54.974833+00:00,0.014200,62f98486-005a-60ab-5319-1320c23e0505,True,KXBTC15M-26JUL311230-30,0.7200,f506fb3c-87c3-48a0-b37d-428374d5e872,no,no,0,KXBTC15M-26JUL311230-30,62f98486-005a-60ab-5319-1320c23e0505,1785514614,0.2800
buy,ask,1.00,2026-07-31 16:16:54.974833+00:00,0.014200,3e44c282-b02d-6a88-63e6-49ac2fc548de,True,KXBTC15M-26JUL311230-30,0.7200,f506fb3c-87c3-48a0-b37d-428374d5e872,no,no,0,KXBTC15M-26JUL311230-30,3e44c282-b02d-6a88-63e6-49ac2fc548de,1785514614,0.2800
buy,ask,62.11,2026-07-31 16:16:54.974833+00:00,0.876500,2c54269c-4f5d-6da4-7051-0fc2d01dbeaf,True,KXBTC15M-26JUL311230-30,0.7200,f506fb3c-87c3-48a0-b37d-428374d5e872,no,no,0,KXBTC15M-26JUL311230-30,2c54269c-4f5d-6da4-7051-0fc2d01dbeaf,1785514614,0.2800
buy,ask,6.72,2026-07-31 16:16:54.974833+00:00,0.094900,1e6093a7-ac5d-6488-7b4f-f00880f30aea,True,KXBTC15M-26JUL311230-30,0.7200,f506fb3c-87c3-48a0-b37d-428374d5e872,no,no,0,KXBTC15M-26JUL311230-30,1e6093a7-ac5d-6488-7b4f-f00880f30aea,1785514614,0.2800
buy,ask,5.00,2026-07-31 15:58:50.976777+00:00,0.069000,858b1c43-a7bb-6b10-f086-6a773362cbba,True,KXBTC15M-26JUL311200-00,0.7300,c4543386-a648-48e7-9489-eb4cad880fa1,no,no,0,KXBTC15M-26JUL311200-00,858b1c43-a7bb-6b10-f086-6a773362cbba,1785513530,0.2700
buy,ask,1.00,2026-07-31 15:58:50.976777+00:00,0.013800,4066e925-c5f5-6d8b-fbb0-7fb3e6b66790,True,KXBTC15M-26JUL311200-00,0.7300,c4543386-a648-48e7-9489-eb4cad880fa1,no,no,0,KXBTC15M-26JUL311200-00,4066e925-c5f5-6d8b-fbb0-7fb3e6b66790,1785513530,0.2700
buy,ask,35.75,2026-07-31 15:58:50.976777+00:00,0.493300,0df1323e-fd2a-6266-ca5d-8c01f0517dc0,True,KXBTC15M-26JUL311200-00,0.7300,c4543386-a648-48e7-9489-eb4cad880fa1,no,no,0,KXBTC15M-26JUL311200-00,0df1323e-fd2a-6266-ca5d-8c01f0517dc0,1785513530,0.2700
buy,ask,130.33,2026-07-31 15:58:50.976777+00:00,1.798200,0aba03c9-5b12-6004-f1b0-605d96ff2b83,True,KXBTC15M-26JUL311200-00,0.7300,c4543386-a648-48e7-9489-eb4cad880fa1,no,no,0,KXBTC15M-26JUL311200-00,0aba03c9-5b12-6004-f1b0-605d96ff2b83,1785513530,0.2700
buy,ask,3.00,2026-07-31 15:58:35.830169+00:00,0.047200,e887ffce-4d10-68a2-7b80-d34d455654e9,True,KXBTC15M-26JUL311200-00,0.6600,0cb67230-ec6d-49bf-be47-9241d8c4f5e4,no,no,0,KXBTC15M-26JUL311200-00,e887ffce-4d10-68a2-7b80-d34d455654e9,1785513515,0.3400
buy,ask,33.16,2026-07-31 15:58:35.830169+00:00,0.520900,cc357834-3bc3-6fd8-5ecb-5bab924238f6,True,KXBTC15M-26JUL311200-00,0.6600,0cb67230-ec6d-49bf-be47-9241d8c4f5e4,no,no,0,KXBTC15M-26JUL311200-00,cc357834-3bc3-6fd8-5ecb-5bab924238f6,1785513515,0.3400
buy,ask,3.00,2026-07-31 15:58:35.830169+00:00,0.047200,928d8a12-509b-690e-585a-29c3818fd539,True,KXBTC15M-26JUL311200-00,0.6600,0cb67230-ec6d-49bf-be47-9241d8c4f5e4,no,no,0,KXBTC15M-26JUL311200-00,928d8a12-509b-690e-585a-29c3818fd539,1785513515,0.3400
buy,ask,3.00,2026-07-31 15:58:35.830169+00:00,0.047200,819054ab-aeb9-64af-6f1a-d5a83c305a0b,True,KXBTC15M-26JUL311200-00,0.6600,0cb67230-ec6d-49bf-be47-9241d8c4f5e4,no,no,0,KXBTC15M-26JUL311200-00,819054ab-aeb9-64af-6f1a-d5a83c305a0b,1785513515,0.3400
buy,ask,3.00,2026-07-31 15:58:35.830169+00:00,0.047200,70a0292e-0406-6b19-66c1-1ed8b68f534d,True,KXBTC15M-26JUL311200-00,0.6600,0cb67230-ec6d-49bf-be47-9241d8c4f5e4,no,no,0,KXBTC15M-26JUL311200-00,70a0292e-0406-6b19-66c1-1ed8b68f534d,1785513515,0.3400
buy,ask,3.00,2026-07-31 15:58:35.830169+00:00,0.047200,6942bb53-0fd0-634b-6e58-a2f78ddd870b,True,KXBTC15M-26JUL311200-00,0.6600,0cb67230-ec6d-49bf-be47-9241d8c4f5e4,no,no,0,KXBTC15M-26JUL311200-00,6942bb53-0fd0-634b-6e58-a2f78ddd870b,1785513515,0.3400
buy,ask,3.00,2026-07-31 15:58:35.830169+00:00,0.047200,634bf380-13fb-6788-4f20-b22db85b3b90,True,KXBTC15M-26JUL311200-00,0.6600,0cb67230-ec6d-49bf-be47-9241d8c4f5e4,no,no,0,KXBTC15M-26JUL311200-00,634bf380-13fb-6788-4f20-b22db85b3b90,1785513515,0.3400
buy,ask,3.00,2026-07-31 15:58:35.830169+00:00,0.047200,373b96db-704e-6c85-75b0-c56026b0131a,True,KXBTC15M-26JUL311200-00,0.6600,0cb67230-ec6d-49bf-be47-9241d8c4f5e4,no,no,0,KXBTC15M-26JUL311200-00,373b96db-704e-6c85-75b0-c56026b0131a,1785513515,0.3400
buy,ask,3.00,2026-07-31 15:58:35.830169+00:00,0.047200,3419cbfc-011b-6794-753f-22e42fba44f4,True,KXBTC15M-26JUL311200-00,0.6600,0cb67230-ec6d-49bf-be47-9241d8c4f5e4,no,no,0,KXBTC15M-26JUL311200-00,3419cbfc-011b-6794-753f-22e42fba44f4,1785513515,0.3400
sell,bid,81.00,2026-07-31 15:58:26.493450+00:00,0.000000,a6db4435-3b80-560e-264d-254b7841dcff,False,KXBTCD-26JUL3112-T62699.99,0.9800,850785d5-5409-4abc-91bb-e7e7b69b0597,yes,yes,0,KXBTCD-26JUL3112-T62699.99,a6db4435-3b80-560e-264d-254b7841dcff,1785513506,0.0200
buy,bid,24.20,2026-07-31 15:57:29.223761+00:00,0.348800,a72777a2-534e-7263-e81f-f199758754a2,True,KXBTC15M-26JUL311200-00,0.2900,9476e0f7-c0a1-4c6b-91a2-1e7624591962,yes,yes,0,KXBTC15M-26JUL311200-00,a72777a2-534e-7263-e81f-f199758754a2,1785513449,0.7100
buy,bid,59.99,2026-07-31 15:57:29.223761+00:00,0.864700,08e54a3e-8c10-7173-da48-cdb42959ba4d,True,KXBTC15M-26JUL311200-00,0.2900,9476e0f7-c0a1-4c6b-91a2-1e7624591962,yes,yes,0,KXBTC15M-26JUL311200-00,08e54a3e-8c10-7173-da48-cdb42959ba4d,1785513449,0.7100
sell,bid,77.94,2026-07-31 15:57:13.050975+00:00,1.123400,25dfb48a-b938-6787-f79e-e6547c26525d,True,KXBTC15M-26JUL311200-00,0.2900,2a60d03d-d398-4970-99d9-3bdd042dddf3,yes,yes,0,KXBTC15M-26JUL311200-00,25dfb48a-b938-6787-f79e-e6547c26525d,1785513433,0.7100
buy,ask,26.00,2026-07-31 15:54:59.182438+00:00,0.302000,d29e8009-1726-64f2-383d-c4bf4c0a3313,True,KXBTCD-26JUL3112-T62699.99,0.7900,e1441dfe-521f-490b-aec1-a4e68636554a,no,no,0,KXBTCD-26JUL3112-T62699.99,d29e8009-1726-64f2-383d-c4bf4c0a3313,1785513299,0.2100
buy,ask,24.31,2026-07-31 15:52:25.587898+00:00,0.408500,3171b975-0fec-795d-6553-8392e39381f6,True,KXBTC15M-26JUL311200-00,0.6000,2e6ddc09-3e8d-4ca2-bc0e-2eb65cfa3b18,no,no,0,KXBTC15M-26JUL311200-00,3171b975-0fec-795d-6553-8392e39381f6,1785513145,0.4000
sell,bid,51.78,2026-07-31 15:52:06.687320+00:00,0.601400,a196050a-d957-7532-de6d-ddbe4055583a,True,KXBTCD-26JUL3112-T62599.99,0.2100,5e72393c-76a5-4dd8-9166-a20407d26d20,yes,yes,0,KXBTCD-26JUL3112-T62599.99,a196050a-d957-7532-de6d-ddbe4055583a,1785513126,0.7900
buy,ask,0.78,2026-07-31 15:49:05.831895+00:00,0.012300,e216ad4d-8eaa-4d99-cf1f-920ce81e1af5,True,KXBTCD-26JUL3112-T62599.99,0.6600,9c8b0f15-3792-4073-9215-bb2ffae0eda8,no,no,0,KXBTCD-26JUL3112-T62599.99,e216ad4d-8eaa-4d99-cf1f-920ce81e1af5,1785512945,0.3400
buy,ask,1.00,2026-07-31 15:49:05.831895+00:00,0.015800,964fd586-4617-48df-db79-72af1a0260f6,True,KXBTCD-26JUL3112-T62599.99,0.6600,9c8b0f15-3792-4073-9215-bb2ffae0eda8,no,no,0,KXBTCD-26JUL3112-T62599.99,964fd586-4617-48df-db79-72af1a0260f6,1785512945,0.3400
buy,ask,50.00,2026-07-31 15:49:05.831895+00:00,0.785400,1ced45d7-1fa2-41d2-e762-57865553c833,True,KXBTCD-26JUL3112-T62599.99,0.6600,9c8b0f15-3792-4073-9215-bb2ffae0eda8,no,no,0,KXBTCD-26JUL3112-T62599.99,1ced45d7-1fa2-41d2-e762-57865553c833,1785512945,0.3400
buy,ask,53.63,2026-07-31 15:47:49.976176+00:00,0.622900,c2c30bb0-649a-40a9-ad02-142e8360fff4,True,KXBTC15M-26JUL311200-00,0.7900,c9d89e80-ef44-4190-8e98-77a7f3be4c29,no,no,0,KXBTC15M-26JUL311200-00,c2c30bb0-649a-40a9-ad02-142e8360fff4,1785512869,0.2100
buy,ask,50.00,2026-07-31 15:47:28.418243+00:00,0.493900,9a020536-b24e-7aca-414b-7a1d12340650,True,KXBTCD-26JUL3112-T62699.99,0.8300,6abfc509-2d91-4e76-bfd1-9f7b7c9a4ee8,no,no,0,KXBTCD-26JUL3112-T62699.99,9a020536-b24e-7aca-414b-7a1d12340650,1785512848,0.1700
buy,ask,4.00,2026-07-31 15:47:28.418243+00:00,0.039600,0336611f-55cb-75b9-6c2b-4f3157b53e73,True,KXBTCD-26JUL3112-T62699.99,0.8300,6abfc509-2d91-4e76-bfd1-9f7b7c9a4ee8,no,no,0,KXBTCD-26JUL3112-T62699.99,0336611f-55cb-75b9-6c2b-4f3157b53e73,1785512848,0.1700
buy,ask,1.00,2026-07-31 15:47:28.418243+00:00,0.009900,024397a5-a145-76c2-6353-d3858672a7ad,True,KXBTCD-26JUL3112-T62699.99,0.8300,6abfc509-2d91-4e76-bfd1-9f7b7c9a4ee8,no,no,0,KXBTCD-26JUL3112-T62699.99,024397a5-a145-76c2-6353-d3858672a7ad,1785512848,0.1700
sell,ask,98.92,2026-07-31 08:14:25.761731+00:00,0.000000,c6986acc-26ce-5e38-43cb-e051d0bc0c85,False,KXBTC15M-26JUL310415-15,0.0200,fd5b508f-f5df-4f7e-8029-fcc8e14da0f5,no,no,0,KXBTC15M-26JUL310415-15,c6986acc-26ce-5e38-43cb-e051d0bc0c85,1785485665,0.9800
