event_ticker,fee_cost,market_result,no_count_fp,no_total_cost_dollars,revenue,settled_time,ticker,value,yes_count_fp,yes_total_cost_dollars,date,cost,payout,net,series
KXBTCD-26AUG0519,0.0331,no,0.0,0.0,0,2026-08-05 23:02:50.968987+00:00,KXBTCD-26AUG0519-T64599.99,0,2.34,1.6848,2026-08-05,1.6848,0.0,-1.7179,KXBTCD
KXBTC15M-26AUG051900,0.0319,no,1.88,1.1092,0,2026-08-05 23:00:10.912457+00:00,KXBTC15M-26AUG051900-00,0,1.88,0.1692,2026-08-05,1.2784,1.88,0.5696999999999999,KXBTC15M
KXBTC15M-26AUG051845,0.238,no,12.25,11.025,0,2026-08-05 22:45:10.914195+00:00,KXBTC15M-26AUG051845-45,0,12.25,9.1875,2026-08-05,20.2125,12.25,-8.200499999999998,KXBTC15M
KXBTC15M-26AUG051830,2.25094,yes,95.03,47.2769,0,2026-08-05 22:30:10.915952+00:00,KXBTC15M-26AUG051830-30,100,95.03,62.18926,2026-08-05,109.46616,95.03,-16.6871,KXBTC15M
KXBTC15M-26AUG051815,0.44085,no,31.39,21.7592,0,2026-08-05 22:15:10.914775+00:00,KXBTC15M-26AUG051815-15,0,31.39,2.24665,2026-08-05,24.00585,31.39,6.943300000000002,KXBTC15M
KXBTCD-26AUG0518,0.2122,no,14.17,9.7773,0,2026-08-05 22:02:50.967067+00:00,KXBTCD-26AUG0518-T64799.99,0,14.17,1.1336,2026-08-05,10.9109,14.17,3.0469,KXBTCD
KXBTCD-26AUG0518,0.413,no,30.56,22.5708,0,2026-08-05 22:02:50.967067+00:00,KXBTCD-26AUG0518-T64699.99,0,30.56,1.5278,2026-08-05,24.098599999999998,30.56,6.048400000000001,KXBTCD
KXBTC15M-26AUG051715,0.14925,no,10.35,7.3485,0,2026-08-05 21:15:10.903871+00:00,KXBTC15M-26AUG051715-15,0,10.35,0.34155,2026-08-05,7.690049999999999,10.35,2.5107000000000004,KXBTC15M
KXBTC15M-26AUG051700,0.0292,no,7.5,7.0575,0,2026-08-05 21:00:10.912556+00:00,KXBTC15M-26AUG051700-00,0,7.5,0.0075,2026-08-05,7.065,7.5,0.4057999999999996,KXBTC15M
KXBTC15M-26AUG051645,0.1379,yes,7.88,3.94,0,2026-08-05 20:45:10.917410+00:00,KXBTC15M-26AUG051645-45,100,7.88,0.788,2026-08-05,4.728,7.88,3.0141,KXBTC15M
KXBTC15M-26AUG051630,0.0015,yes,0.0,0.0,406,2026-08-05 20:30:10.916620+00:00,KXBTC15M-26AUG051630-30,100,4.06,4.0397,2026-08-05,4.0397,4.06,0.01879999999999976,KXBTC15M
KXBTC15M-26AUG051615,0.07354,yes,4.26,0.25986,0,2026-08-05 20:15:10.916132+00:00,KXBTC15M-26AUG051615-15,100,4.26,1.8744,2026-08-05,2.1342600000000003,4.26,2.0521999999999996,KXBTC15M
KXBTC15M-26AUG051600,0.0256,no,2.0,1.52,200,2026-08-05 20:00:10.912108+00:00,KXBTC15M-26AUG051600-00,0,0.0,0.0,2026-08-05,1.52,2.0,0.45439999999999997,KXBTC15M
KXBTC15M-26AUG051545,0.1191,no,4.43,2.8158,154,2026-08-05 19:45:10.911983+00:00,KXBTC15M-26AUG051545-45,0,2.89,1.7051,2026-08-05,4.5209,4.43,-0.2100000000000004,KXBTC15M
KXBTC15M-26AUG051530,0.2146,yes,8.53,4.1353,0,2026-08-05 19:30:10.909274+00:00,KXBTC15M-26AUG051530-30,100,8.53,6.6571,2026-08-05,10.7924,8.53,-2.477000000000001,KXBTC15M
KXBTC15M-26AUG051515,1.0109,yes,43.76,26.256,0,2026-08-05 19:15:10.908731+00:00,KXBTC15M-26AUG051515-15,100,43.76,39.384,2026-08-05,65.64,43.76,-22.890900000000002,KXBTC15M
KXBTCD-26AUG0515,0.3865,yes,41.08,0.4108,0,2026-08-05 19:02:51.015811+00:00,KXBTCD-26AUG0515-T64699.99,100,41.08,34.5072,2026-08-05,34.918,41.08,5.775499999999999,KXBTCD
KXBTC15M-26AUG051500,0.8317,no,29.59,22.7843,0,2026-08-05 19:00:10.917080+00:00,KXBTC15M-26AUG051500-00,0,29.59,19.5294,2026-08-05,42.3137,29.59,-13.555399999999997,KXBTC15M
KXBTC15M-26AUG051445,0.9831,yes,43.45,29.546,0,2026-08-05 18:45:10.910116+00:00,KXBTC15M-26AUG051445-45,100,43.45,38.236,2026-08-05,67.782,43.45,-25.315099999999994,KXBTC15M
KXBTC15M-26AUG051430,0.69306,no,42.96,27.4944,0,2026-08-05 18:30:10.909319+00:00,KXBTC15M-26AUG051430-30,0,42.96,2.74944,2026-08-05,30.24384,42.96,12.023100000000003,KXBTC15M
KXBTC15M-26AUG051415,0.7253,yes,42.83,25.2697,0,2026-08-05 18:15:10.913081+00:00,KXBTC15M-26AUG051415-15,100,42.83,5.1396,2026-08-05,30.4093,42.83,11.695399999999996,KXBTC15M
KXBTCD-26AUG0514,0.4974,yes,36.81,0.3681,0,2026-08-05 18:02:50.966358+00:00,KXBTCD-26AUG0514-T64699.99,100,36.81,23.6688,2026-08-05,24.0369,36.81,12.275700000000002,KXBTCD
KXBTCD-26AUG0514,0.411,yes,24.46,0.2446,0,2026-08-05 18:02:50.966358+00:00,KXBTCD-26AUG0514-T64599.99,100,24.46,14.676,2026-08-05,14.9206,24.46,9.128400000000001,KXBTCD
KXBTC15M-26AUG051345,4.13556,yes,183.92,104.8344,0,2026-08-05 17:45:10.909494+00:00,KXBTC15M-26AUG051345-45,100,183.92,168.65464,2026-08-05,273.48904,183.92,-93.7046,KXBTC15M
KXBTC15M-26AUG051330,45.2653,yes,1975.64,1413.2401,0,2026-08-05 17:30:10.912886+00:00,KXBTC15M-26AUG051330-30,100,1479.86,933.1377,2026-08-05,2346.3778,1479.86,-911.7831000000003,KXBTC15M
KXBTC15M-26AUG051315,2.8838,no,725.77,681.72194,0,2026-08-05 17:15:10.910494+00:00,KXBTC15M-26AUG051315-15,0,725.77,5.80616,2026-08-05,687.5281,725.77,35.358099999999986,KXBTC15M
KXBTCD-26AUG0513,10.8352,yes,908.82,209.7307,0,2026-08-05 17:02:40.976706+00:00,KXBTCD-26AUG0513-T64599.99,100,908.82,730.1743,2026-08-05,939.905,908.82,-41.92019999999992,KXBTCD
KXBTC15M-26AUG051300,9.2292,no,520.7,458.216,0,2026-08-05 17:00:10.908573+00:00,KXBTC15M-26AUG051300-00,0,520.7,93.726,2026-08-05,551.942,520.7,-40.47119999999996,KXBTC15M
KXBTCD-26AUG0512,2.2896,no,541.34,506.3596,0,2026-08-05 16:02:50.966719+00:00,KXBTCD-26AUG0512-T64499.99,0,541.34,5.4134,2026-08-05,511.773,541.34,27.277400000000007,KXBTCD
KXBTCD-26AUG0512,1.2538,no,454.51,435.8296,0,2026-08-05 16:02:50.966719+00:00,KXBTCD-26AUG0512-T64399.99,0,454.51,4.5451,2026-08-05,440.3747,454.51,12.881499999999972,KXBTCD
KXBTC15M-26AUG050515,4.4427,yes,384.19,32.7625,0,2026-08-05 09:15:10.895670+00:00,KXBTC15M-26AUG050515-15,100,384.19,296.6627,2026-08-05,329.42519999999996,384.19,50.322100000000034,KXBTC15M
KXBTC15M-26AUG050500,2.09348,no,241.06,222.73462,16989,2026-08-05 09:00:10.891128+00:00,KXBTC15M-26AUG050500-00,0,71.17,54.0892,2026-08-05,276.82382,241.06,-37.85730000000001,KXBTC15M
KXBTC15M-26AUG041515,0.0009,yes,0.05,0.0176,0,2026-08-04 19:15:10.913078+00:00,KXBTC15M-26AUG041515-15,100,0.0,0.0,2026-08-04,0.0176,0.0,-0.018500000000000003,KXBTC15M
KXBTC15M-26AUG041430,0.0016,yes,0.11,0.0297,0,2026-08-04 18:30:10.902674+00:00,KXBTC15M-26AUG041430-30,100,0.0,0.0,2026-08-04,0.0297,0.0,-0.0313,KXBTC15M
KXBTCD-26AUG0414,0.0005,no,0.05,0.0085,5,2026-08-04 18:02:41.010721+00:00,KXBTCD-26AUG0414-T63999.99,0,0.0,0.0,2026-08-04,0.0085,0.05,0.041,KXBTCD
KXBTC15M-26AUG041315,0.1136,yes,6.82,2.6598,0,2026-08-04 17:15:10.904823+00:00,KXBTC15M-26AUG041315-15,100,0.0,0.0,2026-08-04,2.6598,0.0,-2.7734,KXBTC15M
KXBTCD-26AUG0413,1.0846,yes,43.07,29.4323,0,2026-08-04 17:02:41.014391+00:00,KXBTCD-26AUG0413-T63899.99,100,43.07,32.2141,2026-08-04,61.6464,43.07,-19.661,KXBTCD
KXBTC15M-26AUG041300,0.4346,yes,20.32,15.0368,0,2026-08-04 17:00:10.962480+00:00,KXBTC15M-26AUG041300-00,100,20.32,17.6784,2026-08-04,32.715199999999996,20.32,-12.829799999999995,KXBTC15M
KXBTC15M-26AUG041245,0.3409,no,22.02,14.7534,0,2026-08-04 16:45:10.905477+00:00,KXBTC15M-26AUG041245-45,0,22.02,1.7616,2026-08-04,16.515,22.02,5.1640999999999995,KXBTC15M
KXBTC15M-26AUG041230,0.6549,yes,48.62,3.0008,0,2026-08-04 16:30:10.959546+00:00,KXBTC15M-26AUG041230-30,100,48.62,35.398,2026-08-04,38.3988,48.62,9.566299999999996,KXBTC15M
KXBTC15M-26AUG041215,0.44318,no,41.44,30.77657,2047,2026-08-04 16:15:10.911491+00:00,KXBTC15M-26AUG041215-15,0,20.97,1.78245,2026-08-04,32.55902,41.44,8.437800000000001,KXBTC15M
KXBTCD-26AUG0412,0.2772,no,26.82,21.9924,0,2026-08-04 16:02:50.969465+00:00,KXBTCD-26AUG0412-T64199.99,0,26.82,0.5364,2026-08-04,22.5288,26.82,4.014,KXBTCD
KXBTCD-26AUG0412,0.6116,no,34.17,26.9943,0,2026-08-04 16:02:50.969465+00:00,KXBTCD-26AUG0412-T64099.99,0,34.17,30.7605,2026-08-04,57.7548,34.17,-24.1964,KXBTCD
KXBTCD-26AUG0412,0.1825,yes,13.55,0.813,0,2026-08-04 16:02:50.969465+00:00,KXBTCD-26AUG0412-T63999.99,100,13.55,10.027,2026-08-04,10.84,13.55,2.5275000000000007,KXBTCD
KXBTCD-26AUG0412,0.2317,yes,19.94,0.3988,0,2026-08-04 16:02:50.969465+00:00,KXBTCD-26AUG0412-T63899.99,100,19.94,15.7526,2026-08-04,16.1514,19.94,3.5569000000000024,KXBTCD
KXBTC15M-26AUG041145,1.40468,yes,93.52,48.1262,0,2026-08-04 15:45:10.913020+00:00,KXBTC15M-26AUG041145-45,100,93.52,59.83522,2026-08-04,107.96142,93.52,-15.846100000000007,KXBTC15M
KXBTC15M-26AUG041130,0.2729,no,22.71,17.7138,0,2026-08-04 15:30:10.956040+00:00,KXBTC15M-26AUG041130-30,0,22.71,0.6813,2026-08-04,18.3951,22.71,4.042000000000002,KXBTC15M
KXBTC15M-26AUG041115,2.04308,no,80.62,48.1808,0,2026-08-04 15:15:10.908128+00:00,KXBTC15M-26AUG041115-15,0,80.62,24.47772,2026-08-04,72.65852,80.62,5.918400000000009,KXBTC15M
KXBTCD-26AUG0411,1.2059,yes,59.83,21.1992,0,2026-08-04 15:03:00.969560+00:00,KXBTCD-26AUG0411-T64099.99,100,59.83,41.0594,2026-08-04,62.2586,59.83,-3.6345000000000027,KXBTCD
KXBTC15M-26AUG041100,1.22388,yes,48.08,23.54512,0,2026-08-04 15:00:10.900359+00:00,KXBTC15M-26AUG041100-00,100,48.08,32.1816,2026-08-04,55.72672,48.08,-8.870600000000001,KXBTC15M
KXBTC15M-26AUG040245,0.0043,no,0.0,0.0,0,2026-08-04 06:45:10.899843+00:00,KXBTC15M-26AUG040245-45,0,0.25,0.1075,2026-08-04,0.1075,0.0,-0.1118,KXBTC15M
KXBTC15M-26AUG040230,0.30404,no,13.85,2.216,0,2026-08-04 06:30:10.955365+00:00,KXBTC15M-26AUG040230-30,0,26.41,19.75216,2026-08-04,21.96816,13.85,-8.422200000000002,KXBTC15M
KXBTC15M-26AUG040215,0.61,no,31.07,18.0113,0,2026-08-04 06:15:10.954439+00:00,KXBTC15M-26AUG040215-15,0,31.07,19.5719,2026-08-04,37.5832,31.07,-7.123199999999998,KXBTC15M
KXBTC15M-26AUG040145,0.2649,yes,16.23,0.6492,0,2026-08-04 05:45:10.961463+00:00,KXBTC15M-26AUG040145-45,100,16.23,10.2249,2026-08-04,10.8741,16.23,5.091,KXBTC15M
KXBTC15M-26AUG040130,0.1992,no,11.61,5.0358,0,2026-08-04 05:30:10.961889+00:00,KXBTC15M-26AUG040130-30,0,11.61,1.0449,2026-08-04,6.0807,11.61,5.330099999999999,KXBTC15M
KXBTC15M-26AUG040115,1.01476,no,43.98,38.40444,524,2026-08-04 05:15:10.957719+00:00,KXBTC15M-26AUG040115-15,0,38.74,19.7574,2026-08-04,58.16184,43.98,-15.196600000000002,KXBTC15M
KXBTCD-26AUG0401,0.4417,no,39.43,31.544,0,2026-08-04 05:02:30.966399+00:00,KXBTCD-26AUG0401-T64099.99,0,39.43,0.3943,2026-08-04,31.9383,39.43,7.049999999999998,KXBTCD
KXBTCD-26AUG0401,0.3967,yes,29.45,1.178,0,2026-08-04 05:02:30.966399+00:00,KXBTCD-26AUG0401-T63899.99,100,29.45,21.793,2026-08-04,22.971,29.45,6.082299999999999,KXBTCD
KXBTC15M-26AUG040100,0.7651,no,34.51,2.4157,0,2026-08-04 05:00:10.962353+00:00,KXBTC15M-26AUG040100-00,0,79.41,66.222,2026-08-04,68.6377,34.51,-34.892799999999994,KXBTC15M
KXBTC15M-26AUG040030,0.24976,yes,41.44,0.2072,0,2026-08-04 04:30:10.916605+00:00,KXBTC15M-26AUG040030-30,100,41.44,37.75184,2026-08-04,37.95904,41.44,3.231199999999996,KXBTC15M
KXBTC15M-26AUG040015,4.9993,no,62.95,53.5075,0,2026-08-04 04:15:10.966656+00:00,KXBTC15M-26AUG040015-15,0,263.95,140.545,2026-08-04,194.05249999999998,62.95,-136.10179999999997,KXBTC15M
KXBTCD-26AUG0400,0.593,no,66.36,56.396,0,2026-08-04 04:02:40.961457+00:00,KXBTCD-26AUG0400-T63799.99,0,66.36,1.3272,2026-08-04,57.7232,66.36,8.043800000000001,KXBTCD
KXBTC15M-26AUG040000,0.5906,no,54.81,44.3961,0,2026-08-04 04:00:10.912242+00:00,KXBTC15M-26AUG040000-00,0,54.81,0.5481,2026-08-04,44.944199999999995,54.81,9.275200000000007,KXBTC15M
KXBTCD-26AUG0321,0.833,no,112.68,99.1584,0,2026-08-04 01:03:31.013764+00:00,KXBTCD-26AUG0321-T63399.99,0,112.68,2.2536,2026-08-04,101.412,112.68,10.435,KXBTCD
KXBTCD-26AUG0321,0.8431,no,57.35,40.145,0,2026-08-04 01:03:31.013764+00:00,KXBTCD-26AUG0321-T63299.99,0,57.35,0.5735,2026-08-04,40.718500000000006,57.35,15.788399999999996,KXBTCD
KXBTC15M-26AUG032100,0.6902,no,61.62,49.296,0,2026-08-04 01:00:11.018539+00:00,KXBTC15M-26AUG032100-00,0,61.62,0.6162,2026-08-04,49.9122,61.62,11.017599999999998,KXBTC15M
KXBTC15M-26AUG032045,0.70188,no,49.73,35.8056,0,2026-08-04 00:45:10.967628+00:00,KXBTC15M-26AUG032045-45,0,49.73,0.69622,2026-08-04,36.501819999999995,49.73,12.526300000000003,KXBTC15M
KXBTCD-26AUG0320,0.5426,no,57.67,48.4428,0,2026-08-04 00:03:00.963735+00:00,KXBTCD-26AUG0320-T63499.99,0,57.67,1.1534,2026-08-04,49.596199999999996,57.67,7.5312000000000054,KXBTCD
KXBTC15M-26AUG032000,0.6158,yes,48.22,0.2411,0,2026-08-04 00:00:10.966549+00:00,KXBTC15M-26AUG032000-00,100,48.22,36.6472,2026-08-04,36.8883,48.22,10.715899999999998,KXBTC15M
KXBTC15M-26AUG031930,0.58135,yes,58.85,0.17655,0,2026-08-03 23:30:10.960026+00:00,KXBTC15M-26AUG031930-30,100,58.85,48.8455,2026-08-03,49.02205,58.85,9.2466,KXBTC15M
KXBTCD-26AUG0319,3.4459,yes,127.46,54.8078,0,2026-08-03 23:02:40.967345+00:00,KXBTCD-26AUG0319-T63499.99,100,127.46,105.7918,2026-08-03,160.5996,127.46,-36.58550000000002,KXBTCD
KXBTC15M-26AUG031845,0.6968,no,67.43,55.2926,0,2026-08-03 22:45:10.917412+00:00,KXBTC15M-26AUG031845-45,0,67.43,1.3486,2026-08-03,56.6412,67.43,10.09200000000001,KXBTC15M
KXBTC15M-26AUG031830,0.395,yes,86.66,0.4333,0,2026-08-03 22:30:10.912183+00:00,KXBTC15M-26AUG031830-30,100,86.66,80.5938,2026-08-03,81.0271,86.66,5.237899999999993,KXBTC15M
KXBTC15M-26AUG031815,0.5095,no,54.15,45.486,0,2026-08-03 22:15:10.958359+00:00,KXBTC15M-26AUG031815-15,0,54.15,2.7075,2026-08-03,48.1935,54.15,5.446999999999998,KXBTC15M
KXBTCD-26AUG0318,2.2183,no,91.32,81.2748,0,2026-08-03 22:02:41.017402+00:00,KXBTCD-26AUG0318-T63599.99,0,91.32,48.3996,2026-08-03,129.6744,91.32,-40.5727,KXBTCD
KXBTCD-26AUG0318,1.0261,yes,95.24,0.9524,0,2026-08-03 22:02:41.017402+00:00,KXBTCD-26AUG0318-T63499.99,100,95.24,77.1444,2026-08-03,78.0968,95.24,16.117099999999994,KXBTCD
KXBTC15M-26AUG031745,1.1654,no,67.02,30.8292,0,2026-08-03 21:45:10.969852+00:00,KXBTC15M-26AUG031745-45,0,67.02,6.702,2026-08-03,37.5312,67.02,28.3234,KXBTC15M
KXBTC15M-26AUG031730,5.41284,no,191.25,136.1229,0,2026-08-03 21:30:10.968839+00:00,KXBTC15M-26AUG031730-30,0,191.25,95.40026,2026-08-03,231.52316,191.25,-45.68599999999999,KXBTC15M
KXBTCD-26AUG0317,3.1037,no,125.69,73.5227,0,2026-08-03 21:02:21.000569+00:00,KXBTCD-26AUG0317-T63749.99,0,125.69,32.2052,2026-08-03,105.7279,125.69,16.858399999999993,KXBTCD
KXBTC15M-26AUG031700,0.8434,no,57.35,40.135,0,2026-08-03 21:00:10.951596+00:00,KXBTC15M-26AUG031700-00,0,57.35,6.3085,2026-08-03,46.4435,57.35,10.0631,KXBTC15M
KXBTC15M-26AUG031645,1.1604,no,66.33,33.8283,0,2026-08-03 20:45:10.914650+00:00,KXBTC15M-26AUG031645-45,0,66.33,15.2559,2026-08-03,49.084199999999996,66.33,16.085400000000003,KXBTC15M
KXBTC15M-26AUG031630,1.91242,yes,148.56,30.32304,0,2026-08-03 20:30:10.914736+00:00,KXBTC15M-26AUG031630-30,100,148.56,132.47454,2026-08-03,162.79757999999998,148.56,-16.14999999999998,KXBTC15M
KXBTC15M-26AUG031615,3.338,yes,157.64,51.0234,0,2026-08-03 20:15:10.916589+00:00,KXBTC15M-26AUG031615-15,100,157.64,92.5036,2026-08-03,143.52700000000002,157.64,10.77499999999997,KXBTC15M
KXBTCD-26AUG0316,0.0209,no,1.29,0.8256,0,2026-08-03 20:02:41.016514+00:00,KXBTCD-26AUG0316-T63899.99,0,1.29,0.0129,2026-08-03,0.8385,1.29,0.43060000000000004,KXBTCD
KXBTC15M-26AUG031600,1.34778,no,154.5,124.5209,0,2026-08-03 20:00:10.910731+00:00,KXBTC15M-26AUG031600-00,0,154.5,2.44422,2026-08-03,126.96512,154.5,26.1871,KXBTC15M
KXBTC15M-26AUG031545,2.5661,no,136.61,100.172,0,2026-08-03 19:45:10.964449+00:00,KXBTC15M-26AUG031545-45,0,136.61,51.0255,2026-08-03,151.1975,136.61,-17.153599999999976,KXBTC15M
KXBTC15M-26AUG031530,1.4152,yes,143.19,10.2328,0,2026-08-03 19:30:10.913786+00:00,KXBTC15M-26AUG031530-30,100,143.19,116.5674,2026-08-03,126.8002,143.19,14.974599999999993,KXBTC15M
KXBTC15M-26AUG031515,3.14922,yes,155.71,44.69124,0,2026-08-03 19:15:10.964784+00:00,KXBTC15M-26AUG031515-15,100,155.71,97.98994,2026-08-03,142.68118,155.71,9.879599999999996,KXBTC15M
KXBTC15M-26AUG031445,3.5603,yes,195.2,107.048,0,2026-08-03 18:45:10.959409+00:00,KXBTC15M-26AUG031445-45,100,122.95,86.4638,2026-08-03,193.5118,122.95,-74.12209999999999,KXBTC15M
KXBTC15M-26AUG031430,1.2953,no,78.54,48.6948,0,2026-08-03 18:30:10.963455+00:00,KXBTC15M-26AUG031430-30,0,78.54,3.927,2026-08-03,52.6218,78.54,24.622900000000005,KXBTC15M
KXBTC15M-26AUG031415,1.3959,yes,84.64,52.4768,0,2026-08-03 18:15:10.963353+00:00,KXBTC15M-26AUG031415-15,100,0.0,0.0,2026-08-03,52.4768,0.0,-53.872699999999995,KXBTC15M
KXBTCD-26AUG0314,0.6063,no,81.93,72.0884,0,2026-08-03 18:04:30.962846+00:00,KXBTCD-26AUG0314-T63899.99,0,81.93,1.6386,2026-08-03,73.72699999999999,81.93,7.596700000000017,KXBTCD
KXBTC15M-26AUG031400,23.3517,yes,912.35,685.3477,0,2026-08-03 18:00:10.914674+00:00,KXBTC15M-26AUG031400-00,100,667.67,369.9093,2026-08-03,1055.257,667.67,-410.9387000000001,KXBTC15M
KXBTC15M-26AUG031345,2.03758,yes,144.38,1.29942,0,2026-08-03 17:45:10.961267+00:00,KXBTC15M-26AUG031345-45,100,144.38,103.9536,2026-08-03,105.25301999999999,144.38,37.089400000000005,KXBTC15M
KXBTC15M-26AUG031315,1.3039,yes,126.2,1.1358,0,2026-08-03 17:15:10.914535+00:00,KXBTC15M-26AUG031315-15,100,126.2,103.484,2026-08-03,104.6198,126.2,20.276300000000006,KXBTC15M
KXBTCD-26AUG0313,3.1218,yes,194.1,43.9386,0,2026-08-03 17:02:40.970946+00:00,KXBTCD-26AUG0313-T63699.99,100,194.1,162.1092,2026-08-03,206.0478,194.1,-15.069600000000001,KXBTCD
KXBTC15M-26AUG031300,6.9802,yes,376.99,109.1836,0,2026-08-03 17:00:10.961372+00:00,KXBTC15M-26AUG031300-00,100,376.99,283.6593,2026-08-03,392.8429,376.99,-22.833099999999977,KXBTC15M
KXBTCD-26AUG0312,0.819,no,68.18,53.1804,0,2026-08-03 16:02:40.969119+00:00,KXBTCD-26AUG0312-T63799.99,0,68.18,2.7272,2026-08-03,55.9076,68.18,11.453400000000006,KXBTCD
KXBTCD-26AUG0312,0.6361,no,67.61,56.7924,0,2026-08-03 16:02:40.969119+00:00,KXBTCD-26AUG0312-T63699.99,0,67.61,0.6761,2026-08-03,57.4685,67.61,9.5054,KXBTCD
KXBTCD-26AUG0312,2.6933,yes,134.83,34.6663,2,2026-08-03 16:02:40.968457+00:00,KXBTCD-26AUG0312-T63599.99,100,134.85,98.9964,2026-08-03,133.6627,134.85,-1.5060000000000064,KXBTCD
KXBTC15M-26AUG031200,0.6098,no,46.46,34.845,0,2026-08-03 16:00:10.955194+00:00,KXBTC15M-26AUG031200-00,0,46.46,0.9292,2026-08-03,35.7742,46.46,10.076,KXBTC15M
KXBTC15M-26AUG031115,0.58385,no,54.19,43.8939,0,2026-08-03 15:15:10.908285+00:00,KXBTC15M-26AUG031115-15,0,54.19,0.27095,2026-08-03,44.16485,54.19,9.441299999999996,KXBTC15M
KXBTCD-26AUG0311,0.7346,no,74.37,61.7271,0,2026-08-03 15:02:41.026245+00:00,KXBTCD-26AUG0311-T63899.99,0,74.37,0.7437,2026-08-03,62.4708,74.37,11.164600000000007,KXBTCD
KXBTCD-26AUG0311,0.5501,yes,58.47,0.5847,0,2026-08-03 15:02:41.026245+00:00,KXBTCD-26AUG0311-T63799.99,100,58.47,49.1148,2026-08-03,49.6995,58.47,8.220399999999998,KXBTCD
KXBTCD-26AUG0311,0.7782,yes,56.4,0.564,0,2026-08-03 15:02:41.026245+00:00,KXBTCD-26AUG0311-T63699.99,100,56.4,41.172,2026-08-03,41.736,56.4,13.885800000000001,KXBTCD
KXBTC15M-26AUG030200,7.3295,yes,437.81,98.1178,0,2026-08-03 06:00:10.961975+00:00,KXBTC15M-26AUG030200-00,100,437.81,342.567,2026-08-03,440.6848,437.81,-10.204299999999993,KXBTC15M
KXBTC15M-26AUG030145,0.7857,no,52.47,36.2043,0,2026-08-03 05:45:10.959986+00:00,KXBTC15M-26AUG030145-45,0,52.47,0.5247,2026-08-03,36.729000000000006,52.47,14.955299999999992,KXBTC15M
KXBTC15M-26AUG030130,0.7218,no,67.0,54.27,0,2026-08-03 05:30:10.960543+00:00,KXBTC15M-26AUG030130-30,0,67.0,0.67,2026-08-03,54.940000000000005,67.0,11.338199999999995,KXBTC15M
KXBTCD-26AUG0218,0.6971,yes,56.23,1.1246,0,2026-08-02 22:02:51.254074+00:00,KXBTCD-26AUG0218-T63499.99,100,56.23,43.2971,2026-08-02,44.4217,56.23,11.111199999999995,KXBTCD
KXBTCD-26JUL3117,1.0524,no,178.5,161.925,0,2026-07-31 21:02:21.058374+00:00,KXBTCD-26JUL3117-T62999.99,0,178.5,1.785,2026-07-31,163.71,178.5,13.737599999999992,KXBTCD
KXBTC15M-26JUL311700,0.5885,no,85.85,76.4065,0,2026-07-31 21:00:11.123683+00:00,KXBTC15M-26JUL311700-00,0,85.85,1.717,2026-07-31,78.12349999999999,85.85,7.138000000000002,KXBTC15M
KXBTC15M-26JUL311645,4.02045,no,283.99,243.24908,0,2026-07-31 20:45:10.909072+00:00,KXBTC15M-26JUL311645-45,0,454.1,31.21867,2026-07-31,274.46774999999997,283.99,5.501800000000042,KXBTC15M
KXBTC15M-26JUL311430,1.0471,no,117.32,99.722,0,2026-07-31 18:30:10.912295+00:00,KXBTC15M-26JUL311430-30,0,117.32,1.1732,2026-07-31,100.89519999999999,117.32,15.377700000000004,KXBTC15M
KXBTCD-26JUL3113,0.8431,yes,57.35,2.294,0,2026-07-31 17:02:41.012524+00:00,KXBTCD-26JUL3113-T62799.99,100,57.35,40.145,2026-07-31,42.439,57.35,14.067900000000002,KXBTCD
KXBTC15M-26JUL311300,0.42867,yes,57.97,0.52173,0,2026-07-31 17:00:10.959920+00:00,KXBTC15M-26JUL311300-00,100,57.97,51.0136,2026-07-31,51.535329999999995,57.97,6.006000000000004,KXBTC15M
KXBTC15M-26JUL311245,1.1028,no,63.04,30.8896,0,2026-07-31 16:45:10.910288+00:00,KXBTC15M-26JUL311245-45,0,63.04,10.7168,2026-07-31,41.6064,63.04,20.3308,KXBTC15M
KXBTC15M-26JUL311230,4.5374,yes,224.52,52.5345,0,2026-07-31 16:30:11.355094+00:00,KXBTC15M-26JUL311230-30,100,224.52,147.3093,2026-07-31,199.84380000000002,224.52,20.138799999999996,KXBTC15M
KXBTCD-26JUL3112,0.8454,no,81.0,66.19,0,2026-07-31 16:02:41.117844+00:00,KXBTCD-26JUL3112-T62699.99,0,81.0,1.62,2026-07-31,67.81,81.0,12.344599999999998,KXBTCD
KXBTCD-26JUL3112,1.4149,yes,51.78,34.1748,0,2026-07-31 16:02:41.117844+00:00,KXBTCD-26JUL3112-T62599.99,100,51.78,40.9062,2026-07-31,75.08099999999999,51.78,-24.715899999999987,KXBTCD
KXBTC15M-26JUL311200,6.6411,no,307.18,220.2977,14505,2026-07-31 16:00:11.012551+00:00,KXBTC15M-26JUL311200-00,0,162.13,115.1123,2026-07-31,335.40999999999997,307.18,-34.87109999999996,KXBTC15M
KXBTC15M-26JUL310415,4.5801,yes,278.52,72.7364,0,2026-07-31 08:15:10.947989+00:00,KXBTC15M-26JUL310415-15,100,278.52,99.0489,2026-07-31,171.7853,278.52,102.15459999999997,KXBTC15M
KXBTCD-26JUL3104,4.0442,no,184.95,168.3081,0,2026-07-31 08:02:41.000634+00:00,KXBTCD-26JUL3104-T63899.99,0,184.95,95.3242,2026-07-31,263.6323,184.95,-82.7265,KXBTCD
KXBTC15M-26JUL310345,1.4398,no,102.38,73.8542,0,2026-07-31 07:45:10.947438+00:00,KXBTC15M-26JUL310345-45,0,102.38,9.4142,2026-07-31,83.2684,102.38,17.671799999999998,KXBTC15M
KXBTC15M-26JUL310330,1.9179,no,190.72,150.06808,0,2026-07-31 07:30:10.951828+00:00,KXBTC15M-26JUL310330-30,0,190.72,18.17592,2026-07-31,168.244,190.72,20.5581,KXBTC15M
KXBTCD-26JUL3103,1.4364,no,68.69,43.2747,0,2026-07-31 07:02:40.948062+00:00,KXBTCD-26JUL3103-T64199.99,0,137.38,67.2762,2026-07-31,110.55090000000001,68.69,-43.297300000000014,KXBTCD
KXBTC15M-26JUL310300,1.0127,no,70.25,49.8774,0,2026-07-31 07:00:10.901809+00:00,KXBTC15M-26JUL310300-00,0,70.25,4.9175,2026-07-31,54.7949,70.25,14.442400000000001,KXBTC15M
KXBTC15M-26JUL310245,3.1966,no,214.68,68.3645,0,2026-07-31 06:45:10.952818+00:00,KXBTC15M-26JUL310245-45,0,214.68,108.0217,2026-07-31,176.3862,214.68,35.0972,KXBTC15M
KXBTC15M-26JUL310230,3.51516,yes,139.79,95.3001,0,2026-07-31 06:30:10.908257+00:00,KXBTC15M-26JUL310230-30,100,139.79,104.36944,2026-07-31,199.66953999999998,139.79,-63.39469999999999,KXBTC15M
KXBTC15M-26JUL310215,0.3033,yes,38.3,0.383,0,2026-07-31 06:15:10.960914+00:00,KXBTC15M-26JUL310215-15,100,38.3,33.321,2026-07-31,33.704,38.3,4.292699999999996,KXBTC15M
KXBTCD-26JUL3102,2.4727,no,186.99,160.0816,0,2026-07-31 06:02:41.007526+00:00,KXBTCD-26JUL3102-T64299.99,0,186.99,45.3858,2026-07-31,205.4674,186.99,-20.95009999999999,KXBTCD
KXBTC15M-26JUL310145,0.6808,no,58.62,46.3098,0,2026-07-31 05:45:10.910942+00:00,KXBTC15M-26JUL310145-45,0,58.62,2.931,2026-07-31,49.2408,58.62,8.698399999999998,KXBTC15M
KXBTC15M-26JUL310130,4.461,no,172.84,114.9186,0,2026-07-31 05:30:10.907879+00:00,KXBTC15M-26JUL310130-30,0,172.84,49.2197,2026-07-31,164.13830000000002,172.84,4.240699999999988,KXBTC15M
KXBTC15M-26JUL310115,0.7643,yes,43.83,10.9575,0,2026-07-31 05:15:11.011111+00:00,KXBTC15M-26JUL310115-15,100,43.83,23.2299,2026-07-31,34.1874,43.83,8.878300000000001,KXBTC15M
KXBTCD-26JUL3101,0.5408,no,54.75,45.4425,0,2026-07-31 05:02:41.108470+00:00,KXBTCD-26JUL3101-T64299.99,0,54.75,2.7375,2026-07-31,48.18,54.75,6.0292,KXBTCD
KXBTC15M-26JUL310100,1.54363,yes,150.97,12.8061,0,2026-07-31 05:00:11.014308+00:00,KXBTC15M-26JUL310100-00,100,150.97,135.08177,2026-07-31,147.88787000000002,150.97,1.538499999999978,KXBTC15M
KXBTC15M-26JUL310030,0.29195,no,46.33,41.697,0,2026-07-31 04:30:10.964287+00:00,KXBTC15M-26JUL310030-30,0,46.33,0.23165,2026-07-31,41.928650000000005,46.33,4.109399999999994,KXBTC15M
KXBTC15M-26JUL302015,0.3943,yes,41.9,0.419,0,2026-07-31 00:15:10.964303+00:00,KXBTC15M-26JUL302015-15,100,41.9,35.196,2026-07-31,35.614999999999995,41.9,5.890700000000003,KXBTC15M
KXBTCD-26JUL3018,0.2899,no,25.88,20.704,0,2026-07-30 22:02:41.008086+00:00,KXBTCD-26JUL3018-T64699.99,0,25.88,0.2588,2026-07-30,20.9628,25.88,4.627299999999997,KXBTCD
KXBTC15M-26JUL301715,0.535,no,51.78,42.4596,0,2026-07-30 21:15:10.910862+00:00,KXBTC15M-26JUL301715-15,0,51.78,0.5178,2026-07-30,42.9774,51.78,8.267599999999998,KXBTC15M
KXBTC15M-26JUL300245,0.65574,no,124.42,114.21756,0,2026-07-30 06:45:05.976681+00:00,KXBTC15M-26JUL300245-45,0,124.42,1.2442,2026-07-30,115.46176000000001,124.42,8.30249999999999,KXBTC15M
KXBTC15M-26JUL300230,4.61323,yes,310.24,35.5117,0,2026-07-30 06:30:06.027633+00:00,KXBTC15M-26JUL300230-30,100,310.24,240.96477,2026-07-30,276.47647,310.24,29.1503,KXBTC15M
KXBTC15M-26JUL300215,0.4346,no,16.12,9.2366,0,2026-07-30 06:15:06.034380+00:00,KXBTC15M-26JUL300215-15,0,16.12,6.3982,2026-07-30,15.634799999999998,16.12,0.05060000000000253,KXBTC15M
KXBTC15M-26JUL300200,0.1084,no,6.23,2.8658,0,2026-07-30 06:00:06.036873+00:00,KXBTC15M-26JUL300200-00,0,6.23,0.1246,2026-07-30,2.9904,6.23,3.1312,KXBTC15M
KXBTC15M-26JUL300145,0.01574,yes,0.0,0.0,297,2026-07-30 05:45:06.032051+00:00,KXBTC15M-26JUL300145-45,100,2.97,2.72646,2026-07-30,2.72646,2.97,0.2278000000000003,KXBTC15M
KXBTC15M-26JUL300130,6.27435,yes,385.88,301.61265,0,2026-07-30 05:30:06.036288+00:00,KXBTC15M-26JUL300130-30,100,260.92,132.2535,2026-07-30,433.86614999999995,260.92,-179.22049999999993,KXBTC15M
KXBTC15M-26JUL300115,1.1106,no,68.06,42.8778,0,2026-07-30 05:15:06.046802+00:00,KXBTC15M-26JUL300115-15,0,68.06,6.806,2026-07-30,49.6838,68.06,17.265600000000003,KXBTC15M
KXBTCD-26JUL3001,1.0631,no,64.96,40.7558,0,2026-07-30 05:02:36.303264+00:00,KXBTCD-26JUL3001-T63999.99,0,64.96,0.6496,2026-07-30,41.4054,64.96,22.491499999999995,KXBTCD
KXBTC15M-26JUL300100,1.4457,no,47.86,25.3658,0,2026-07-30 05:00:06.032894+00:00,KXBTC15M-26JUL300100-00,0,47.86,36.3736,2026-07-30,61.7394,47.86,-15.325100000000004,KXBTC15M
KXBTC15M-26JUL300045,1.0978,no,42.67,35.8428,0,2026-07-30 04:45:06.087983+00:00,KXBTC15M-26JUL300045-45,0,42.67,26.8821,2026-07-30,62.7249,42.67,-21.152699999999996,KXBTC15M
KXBTCD-26JUL3000,0.742,no,78.86,66.2424,0,2026-07-30 04:02:36.041720+00:00,KXBTCD-26JUL3000-T64099.99,0,78.86,0.7886,2026-07-30,67.031,78.86,11.086999999999993,KXBTCD
KXBTCD-26JUL2923,0.6019,no,48.55,37.3835,0,2026-07-30 03:02:46.095671+00:00,KXBTCD-26JUL2923-T64199.99,0,48.55,0.4855,2026-07-30,37.869,48.55,10.079099999999997,KXBTCD
KXBTCD-26JUL2923,0.9086,yes,0.0,0.0,5627,2026-07-30 03:02:46.095084+00:00,KXBTCD-26JUL2923-T64099.99,100,56.27,35.9628,2026-07-30,35.9628,56.27,19.398600000000002,KXBTCD
KXBTC15M-26JUL292230,1.89994,yes,106.42,24.34076,0,2026-07-30 02:30:06.043800+00:00,KXBTC15M-26JUL292230-30,100,106.42,85.4022,2026-07-30,109.74296,106.42,-5.222899999999995,KXBTC15M
KXBTC15M-26JUL292215,0.5716,yes,43.54,0.8708,0,2026-07-30 02:15:06.041959+00:00,KXBTC15M-26JUL292215-15,100,43.54,32.655,2026-07-30,33.525800000000004,43.54,9.442599999999995,KXBTC15M
KXBTCD-26JUL2920,0.5387,yes,43.45,0.4345,0,2026-07-30 00:02:46.100151+00:00,KXBTCD-26JUL2920-T63899.99,100,43.45,33.4565,2026-07-30,33.891,43.45,9.020300000000004,KXBTCD
KXBTC15M-26JUL291830,3.41912,yes,80.98,60.83358,8321,2026-07-29 22:30:06.043527+00:00,KXBTC15M-26JUL291830-30,100,164.19,81.6229,2026-07-29,142.45648,164.19,18.3144,KXBTC15M
KXBTCD-26JUL2918,3.1372,yes,163.28,65.668,0,2026-07-29 22:02:36.098199+00:00,KXBTCD-26JUL2918-T63699.99,100,163.28,88.398,2026-07-29,154.066,163.28,6.076799999999999,KXBTCD
KXBTC15M-26JUL291745,0.474,yes,30.62,0.6124,0,2026-07-29 21:45:06.039928+00:00,KXBTC15M-26JUL291745-45,100,30.62,20.5154,2026-07-29,21.1278,30.62,9.0182,KXBTC15M
KXBTC15M-26JUL291730,0.507,yes,40.89,0.4089,0,2026-07-29 21:30:06.090964+00:00,KXBTC15M-26JUL291730-30,100,40.89,31.4853,2026-07-29,31.894199999999998,40.89,8.488800000000003,KXBTC15M
KXBTCD-26JUL2917,0.4299,no,32.75,24.5625,0,2026-07-29 21:02:16.201101+00:00,KXBTCD-26JUL2917-T63499.99,0,32.75,0.3275,2026-07-29,24.89,32.75,7.4300999999999995,KXBTCD
KXBTC15M-26JUL291700,0.7402,no,50.35,35.245,0,2026-07-29 21:00:05.987476+00:00,KXBTC15M-26JUL291700-00,0,50.35,5.035,2026-07-29,40.28,50.35,9.3298,KXBTC15M
KXBTC15M-26JUL291630,0.198,no,35.8,32.7928,0,2026-07-29 20:30:05.988350+00:00,KXBTC15M-26JUL291630-30,0,35.8,0.0716,2026-07-29,32.864399999999996,35.8,2.737600000000001,KXBTC15M
KXBTC15M-26JUL291615,0.89145,yes,60.35,17.83285,0,2026-07-29 20:15:06.041413+00:00,KXBTC15M-26JUL291615-15,100,60.35,26.5843,2026-07-29,44.41715,60.35,15.041400000000001,KXBTC15M
KXBTCD-26JUL2916,0.2226,no,23.66,19.8744,0,2026-07-29 20:02:36.333793+00:00,KXBTCD-26JUL2916-T63699.99,0,23.66,0.2366,2026-07-29,20.111,23.66,3.3263999999999996,KXBTCD
KXBTCD-26JUL2916,1.2181,no,47.81,27.4097,0,2026-07-29 20:02:36.333793+00:00,KXBTCD-26JUL2916-T63599.99,0,47.81,14.1636,2026-07-29,41.5733,47.81,5.018599999999999,KXBTCD
KXBTC15M-26JUL291545,0.2726,no,30.54,25.959,0,2026-07-29 19:45:06.037472+00:00,KXBTC15M-26JUL291545-45,0,30.54,0.3054,2026-07-29,26.2644,30.54,4.003000000000001,KXBTC15M
KXBTC15M-26JUL291515,0.5965,no,36.98,23.6672,0,2026-07-29 19:15:06.032317+00:00,KXBTC15M-26JUL291515-15,0,36.98,3.698,2026-07-29,27.3652,36.98,9.018299999999995,KXBTC15M
KXBTCD-26JUL2915,0.2435,no,23.56,19.3192,0,2026-07-29 19:02:46.108930+00:00,KXBTCD-26JUL2915-T64599.99,0,23.56,0.4712,2026-07-29,19.790399999999998,23.56,3.5261000000000005,KXBTCD
KXBTCD-26JUL2915,0.2547,no,27.07,22.7388,0,2026-07-29 19:02:46.108930+00:00,KXBTCD-26JUL2915-T64499.99,0,27.07,0.2707,2026-07-29,23.009500000000003,27.07,3.8057999999999974,KXBTCD
KXBTCD-26JUL2915,0.7864,yes,48.6,16.0071,0,2026-07-29 19:02:46.108930+00:00,KXBTCD-26JUL2915-T64399.99,100,48.6,36.4649,2026-07-29,52.472,48.6,-4.6584,KXBTCD
KXBTCD-26JUL2915,0.2971,yes,20.19,0.8076,0,2026-07-29 19:02:46.108930+00:00,KXBTCD-26JUL2915-T64299.99,100,20.19,15.7482,2026-07-29,16.5558,20.19,3.3371,KXBTCD
KXBTC15M-26JUL291445,0.8076,yes,39.42,13.6942,0,2026-07-29 18:45:06.082894+00:00,KXBTC15M-26JUL291445-45,100,39.42,17.1502,2026-07-29,30.8444,39.42,7.768000000000002,KXBTC15M
KXBTC15M-26JUL291430,0.2486,no,15.23,9.5949,0,2026-07-29 18:30:06.032793+00:00,KXBTC15M-26JUL291430-30,0,15.23,2.1322,2026-07-29,11.7271,15.23,3.2543,KXBTC15M
KXBTC15M-26JUL291415,0.1332,yes,10.14,0.1014,0,2026-07-29 18:15:06.027289+00:00,KXBTC15M-26JUL291415-15,100,10.14,7.605,2026-07-29,7.7064,10.14,2.3004000000000002,KXBTC15M
KXBTCD-26JUL2914,0.3921,yes,21.36,5.7609,0,2026-07-29 18:05:36.144867+00:00,KXBTCD-26JUL2914-T64099.99,100,21.36,18.6897,2026-07-29,24.450599999999998,21.36,-3.4826999999999986,KXBTCD
KXBTCD-26JUL2914,0.2534,yes,12.03,0.8421,0,2026-07-29 18:05:36.144867+00:00,KXBTCD-26JUL2914-T63999.99,100,12.03,7.4586,2026-07-29,8.300699999999999,12.03,3.4759,KXBTCD
KXBTC15M-26JUL291400,0.1114,yes,16.0,0.232,0,2026-07-29 18:00:05.982786+00:00,KXBTC15M-26JUL291400-00,100,8.0,6.24,2026-07-29,6.472,8.0,1.4165999999999996,KXBTC15M
KXBTC15M-26JUL291345,0.0213,yes,0.0,0.0,132,2026-07-29 17:45:06.033483+00:00,KXBTC15M-26JUL291345-45,100,1.32,0.8448,2026-07-29,0.8448,1.32,0.4539000000000001,KXBTC15M
KXBTC15M-26JUL291330,0.0108,no,0.87,0.6699,87,2026-07-29 17:30:06.038025+00:00,KXBTC15M-26JUL291330-30,0,0.0,0.0,2026-07-29,0.6699,0.87,0.18929999999999994,KXBTC15M
KXBTC15M-26JUL291115,14.0943,yes,455.33,280.2821,0,2026-07-29 15:15:06.032385+00:00,KXBTC15M-26JUL291115-15,100,422.65,265.5505,2026-07-29,545.8326,422.65,-137.27689999999998,KXBTC15M
KXBTCD-26JUL2911,3.6257,no,115.69,82.0555,0,2026-07-29 15:03:36.149730+00:00,KXBTCD-26JUL2911-T64099.99,0,115.69,62.128,2026-07-29,144.18349999999998,115.69,-32.119199999999985,KXBTCD
KXBTCD-26JUL2911,0.9677,yes,72.94,0.7294,0,2026-07-29 15:03:36.149730+00:00,KXBTCD-26JUL2911-T63999.99,100,72.94,54.2568,2026-07-29,54.9862,72.94,16.9861,KXBTCD
KXBTC15M-26JUL291045,0.48968,no,83.02,75.31518,0,2026-07-29 14:45:06.028138+00:00,KXBTC15M-26JUL291045-45,0,83.02,0.16604,2026-07-29,75.48122,83.02,7.049100000000003,KXBTC15M
KXBTC15M-26JUL291030,2.9372,no,152.4,82.3982,0,2026-07-29 14:30:06.028191+00:00,KXBTC15M-26JUL291030-30,0,152.4,46.6872,2026-07-29,129.0854,152.4,20.377400000000012,KXBTC15M
KXBTC15M-26JUL291015,3.9034,no,151.55,82.5948,0,2026-07-29 14:15:06.032961+00:00,KXBTC15M-26JUL291015-15,0,151.55,46.2198,2026-07-29,128.8146,151.55,18.831999999999997,KXBTC15M
KXBTCD-26JUL2910,1.7686,yes,105.99,1.0599,0,2026-07-29 14:02:36.051480+00:00,KXBTCD-26JUL2910-T64499.99,100,105.99,64.3838,2026-07-29,65.44369999999999,105.99,38.7777,KXBTCD
KXBTCD-26JUL2910,3.7728,yes,166.69,73.6757,0,2026-07-29 14:02:36.051480+00:00,KXBTCD-26JUL2910-T64399.99,100,166.69,114.5439,2026-07-29,188.2196,166.69,-25.302400000000016,KXBTCD
KXBTCD-26JUL2910,4.7126,yes,219.32,81.564,0,2026-07-29 14:02:36.051480+00:00,KXBTCD-26JUL2910-T64299.99,100,219.32,154.7046,2026-07-29,236.2686,219.32,-21.6612,KXBTCD
KXBTC15M-26JUL290945,3.48135,yes,161.34,43.75545,0,2026-07-29 13:45:06.021400+00:00,KXBTC15M-26JUL290945-45,100,161.34,114.6794,2026-07-29,158.43485,161.34,-0.576200000000008,KXBTC15M
KXBTC15M-26JUL290930,1.3739,no,79.3,43.615,0,2026-07-29 13:30:06.023488+00:00,KXBTC15M-26JUL290930-30,0,79.3,23.79,2026-07-29,67.405,79.3,10.521099999999997,KXBTC15M
KXBTC15M-26JUL290915,5.6298,yes,203.46,92.587,0,2026-07-29 13:15:06.027009+00:00,KXBTC15M-26JUL290915-15,100,203.46,101.0976,2026-07-29,193.6846,203.46,4.145600000000019,KXBTC15M
KXBTCD-26JUL2909,0.5771,yes,72.89,63.4143,0,2026-07-29 13:02:36.029676+00:00,KXBTCD-26JUL2909-T64199.99,100,0.0,0.0,2026-07-29,63.4143,0.0,-63.9914,KXBTCD
KXBTC15M-26JUL290500,4.9584,yes,225.08,59.6644,0,2026-07-29 09:00:06.023131+00:00,KXBTC15M-26JUL290500-00,100,225.08,155.8444,2026-07-29,215.5088,225.08,4.6128000000000045,KXBTC15M
KXBTC15M-26JUL290445,0.9259,yes,55.11,4.9599,0,2026-07-29 08:45:06.019931+00:00,KXBTC15M-26JUL290445-45,100,55.11,33.066,2026-07-29,38.0259,55.11,16.1582,KXBTC15M
KXBTC15M-26JUL290430,0.5846,no,44.54,33.405,0,2026-07-29 08:30:06.024579+00:00,KXBTC15M-26JUL290430-30,0,44.54,0.4454,2026-07-29,33.8504,44.54,10.104999999999999,KXBTC15M
KXBTC15M-26JUL290415,2.66005,no,122.82,89.1626,0,2026-07-29 08:15:06.022367+00:00,KXBTC15M-26JUL290415-15,0,122.82,28.21245,2026-07-29,117.37505,122.82,2.7848999999999915,KXBTC15M
KXBTCD-26JUL2904,4.9767,yes,235.22,64.169,0,2026-07-29 08:02:46.072929+00:00,KXBTCD-26JUL2904-T64399.99,100,235.22,170.2644,2026-07-29,234.4334,235.22,-4.190100000000007,KXBTCD
KXBTC15M-26JUL290400,1.7181,yes,55.84,40.2048,0,2026-07-29 08:00:06.028430+00:00,KXBTC15M-26JUL290400-00,100,55.84,34.0624,2026-07-29,74.2672,55.84,-20.1453,KXBTC15M
KXBTC15M-26JUL290345,0.45498,no,106.03,99.56217,0,2026-07-29 07:45:05.974782+00:00,KXBTC15M-26JUL290345-45,0,212.06,0.53015,2026-07-29,100.09232,106.03,5.4827,KXBTC15M
KXBTC15M-26JUL290330,4.546,yes,247.29,76.4546,0,2026-07-29 07:30:06.027187+00:00,KXBTC15M-26JUL290330-30,100,247.29,197.3495,2026-07-29,273.8041,247.29,-31.060100000000013,KXBTC15M
KXBTC15M-26JUL290315,0.7469,yes,43.3,3.031,0,2026-07-29 07:15:06.022666+00:00,KXBTC15M-26JUL290315-15,100,43.3,24.248,2026-07-29,27.279,43.3,15.274099999999997,KXBTC15M
KXBTCD-26JUL2903,0.8928,yes,60.73,1.2146,0,2026-07-29 07:02:56.079474+00:00,KXBTCD-26JUL2903-T64299.99,100,60.73,42.511,2026-07-29,43.7256,60.73,16.111599999999996,KXBTCD
KXBTC15M-26JUL290300,0.3607,no,45.55,39.6285,0,2026-07-29 07:00:05.982869+00:00,KXBTC15M-26JUL290300-00,0,45.55,0.4555,2026-07-29,40.084,45.55,5.105299999999994,KXBTC15M
KXBTC15M-26JUL290245,0.61925,yes,47.17,3.06605,0,2026-07-29 06:45:06.030328+00:00,KXBTC15M-26JUL290245-45,100,47.17,35.3775,2026-07-29,38.443549999999995,47.17,8.107200000000008,KXBTC15M
KXBTC15M-26JUL290215,4.9942,yes,213.96,70.2564,0,2026-07-29 06:15:06.034709+00:00,KXBTC15M-26JUL290215-15,100,213.96,143.0508,2026-07-29,213.30720000000002,213.96,-4.341400000000015,KXBTC15M
KXBTCD-26JUL2902,2.7464,no,126.09,82.8492,0,2026-07-29 06:02:46.085530+00:00,KXBTCD-26JUL2902-T63999.99,0,126.09,31.6816,2026-07-29,114.5308,126.09,8.812800000000005,KXBTCD
KXBTC15M-26JUL290200,4.41136,yes,232.18,69.13354,0,2026-07-29 06:00:06.030415+00:00,KXBTC15M-26JUL290200-00,100,174.72,132.6049,2026-07-29,201.73843999999997,174.72,-31.42979999999997,KXBTC15M
KXBTC15M-26JUL290145,0.8532,yes,77.47,4.732,0,2026-07-29 05:45:06.032950+00:00,KXBTC15M-26JUL290145-45,100,77.47,60.2799,2026-07-29,65.0119,77.47,11.604900000000002,KXBTC15M
KXBTC15M-26JUL290130,1.1164,no,102.81,82.8716,0,2026-07-29 05:30:06.034146+00:00,KXBTC15M-26JUL290130-30,0,102.81,6.0747,2026-07-29,88.94630000000001,102.81,12.747299999999994,KXBTC15M
KXBTC15M-26JUL290115,1.7574,yes,65.37,15.6888,0,2026-07-29 05:15:06.040872+00:00,KXBTC15M-26JUL290115-15,100,65.37,47.0664,2026-07-29,62.7552,65.37,0.8574000000000024,KXBTC15M
KXBTCD-26JUL2901,3.0737,yes,183.62,45.1986,0,2026-07-29 05:02:46.091695+00:00,KXBTCD-26JUL2901-T63799.99,100,183.62,144.5328,2026-07-29,189.7314,183.62,-9.185100000000004,KXBTCD
KXBTC15M-26JUL290100,1.0147,yes,77.3,5.7975,0,2026-07-29 05:00:06.053189+00:00,KXBTC15M-26JUL290100-00,100,77.3,57.975,2026-07-29,63.7725,77.3,12.512799999999997,KXBTC15M
KXBTC15M-26JUL290015,0.0006,yes,0.02,0.0172,0,2026-07-29 04:15:06.042133+00:00,KXBTC15M-26JUL290015-15,100,0.02,0.0072,2026-07-29,0.024399999999999998,0.02,-0.0049999999999999975,KXBTC15M
KXBTC15M-26JUL281545,0.0052,no,0.0,0.0,0,2026-07-28 19:45:06.040920+00:00,KXBTC15M-26JUL281545-45,0,0.55,0.462,2026-07-28,0.462,0.0,-0.4672,KXBTC15M
KXBTC15M-26JUL281530,0.8424,no,27.97,20.2334,0,2026-07-28 19:30:06.088878+00:00,KXBTC15M-26JUL281530-30,0,33.0,20.0258,2026-07-28,40.2592,27.97,-13.1316,KXBTC15M
KXBTC15M-26JUL281515,0.0637,yes,13.6,0.0136,0,2026-07-28 19:15:06.083056+00:00,KXBTC15M-26JUL281515-15,100,13.6,12.6208,2026-07-28,12.6344,13.6,0.9019000000000003,KXBTC15M
KXBTCD-26JUL2815,0.1395,no,12.45,9.96,0,2026-07-28 19:02:36.089557+00:00,KXBTCD-26JUL2815-T63699.99,0,12.45,0.1245,2026-07-28,10.0845,12.45,2.225999999999999,KXBTCD
KXBTC15M-26JUL281500,0.02768,no,12.69,12.28392,1269,2026-07-28 19:00:06.089463+00:00,KXBTC15M-26JUL281500-00,0,0.0,0.0,2026-07-28,12.28392,12.69,0.37839999999999935,KXBTC15M
KXBTC15M-26JUL281445,0.1665,yes,10.2,0.102,0,2026-07-28 18:45:06.089330+00:00,KXBTC15M-26JUL281445-45,100,10.2,6.426,2026-07-28,6.5280000000000005,10.2,3.5054999999999987,KXBTC15M
KXBTC15M-26JUL281430,2.7989,no,95.09,64.1852,659,2026-07-28 18:30:05.986380+00:00,KXBTC15M-26JUL281430-30,0,88.5,57.5537,2026-07-28,121.7389,95.09,-29.447799999999997,KXBTC15M
KXBTCD-26JUL2814,0.2086,yes,33.1,29.79,0,2026-07-28 18:02:46.099940+00:00,KXBTCD-26JUL2814-T63599.99,100,33.1,0.331,2026-07-28,30.121,33.1,2.7704000000000026,KXBTCD
KXBTC15M-26JUL281400,0.278,yes,23.5,0.235,0,2026-07-28 18:00:05.989956+00:00,KXBTC15M-26JUL281400-00,100,23.5,18.4389,2026-07-28,18.6739,23.5,4.5481,KXBTC15M
KXBTC15M-26JUL281345,0.3904,no,23.05,13.5995,0,2026-07-28 17:45:06.029293+00:00,KXBTC15M-26JUL281345-45,0,23.05,4.61,2026-07-28,18.209500000000002,23.05,4.450099999999999,KXBTC15M
KXBTC15M-26JUL281330,1.0602,no,46.27,32.0854,0,2026-07-28 17:30:05.990155+00:00,KXBTC15M-26JUL281330-30,0,46.27,12.499,2026-07-28,44.5844,46.27,0.6254000000000008,KXBTC15M
KXBTCD-26JUL2813,0.2351,no,23.8,19.754,0,2026-07-28 17:02:36.093187+00:00,KXBTCD-26JUL2813-T63999.99,0,23.8,0.238,2026-07-28,19.992,23.8,3.5728999999999997,KXBTCD
KXBTC15M-26JUL280515,0.1816,yes,10.48,0.4192,0,2026-07-28 09:15:06.021750+00:00,KXBTC15M-26JUL280515-15,100,10.48,4.716,2026-07-28,5.1352,10.48,5.1632,KXBTC15M
KXBTCD-26JUL2805,0.7677,no,35.6,26.06,0,2026-07-28 09:02:46.071154+00:00,KXBTCD-26JUL2805-T63399.99,0,35.6,15.2168,2026-07-28,41.276799999999994,35.6,-6.444499999999993,KXBTCD
KXBTC15M-26JUL280445,2.1965,yes,69.6,47.4863,2042,2026-07-28 08:45:05.970054+00:00,KXBTC15M-26JUL280445-45,100,90.02,40.199,2026-07-28,87.6853,90.02,0.1381999999999981,KXBTC15M
KXBTC15M-26JUL280430,0.3405,yes,17.65,3.0005,0,2026-07-28 08:30:05.974085+00:00,KXBTC15M-26JUL280430-30,100,17.65,14.826,2026-07-28,17.8265,17.65,-0.5170000000000008,KXBTC15M
KXBTC15M-26JUL280415,2.1461,no,73.98,36.5544,0,2026-07-28 08:15:05.974845+00:00,KXBTC15M-26JUL280415-15,0,73.98,29.6199,2026-07-28,66.1743,73.98,5.659600000000001,KXBTC15M
KXBTC15M-26JUL280400,0.82665,yes,32.38,10.30565,0,2026-07-28 08:00:06.022221+00:00,KXBTC15M-26JUL280400-00,100,32.38,15.7007,2026-07-28,26.006349999999998,32.38,5.547000000000005,KXBTC15M
KXBTC15M-26JUL280345,0.16211,no,10.63,7.2284,0,2026-07-28 07:45:05.973388+00:00,KXBTC15M-26JUL280345-45,0,10.63,0.24449,2026-07-28,7.47289,10.63,2.995000000000001,KXBTC15M
KXBTC15M-26JUL280330,0.7337,yes,27.5,15.1656,0,2026-07-28 07:30:06.028150+00:00,KXBTC15M-26JUL280330-30,100,27.5,14.8305,2026-07-28,29.9961,27.5,-3.2297999999999982,KXBTC15M
KXBTC15M-26JUL280315,0.208,no,11.96,6.4584,0,2026-07-28 07:15:06.020843+00:00,KXBTC15M-26JUL280315-15,0,11.96,1.196,2026-07-28,7.6544,11.96,4.097600000000001,KXBTC15M
KXBTCD-26JUL2803,0.0633,no,6.72,5.6448,0,2026-07-28 07:02:46.080913+00:00,KXBTCD-26JUL2803-T63599.99,0,6.72,0.0672,2026-07-28,5.712,6.72,0.9447,KXBTCD
KXBTC15M-26JUL280300,0.513,yes,19.94,15.7526,0,2026-07-28 07:00:05.974227+00:00,KXBTC15M-26JUL280300-00,100,19.94,14.3568,2026-07-28,30.1094,19.94,-10.6824,KXBTC15M
KXBTC15M-26JUL280245,0.1627,yes,16.47,0.3294,0,2026-07-28 06:45:05.976809+00:00,KXBTC15M-26JUL280245-45,100,16.47,13.6701,2026-07-28,13.9995,16.47,2.3077999999999994,KXBTC15M
KXBTC15M-26JUL280230,0.2322,yes,14.78,0.739,0,2026-07-28 06:30:05.977815+00:00,KXBTC15M-26JUL280230-30,100,14.78,9.7548,2026-07-28,10.4938,14.78,4.053999999999999,KXBTC15M
KXBTC15M-26JUL280215,0.4099,no,18.89,13.6724,0,2026-07-28 06:15:06.031887+00:00,KXBTC15M-26JUL280215-15,0,18.89,4.4858,2026-07-28,18.1582,18.89,0.3218999999999998,KXBTC15M
KXBTC15M-26JUL280200,0.1151,no,9.91,7.8289,0,2026-07-28 06:00:05.982265+00:00,KXBTC15M-26JUL280200-00,0,9.91,0.1982,2026-07-28,8.0271,9.91,1.7677999999999994,KXBTC15M
KXBTC15M-26JUL280145,2.2532,yes,79.6,47.729,0,2026-07-28 05:45:06.039183+00:00,KXBTC15M-26JUL280145-45,100,79.6,41.5626,2026-07-28,89.2916,79.6,-11.944800000000008,KXBTC15M
KXBTC15M-26JUL280130,0.08246,yes,10.68,0.6408,0,2026-07-28 05:30:06.038242+00:00,KXBTC15M-26JUL280130-30,100,10.68,10.07124,2026-07-28,10.71204,10.68,-0.1145000000000003,KXBTC15M
KXBTC15M-26JUL280030,0.0021,no,0.0,0.0,0,2026-07-28 04:30:06.041059+00:00,KXBTC15M-26JUL280030-30,0,0.12,0.066,2026-07-28,0.066,0.0,-0.06810000000000001,KXBTC15M
KXBTC15M-26JUL280015,2.8817,no,78.45,48.636,0,2026-07-28 04:15:06.043121+00:00,KXBTC15M-26JUL280015-15,0,106.39,71.893,2026-07-28,120.529,78.45,-44.960699999999996,KXBTC15M
KXBTCD-26JUL2800,0.3056,no,44.59,39.6851,0,2026-07-28 04:02:46.089029+00:00,KXBTCD-26JUL2800-T63299.99,0,44.59,0.4459,2026-07-28,40.131,44.59,4.153400000000003,KXBTCD
KXBTC15M-26JUL272345,1.2591,yes,59.16,21.9838,0,2026-07-28 03:45:06.037512+00:00,KXBTC15M-26JUL272345-45,100,59.16,40.555,2026-07-28,62.538799999999995,59.16,-4.637899999999998,KXBTC15M
KXBTC15M-26JUL272330,1.91421,yes,129.85,20.78215,0,2026-07-28 03:30:06.043413+00:00,KXBTC15M-26JUL272330-30,100,129.85,115.79704,2026-07-28,136.57918999999998,129.85,-8.643399999999989,KXBTC15M
KXBTCD-26JUL2723,0.6166,yes,105.08,1.0508,0,2026-07-28 03:02:46.102665+00:00,KXBTCD-26JUL2723-T63099.99,100,105.08,95.3728,2026-07-28,96.4236,105.08,8.039800000000005,KXBTCD
KXBTC15M-26JUL272015,0.9422,no,55.25,32.045,0,2026-07-28 00:15:06.039757+00:00,KXBTC15M-26JUL272015-15,0,55.25,9.945,2026-07-28,41.99,55.25,12.317799999999998,KXBTC15M
KXBTCD-26JUL2720,11.3211,yes,418.46,169.1507,0,2026-07-28 00:05:36.408958+00:00,KXBTCD-26JUL2720-T63699.99,100,418.46,232.1712,2026-07-28,401.3219,418.46,5.816999999999952,KXBTCD
KXBTC15M-26JUL271815,0.8282,no,55.31,38.1639,0,2026-07-27 22:15:06.041366+00:00,KXBTC15M-26JUL271815-15,0,55.31,8.2965,2026-07-27,46.4604,55.31,8.021400000000002,KXBTC15M
KXBTCD-26JUL2718,0.4689,no,59.22,51.5214,0,2026-07-27 22:02:46.092550+00:00,KXBTCD-26JUL2718-T64899.99,0,59.22,1.1844,2026-07-27,52.705799999999996,59.22,6.045300000000003,KXBTCD
KXBTCD-26JUL2718,3.2089,no,150.65,108.388,0,2026-07-27 22:02:46.092550+00:00,KXBTCD-26JUL2718-T64799.99,0,150.65,35.591,2026-07-27,143.979,150.65,3.4620999999999924,KXBTCD
KXBTC15M-26JUL271745,0.571,no,44.72,33.9872,0,2026-07-27 21:45:05.993743+00:00,KXBTC15M-26JUL271745-45,0,44.72,1.7888,2026-07-27,35.776,44.72,8.372999999999996,KXBTC15M
KXBTC15M-26JUL271730,0.51744,no,52.38,43.4754,0,2026-07-27 21:30:06.040577+00:00,KXBTC15M-26JUL271730-30,0,52.38,0.36666,2026-07-27,43.842060000000004,52.38,8.020499999999998,KXBTC15M
KXBTC15M-26JUL271715,4.06552,no,225.22,167.3318,0,2026-07-27 21:15:06.253464+00:00,KXBTC15M-26JUL271715-15,0,225.22,27.29508,2026-07-27,194.62687999999997,225.22,26.527600000000028,KXBTC15M
KXBTC15M-26JUL271700,3.2825,yes,101.66,66.6856,0,2026-07-27 21:00:06.047708+00:00,KXBTC15M-26JUL271700-00,100,101.66,63.0292,2026-07-27,129.7148,101.66,-31.3373,KXBTC15M
KXBTC15M-26JUL271645,5.4584,no,258.51,193.6713,0,2026-07-27 20:45:06.041107+00:00,KXBTC15M-26JUL271645-45,0,258.51,83.6526,2026-07-27,277.3239,258.51,-24.27229999999999,KXBTC15M
KXBTC15M-26JUL271630,2.96335,yes,206.32,49.46595,0,2026-07-27 20:30:06.042685+00:00,KXBTC15M-26JUL271630-30,100,206.32,180.7379,2026-07-27,230.20385,206.32,-26.847199999999994,KXBTC15M
KXBTC15M-26JUL271615,0.0572,no,0.0,0.0,0,2026-07-27 20:15:06.045700+00:00,KXBTC15M-26JUL271615-15,0,4.04,2.9018,2026-07-27,2.9018,0.0,-2.959,KXBTC15M
KXBTCD-26JUL2716,0.7968,yes,53.21,36.7149,0,2026-07-27 20:02:46.092202+00:00,KXBTCD-26JUL2716-T64899.99,100,0.0,0.0,2026-07-27,36.7149,0.0,-37.5117,KXBTCD
KXBTC15M-26JUL271600,0.468,no,27.98,16.8464,0,2026-07-27 20:00:06.038462+00:00,KXBTC15M-26JUL271600-00,0,27.98,2.5182,2026-07-27,19.3646,27.98,8.147400000000001,KXBTC15M
KXBTC15M-26JUL271545,6.942,yes,418.29,149.7828,0,2026-07-27 19:45:06.093761+00:00,KXBTC15M-26JUL271545-45,100,125.02,101.664,2026-07-27,251.4468,125.02,-133.3688,KXBTC15M
KXBTC15M-26JUL271530,0.811,no,50.28,32.1792,0,2026-07-27 19:30:06.041693+00:00,KXBTC15M-26JUL271530-30,0,50.28,5.028,2026-07-27,37.2072,50.28,12.261800000000001,KXBTC15M
KXBTCD-26JUL2715,0.5347,yes,113.41,1.1341,0,2026-07-27 19:02:46.095549+00:00,KXBTCD-26JUL2715-T64799.99,100,113.41,105.1713,2026-07-27,106.3054,113.41,6.569899999999991,KXBTCD
KXBTC15M-26JUL271500,12.2489,yes,457.4,223.2791,0,2026-07-27 19:00:06.088945+00:00,KXBTC15M-26JUL271500-00,100,457.4,225.0103,2026-07-27,448.2894,457.4,-3.138300000000024,KXBTC15M
KXBTCD-26JUL2714,0.6386,yes,37.45,15.729,0,2026-07-27 18:02:46.090670+00:00,KXBTCD-26JUL2714-T64799.99,100,0.0,0.0,2026-07-27,15.729,0.0,-16.3676,KXBTCD
KXBTC15M-26JUL271315,1.9593,no,81.32,66.8454,0,2026-07-27 17:15:06.043636+00:00,KXBTC15M-26JUL271315-15,0,81.32,29.2753,2026-07-27,96.1207,81.32,-16.760000000000005,KXBTC15M
KXBTCD-26JUL2713,1.0954,no,71.91,48.8988,0,2026-07-27 17:02:36.045855+00:00,KXBTCD-26JUL2713-T64899.99,0,71.91,11.5056,2026-07-27,60.4044,71.91,10.410199999999994,KXBTCD
KXBTCD-26JUL2713,4.9277,yes,188.44,125.8614,0,2026-07-27 17:02:36.045855+00:00,KXBTCD-26JUL2713-T64799.99,100,188.44,150.8035,2026-07-27,276.6649,188.44,-93.15259999999999,KXBTCD
KXBTCD-26JUL2713,2.5921,yes,84.25,46.523,0,2026-07-27 17:02:36.045855+00:00,KXBTCD-26JUL2713-T64599.99,100,84.25,62.345,2026-07-27,108.868,84.25,-27.210099999999994,KXBTCD
KXBTC15M-26JUL271300,2.5043,no,90.98,75.2213,0,2026-07-27 17:00:06.039407+00:00,KXBTC15M-26JUL271300-00,0,90.98,45.49,2026-07-27,120.7113,90.98,-32.23559999999999,KXBTC15M
KXBTC15M-26JUL271245,3.6239,yes,161.0,37.95,0,2026-07-27 16:45:06.031938+00:00,KXBTC15M-26JUL271245-45,100,161.0,116.74,2026-07-27,154.69,161.0,2.6861000000000024,KXBTC15M
KXBTC15M-26JUL271230,2.60255,yes,110.9,78.513,10706,2026-07-27 16:30:06.036112+00:00,KXBTC15M-26JUL271230-30,100,217.96,149.08445,2026-07-27,227.59745,217.96,-12.240000000000002,KXBTC15M
KXBTC15M-26JUL271215,0.7242,yes,62.36,10.6012,0,2026-07-27 16:15:06.035509+00:00,KXBTC15M-26JUL271215-15,100,62.36,49.2644,2026-07-27,59.8656,62.36,1.7701999999999989,KXBTC15M
KXBTCD-26JUL2712,3.1257,no,217.06,177.7874,16031,2026-07-27 16:02:46.095270+00:00,KXBTCD-26JUL2712-T64499.99,0,56.75,36.078,2026-07-27,213.8654,217.06,0.06890000000000818,KXBTCD
KXBTC15M-26JUL271200,5.9082,no,199.99,144.4664,0,2026-07-27 16:00:06.036959+00:00,KXBTC15M-26JUL271200-00,0,199.99,120.4866,2026-07-27,264.953,199.99,-70.87119999999996,KXBTC15M
KXBTC15M-26JUL271145,1.9728,no,144.47,122.1263,0,2026-07-27 15:45:05.987686+00:00,KXBTC15M-26JUL271145-45,0,144.47,12.5036,2026-07-27,134.6299,144.47,7.867300000000006,KXBTC15M
KXBTC15M-26JUL270745,0.5685,no,38.48,33.4776,0,2026-07-27 11:45:06.024334+00:00,KXBTC15M-26JUL270745-45,0,38.48,4.2328,2026-07-27,37.7104,38.48,0.20109999999999695,KXBTC15M
KXBTCD-26JUL2703,3.8474,no,189.2,129.4862,0,2026-07-27 07:02:36.092281+00:00,KXBTCD-26JUL2703-T65399.99,0,189.2,41.2792,2026-07-27,170.7654,189.2,14.587199999999989,KXBTCD
KXBTC15M-26JUL270245,2.4079,yes,121.73,15.8064,0,2026-07-27 06:45:06.035118+00:00,KXBTC15M-26JUL270245-45,100,121.73,90.3614,2026-07-27,106.1678,121.73,13.154300000000005,KXBTC15M
KXBTC15M-26JUL270230,1.0349,no,61.6,36.96,0,2026-07-27 06:30:05.981691+00:00,KXBTC15M-26JUL270230-30,0,61.6,11.088,2026-07-27,48.048,61.6,12.5171,KXBTC15M
KXBTC15M-26JUL270215,0.293,yes,88.1,0.0881,0,2026-07-27 06:15:05.985874+00:00,KXBTC15M-26JUL270215-15,100,88.1,83.695,2026-07-27,83.78309999999999,88.1,4.023900000000004,KXBTC15M
KXBTCD-26JUL2702,3.0408,yes,379.88,13.2958,0,2026-07-27 06:02:36.085224+00:00,KXBTCD-26JUL2702-T65399.99,100,379.88,339.0186,2026-07-27,352.3144,379.88,24.524800000000017,KXBTCD
KXBTC15M-26JUL270200,5.1897,yes,210.24,75.3939,0,2026-07-27 06:00:06.037920+00:00,KXBTC15M-26JUL270200-00,100,210.24,120.3811,2026-07-27,195.775,210.24,9.275300000000003,KXBTC15M
KXBTC15M-26JUL270145,1.47129,no,240.38,214.74171,14986,2026-07-27 05:45:06.040664+00:00,KXBTC15M-26JUL270145-45,0,90.52,6.3364,2026-07-27,221.07811,240.38,17.830599999999986,KXBTC15M
KXBTC15M-26JUL270130,4.084,yes,167.23,38.9694,0,2026-07-27 05:30:06.031653+00:00,KXBTC15M-26JUL270130-30,100,167.23,107.9256,2026-07-27,146.895,167.23,16.25099999999998,KXBTC15M
KXBTC15M-26JUL270115,2.1797,yes,113.39,19.1176,0,2026-07-27 05:15:06.093112+00:00,KXBTC15M-26JUL270115-15,100,113.39,84.5503,2026-07-27,103.66789999999999,113.39,7.542400000000011,KXBTC15M
KXBTCD-26JUL2701,0.4579,no,26.43,14.5365,0,2026-07-27 05:02:36.096010+00:00,KXBTCD-26JUL2701-T65299.99,0,26.43,2.3787,2026-07-27,16.9152,26.43,9.0569,KXBTCD
KXBTC15M-26JUL270100,1.2301,no,87.16,62.7552,0,2026-07-27 05:00:05.989573+00:00,KXBTC15M-26JUL270100-00,0,87.16,6.9728,2026-07-27,69.72800000000001,87.16,16.201899999999988,KXBTC15M
KXBTC15M-26JUL270045,5.6304,yes,184.52,99.6408,0,2026-07-27 04:45:05.988809+00:00,KXBTC15M-26JUL270045-45,100,184.52,138.39,2026-07-27,238.0308,184.52,-59.14119999999999,KXBTC15M
KXBTC15M-26JUL270030,9.91982,yes,428.15,138.05792,0,2026-07-27 04:30:05.993539+00:00,KXBTC15M-26JUL270030-30,100,428.15,325.14596,2026-07-27,463.20388,428.15,-44.97370000000005,KXBTC15M
KXBTC15M-26JUL270015,0.2133,yes,68.15,0.8178,0,2026-07-27 04:15:05.996740+00:00,KXBTC15M-26JUL270015-15,100,68.15,65.8329,2026-07-27,66.6507,68.15,1.2860000000000051,KXBTC15M
KXBTCD-26JUL2700,0.8632,no,51.83,31.6163,0,2026-07-27 04:02:46.093864+00:00,KXBTCD-26JUL2700-T65299.99,0,51.83,0.5183,2026-07-27,32.1346,51.83,18.8322,KXBTCD
KXBTCD-26JUL2700,0.5034,yes,108.06,2.1612,0,2026-07-27 04:02:46.093864+00:00,KXBTCD-26JUL2700-T65199.99,100,108.06,100.3158,2026-07-27,102.47699999999999,108.06,5.0796000000000125,KXBTCD
KXBTC15M-26JUL262345,4.47068,yes,210.46,85.98372,0,2026-07-27 03:45:05.996423+00:00,KXBTC15M-26JUL262345-45,100,210.46,117.7312,2026-07-27,203.71492,210.46,2.2744000000000018,KXBTC15M
KXBTC15M-26JUL262330,0.97748,yes,120.96,4.9143,0,2026-07-27 03:30:06.038325+00:00,KXBTC15M-26JUL262330-30,100,120.96,110.09832,2026-07-27,115.01262,120.96,4.9698999999999955,KXBTC15M
KXBTC15M-26JUL260330,0.3184,no,18.26,9.6778,0,2026-07-26 07:30:06.019194+00:00,KXBTC15M-26JUL260330-30,0,18.26,5.478,2026-07-26,15.1558,18.26,2.7858000000000023,KXBTC15M
KXBTC15M-26JUL260315,0.3703,no,21.37,9.6165,0,2026-07-26 07:15:06.027920+00:00,KXBTC15M-26JUL260315-15,0,21.37,8.548,2026-07-26,18.1645,21.37,2.835200000000001,KXBTC15M
KXBTC15M-26JUL260230,0.435,no,27.31,9.5585,0,2026-07-26 06:30:05.982727+00:00,KXBTC15M-26JUL260230-30,0,27.31,12.2895,2026-07-26,21.848,27.31,5.027,KXBTC15M
KXBTCD-26JUL2602,1.3956,no,48.97,34.279,0,2026-07-26 06:02:36.079697+00:00,KXBTCD-26JUL2602-T64399.99,0,48.97,13.2219,2026-07-26,47.5009,48.97,0.07349999999999746,KXBTCD
KXBTC15M-26JUL260200,0.6144,no,38.09,24.3776,0,2026-07-26 06:00:06.036044+00:00,KXBTC15M-26JUL260200-00,0,38.09,3.0472,2026-07-26,27.4248,38.09,10.050800000000002,KXBTC15M
KXBTC15M-26JUL260145,0.2624,no,24.35,19.7235,0,2026-07-26 05:45:06.038448+00:00,KXBTC15M-26JUL260145-45,0,24.35,0.2435,2026-07-26,19.967000000000002,24.35,4.120599999999999,KXBTC15M
KXBTC15M-26JUL260115,0.3513,no,26.36,20.8244,0,2026-07-26 05:15:06.091877+00:00,KXBTC15M-26JUL260115-15,0,52.72,0.7908,2026-07-26,21.6152,26.36,4.393499999999998,KXBTC15M
KXBTC15M-26JUL260000,1.9937,no,99.0,76.78,0,2026-07-26 04:00:06.042578+00:00,KXBTC15M-26JUL260000-00,0,99.0,18.3553,2026-07-26,95.1353,99.0,1.870999999999999,KXBTC15M
KXBTCD-26JUL2523,0.273,no,89.8,85.7134,0,2026-07-26 03:02:36.090388+00:00,KXBTCD-26JUL2523-T64499.99,0,89.8,0.898,2026-07-26,86.61139999999999,89.8,2.915600000000008,KXBTCD
KXBTC15M-26JUL251915,2.28352,yes,79.25,26.92678,0,2026-07-25 23:15:05.991143+00:00,KXBTC15M-26JUL251915-15,100,79.25,41.4296,2026-07-25,68.35638,79.25,8.6101,KXBTC15M
KXBTCD-26JUL2519,0.1755,no,38.51,35.8143,0,2026-07-25 23:02:36.086173+00:00,KXBTCD-26JUL2519-T64399.99,0,38.51,0.3851,2026-07-25,36.199400000000004,38.51,2.135099999999994,KXBTCD
KXBTC15M-26JUL251900,0.4027,yes,23.97,8.3895,0,2026-07-25 23:00:05.997651+00:00,KXBTC15M-26JUL251900-00,100,23.97,9.588,2026-07-25,17.9775,23.97,5.589799999999999,KXBTC15M
KXBTC15M-26JUL251730,0.00844,yes,0.47,0.00846,0,2026-07-25 21:30:06.039843+00:00,KXBTC15M-26JUL251730-30,100,0.47,0.2914,2026-07-25,0.29986,0.47,0.16169999999999995,KXBTC15M
KXBTC15M-26JUL251430,0.2962,yes,29.75,0.0595,0,2026-07-25 18:30:06.040249+00:00,KXBTC15M-26JUL251430-30,100,29.75,24.6425,2026-07-25,24.701999999999998,29.75,4.751800000000002,KXBTC15M
KXBTCD-26JUL2514,1.3524,no,54.0,26.4018,0,2026-07-25 18:02:46.089756+00:00,KXBTCD-26JUL2514-T64199.99,0,54.0,20.8805,2026-07-25,47.282300000000006,54.0,5.365299999999993,KXBTCD
KXBTC15M-26JUL250300,1.76216,yes,75.35,49.8211,0,2026-07-25 07:00:06.029618+00:00,KXBTC15M-26JUL250300-00,100,75.35,17.87274,2026-07-25,67.69384,75.35,5.894,KXBTC15M
KXBTC15M-26JUL250245,0.53066,no,44.17,34.4526,0,2026-07-25 06:45:06.031955+00:00,KXBTC15M-26JUL250245-45,0,44.17,0.08834,2026-07-25,34.54094,44.17,9.098400000000003,KXBTC15M
KXBTC15M-26JUL250215,0.4806,yes,46.51,2.3255,0,2026-07-25 06:15:05.984874+00:00,KXBTC15M-26JUL250215-15,100,46.51,38.1382,2026-07-25,40.463699999999996,46.51,5.565700000000002,KXBTC15M
KXBTC15M-26JUL250200,1.69991,no,110.34,78.51417,0,2026-07-25 06:00:06.036561+00:00,KXBTC15M-26JUL250200-00,0,110.34,22.70302,2026-07-25,101.21718999999999,110.34,7.422900000000015,KXBTC15M
KXBTC15M-26JUL250115,2.58172,no,162.82,110.42808,0,2026-07-25 05:15:06.042992+00:00,KXBTC15M-26JUL250115-15,0,162.82,52.1122,2026-07-25,162.54028,162.82,-2.3020000000000023,KXBTC15M
KXBTCD-26JUL2501,3.2139,yes,123.04,76.8209,0,2026-07-25 05:02:36.031209+00:00,KXBTCD-26JUL2501-T64099.99,100,123.04,33.3455,2026-07-25,110.1664,123.04,9.65970000000001,KXBTCD
KXBTC15M-26JUL250100,1.411,no,74.63,63.2355,0,2026-07-25 05:00:05.983468+00:00,KXBTC15M-26JUL250100-00,0,74.63,39.0678,2026-07-25,102.30330000000001,74.63,-29.084300000000013,KXBTC15M
KXBTC15M-26JUL250030,0.6549,no,75.67,64.3626,0,2026-07-25 04:30:05.985741+00:00,KXBTC15M-26JUL250030-30,0,75.67,2.6269,2026-07-25,66.9895,75.67,8.025599999999995,KXBTC15M
KXBTC15M-26JUL250015,0.3974,yes,28.16,2.2528,0,2026-07-25 04:15:06.037479+00:00,KXBTC15M-26JUL250015-15,100,28.16,20.2752,2026-07-25,22.528000000000002,28.16,5.234599999999998,KXBTC15M
KXBTC15M-26JUL250000,1.0802,no,103.24,92.70625,0,2026-07-25 04:00:05.996279+00:00,KXBTC15M-26JUL250000-00,0,103.24,7.50395,2026-07-25,100.2102,103.24,1.9495999999999944,KXBTC15M
KXBTC15M-26JUL242315,0.77204,yes,51.92,12.11548,0,2026-07-25 03:15:06.044508+00:00,KXBTC15M-26JUL242315-15,100,51.92,31.18258,2026-07-25,43.29806,51.92,7.8499000000000025,KXBTC15M
KXBTCD-26JUL2423,0.8148,no,91.96,77.0596,0,2026-07-25 03:02:36.325721+00:00,KXBTCD-26JUL2423-T63999.99,0,91.96,3.5692,2026-07-25,80.6288,91.96,10.516399999999996,KXBTCD
KXBTC15M-26JUL242300,0.5097,no,34.04,23.4876,0,2026-07-25 03:00:06.087822+00:00,KXBTC15M-26JUL242300-00,0,34.04,3.7444,2026-07-25,27.232,34.04,6.298299999999999,KXBTC15M
KXBTC15M-26JUL242245,3.41448,no,136.4,102.4682,0,2026-07-25 02:45:06.043620+00:00,KXBTC15M-26JUL242245-45,0,136.4,45.59072,2026-07-25,148.05892,136.4,-15.073399999999996,KXBTC15M
KXBTC15M-26JUL242230,0.90866,no,82.21,63.92484,0,2026-07-25 02:30:06.041817+00:00,KXBTC15M-26JUL242230-30,0,82.21,7.2571,2026-07-25,71.18194,82.21,10.119399999999997,KXBTC15M
KXBTC15M-26JUL242215,1.0649,yes,75.64,6.2683,0,2026-07-25 02:15:06.042901+00:00,KXBTC15M-26JUL242215-15,100,75.64,53.9192,2026-07-25,60.1875,75.64,14.3876,KXBTC15M
KXBTCD-26JUL2422,0.1212,yes,45.07,0.4507,0,2026-07-25 02:02:46.084659+00:00,KXBTCD-26JUL2422-T63999.99,100,45.07,43.2672,2026-07-25,43.7179,45.07,1.2309,KXBTCD
KXBTC15M-26JUL242200,1.8012,no,72.77,47.159,0,2026-07-25 02:00:05.989968+00:00,KXBTC15M-26JUL242200-00,0,72.77,23.6159,2026-07-25,70.7749,72.77,0.19389999999999374,KXBTC15M
KXBTC15M-26JUL242145,2.6943,yes,136.03,49.4391,0,2026-07-25 01:45:06.039053+00:00,KXBTC15M-26JUL242145-45,100,136.03,115.7773,2026-07-25,165.2164,136.03,-31.88069999999999,KXBTC15M
KXBTC15M-26JUL242130,1.8836,yes,89.74,31.0123,0,2026-07-25 01:30:06.210833+00:00,KXBTC15M-26JUL242130-30,100,89.74,69.9164,2026-07-25,100.92869999999999,89.74,-13.072299999999997,KXBTC15M
KXBTC15M-26JUL241930,1.4179,yes,58.4,39.6838,0,2026-07-24 23:30:05.989546+00:00,KXBTC15M-26JUL241930-30,100,30.61,13.4684,2026-07-24,53.1522,30.61,-23.9601,KXBTC15M
KXBTC15M-26JUL241915,1.14904,no,46.15,30.4018,0,2026-07-24 23:20:36.187517+00:00,KXBTC15M-26JUL241915-15,0,47.15,14.07566,2026-07-24,44.47746,46.15,0.5234999999999979,KXBTC15M
KXBTCD-26JUL2419,0.0476,yes,4.6,0.046,0,2026-07-24 23:02:46.087315+00:00,KXBTCD-26JUL2419-T64099.99,100,4.6,3.772,2026-07-24,3.8179999999999996,4.6,0.7344,KXBTCD
KXBTC15M-26JUL241900,0.84744,no,57.8,48.99306,0,2026-07-24 23:00:05.986020+00:00,KXBTC15M-26JUL241900-00,0,57.8,5.9286,2026-07-24,54.92166,57.8,2.0308999999999946,KXBTC15M
KXBTC15M-26JUL241845,1.1346,yes,54.91,10.29,0,2026-07-24 22:45:05.988008+00:00,KXBTC15M-26JUL241845-45,100,54.91,43.0072,2026-07-24,53.2972,54.91,0.47819999999999996,KXBTC15M
KXBTC15M-26JUL241830,0.3786,yes,23.2,3.016,0,2026-07-24 22:30:05.990310+00:00,KXBTC15M-26JUL241830-30,100,23.2,14.616,2026-07-24,17.631999999999998,23.2,5.189400000000002,KXBTC15M
KXBTC15M-26JUL241815,0.3043,yes,17.5,2.45,0,2026-07-24 22:15:06.043570+00:00,KXBTC15M-26JUL241815-15,100,17.5,8.05,2026-07-24,10.5,17.5,6.6957,KXBTC15M
KXBTC15M-26JUL241800,0.1803,no,10.45,4.598,0,2026-07-24 22:00:05.993078+00:00,KXBTC15M-26JUL241800-00,0,10.45,2.09,2026-07-24,6.688,10.45,3.5816999999999997,KXBTC15M
KXBTC15M-26JUL241745,4.14218,yes,201.0,147.79132,0,2026-07-24 21:45:06.037730+00:00,KXBTC15M-26JUL241745-45,100,175.48,132.0856,2026-07-24,279.87692000000004,175.48,-108.53910000000005,KXBTC15M
KXBTC15M-26JUL241730,1.6254,yes,112.66,19.025,0,2026-07-24 21:30:06.039304+00:00,KXBTC15M-26JUL241730-30,100,112.66,77.501,2026-07-24,96.52600000000001,112.66,14.508599999999987,KXBTC15M
KXBTC15M-26JUL241700,4.2464,no,119.05,90.3053,0,2026-07-24 21:00:06.090469+00:00,KXBTC15M-26JUL241700-00,0,177.12,109.7205,2026-07-24,200.0258,119.05,-85.2222,KXBTC15M
KXBTC15M-26JUL241645,0.7305,no,49.69,34.783,0,2026-07-24 20:45:06.037195+00:00,KXBTC15M-26JUL241645-45,0,49.69,4.969,2026-07-24,39.752,49.69,9.207499999999996,KXBTC15M
KXBTC15M-26JUL241630,0.6057,yes,37.12,5.9392,0,2026-07-24 20:30:05.986405+00:00,KXBTC15M-26JUL241630-30,100,37.12,23.3856,2026-07-24,29.3248,37.12,7.189499999999998,KXBTC15M
KXBTC15M-26JUL241615,1.61132,no,68.95,43.1655,0,2026-07-24 20:15:05.994832+00:00,KXBTC15M-26JUL241615-15,0,68.95,20.46138,2026-07-24,63.62688,68.95,3.711800000000003,KXBTC15M
KXBTCD-26JUL2416,0.5433,no,36.28,25.0332,0,2026-07-24 20:02:36.092084+00:00,KXBTCD-26JUL2416-T64199.99,0,36.28,0.3628,2026-07-24,25.396,36.28,10.3407,KXBTCD
KXBTC15M-26JUL241545,0.5216,yes,33.97,3.397,0,2026-07-24 19:45:06.093897+00:00,KXBTC15M-26JUL241545-45,100,33.97,22.8066,2026-07-24,26.203599999999998,33.97,7.244800000000001,KXBTC15M
KXBTC15M-26JUL241530,0.64172,yes,63.65,3.61342,0,2026-07-24 19:30:06.087684+00:00,KXBTC15M-26JUL241530-30,100,63.65,50.06366,2026-07-24,53.67708,63.65,9.331200000000003,KXBTC15M
KXBTC15M-26JUL241515,0.4602,no,26.68,14.9408,0,2026-07-24 19:15:06.030109+00:00,KXBTC15M-26JUL241515-15,0,26.68,3.2016,2026-07-24,18.1424,26.68,8.0774,KXBTC15M
KXBTCD-26JUL2415,0.3451,yes,30.81,0.6162,0,2026-07-24 19:02:36.149630+00:00,KXBTCD-26JUL2415-T64199.99,100,30.81,24.648,2026-07-24,25.2642,30.81,5.200699999999999,KXBTCD
KXBTCD-26JUL2415,0.3609,yes,26.79,1.0716,0,2026-07-24 19:02:36.149630+00:00,KXBTCD-26JUL2415-T64099.99,100,26.79,19.8246,2026-07-24,20.8962,26.79,5.532899999999999,KXBTCD
KXBTC15M-26JUL241445,0.3486,yes,22.19,1.9971,0,2026-07-24 18:45:06.094710+00:00,KXBTC15M-26JUL241445-45,100,22.19,14.6454,2026-07-24,16.642500000000002,22.19,5.198899999999999,KXBTC15M
KXBTC15M-26JUL241430,0.21834,no,15.14,10.7494,0,2026-07-24 18:30:05.985368+00:00,KXBTC15M-26JUL241430-30,0,15.14,0.13626,2026-07-24,10.88566,15.14,4.0360000000000005,KXBTC15M
KXBTC15M-26JUL241415,0.8854,yes,51.1,28.105,0,2026-07-24 18:15:05.988191+00:00,KXBTC15M-26JUL241415-15,100,0.0,0.0,2026-07-24,28.105,0.0,-28.9904,KXBTC15M
KXBTCD-26JUL2414,1.7606,yes,54.04,35.126,0,2026-07-24 18:02:36.097862+00:00,KXBTCD-26JUL2414-T64099.99,100,54.04,32.9644,2026-07-24,68.09039999999999,54.04,-15.81099999999999,KXBTCD
KXBTC15M-26JUL241400,5.551,yes,190.94,82.1996,0,2026-07-24 18:00:06.040869+00:00,KXBTC15M-26JUL241400-00,100,190.94,126.0342,2026-07-24,208.2338,190.94,-22.844800000000006,KXBTC15M
KXBTC15M-26JUL241345,3.66264,yes,128.83,49.7631,6206,2026-07-24 17:45:05.985669+00:00,KXBTC15M-26JUL241345-45,100,190.89,155.14186,2026-07-24,204.90496000000002,190.89,-17.67760000000003,KXBTC15M
KXBTC15M-26JUL241315,1.5504,no,121.5,88.427,0,2026-07-24 17:15:06.037357+00:00,KXBTC15M-26JUL241315-15,0,121.5,4.7765,2026-07-24,93.2035,121.5,26.746099999999995,KXBTC15M
KXBTCD-26JUL2413,1.3558,yes,59.35,42.1385,0,2026-07-24 17:02:46.091893+00:00,KXBTCD-26JUL2413-T63899.99,100,59.35,51.041,2026-07-24,93.17949999999999,59.35,-35.18529999999999,KXBTCD
KXBTC15M-26JUL241300,1.0753,yes,34.04,24.5088,0,2026-07-24 17:00:06.037185+00:00,KXBTC15M-26JUL241300-00,100,34.04,17.7008,2026-07-24,42.2096,34.04,-9.244900000000003,KXBTC15M
KXBTC15M-26JUL241245,0.3128,no,49.64,44.676,0,2026-07-24 16:45:06.032270+00:00,KXBTC15M-26JUL241245-45,0,49.64,1.4892,2026-07-24,46.1652,49.64,3.1620000000000017,KXBTC15M
KXBTC15M-26JUL241230,0.52116,no,33.17,21.8922,0,2026-07-24 16:30:06.036222+00:00,KXBTC15M-26JUL241230-30,0,33.17,0.06634,2026-07-24,21.95854,33.17,10.690300000000002,KXBTC15M
KXBTCD-26JUL2412,0.0017,no,0.12,0.0864,12,2026-07-24 16:02:46.095997+00:00,KXBTCD-26JUL2412-T64099.99,0,0.0,0.0,2026-07-24,0.0864,0.12,0.03189999999999999,KXBTCD
KXBTCD-26JUL2408,0.4082,yes,15.22,12.6326,0,2026-07-24 12:02:36.076153+00:00,KXBTCD-26JUL2408-T64899.99,100,15.22,8.9798,2026-07-24,21.6124,15.22,-6.8006,KXBTCD
KXBTCD-26JUL2408,0.4614,yes,18.28,13.1376,0,2026-07-24 12:02:36.075767+00:00,KXBTCD-26JUL2408-T64999.99,100,13.11,8.7837,2026-07-24,21.921300000000002,13.11,-9.272700000000002,KXBTCD
KXBTC15M-26JUL240800,0.9778,yes,35.37,18.607,0,2026-07-24 12:00:06.023934+00:00,KXBTC15M-26JUL240800-00,100,35.37,17.373,2026-07-24,35.980000000000004,35.37,-1.5878000000000065,KXBTC15M
KXBTC15M-26JUL240745,0.3027,no,18.55,11.6865,0,2026-07-24 11:45:06.018734+00:00,KXBTC15M-26JUL240745-45,0,18.55,1.2985,2026-07-24,12.985000000000001,18.55,5.2623,KXBTC15M
KXBTC15M-26JUL240715,0.5765,yes,23.73,12.5769,0,2026-07-24 11:15:06.018428+00:00,KXBTC15M-26JUL240715-15,100,23.73,21.1197,2026-07-24,33.696600000000004,23.73,-10.543100000000003,KXBTC15M
KXBTCD-26JUL2407,0.3986,no,23.93,14.5973,0,2026-07-24 11:02:36.075982+00:00,KXBTCD-26JUL2407-T64999.99,0,23.93,1.9144,2026-07-24,16.5117,23.93,7.0196999999999985,KXBTCD
KXBTCD-26JUL2407,0.8965,yes,45.85,18.1958,0,2026-07-24 11:02:36.075982+00:00,KXBTCD-26JUL2407-T64899.99,100,45.85,32.4164,2026-07-24,50.6122,45.85,-5.6587,KXBTCD
KXBTC15M-26JUL240700,0.1649,no,19.56,16.8216,0,2026-07-24 11:00:06.021305+00:00,KXBTC15M-26JUL240700-00,0,19.56,0.978,2026-07-24,17.7996,19.56,1.595499999999997,KXBTC15M
KXBTC15M-26JUL240645,3.20756,yes,116.81,53.66124,0,2026-07-24 10:45:05.973836+00:00,KXBTC15M-26JUL240645-45,100,116.81,83.6858,2026-07-24,137.34704,116.81,-23.74459999999999,KXBTC15M
KXBTC15M-26JUL240630,6.0937,yes,204.58,97.666,0,2026-07-24 10:30:06.019406+00:00,KXBTC15M-26JUL240630-30,100,204.58,140.7348,2026-07-24,238.4008,204.58,-39.91449999999999,KXBTC15M
KXBTC15M-26JUL240615,0.94355,no,91.64,71.03325,4295,2026-07-24 10:15:05.967313+00:00,KXBTC15M-26JUL240615-15,0,48.69,7.3035,2026-07-24,78.33675,91.64,12.359700000000005,KXBTC15M
KXBTCD-26JUL2406,0.2488,no,24.08,19.7456,0,2026-07-24 10:02:46.082313+00:00,KXBTCD-26JUL2406-T65099.99,0,24.08,0.9632,2026-07-24,20.7088,24.08,3.122399999999998,KXBTCD
KXBTC15M-26JUL240600,0.59895,yes,108.77,2.13412,0,2026-07-24 10:00:05.968568+00:00,KXBTC15M-26JUL240600-00,100,108.77,101.53533,2026-07-24,103.66945,108.77,4.501599999999998,KXBTC15M
KXBTC15M-26JUL240545,0.5578,yes,35.51,2.4857,0,2026-07-24 09:45:06.020260+00:00,KXBTC15M-26JUL240545-45,100,35.51,23.4366,2026-07-24,25.9223,35.51,9.029899999999998,KXBTC15M
KXBTC15M-26JUL240530,1.56217,no,86.09,60.91933,0,2026-07-24 09:30:06.015290+00:00,KXBTC15M-26JUL240530-30,0,86.09,15.3622,2026-07-24,76.28153,86.09,8.2463,KXBTC15M
KXBTC15M-26JUL240515,0.2736,no,26.48,21.7136,0,2026-07-24 09:15:06.020438+00:00,KXBTC15M-26JUL240515-15,0,26.48,0.3972,2026-07-24,22.1108,26.48,4.095599999999999,KXBTC15M
KXBTCD-26JUL2405,0.4065,no,25.52,16.588,0,2026-07-24 09:02:36.075537+00:00,KXBTCD-26JUL2405-T65399.99,0,25.52,2.2968,2026-07-24,18.884800000000002,25.52,6.228699999999997,KXBTCD
KXBTCD-26JUL2405,0.4966,no,32.08,21.4936,0,2026-07-24 09:02:36.075537+00:00,KXBTCD-26JUL2405-T65299.99,0,32.08,1.9248,2026-07-24,23.418400000000002,32.08,8.164999999999996,KXBTCD
KXBTC15M-26JUL240445,0.25,yes,17.71,0.7084,0,2026-07-24 08:45:06.022273+00:00,KXBTC15M-26JUL240445-45,100,17.71,12.751,2026-07-24,13.459399999999999,17.71,4.000600000000002,KXBTC15M
KXBTC15M-26JUL240430,0.69894,no,33.0,29.7,0,2026-07-24 08:30:06.021843+00:00,KXBTC15M-26JUL240430-30,0,33.0,17.51136,2026-07-24,47.21136,33.0,-14.9103,KXBTC15M
KXBTC15M-26JUL240415,0.6999,no,54.46,40.2808,0,2026-07-24 08:15:06.021202+00:00,KXBTC15M-26JUL240415-15,0,54.46,2.3842,2026-07-24,42.665,54.46,11.095100000000002,KXBTC15M
KXBTCD-26JUL2404,1.0093,yes,43.13,18.6607,0,2026-07-24 08:02:36.081666+00:00,KXBTCD-26JUL2404-T65399.99,100,43.13,29.3284,2026-07-24,47.98909999999999,43.13,-5.8683999999999905,KXBTCD
KXBTCD-26JUL2404,0.3496,yes,23.78,0.7134,0,2026-07-24 08:02:36.081666+00:00,KXBTCD-26JUL2404-T65299.99,100,23.78,16.646,2026-07-24,17.3594,23.78,6.071000000000001,KXBTCD
KXBTC15M-26JUL240345,2.1518,no,71.31,52.6868,0,2026-07-24 07:45:05.972936+00:00,KXBTC15M-26JUL240345-45,0,71.31,39.629,2026-07-24,92.3158,71.31,-23.157599999999995,KXBTC15M
KXBTC15M-26JUL240330,4.5108,no,168.24,108.7098,0,2026-07-24 07:30:06.023873+00:00,KXBTC15M-26JUL240330-30,0,168.24,74.5243,2026-07-24,183.2341,168.24,-19.504900000000003,KXBTC15M
KXBTC15M-26JUL240315,0.6584,yes,43.97,4.397,0,2026-07-24 07:15:06.029668+00:00,KXBTC15M-26JUL240315-15,100,43.97,30.3393,2026-07-24,34.7363,43.97,8.575299999999999,KXBTC15M
KXBTCD-26JUL2403,6.0884,yes,210.06,132.8826,0,2026-07-24 07:02:36.082021+00:00,KXBTCD-26JUL2403-T65399.99,100,210.06,156.5436,2026-07-24,289.4262,210.06,-85.4546,KXBTCD
KXBTC15M-26JUL240245,0.4599,yes,58.09,1.7427,0,2026-07-24 06:45:06.029473+00:00,KXBTC15M-26JUL240245-45,100,58.09,50.5383,2026-07-24,52.281,58.09,5.349100000000004,KXBTC15M
KXBTC15M-26JUL240200,11.22466,yes,404.1,275.9288,0,2026-07-24 06:00:05.988569+00:00,KXBTC15M-26JUL240200-00,100,404.1,291.51814,2026-07-24,567.44694,404.1,-174.57160000000002,KXBTC15M
KXBTC15M-26JUL240130,1.71834,no,144.81,99.28653,0,2026-07-24 05:30:06.037815+00:00,KXBTC15M-26JUL240130-30,0,144.81,15.88173,2026-07-24,115.16826,144.81,27.923399999999997,KXBTC15M
KXBTC15M-26JUL240030,0.0102,yes,1.08,0.9072,0,2026-07-24 04:30:06.046826+00:00,KXBTC15M-26JUL240030-30,100,0.0,0.0,2026-07-24,0.9072,0.0,-0.9174,KXBTC15M
KXBTC15M-26JUL240015,0.0149,no,0.9,0.558,90,2026-07-24 04:15:06.045776+00:00,KXBTC15M-26JUL240015-15,0,0.0,0.0,2026-07-24,0.558,0.9,0.32709999999999995,KXBTC15M
KXBTC15M-26JUL240000,0.0092,yes,0.0,0.0,57,2026-07-24 04:00:05.990984+00:00,KXBTC15M-26JUL240000-00,100,0.57,0.3648,2026-07-24,0.3648,0.57,0.19599999999999995,KXBTC15M
KXBTC15M-26JUL232345,0.3088,yes,24.58,11.8136,0,2026-07-24 03:45:06.045812+00:00,KXBTC15M-26JUL232345-45,100,12.31,7.4945,2026-07-24,19.3081,12.31,-7.306899999999999,KXBTC15M
KXBTC15M-26JUL232330,0.1168,yes,0.0,0.0,770,2026-07-24 03:30:05.995520+00:00,KXBTC15M-26JUL232330-30,100,7.7,5.2564,2026-07-24,5.2564,7.7,2.3268,KXBTC15M
KXBTC15M-26JUL232315,0.6869,yes,25.11,13.0572,0,2026-07-24 03:15:06.045301+00:00,KXBTC15M-26JUL232315-15,100,25.11,20.8413,2026-07-24,33.8985,25.11,-9.475399999999999,KXBTC15M
KXBTC15M-26JUL232300,1.19011,yes,73.63,53.0705,0,2026-07-24 03:00:06.045387+00:00,KXBTC15M-26JUL232300-00,100,73.63,46.87419,2026-07-24,99.94469000000001,73.63,-27.504800000000014,KXBTC15M
KXBTC15M-26JUL232245,0.13812,no,31.97,29.85998,3197,2026-07-24 02:45:06.036138+00:00,KXBTC15M-26JUL232245-45,0,0.0,0.0,2026-07-24,29.85998,31.97,1.9718999999999987,KXBTC15M
KXBTC15M-26JUL232230,2.96258,no,153.87,110.9049,0,2026-07-24 02:30:06.046394+00:00,KXBTC15M-26JUL232230-30,0,153.87,30.13032,2026-07-24,141.03522,153.87,9.872199999999996,KXBTC15M
KXBTCD-26JUL2322,0.365,no,21.91,13.3651,0,2026-07-24 02:02:36.050780+00:00,KXBTCD-26JUL2322-T65099.99,0,21.91,1.7528,2026-07-24,15.1179,21.91,6.427099999999999,KXBTCD
KXBTC15M-26JUL232200,0.4703,no,30.53,19.4154,0,2026-07-24 02:00:06.047633+00:00,KXBTC15M-26JUL232200-00,0,30.53,0.3053,2026-07-24,19.7207,30.53,10.339,KXBTC15M
KXBTC15M-26JUL232145,0.92237,yes,46.79,32.2851,0,2026-07-24 01:45:06.046871+00:00,KXBTC15M-26JUL232145-45,100,46.79,43.37433,2026-07-24,75.65943,46.79,-29.791800000000002,KXBTC15M
KXBTC15M-26JUL232130,0.63996,yes,30.19,20.5292,0,2026-07-24 01:30:06.045688+00:00,KXBTC15M-26JUL232130-30,100,30.19,27.35214,2026-07-24,47.881339999999994,30.19,-18.33129999999999,KXBTC15M
KXBTCD-26JUL2321,2.2373,yes,99.84,38.0567,0,2026-07-24 01:02:36.103085+00:00,KXBTCD-26JUL2321-T64899.99,100,99.84,54.1849,2026-07-24,92.2416,99.84,5.361099999999999,KXBTCD
KXBTC15M-26JUL232100,0.4247,yes,28.36,2.2688,0,2026-07-24 01:00:06.044754+00:00,KXBTC15M-26JUL232100-00,100,28.36,19.5684,2026-07-24,21.8372,28.36,6.0981000000000005,KXBTC15M
KXBTC15M-26JUL232045,0.65756,no,71.83,59.70449,0,2026-07-24 00:45:06.037995+00:00,KXBTC15M-26JUL232045-45,0,71.83,3.29355,2026-07-24,62.99804,71.83,8.174399999999995,KXBTC15M
KXBTC15M-26JUL232030,0.69674,no,70.53,44.23325,0,2026-07-24 00:30:06.092520+00:00,KXBTC15M-26JUL232030-30,0,70.53,15.52791,2026-07-24,59.76116,70.53,10.072100000000004,KXBTC15M
KXBTC15M-26JUL232015,0.3595,no,57.59,51.6265,0,2026-07-24 00:15:06.038973+00:00,KXBTC15M-26JUL232015-15,0,57.59,1.1104,2026-07-24,52.7369,57.59,4.493600000000005,KXBTC15M
KXBTCD-26JUL2320,1.0424,no,53.02,41.4182,0,2026-07-24 00:02:46.092105+00:00,KXBTCD-26JUL2320-T65099.99,0,53.02,19.8295,2026-07-24,61.247699999999995,53.02,-9.270099999999992,KXBTCD
KXBTCD-26JUL2320,0.2061,yes,27.87,0.2787,0,2026-07-24 00:02:46.092105+00:00,KXBTCD-26JUL2320-T64999.99,100,27.87,24.5256,2026-07-24,24.8043,27.87,2.8595999999999995,KXBTCD
KXBTC15M-26JUL231945,0.3559,yes,34.1,0.0682,0,2026-07-23 23:45:06.049270+00:00,KXBTC15M-26JUL231945-45,100,34.1,27.8815,2026-07-23,27.9497,34.1,5.794400000000001,KXBTC15M
KXBTC15M-26JUL231930,2.442,no,98.21,61.5534,2750,2026-07-23 23:30:06.044183+00:00,KXBTC15M-26JUL231930-30,0,70.71,46.2003,2026-07-23,107.75370000000001,98.21,-11.985700000000016,KXBTC15M
KXBTC15M-26JUL231915,0.4542,no,27.83,17.5329,0,2026-07-23 23:15:06.044520+00:00,KXBTC15M-26JUL231915-15,0,27.83,1.6698,2026-07-23,19.2027,27.83,8.173099999999998,KXBTC15M
KXBTCD-26JUL2319,0.3915,yes,30.66,0.3066,0,2026-07-23 23:02:36.042006+00:00,KXBTCD-26JUL2319-T65099.99,100,30.66,23.3016,2026-07-23,23.6082,30.66,6.6603,KXBTCD
KXBTC15M-26JUL231900,0.53098,no,56.54,44.45002,0,2026-07-23 23:00:06.044423+00:00,KXBTC15M-26JUL231900-00,0,56.54,1.1619,2026-07-23,45.611920000000005,56.54,10.397099999999995,KXBTC15M
KXBTC15M-26JUL231845,0.9252,yes,26.8,14.5264,1497,2026-07-23 22:45:06.042752+00:00,KXBTC15M-26JUL231845-45,100,41.77,33.5657,2026-07-23,48.0921,41.77,-7.247299999999999,KXBTC15M
KXBTC15M-26JUL231830,0.60501,yes,26.43,14.5365,0,2026-07-23 22:30:06.039211+00:00,KXBTC15M-26JUL231830-30,100,26.43,24.13059,2026-07-23,38.66709,26.43,-12.842100000000002,KXBTC15M
KXBTC15M-26JUL231815,2.86993,no,140.82,81.0864,3451,2026-07-23 22:15:06.036526+00:00,KXBTC15M-26JUL231815-15,0,106.31,95.56557,2026-07-23,176.65197,140.82,-38.70190000000001,KXBTC15M
KXBTCD-26JUL2318,7.8033,yes,322.52,263.8256,0,2026-07-23 22:02:36.099446+00:00,KXBTCD-26JUL2318-T65099.99,100,322.52,218.0514,2026-07-23,481.877,322.52,-167.16030000000003,KXBTCD
KXBTC15M-26JUL231800,1.23,yes,76.23,6.0984,0,2026-07-23 22:00:06.043465+00:00,KXBTC15M-26JUL231800-00,100,76.23,48.7647,2026-07-23,54.863099999999996,76.23,20.136900000000008,KXBTC15M
KXBTC15M-26JUL231745,1.19298,no,81.14,56.798,0,2026-07-23 21:45:06.042640+00:00,KXBTC15M-26JUL231745-45,0,81.14,1.05482,2026-07-23,57.85282,81.14,22.0942,KXBTC15M
KXBTC15M-26JUL231730,3.18043,yes,239.66,51.4733,0,2026-07-23 21:30:06.044697+00:00,KXBTC15M-26JUL231730-30,100,239.66,208.59057,2026-07-23,260.06387,239.66,-23.584300000000013,KXBTC15M
KXBTC15M-26JUL231715,1.6463,no,111.86,78.0304,0,2026-07-23 21:15:06.088183+00:00,KXBTC15M-26JUL231715-15,0,111.86,0.5593,2026-07-23,78.5897,111.86,31.624000000000006,KXBTC15M
KXBTC15M-26JUL231700,5.3914,yes,247.24,75.723,0,2026-07-23 21:00:06.094884+00:00,KXBTC15M-26JUL231700-00,100,247.24,161.282,2026-07-23,237.005,247.24,4.843600000000014,KXBTC15M
KXBTC15M-26JUL231645,1.0201,no,73.93,53.9689,0,2026-07-23 20:45:06.331964+00:00,KXBTC15M-26JUL231645-45,0,73.93,3.6965,2026-07-23,57.6654,73.93,15.24450000000001,KXBTC15M
KXBTC15M-26JUL231600,3.2562,yes,142.39,55.0399,0,2026-07-23 20:00:06.042073+00:00,KXBTC15M-26JUL231600-00,100,142.39,109.5629,2026-07-23,164.6028,142.39,-25.469000000000015,KXBTC15M
KXBTC15M-26JUL231545,7.02868,no,373.1,239.13864,0,2026-07-23 19:45:06.684599+00:00,KXBTC15M-26JUL231545-45,0,373.1,116.51018,2026-07-23,355.64882,373.1,10.422500000000023,KXBTC15M
KXBTC15M-26JUL231530,4.0274,yes,174.96,35.916,0,2026-07-23 19:30:06.030869+00:00,KXBTC15M-26JUL231530-30,100,174.96,115.0301,2026-07-23,150.9461,174.96,19.986500000000007,KXBTC15M
KXBTC15M-26JUL231515,3.8713,no,166.1,68.1158,0,2026-07-23 19:15:06.039512+00:00,KXBTC15M-26JUL231515-15,0,166.1,67.99,2026-07-23,136.1058,166.1,26.122900000000005,KXBTC15M
KXBTCD-26JUL2315,1.2348,no,125.01,103.7583,0,2026-07-23 19:02:46.192860+00:00,KXBTCD-26JUL2315-T64899.99,0,125.01,5.0004,2026-07-23,108.7587,125.01,15.0165,KXBTCD
KXBTCD-26JUL2315,8.3486,yes,435.0,186.5454,0,2026-07-23 19:02:46.192191+00:00,KXBTCD-26JUL2315-T64799.99,100,313.64,259.2024,2026-07-23,445.7478,313.64,-140.4564,KXBTCD
KXBTC15M-26JUL231430,3.58676,yes,198.89,39.32934,0,2026-07-23 18:30:05.987321+00:00,KXBTC15M-26JUL231430-30,100,198.89,151.2955,2026-07-23,190.62484,198.89,4.67839999999998,KXBTC15M
KXBTC15M-26JUL231415,0.826,yes,64.69,4.5283,0,2026-07-23 18:15:06.037005+00:00,KXBTC15M-26JUL231415-15,100,64.69,49.1644,2026-07-23,53.6927,64.69,10.171299999999995,KXBTC15M
KXBTC15M-26JUL231400,4.10904,no,229.28,176.323,0,2026-07-23 18:00:05.987712+00:00,KXBTC15M-26JUL231400-00,0,229.28,50.00776,2026-07-23,226.33076,229.28,-1.159799999999997,KXBTC15M
KXBTC15M-26JUL231345,1.2054,no,135.04,114.784,0,2026-07-23 17:45:06.085199+00:00,KXBTC15M-26JUL231345-45,0,135.04,4.0512,2026-07-23,118.8352,135.04,14.99939999999999,KXBTC15M
KXBTC15M-26JUL231315,1.1173,no,73.35,49.878,0,2026-07-23 17:15:06.088128+00:00,KXBTC15M-26JUL231315-15,0,73.35,7.335,2026-07-23,57.213,73.35,15.019699999999993,KXBTC15M
KXBTCD-26JUL2313,5.653,yes,271.26,68.7466,0,2026-07-23 17:02:36.145998+00:00,KXBTCD-26JUL2313-T64699.99,100,271.26,195.2279,2026-07-23,263.97450000000003,271.26,1.6324999999999568,KXBTCD
KXBTC15M-26JUL231245,0.7643,no,63.62,49.6236,0,2026-07-23 16:45:06.087609+00:00,KXBTC15M-26JUL231245-45,0,63.62,5.0896,2026-07-23,54.7132,63.62,8.142499999999997,KXBTC15M
KXBTCD-26JUL2312,0.7056,yes,71.43,0.7143,0,2026-07-23 16:02:36.094540+00:00,KXBTCD-26JUL2312-T64899.99,100,71.43,59.2869,2026-07-23,60.001200000000004,71.43,10.723200000000002,KXBTCD
KXBTC15M-26JUL231200,0.75316,yes,80.04,0.08004,0,2026-07-23 16:00:06.085628+00:00,KXBTC15M-26JUL231200-00,100,80.04,67.2336,2026-07-23,67.31363999999999,80.04,11.973200000000014,KXBTC15M
KXBTC15M-26JUL231130,0.60588,yes,108.94,0.5447,0,2026-07-23 15:30:06.077461+00:00,KXBTC15M-26JUL231130-30,100,108.94,99.46222,2026-07-23,100.00692000000001,108.94,8.32719999999999,KXBTC15M
KXBTC15M-26JUL231115,0.8805,no,56.88,38.1096,0,2026-07-23 15:15:06.038048+00:00,KXBTC15M-26JUL231115-15,0,56.88,6.8256,2026-07-23,44.9352,56.88,11.064300000000001,KXBTC15M
KXBTCD-26JUL2311,3.0085,no,144.86,103.525,0,2026-07-23 15:06:36.096384+00:00,KXBTCD-26JUL2311-T64899.99,0,144.86,53.7604,2026-07-23,157.2854,144.86,-15.433899999999996,KXBTCD
KXBTCD-26JUL2311,1.3178,yes,158.21,1.5821,0,2026-07-23 15:06:36.096384+00:00,KXBTCD-26JUL2311-T64799.99,100,158.21,134.6573,2026-07-23,136.2394,158.21,20.65280000000002,KXBTCD
KXBTC15M-26JUL231045,8.0026,no,355.0,192.8888,16371,2026-07-23 14:45:06.036018+00:00,KXBTC15M-26JUL231045-45,0,191.29,154.7399,2026-07-23,347.6287,355.0,-0.63129999999998,KXBTC15M
KXBTC15M-26JUL231030,0.32166,yes,75.59,0.07559,0,2026-07-23 14:30:06.082553+00:00,KXBTC15M-26JUL231030-30,100,75.59,70.67665,2026-07-23,70.75224,75.59,4.516100000000003,KXBTC15M
KXBTC15M-26JUL231015,0.9419,yes,66.73,6.673,0,2026-07-23 14:15:06.034417+00:00,KXBTC15M-26JUL231015-15,100,66.73,48.0456,2026-07-23,54.7186,66.73,11.069500000000001,KXBTC15M
KXBTCD-26JUL2310,4.6692,no,198.45,119.1401,0,2026-07-23 14:02:46.147062+00:00,KXBTCD-26JUL2310-T64999.99,0,198.45,62.3155,2026-07-23,181.4556,198.45,12.325199999999985,KXBTCD
KXBTCD-26JUL2310,0.735,yes,68.22,1.3644,0,2026-07-23 14:02:46.147062+00:00,KXBTCD-26JUL2310-T64799.99,100,68.22,55.2582,2026-07-23,56.622600000000006,68.22,10.862399999999994,KXBTCD
KXBTCD-26JUL2310,0.8088,no,78.28,64.1896,7828,2026-07-23 14:02:46.146456+00:00,KXBTCD-26JUL2310-T64899.99,0,0.0,0.0,2026-07-23,64.1896,78.28,13.281600000000003,KXBTCD
KXBTC15M-26JUL230945,0.7173,yes,45.04,2.252,0,2026-07-23 13:45:06.033877+00:00,KXBTC15M-26JUL230945-45,100,45.04,29.276,2026-07-23,31.528,45.04,12.7947,KXBTC15M
KXBTC15M-26JUL230245,4.9918,yes,159.16,103.454,0,2026-07-23 06:45:04.033231+00:00,KXBTC15M-26JUL230245-45,100,159.16,106.627,2026-07-23,210.081,159.16,-55.91279999999999,KXBTC15M
KXBTC15M-26JUL230230,26.1746,yes,1014.82,578.6204,0,2026-07-23 06:30:04.033204+00:00,KXBTC15M-26JUL230230-30,100,1014.82,659.8923,2026-07-23,1238.5127,1014.82,-249.86729999999994,KXBTC15M
KXBTC15M-26JUL230215,1.1534,no,81.72,58.8384,0,2026-07-23 06:15:04.029296+00:00,KXBTC15M-26JUL230215-15,0,81.72,6.5376,2026-07-23,65.376,81.72,15.190599999999995,KXBTC15M
KXBTC15M-26JUL230145,1.09162,yes,62.77,2.76188,0,2026-07-23 05:45:04.035762+00:00,KXBTC15M-26JUL230145-45,100,62.77,33.8958,2026-07-23,36.65768,62.77,25.020700000000005,KXBTC15M
KXBTC15M-26JUL230130,4.08389,yes,267.74,51.30021,0,2026-07-23 05:30:04.035157+00:00,KXBTC15M-26JUL230130-30,100,267.74,216.723,2026-07-23,268.02321,267.74,-4.367099999999997,KXBTC15M
KXBTC15M-26JUL230100,0.8424,no,69.93,54.4854,3,2026-07-23 05:00:04.034516+00:00,KXBTC15M-26JUL230100-00,0,69.9,1.398,2026-07-23,55.8834,69.93,13.204200000000005,KXBTC15M
KXBTC15M-26JUL222215,6.05985,no,266.74,174.2704,0,2026-07-23 02:15:03.992417+00:00,KXBTC15M-26JUL222215-15,0,266.74,65.69745,2026-07-23,239.96785,266.74,20.71230000000001,KXBTC15M
KXBTCD-26JUL2222,1.666,yes,0.0,0.0,22537,2026-07-23 02:02:34.357581+00:00,KXBTCD-26JUL2222-T65799.99,100,225.37,198.3256,2026-07-23,198.3256,225.37,25.378399999999996,KXBTCD
KXBTC15M-26JUL222200,1.0724,yes,79.62,8.7582,0,2026-07-23 02:00:04.306251+00:00,KXBTC15M-26JUL222200-00,100,79.62,58.9188,2026-07-23,67.67699999999999,79.62,10.870600000000012,KXBTC15M
KXBTC15M-26JUL222115,1.2688,no,89.9,64.728,0,2026-07-23 01:15:03.991593+00:00,KXBTC15M-26JUL222115-15,0,89.9,0.7192,2026-07-23,65.4472,89.9,23.18400000000001,KXBTC15M
KXBTCD-26JUL2221,1.2901,no,98.28,73.71,0,2026-07-23 01:02:34.047137+00:00,KXBTCD-26JUL2221-T66099.99,0,98.28,2.9484,2026-07-23,76.6584,98.28,20.331500000000002,KXBTCD
KXBTCD-26JUL2221,0.8237,yes,0.0,0.0,30642,2026-07-23 01:02:34.046461+00:00,KXBTCD-26JUL2221-T65999.99,100,306.42,294.1632,2026-07-23,294.1632,306.42,11.433099999999998,KXBTCD
KXBTC15M-26JUL222045,0.75281,no,76.19,63.2377,0,2026-07-23 00:45:03.986856+00:00,KXBTC15M-26JUL222045-45,0,76.19,1.59999,2026-07-23,64.83769,76.19,10.599500000000003,KXBTC15M
KXBTCD-26JUL2219,18.6447,yes,444.3,257.5616,22335,2026-07-22 23:02:34.040618+00:00,KXBTCD-26JUL2219-T65999.99,100,667.65,393.4639,2026-07-22,651.0255,667.65,-2.0201999999999884,KXBTCD
KXBTCD-26JUL2218,1.7254,no,118.02,81.4443,0,2026-07-22 22:02:34.040193+00:00,KXBTCD-26JUL2218-T66099.99,0,118.02,7.0812,2026-07-22,88.5255,118.02,27.7691,KXBTCD
KXBTCD-26JUL2218,1.2442,yes,120.42,4.8168,0,2026-07-22 22:02:34.040193+00:00,KXBTCD-26JUL2218-T65999.99,100,120.42,98.7444,2026-07-22,103.5612,120.42,15.614600000000003,KXBTCD
KXBTC15M-26JUL221730,0.86564,no,121.5,107.27016,0,2026-07-22 21:30:03.990724+00:00,KXBTC15M-26JUL221730-30,0,121.5,0.6075,2026-07-22,107.87766,121.5,12.756699999999995,KXBTC15M
KXBTC15M-26JUL221700,0.6443,no,50.46,38.3496,0,2026-07-22 21:00:03.987630+00:00,KXBTC15M-26JUL221700-00,0,50.46,0.2523,2026-07-22,38.6019,50.46,11.2138,KXBTC15M
KXBTC15M-26JUL221630,0.4935,yes,0.0,0.0,7833,2026-07-22 20:30:04.377812+00:00,KXBTC15M-26JUL221630-30,100,78.33,70.497,2026-07-22,70.497,78.33,7.339499999999998,KXBTC15M
KXBTCD-26JUL2216,3.3921,yes,137.42,27.5612,0,2026-07-22 20:04:54.087680+00:00,KXBTCD-26JUL2216-T65899.99,100,137.42,80.7969,2026-07-22,108.3581,137.42,25.669799999999995,KXBTCD
KXBTC15M-26JUL221600,1.0973,yes,73.28,6.5952,0,2026-07-22 20:00:03.986723+00:00,KXBTC15M-26JUL221600-00,100,73.28,50.5631,2026-07-22,57.1583,73.28,15.024400000000004,KXBTC15M
KXBTC15M-26JUL221545,3.0153,no,156.15,112.6431,0,2026-07-22 19:45:03.983249+00:00,KXBTC15M-26JUL221545-45,0,156.15,30.698,2026-07-22,143.3411,156.15,9.793599999999994,KXBTC15M
KXBTC15M-26JUL221515,0.63772,no,43.37,30.359,0,2026-07-22 19:15:03.978088+00:00,KXBTC15M-26JUL221515-15,0,43.37,2.34198,2026-07-22,32.70098,43.37,10.031299999999996,KXBTC15M
KXBTCD-26JUL2215,0.6608,no,51.75,39.33,0,2026-07-22 19:02:34.040525+00:00,KXBTCD-26JUL2215-T65899.99,0,51.75,0.5175,2026-07-22,39.8475,51.75,11.241700000000003,KXBTCD
KXBTC15M-26JUL221500,1.1659,yes,70.69,10.6035,0,2026-07-22 19:00:03.978696+00:00,KXBTC15M-26JUL221500-00,100,70.69,43.8278,2026-07-22,54.43130000000001,70.69,15.09279999999999,KXBTC15M
KXBTC15M-26JUL221445,0.67872,no,46.17,32.319,0,2026-07-22 18:45:03.969778+00:00,KXBTC15M-26JUL221445-45,0,46.17,2.03148,2026-07-22,34.350480000000005,46.17,11.140799999999997,KXBTC15M
KXBTC15M-26JUL221430,1.64634,no,146.78,132.31196,0,2026-07-22 18:30:03.970443+00:00,KXBTC15M-26JUL221430-30,0,146.78,38.7147,2026-07-22,171.02666,146.78,-25.89299999999999,KXBTC15M
KXBTC15M-26JUL221415,15.03905,no,556.87,353.0924,0,2026-07-22 18:15:03.984669+00:00,KXBTC15M-26JUL221415-15,0,556.87,261.55585,2026-07-22,614.64825,556.87,-72.81729999999996,KXBTC15M
KXBTCD-26JUL2214,5.4493,no,286.9,183.3466,0,2026-07-22 18:13:24.044480+00:00,KXBTCD-26JUL2214-T66099.99,0,286.9,97.4003,2026-07-22,280.7469,286.9,0.7037999999999949,KXBTCD
KXBTCD-26JUL2214,9.4508,yes,361.98,149.4922,0,2026-07-22 18:13:24.044480+00:00,KXBTCD-26JUL2214-T65999.99,100,361.98,227.1202,2026-07-22,376.6124,361.98,-24.083199999999962,KXBTCD
KXBTC15M-26JUL221330,0.7199,no,48.97,34.279,0,2026-07-22 17:30:03.973928+00:00,KXBTC15M-26JUL221330-30,0,48.97,3.9176,2026-07-22,38.196600000000004,48.97,10.053499999999996,KXBTC15M
KXBTC15M-26JUL221315,1.0283,no,65.46,43.2036,0,2026-07-22 17:15:03.986237+00:00,KXBTC15M-26JUL221315-15,0,65.46,9.819,2026-07-22,53.022600000000004,65.46,11.40909999999999,KXBTC15M
KXBTCD-26JUL2213,3.1156,yes,201.43,40.4128,0,2026-07-22 17:02:44.051619+00:00,KXBTCD-26JUL2213-T66199.99,100,201.43,162.6825,2026-07-22,203.0953,201.43,-4.780900000000003,KXBTCD
KXBTC15M-26JUL221300,0.37535,no,59.57,53.613,0,2026-07-22 17:00:03.979827+00:00,KXBTC15M-26JUL221300-00,0,59.57,0.29785,2026-07-22,53.910849999999996,59.57,5.283800000000004,KXBTC15M
KXBTCD-26JUL2204,0.6244,yes,60.43,49.5526,0,2026-07-22 08:02:54.028761+00:00,KXBTCD-26JUL2204-T65799.99,100,0.0,0.0,2026-07-22,49.5526,0.0,-50.177,KXBTCD
KXBTCD-26JUL2204,0.0004,yes,0.02,0.0076,0,2026-07-22 08:02:54.028761+00:00,KXBTCD-26JUL2204-T65699.99,100,0.0,0.0,2026-07-22,0.0076,0.0,-0.008,KXBTCD
KXBTCD-26JUL2204,0.0006,yes,0.11,0.0088,0,2026-07-22 08:02:54.028761+00:00,KXBTCD-26JUL2204-T65599.99,100,0.0,0.0,2026-07-22,0.0088,0.0,-0.0094,KXBTCD
KXBTC15M-26JUL220330,10.3233,no,372.85,248.337,4968,2026-07-22 07:30:03.976502+00:00,KXBTC15M-26JUL220330-30,0,323.17,227.6341,2026-07-22,475.9711,372.85,-113.44439999999996,KXBTC15M
KXBTC15M-26JUL220315,2.7283,no,234.41,179.2834,0,2026-07-22 07:15:03.976074+00:00,KXBTC15M-26JUL220315-15,0,234.41,19.4772,2026-07-22,198.7606,234.41,32.92109999999999,KXBTC15M
KXBTCD-26JUL2203,1.5926,no,91.15,47.398,0,2026-07-22 07:02:44.029032+00:00,KXBTCD-26JUL2203-T65899.99,0,91.15,0.9115,2026-07-22,48.3095,91.15,41.24790000000001,KXBTCD
KXBTC15M-26JUL220245,3.1708,yes,116.61,62.9694,0,2026-07-22 06:45:03.972701+00:00,KXBTC15M-26JUL220245-45,100,116.61,96.9723,2026-07-22,159.9417,116.61,-46.5025,KXBTC15M
KXBTC15M-26JUL220230,6.4938,no,302.78,211.6036,0,2026-07-22 06:30:03.978934+00:00,KXBTC15M-26JUL220230-30,0,302.78,49.8861,2026-07-22,261.48969999999997,302.78,34.7965,KXBTC15M
KXBTC15M-26JUL220215,22.7425,no,817.42,591.2006,0,2026-07-22 06:15:03.980065+00:00,KXBTC15M-26JUL220215-15,0,817.42,356.1958,2026-07-22,947.3964000000001,817.42,-152.71890000000013,KXBTC15M
KXBTCD-26JUL2202,2.5437,yes,251.43,5.0286,0,2026-07-22 06:02:44.035638+00:00,KXBTCD-26JUL2202-T65899.99,100,251.43,206.6991,2026-07-22,211.7277,251.43,37.15860000000001,KXBTCD
KXBTC15M-26JUL220200,9.5415,no,435.73,298.0828,0,2026-07-22 06:00:04.078917+00:00,KXBTC15M-26JUL220200-00,0,435.73,160.4174,2026-07-22,458.5002,435.73,-32.31169999999999,KXBTC15M
KXBTC15M-26JUL220145,10.3648,no,437.08,276.9894,0,2026-07-22 05:45:04.227014+00:00,KXBTC15M-26JUL220145-45,0,437.08,217.338,2026-07-22,494.3274,437.08,-67.61220000000003,KXBTC15M
KXBTC15M-26JUL220130,2.2205,no,129.42,73.7694,0,2026-07-22 05:30:03.977786+00:00,KXBTC15M-26JUL220130-30,0,129.42,12.942,2026-07-22,86.7114,129.42,40.48809999999999,KXBTC15M
KXBTCD-26JUL2201,2.2601,yes,204.07,8.1628,0,2026-07-22 05:02:34.032587+00:00,KXBTCD-26JUL2201-T66299.99,100,204.07,163.7247,2026-07-22,171.88750000000002,204.07,29.922399999999975,KXBTCD
KXBTC15M-26JUL220045,0.87475,yes,118.31,2.95775,0,2026-07-22 04:45:03.986342+00:00,KXBTC15M-26JUL220045-45,100,118.31,104.1128,2026-07-22,107.07055,118.31,10.364700000000004,KXBTC15M
KXBTC15M-26JUL220015,2.0014,yes,141.8,7.09,0,2026-07-22 04:15:03.985239+00:00,KXBTC15M-26JUL220015-15,100,141.8,102.096,2026-07-22,109.186,141.8,30.612600000000004,KXBTC15M
KXBTCD-26JUL2200,3.8211,no,267.7,262.346,0,2026-07-22 04:02:34.092119+00:00,KXBTCD-26JUL2200-T66199.99,0,267.7,202.452,2026-07-22,464.798,267.7,-200.91910000000001,KXBTCD
KXBTC15M-26JUL211815,1.0622,no,64.4,39.928,0,2026-07-21 22:15:03.993294+00:00,KXBTC15M-26JUL211815-15,0,64.4,8.372,2026-07-21,48.3,64.4,15.037800000000008,KXBTC15M
KXBTCD-26JUL2118,2.0584,no,271.48,237.9224,0,2026-07-21 22:03:04.042702+00:00,KXBTCD-26JUL2118-T66399.99,0,271.48,2.7148,2026-07-21,240.6372,271.48,28.784400000000012,KXBTCD
KXBTCD-26JUL2118,1.5286,yes,192.51,1.9251,0,2026-07-21 22:03:04.042702+00:00,KXBTCD-26JUL2118-T66299.99,100,192.51,167.4037,2026-07-21,169.32879999999997,192.51,21.652600000000017,KXBTCD
KXBTC15M-26JUL211745,15.7385,yes,626.77,221.9149,0,2026-07-21 21:45:04.043863+00:00,KXBTC15M-26JUL211745-45,100,626.77,441.8861,2026-07-21,663.8009999999999,626.77,-52.76949999999995,KXBTC15M
KXBTC15M-26JUL211730,4.69368,no,354.8,301.00542,0,2026-07-21 21:30:03.986395+00:00,KXBTC15M-26JUL211730-30,0,354.8,37.716,2026-07-21,338.72142,354.8,11.384899999999988,KXBTC15M
KXBTC15M-26JUL211715,1.77663,no,368.72,342.62584,0,2026-07-21 21:15:03.988297+00:00,KXBTC15M-26JUL211715-15,0,368.72,6.56643,2026-07-21,349.19227,368.72,17.75110000000002,KXBTC15M
KXBTCD-26JUL2117,0.9767,no,170.35,155.0185,0,2026-07-21 21:02:14.086632+00:00,KXBTCD-26JUL2117-T66499.99,0,170.35,1.7035,2026-07-21,156.72199999999998,170.35,12.651300000000015,KXBTCD
KXBTC15M-26JUL211700,1.2283,no,101.8,79.2432,0,2026-07-21 21:00:03.980009+00:00,KXBTC15M-26JUL211700-00,0,101.8,6.3116,2026-07-21,85.5548,101.8,15.016899999999996,KXBTC15M
KXBTC15M-26JUL211645,2.92908,yes,186.46,0.37292,0,2026-07-21 20:45:03.978869+00:00,KXBTC15M-26JUL211645-45,100,186.46,123.0636,2026-07-21,123.43651999999999,186.46,60.09440000000002,KXBTC15M
KXBTC15M-26JUL211630,0.36986,no,275.77,270.38714,27577,2026-07-21 20:30:03.984077+00:00,KXBTC15M-26JUL211630-30,0,0.0,0.0,2026-07-21,270.38714,275.77,5.012999999999994,KXBTC15M
KXBTC15M-26JUL211615,12.3351,no,400.94,296.4444,0,2026-07-21 20:15:03.995502+00:00,KXBTC15M-26JUL211615-15,0,400.94,216.5076,2026-07-21,512.952,400.94,-124.3471,KXBTC15M
KXBTCD-26JUL2116,0.7731,no,66.56,52.5824,0,2026-07-21 20:02:39.845639+00:00,KXBTCD-26JUL2116-T66499.99,0,66.56,2.6624,2026-07-21,55.2448,66.56,10.542100000000005,KXBTCD
KXBTCD-26JUL2116,2.4283,yes,126.25,90.9,0,2026-07-21 20:02:39.845639+00:00,KXBTCD-26JUL2116-T66399.99,100,126.25,116.2165,2026-07-21,207.1165,126.25,-83.29480000000001,KXBTCD
KXBTC15M-26JUL211600,5.93345,no,265.34,182.6724,0,2026-07-21 20:00:09.836142+00:00,KXBTC15M-26JUL211600-00,0,265.34,92.30155,2026-07-21,274.97395,265.34,-15.567400000000028,KXBTC15M
KXBTCD-26JUL2115,0.6938,yes,70.24,2.8096,0,2026-07-21 19:02:39.845089+00:00,KXBTCD-26JUL2115-T66199.99,100,70.24,58.2992,2026-07-21,61.1088,70.24,8.437399999999993,KXBTCD
KXBTC15M-26JUL211500,1.0591,yes,78.61,3.1444,0,2026-07-21 19:00:09.842754+00:00,KXBTC15M-26JUL211500-00,100,78.61,58.1714,2026-07-21,61.315799999999996,78.61,16.235100000000003,KXBTC15M
KXBTC15M-26JUL211445,0.5331,yes,40.61,1.6244,0,2026-07-21 18:45:09.836773+00:00,KXBTC15M-26JUL211445-45,100,40.61,30.4575,2026-07-21,32.0819,40.61,7.995000000000002,KXBTC15M
KXBTCD-26JUL2114,1.2435,no,75.4,46.748,0,2026-07-21 18:02:39.850250+00:00,KXBTCD-26JUL2114-T66199.99,0,75.4,0.754,2026-07-21,47.501999999999995,75.4,26.65450000000001,KXBTCD
KXBTCD-26JUL2114,0.4749,yes,56.34,1.1268,0,2026-07-21 18:02:39.850250+00:00,KXBTCD-26JUL2114-T66099.99,100,56.34,48.4524,2026-07-21,49.5792,56.34,6.285900000000003,KXBTCD
KXBTCD-26JUL2113,1.3575,no,126.0,102.06,0,2026-07-21 17:02:40.141577+00:00,KXBTCD-26JUL2113-T66599.99,0,126.0,1.26,2026-07-21,103.32000000000001,126.0,21.32249999999999,KXBTCD
KXBTC15M-26JUL211300,3.45745,no,198.89,159.3481,0,2026-07-21 17:00:09.836135+00:00,KXBTC15M-26JUL211300-00,0,198.89,50.41015,2026-07-21,209.75824999999998,198.89,-14.325699999999989,KXBTC15M
KXBTC15M-26JUL211230,0.8201,no,68.27,53.2506,0,2026-07-21 16:30:09.836275+00:00,KXBTC15M-26JUL211230-30,0,68.27,0.6827,2026-07-21,53.933299999999996,68.27,13.5166,KXBTC15M
KXBTCD-26JUL2112,1.6164,no,94.79,54.9782,0,2026-07-21 16:02:40.281877+00:00,KXBTCD-26JUL2112-T66699.99,0,94.79,7.5832,2026-07-21,62.5614,94.79,30.61220000000001,KXBTCD
KXBTCD-26JUL2112,0.787,yes,70.26,3.513,0,2026-07-21 16:02:40.281877+00:00,KXBTCD-26JUL2112-T66599.99,100,70.26,56.208,2026-07-21,59.721,70.26,9.752000000000008,KXBTCD
KXBTCD-26JUL2111,1.4398,yes,97.94,7.8352,0,2026-07-21 15:02:39.850387+00:00,KXBTCD-26JUL2111-T66799.99,100,97.94,68.558,2026-07-21,76.39320000000001,97.94,20.106999999999992,KXBTCD
KXBTCD-26JUL2111,0.4998,no,67.61,59.4968,6761,2026-07-21 15:02:39.849595+00:00,KXBTCD-26JUL2111-T66899.99,0,0.0,0.0,2026-07-21,59.4968,67.61,7.613399999999999,KXBTCD
KXBTC15M-26JUL211100,1.4448,yes,93.35,14.0025,0,2026-07-21 15:00:09.834498+00:00,KXBTC15M-26JUL211100-00,100,93.35,62.5445,2026-07-21,76.547,93.35,15.358199999999997,KXBTC15M
KXBTCD-26JUL2104,0.4678,no,74.25,66.825,0,2026-07-21 08:02:39.832117+00:00,KXBTCD-26JUL2104-T66199.99,0,74.25,0.7425,2026-07-21,67.56750000000001,74.25,6.21469999999999,KXBTCD
KXBTCD-26JUL2104,2.507,yes,117.17,22.2371,0,2026-07-21 08:02:39.832117+00:00,KXBTCD-26JUL2104-T66099.99,100,117.17,80.2075,2026-07-21,102.4446,117.17,12.218400000000008,KXBTCD
KXBTC15M-26JUL210400,0.77314,yes,69.02,2.96786,0,2026-07-21 08:00:09.818833+00:00,KXBTC15M-26JUL210400-00,100,69.02,55.216,2026-07-21,58.18386,69.02,10.062999999999994,KXBTC15M
KXBTC15M-26JUL210330,4.4081,yes,205.79,44.0198,0,2026-07-21 07:30:09.821087+00:00,KXBTC15M-26JUL210330-30,100,205.79,124.7135,2026-07-21,168.73329999999999,205.79,32.64860000000001,KXBTC15M
KXBTC15M-26JUL210315,3.5212,no,230.61,195.7938,14286,2026-07-21 07:15:09.831109+00:00,KXBTC15M-26JUL210315-15,0,87.75,53.5275,2026-07-21,249.3213,230.61,-22.232499999999995,KXBTC15M
KXBTCD-26JUL2102,0.7409,yes,44.58,0.4458,0,2026-07-21 06:02:29.889251+00:00,KXBTCD-26JUL2102-T65699.99,100,44.58,28.977,2026-07-21,29.4228,44.58,14.4163,KXBTCD
KXBTC15M-26JUL210200,0.63538,yes,66.17,1.96354,0,2026-07-21 06:00:09.837413+00:00,KXBTC15M-26JUL210200-00,100,66.17,55.33998,2026-07-21,57.30352,66.17,8.231100000000003,KXBTC15M
KXBTC15M-26JUL210145,0.7437,yes,47.34,31.2444,0,2026-07-21 05:45:09.835513+00:00,KXBTC15M-26JUL210145-45,100,47.34,5.2074,2026-07-21,36.4518,47.34,10.144500000000004,KXBTC15M
KXBTC15M-26JUL210115,9.2794,yes,349.89,142.2441,0,2026-07-21 05:15:09.840548+00:00,KXBTC15M-26JUL210115-15,100,349.89,216.1709,2026-07-21,358.41499999999996,349.89,-17.80439999999998,KXBTC15M
KXBTC15M-26JUL210045,0.9997,yes,58.62,8.2068,0,2026-07-21 04:45:09.844630+00:00,KXBTC15M-26JUL210045-45,100,58.62,33.9996,2026-07-21,42.2064,58.62,15.413899999999995,KXBTC15M
KXBTCD-26JUL2016,0.8832,no,50.48,4.5432,0,2026-07-20 20:02:29.895331+00:00,KXBTCD-26JUL2016-T65099.99,0,50.48,24.7352,2026-07-20,29.278399999999998,50.48,20.3184,KXBTCD
KXBTC15M-26JUL201600,3.47808,yes,141.91,38.59392,0,2026-07-20 20:00:09.844187+00:00,KXBTC15M-26JUL201600-00,100,141.91,84.9835,2026-07-20,123.57742,141.91,14.854499999999993,KXBTC15M
KXBTC15M-26JUL201545,7.1892,no,351.68,276.0734,0,2026-07-20 19:45:09.838722+00:00,KXBTC15M-26JUL201545-45,0,351.68,99.3178,2026-07-20,375.3912,351.68,-30.90040000000002,KXBTC15M
KXBTC15M-26JUL201515,3.80498,no,166.54,102.168,0,2026-07-20 19:15:09.836358+00:00,KXBTC15M-26JUL201515-15,0,166.54,48.97772,2026-07-20,151.14572,166.54,11.58929999999998,KXBTC15M
KXBTCD-26JUL2015,1.1353,no,73.35,49.1445,0,2026-07-20 19:02:49.900565+00:00,KXBTCD-26JUL2015-T65299.99,0,73.35,5.868,2026-07-20,55.0125,73.35,17.20219999999999,KXBTCD
KXBTCD-26JUL2015,0.7303,no,51.75,37.26,0,2026-07-20 19:02:49.900565+00:00,KXBTCD-26JUL2015-T65199.99,0,51.75,2.5875,2026-07-20,39.8475,51.75,11.172200000000004,KXBTCD
KXBTC15M-26JUL201445,0.5981,no,63.57,53.3988,0,2026-07-20 18:45:09.833186+00:00,KXBTC15M-26JUL201445-45,0,63.57,2.5428,2026-07-20,55.9416,63.57,7.0302999999999995,KXBTC15M
KXBTC15M-26JUL201415,0.9845,yes,59.69,5.969,0,2026-07-20 18:15:09.842831+00:00,KXBTC15M-26JUL201415-15,100,59.69,37.0078,2026-07-20,42.976800000000004,59.69,15.728699999999993,KXBTC15M
KXBTCD-26JUL2014,0.6754,no,75.67,64.3195,0,2026-07-20 18:02:39.896906+00:00,KXBTCD-26JUL2014-T65599.99,0,75.67,3.0268,2026-07-20,67.3463,75.67,7.6483000000000025,KXBTCD
KXBTCD-26JUL2014,0.9789,yes,64.51,4.5157,0,2026-07-20 18:02:39.896906+00:00,KXBTCD-26JUL2014-T65499.99,100,64.51,44.0119,2026-07-20,48.5276,64.51,15.003500000000006,KXBTCD
KXBTC15M-26JUL201400,0.6518,yes,56.12,1.1224,0,2026-07-20 18:00:09.827769+00:00,KXBTC15M-26JUL201400-00,100,56.12,44.3348,2026-07-20,45.4572,56.12,10.010999999999997,KXBTC15M
KXBTC15M-26JUL201345,0.74479,no,48.89,33.2452,0,2026-07-20 17:45:09.838495+00:00,KXBTC15M-26JUL201345-45,0,48.89,3.86231,2026-07-20,37.10751,48.89,11.037700000000003,KXBTC15M
KXBTC15M-26JUL201330,3.3073,no,183.56,134.4682,0,2026-07-20 17:30:09.846723+00:00,KXBTC15M-26JUL201330-30,0,183.56,24.3989,2026-07-20,158.8671,183.56,21.385600000000007,KXBTC15M
KXBTC15M-26JUL201315,3.2993,yes,140.09,42.2866,0,2026-07-20 17:15:09.850747+00:00,KXBTC15M-26JUL201315-15,100,140.09,78.2755,2026-07-20,120.56209999999999,140.09,16.228600000000018,KXBTC15M
KXBTCD-26JUL2013,2.3913,yes,113.91,32.4683,0,2026-07-20 17:02:39.899401+00:00,KXBTCD-26JUL2013-T65399.99,100,113.91,81.1398,2026-07-20,113.6081,113.91,-2.089399999999997,KXBTCD
KXBTCD-26JUL2013,0.6372,yes,42.55,3.404,0,2026-07-20 17:02:39.899401+00:00,KXBTCD-26JUL2013-T65299.99,100,42.55,29.3595,2026-07-20,32.7635,42.55,9.149299999999997,KXBTCD
KXBTC15M-26JUL201300,4.40968,yes,185.46,65.58982,0,2026-07-20 17:00:09.844946+00:00,KXBTC15M-26JUL201300-00,100,185.46,140.2923,2026-07-20,205.88212000000001,185.46,-24.83180000000001,KXBTC15M
KXBTC15M-26JUL201245,2.441,no,105.01,31.2407,0,2026-07-20 16:45:09.838043+00:00,KXBTC15M-26JUL201245-45,0,105.01,70.3367,2026-07-20,101.5774,105.01,0.991600000000008,KXBTC15M
KXBTC15M-26JUL201215,3.1427,no,125.81,71.8266,0,2026-07-20 16:15:09.835544+00:00,KXBTC15M-26JUL201215-15,0,125.81,30.6424,2026-07-20,102.469,125.81,20.198300000000007,KXBTC15M
KXBTCD-26JUL2012,0.5861,yes,74.03,0.7403,0,2026-07-20 16:02:39.916483+00:00,KXBTCD-26JUL2012-T65499.99,100,74.03,64.4061,2026-07-20,65.1464,74.03,8.297500000000001,KXBTCD
KXBTC15M-26JUL201145,11.6307,yes,470.72,272.6081,0,2026-07-20 15:45:09.830587+00:00,KXBTC15M-26JUL201145-45,100,470.72,281.5678,2026-07-20,554.1759,470.72,-95.08659999999993,KXBTC15M
KXBTC15M-26JUL201130,10.9528,no,339.45,220.8435,0,2026-07-20 15:30:09.830038+00:00,KXBTC15M-26JUL201130-30,0,339.45,211.4214,2026-07-20,432.2649,339.45,-103.76770000000002,KXBTC15M
KXBTC15M-26JUL201115,2.02095,yes,133.59,10.01925,0,2026-07-20 15:15:09.820994+00:00,KXBTC15M-26JUL201115-15,100,133.59,91.2253,2026-07-20,101.24455,133.59,30.3245,KXBTC15M
KXBTCD-26JUL2011,0.9011,no,81.66,65.6446,0,2026-07-20 15:02:39.888758+00:00,KXBTCD-26JUL2011-T64399.99,0,81.66,4.083,2026-07-20,69.7276,81.66,11.031300000000002,KXBTCD
KXBTCD-26JUL2011,10.7376,yes,362.98,156.3872,0,2026-07-20 15:02:39.888758+00:00,KXBTCD-26JUL2011-T64299.99,100,362.98,267.006,2026-07-20,423.3932,362.98,-71.15079999999996,KXBTCD
KXBTC15M-26JUL201100,0.5522,no,49.3,39.44,0,2026-07-20 15:00:09.826402+00:00,KXBTC15M-26JUL201100-00,0,49.3,1.972,2026-07-20,41.412,49.3,7.335799999999998,KXBTC15M
KXBTCD-26JUL2010,2.2937,no,153.18,105.6942,0,2026-07-20 14:02:29.892108+00:00,KXBTCD-26JUL2010-T64699.99,0,153.18,4.5954,2026-07-20,110.2896,153.18,40.59670000000001,KXBTCD
KXBTCD-26JUL2010,1.2477,no,71.75,38.745,0,2026-07-20 14:02:29.892108+00:00,KXBTCD-26JUL2010-T64599.99,0,71.75,7.175,2026-07-20,45.919999999999995,71.75,24.582300000000004,KXBTCD
KXBTCD-26JUL2010,3.1407,no,118.1,87.394,0,2026-07-20 14:02:29.892108+00:00,KXBTCD-26JUL2010-T64499.99,0,118.1,88.575,2026-07-20,175.969,118.1,-61.0097,KXBTCD
KXBTCD-26JUL2010,0.9638,no,63.27,43.0236,0,2026-07-20 14:02:29.892108+00:00,KXBTCD-26JUL2010-T64399.99,0,63.27,8.8578,2026-07-20,51.8814,63.27,10.424800000000005,KXBTCD
KXBTCD-26JUL2010,3.9284,no,183.59,118.386,0,2026-07-20 14:02:29.892108+00:00,KXBTCD-26JUL2010-T64299.99,0,183.59,59.5759,2026-07-20,177.96189999999999,183.59,1.6997000000000178,KXBTCD
KXBTCD-26JUL2010,3.5134,yes,180.58,46.9616,0,2026-07-20 14:02:29.892108+00:00,KXBTCD-26JUL2010-T64199.99,100,180.58,129.6514,2026-07-20,176.613,180.58,0.4536000000000131,KXBTCD
KXBTC15M-26JUL200130,3.2234,no,190.54,150.7998,0,2026-07-20 05:30:09.835389+00:00,KXBTC15M-26JUL200130-30,0,190.54,32.1116,2026-07-20,182.91140000000001,190.54,4.405199999999978,KXBTC15M
KXBTCD-26JUL2001,0.8952,yes,62.11,6.8321,0,2026-07-20 05:02:29.891840+00:00,KXBTCD-26JUL2001-T64499.99,100,62.11,44.0981,2026-07-20,50.9302,62.11,10.284600000000001,KXBTCD
KXBTC15M-26JUL200100,1.2926,no,84.85,57.698,0,2026-07-20 05:00:09.836906+00:00,KXBTC15M-26JUL200100-00,0,84.85,10.182,2026-07-20,67.88,84.85,15.677399999999999,KXBTC15M
KXBTC15M-26JUL200045,2.79294,no,196.96,170.76092,0,2026-07-20 04:45:06.038469+00:00,KXBTC15M-26JUL200045-45,0,196.96,39.13414,2026-07-20,209.89506,196.96,-15.727999999999993,KXBTC15M
KXBTC15M-26JUL200030,9.3968,yes,367.53,171.4928,0,2026-07-20 04:30:06.037818+00:00,KXBTC15M-26JUL200030-30,100,367.53,163.8268,2026-07-20,335.3196,367.53,22.813599999999994,KXBTC15M
KXBTC15M-26JUL200015,0.4103,no,51.82,45.0834,0,2026-07-20 04:15:06.041804+00:00,KXBTC15M-26JUL200015-15,0,51.82,0.2591,2026-07-20,45.342499999999994,51.82,6.067200000000006,KXBTC15M
KXF1RACE-BELGP26,0.0007,no,0.0,0.0,0,2026-07-19 22:57:16.252799+00:00,KXF1RACE-BELGP26-VER,0,0.31,0.0093,2026-07-19,0.0093,0.0,-0.009999999999999998,KXF1RACE
KXBTC15M-26JUL190245,0.8605,yes,49.35,26.0253,0,2026-07-19 06:45:12.628984+00:00,KXBTC15M-26JUL190245-45,100,0.0,0.0,2026-07-19,26.0253,0.0,-26.885800000000003,KXBTC15M
KXBTC15M-26JUL190230,15.504,yes,569.28,309.7826,0,2026-07-19 06:30:02.634820+00:00,KXBTC15M-26JUL190230-30,100,569.28,462.6196,2026-07-19,772.4022,569.28,-218.6262,KXBTC15M
KXBTC15M-26JUL190215,1.45741,yes,110.11,48.4611,0,2026-07-19 06:15:12.628660+00:00,KXBTC15M-26JUL190215-15,100,110.11,42.12089,2026-07-19,90.58199,110.11,18.070599999999995,KXBTC15M
KXBTCD-26JUL1902,3.399,no,185.98,150.009,0,2026-07-19 06:02:42.633028+00:00,KXBTCD-26JUL1902-T64699.99,0,185.98,32.5548,2026-07-19,182.5638,185.98,0.017200000000003435,KXBTCD
KXBTC15M-26JUL190200,0.935,yes,64.87,7.7844,0,2026-07-19 06:00:02.628568+00:00,KXBTC15M-26JUL190200-00,100,64.87,46.0577,2026-07-19,53.842099999999995,64.87,10.092900000000009,KXBTC15M
KXBTC15M-26JUL190130,0.7768,no,68.07,53.9946,0,2026-07-19 05:30:02.630601+00:00,KXBTC15M-26JUL190130-30,0,68.07,2.7228,2026-07-19,56.7174,68.07,10.575799999999996,KXBTC15M
KXBTCD-26JUL1818,1.3221,yes,84.53,7.6077,0,2026-07-18 22:02:32.979257+00:00,KXBTCD-26JUL1818-T64699.99,100,84.53,70.1068,2026-07-18,77.7145,84.53,5.4934,KXBTCD
KXBTCD-26JUL1818,1.3801,yes,108.37,4.3348,0,2026-07-18 22:02:32.979257+00:00,KXBTCD-26JUL1818-T64599.99,100,108.37,81.9286,2026-07-18,86.2634,108.37,20.7265,KXBTCD
KXBTC15M-26JUL181800,0.9846,yes,65.75,9.205,0,2026-07-18 22:00:02.629479+00:00,KXBTC15M-26JUL181800-00,100,65.75,45.3675,2026-07-18,54.5725,65.75,10.192900000000002,KXBTC15M
KXBTC15M-26JUL181730,15.2051,no,514.59,319.8179,9139,2026-07-18 21:30:02.689793+00:00,KXBTC15M-26JUL181730-30,0,423.2,259.3799,2026-07-18,579.1978,514.59,-79.8129,KXBTC15M
KXBTC15M-26JUL181715,3.35685,yes,143.56,87.8047,0,2026-07-18 21:15:12.828237+00:00,KXBTC15M-26JUL181715-15,100,143.56,40.78195,2026-07-18,128.58665,143.56,11.616500000000011,KXBTC15M
KXBTC15M-26JUL181700,4.3437,yes,211.28,67.8834,0,2026-07-18 21:00:02.630652+00:00,KXBTC15M-26JUL181700-00,100,211.28,136.285,2026-07-18,204.1684,211.28,2.76790000000001,KXBTC15M
KXBTC15M-26JUL181330,0.5645,no,36.46,24.4282,0,2026-07-18 17:30:02.629848+00:00,KXBTC15M-26JUL181330-30,0,36.46,1.4584,2026-07-18,25.8866,36.46,10.008899999999999,KXBTC15M
KXBTC15M-26JUL181315,7.967,yes,330.3,102.207,0,2026-07-18 17:15:02.630008+00:00,KXBTC15M-26JUL181315-15,100,330.3,211.417,2026-07-18,313.624,330.3,8.708999999999989,KXBTC15M
KXBTCD-26JUL1813,0.3094,no,67.89,63.1377,0,2026-07-18 17:02:42.689329+00:00,KXBTCD-26JUL1813-T64299.99,0,67.89,0.6789,2026-07-18,63.8166,67.89,3.7639999999999993,KXBTCD
KXBTCD-26JUL1813,0.8637,yes,58.75,5.875,0,2026-07-18 17:02:42.689329+00:00,KXBTCD-26JUL1813-T64199.99,100,58.75,41.125,2026-07-18,47.0,58.75,10.8863,KXBTCD
KXBTC15M-26JUL180600,0.9298,yes,59.19,7.6947,0,2026-07-18 10:00:02.617391+00:00,KXBTC15M-26JUL180600-00,100,59.19,39.0654,2026-07-18,46.760099999999994,59.19,11.500100000000003,KXBTC15M
KXBTC15M-26JUL180545,1.5269,yes,88.12,17.624,0,2026-07-18 09:45:12.616908+00:00,KXBTC15M-26JUL180545-45,100,88.12,48.466,2026-07-18,66.09,88.12,20.5031,KXBTC15M
KXBTC15M-26JUL180530,1.5947,no,184.51,152.7209,0,2026-07-18 09:30:02.616425+00:00,KXBTC15M-26JUL180530-30,0,184.51,9.9059,2026-07-18,162.6268,184.51,20.28849999999999,KXBTC15M
KXBTC15M-26JUL180515,1.34542,no,110.89,82.295,0,2026-07-18 09:15:12.617274+00:00,KXBTC15M-26JUL180515-15,0,110.89,6.83078,2026-07-18,89.12578,110.89,20.418799999999994,KXBTC15M
KXBTC15M-26JUL180500,4.0886,yes,251.11,35.8989,0,2026-07-18 09:00:02.620317+00:00,KXBTC15M-26JUL180500-00,100,251.11,207.5375,2026-07-18,243.4364,251.11,3.585000000000022,KXBTC15M
KXBTC15M-26JUL180445,2.809,no,127.8,61.4478,0,2026-07-18 08:45:12.621560+00:00,KXBTC15M-26JUL180445-45,0,127.8,47.8701,2026-07-18,109.31790000000001,127.8,15.673099999999987,KXBTC15M
KXBTC15M-26JUL180430,0.875,yes,75.34,4.8971,0,2026-07-18 08:30:02.621040+00:00,KXBTC15M-26JUL180430-30,100,75.34,59.5186,2026-07-18,64.4157,75.34,10.049300000000002,KXBTC15M
KXBTC15M-26JUL180415,0.756,no,52.45,37.2395,0,2026-07-18 08:15:12.621037+00:00,KXBTC15M-26JUL180415-15,0,52.45,2.098,2026-07-18,39.3375,52.45,12.356500000000004,KXBTC15M
KXBTCD-26JUL1804,1.7476,no,138.87,106.2313,0,2026-07-18 08:02:32.667151+00:00,KXBTCD-26JUL1804-T63999.99,0,138.87,10.4195,2026-07-18,116.6508,138.87,20.471600000000002,KXBTCD
KXBTC15M-26JUL180400,11.6035,yes,429.23,290.1361,0,2026-07-18 08:00:02.619843+00:00,KXBTC15M-26JUL180400-00,100,429.23,253.9601,2026-07-18,544.0962,429.23,-126.46969999999993,KXBTC15M
KXBTC15M-26JUL180315,1.0855,yes,66.52,12.6388,0,2026-07-18 07:15:12.626912+00:00,KXBTC15M-26JUL180315-15,100,66.52,41.9076,2026-07-18,54.546400000000006,66.52,10.88809999999999,KXBTC15M
KXBTC15M-26JUL180300,0.18378,yes,38.07,0.3807,0,2026-07-18 07:00:02.622095+00:00,KXBTC15M-26JUL180300-00,100,38.07,35.23782,2026-07-18,35.61852,38.07,2.2677000000000036,KXBTC15M
KXBTC15M-26JUL180245,1.26384,no,134.51,108.14403,0,2026-07-18 06:45:12.625618+00:00,KXBTC15M-26JUL180245-45,0,134.51,9.97593,2026-07-18,118.11996,134.51,15.126199999999985,KXBTC15M
KXBTC15M-26JUL180215,1.72213,yes,177.06,16.612,682,2026-07-18 06:15:12.623989+00:00,KXBTC15M-26JUL180215-15,100,183.88,146.65707,2026-07-18,163.26907,183.88,18.888799999999996,KXBTC15M
KXBTCD-26JUL1802,0.8746,yes,118.31,2.3662,0,2026-07-18 06:02:32.681213+00:00,KXBTCD-26JUL1802-T63899.99,100,118.31,104.1128,2026-07-18,106.479,118.31,10.956400000000002,KXBTCD
KXBTC15M-26JUL180200,6.0505,no,211.63,150.3557,0,2026-07-18 06:00:02.678519+00:00,KXBTC15M-26JUL180200-00,0,211.63,150.9518,2026-07-18,301.3075,211.63,-95.72800000000001,KXBTC15M
KXBTC15M-26JUL180145,0.9114,no,67.67,50.0758,0,2026-07-18 05:45:12.736475+00:00,KXBTC15M-26JUL180145-45,0,67.67,6.0903,2026-07-18,56.1661,67.67,10.592500000000001,KXBTC15M
KXBTC15M-26JUL180130,1.3873,yes,87.09,16.5471,0,2026-07-18 05:30:02.635413+00:00,KXBTC15M-26JUL180130-30,100,87.09,56.6085,2026-07-18,73.15559999999999,87.09,12.547100000000011,KXBTC15M
KXBTC15M-26JUL180115,9.2384,no,363.71,243.0415,0,2026-07-18 05:15:12.680516+00:00,KXBTC15M-26JUL180115-15,0,363.71,119.6313,2026-07-18,362.6728,363.71,-8.201200000000016,KXBTC15M
KXBTCD-26JUL1801,1.0009,yes,83.32,6.6656,0,2026-07-18 05:02:32.932160+00:00,KXBTCD-26JUL1801-T63899.99,100,83.32,64.9896,2026-07-18,71.6552,83.32,10.6639,KXBTCD
KXBTC15M-26JUL180045,0.84784,no,107.04,93.1248,0,2026-07-18 04:45:12.632644+00:00,KXBTC15M-26JUL180045-45,0,107.04,2.03376,2026-07-18,95.15856,107.04,11.033600000000012,KXBTC15M
KXBTC15M-26JUL180030,1.0521,no,66.06,42.939,0,2026-07-18 04:30:02.634914+00:00,KXBTC15M-26JUL180030-30,0,66.06,11.8908,2026-07-18,54.8298,66.06,10.178100000000004,KXBTC15M
KXBTC15M-26JUL180015,0.917,no,69.86,52.395,0,2026-07-18 04:15:12.634904+00:00,KXBTC15M-26JUL180015-15,0,69.86,6.2874,2026-07-18,58.6824,69.86,10.260599999999998,KXBTC15M
KXBTCD-26JUL1800,2.1877,yes,146.1,11.688,0,2026-07-18 04:02:22.692390+00:00,KXBTCD-26JUL1800-T63899.99,100,146.1,100.809,2026-07-18,112.497,146.1,31.415299999999995,KXBTCD
KXBTC15M-26JUL172345,19.0627,no,655.66,470.5288,0,2026-07-18 03:45:12.638559+00:00,KXBTC15M-26JUL172345-45,0,655.66,423.9475,2026-07-18,894.4763,655.66,-257.8790000000001,KXBTC15M
KXBTC15M-26JUL172330,3.7984,no,222.75,129.195,0,2026-07-18 03:30:02.640640+00:00,KXBTC15M-26JUL172330-30,0,222.75,22.275,2026-07-18,151.47,222.75,67.4816,KXBTC15M
KXBTC15M-26JUL172315,12.10758,yes,569.44,297.7116,0,2026-07-18 03:15:12.689993+00:00,KXBTC15M-26JUL172315-15,100,569.44,398.81342,2026-07-18,696.52502,569.44,-139.1926,KXBTC15M
KXBTC15M-26JUL172300,3.3137,no,295.85,236.68,0,2026-07-18 03:00:02.632661+00:00,KXBTC15M-26JUL172300-00,0,295.85,23.668,2026-07-18,260.348,295.85,32.18830000000001,KXBTC15M
KXBTC15M-26JUL172245,6.3408,no,369.56,210.6492,0,2026-07-18 02:45:02.632395+00:00,KXBTC15M-26JUL172245-45,0,369.56,29.5648,2026-07-18,240.214,369.56,123.0052,KXBTC15M
KXBTC15M-26JUL172230,31.8864,yes,1075.03,411.9877,0,2026-07-18 02:30:02.631699+00:00,KXBTC15M-26JUL172230-30,100,1075.03,779.8127,2026-07-18,1191.8004,1075.03,-148.65680000000012,KXBTC15M
KXBTC15M-26JUL172215,6.546,yes,300.2,252.168,0,2026-07-18 02:15:12.638563+00:00,KXBTC15M-26JUL172215-15,100,300.2,231.154,2026-07-18,483.322,300.2,-189.668,KXBTC15M
KXBTC15M-26JUL172115,1.05895,yes,78.61,4.32355,0,2026-07-18 01:15:12.632600+00:00,KXBTC15M-26JUL172115-15,100,78.61,58.1714,2026-07-18,62.494949999999996,78.61,15.056100000000004,KXBTC15M
KXBTC15M-26JUL172100,2.458,no,248.84,206.5372,0,2026-07-18 01:00:02.633873+00:00,KXBTC15M-26JUL172100-00,0,248.84,8.7094,2026-07-18,215.2466,248.84,31.135400000000004,KXBTC15M
KXBTC15M-26JUL172015,11.1759,yes,487.3,306.029,0,2026-07-18 00:15:12.627380+00:00,KXBTC15M-26JUL172015-15,100,487.3,160.805,2026-07-18,466.834,487.3,9.290100000000008,KXBTC15M
KXBTCD-26JUL1720,9.448,yes,528.83,114.6913,0,2026-07-18 00:02:22.689556+00:00,KXBTCD-26JUL1720-T63899.99,100,528.83,419.3567,2026-07-18,534.048,528.83,-14.665999999999961,KXBTCD
KXBTC15M-26JUL172000,23.96575,no,1021.48,658.2801,0,2026-07-18 00:00:02.628954+00:00,KXBTC15M-26JUL172000-00,0,1021.48,339.55905,2026-07-18,997.83915,1021.48,-0.3248999999999995,KXBTC15M
KXBTC15M-26JUL171945,31.95244,yes,1461.22,351.255,0,2026-07-17 23:45:12.638291+00:00,KXBTC15M-26JUL171945-45,100,1461.22,1115.97546,2026-07-17,1467.2304600000002,1461.22,-37.96290000000019,KXBTC15M
KXBTC15M-26JUL171930,1.17986,yes,76.22,3.96344,0,2026-07-17 23:30:02.626929+00:00,KXBTC15M-26JUL171930-30,100,76.22,51.0674,2026-07-17,55.03084,76.22,20.0093,KXBTC15M
KXBTCD-26JUL1719,3.5245,yes,318.93,38.6472,0,2026-07-17 23:02:22.689999+00:00,KXBTCD-26JUL1719-T63899.99,100,318.93,255.6504,2026-07-17,294.2976,318.93,21.10790000000002,KXBTCD
KXBTC15M-26JUL171900,0.8426,yes,65.98,4.6186,0,2026-07-17 23:00:12.575318+00:00,KXBTC15M-26JUL171900-00,100,65.98,50.1448,2026-07-17,54.7634,65.98,10.374000000000006,KXBTC15M
KXBTC15M-26JUL171845,2.0866,no,123.21,72.6939,0,2026-07-17 22:45:12.636192+00:00,KXBTC15M-26JUL171845-45,0,123.21,23.4099,2026-07-17,96.1038,123.21,25.019599999999986,KXBTC15M
KXBTC15M-26JUL171830,1.823,no,138.89,104.1675,0,2026-07-17 22:30:02.638063+00:00,KXBTC15M-26JUL171830-30,0,138.89,12.5001,2026-07-17,116.66760000000001,138.89,20.39939999999998,KXBTC15M
KXBTC15M-26JUL171815,12.6675,no,632.77,474.16,0,2026-07-17 22:15:12.629897+00:00,KXBTC15M-26JUL171815-15,0,788.81,143.474,2026-07-17,617.634,632.77,2.468499999999967,KXBTC15M
KXBTCD-26JUL1718,1.5397,no,114.47,84.7678,0,2026-07-17 22:02:22.742049+00:00,KXBTCD-26JUL1718-T64099.99,0,114.47,8.0129,2026-07-17,92.7807,114.47,20.149600000000003,KXBTCD
KXBTC15M-26JUL171800,7.76178,no,547.42,460.37298,0,2026-07-17 22:00:02.687873+00:00,KXBTC15M-26JUL171800-00,0,547.42,132.35644,2026-07-17,592.72942,547.42,-53.07120000000005,KXBTC15M
KXBTC15M-26JUL171730,5.7944,yes,258.97,106.8216,0,2026-07-17 21:30:02.639353+00:00,KXBTC15M-26JUL171730-30,100,258.97,109.6375,2026-07-17,216.4591,258.97,36.71650000000002,KXBTC15M
KXBTC15M-26JUL171715,6.5338,yes,301.68,65.746,0,2026-07-17 21:15:12.637236+00:00,KXBTC15M-26JUL171715-15,100,301.68,224.6517,2026-07-17,290.3977,301.68,4.74850000000002,KXBTC15M
KXBTC15M-26JUL171700,4.31535,yes,332.25,48.74165,0,2026-07-17 21:00:02.633049+00:00,KXBTC15M-26JUL171700-00,100,332.25,284.586,2026-07-17,333.32765,332.25,-5.393000000000005,KXBTC15M
KXBTC15M-26JUL171600,6.1382,no,261.76,187.2526,0,2026-07-17 20:00:02.638520+00:00,KXBTC15M-26JUL171600-00,0,261.76,61.5436,2026-07-17,248.7962,261.76,6.825599999999992,KXBTC15M
KXBTC15M-26JUL171530,1.0053,no,62.38,39.9769,0,2026-07-17 19:30:02.635542+00:00,KXBTC15M-26JUL171530-30,0,62.38,9.357,2026-07-17,49.3339,62.38,12.040800000000003,KXBTC15M
KXBTCD-26JUL1715,0.524,no,62.17,53.4662,0,2026-07-17 19:02:22.708099+00:00,KXBTCD-26JUL1715-T64399.99,0,62.17,0.6217,2026-07-17,54.0879,62.17,7.558100000000004,KXBTCD
KXBTCD-26JUL1715,11.4541,no,533.94,369.5444,0,2026-07-17 19:02:22.708099+00:00,KXBTCD-26JUL1715-T64299.99,0,533.94,160.8312,2026-07-17,530.3756,533.94,-7.889699999999909,KXBTCD
KXBTCD-26JUL1715,11.0242,yes,553.0,117.9488,0,2026-07-17 19:02:22.708099+00:00,KXBTCD-26JUL1715-T64199.99,100,553.0,416.3252,2026-07-17,534.274,553.0,7.701799999999999,KXBTCD
KXBTC15M-26JUL171415,5.7963,yes,258.83,90.4717,0,2026-07-17 18:15:12.635059+00:00,KXBTC15M-26JUL171415-15,100,258.83,123.2689,2026-07-17,213.7406,258.83,39.29309999999998,KXBTC15M
KXBTCD-26JUL1714,1.8789,no,181.85,149.117,0,2026-07-17 18:02:12.705303+00:00,KXBTCD-26JUL1714-T64099.99,0,181.85,7.274,2026-07-17,156.391,181.85,23.5801,KXBTCD
KXBTC15M-26JUL171345,9.5913,no,470.11,262.8273,0,2026-07-17 17:45:12.633921+00:00,KXBTC15M-26JUL171345-45,0,470.11,116.3499,2026-07-17,379.17719999999997,470.11,81.34150000000004,KXBTC15M
KXBTCD-26JUL1713,8.1911,no,352.09,243.4004,0,2026-07-17 17:02:12.745510+00:00,KXBTCD-26JUL1713-T63599.99,0,352.09,93.7498,2026-07-17,337.1502,352.09,6.748699999999991,KXBTCD
KXBTCD-26JUL1713,3.7116,yes,205.05,50.0444,0,2026-07-17 17:02:12.745510+00:00,KXBTCD-26JUL1713-T63499.99,100,205.05,153.7875,2026-07-17,203.8319,205.05,-2.4934999999999787,KXBTCD
KXBTC15M-26JUL171245,0.9706,yes,62.71,42.0157,0,2026-07-17 16:45:12.631181+00:00,KXBTC15M-26JUL171245-45,100,62.71,7.5252,2026-07-17,49.5409,62.71,12.198500000000001,KXBTC15M
KXBTC15M-26JUL171230,10.8679,no,452.26,289.7203,0,2026-07-17 16:30:02.583874+00:00,KXBTC15M-26JUL171230-30,0,452.26,127.5862,2026-07-17,417.3065,452.26,24.085599999999964,KXBTC15M
KXBTC15M-26JUL171215,1.4715,yes,85.21,47.5175,0,2026-07-17 16:15:12.632339+00:00,KXBTC15M-26JUL171215-15,100,85.21,25.563,2026-07-17,73.0805,85.21,10.657999999999992,KXBTC15M
KXBTCD-26JUL1712,0.6694,yes,62.13,3.1065,0,2026-07-17 16:02:32.712214+00:00,KXBTCD-26JUL1712-T63299.99,100,62.13,50.3253,2026-07-17,53.431799999999996,62.13,8.028800000000007,KXBTCD
KXBTCD-26JUL1712,4.2499,yes,218.17,61.4676,0,2026-07-17 16:02:32.712214+00:00,KXBTCD-26JUL1712-T63199.99,100,218.17,140.2547,2026-07-17,201.72230000000002,218.17,12.197799999999969,KXBTCD
KXBTC15M-26JUL170430,4.3967,no,310.04,199.583,0,2026-07-17 08:30:02.568419+00:00,KXBTC15M-26JUL170430-30,0,310.04,63.6762,2026-07-17,263.2592,310.04,42.3841,KXBTC15M
KXBTC15M-26JUL170415,7.73596,yes,316.47,122.80024,0,2026-07-17 08:15:12.567220+00:00,KXBTC15M-26JUL170415-15,100,316.47,237.858,2026-07-17,360.65824,316.47,-51.92419999999995,KXBTC15M
KXBTCD-26JUL1704,2.458,no,152.4,97.536,0,2026-07-17 08:02:12.732143+00:00,KXBTCD-26JUL1704-T62899.99,0,152.4,6.096,2026-07-17,103.632,152.4,46.31,KXBTCD
KXBTCD-26JUL1704,1.2071,no,220.64,201.7788,0,2026-07-17 08:02:12.732143+00:00,KXBTCD-26JUL1704-T62799.99,0,220.64,2.2064,2026-07-17,203.9852,220.64,15.447699999999994,KXBTCD
KXBTC15M-26JUL170400,2.1238,no,141.84,97.8696,0,2026-07-17 08:00:02.621279+00:00,KXBTC15M-26JUL170400-00,0,141.84,5.6736,2026-07-17,103.54320000000001,141.84,36.17299999999999,KXBTC15M
KXBTC15M-26JUL170345,16.379,yes,480.1,352.0424,21762,2026-07-17 07:45:12.620189+00:00,KXBTC15M-26JUL170345-45,100,697.72,470.206,2026-07-17,822.2484,697.72,-140.9073999999999,KXBTC15M
KXBTC15M-26JUL170330,3.9587,yes,211.95,94.3524,0,2026-07-17 07:30:02.573803+00:00,KXBTC15M-26JUL170330-30,100,211.95,92.3823,2026-07-17,186.7347,211.95,21.256599999999985,KXBTC15M
KXBTC15M-26JUL170315,1.8186,no,136.06,97.531,0,2026-07-17 07:15:12.573974+00:00,KXBTC15M-26JUL170315-15,0,136.06,16.9282,2026-07-17,114.45920000000001,136.06,19.782199999999992,KXBTC15M
KXBTC15M-26JUL170300,4.1828,yes,175.7,62.6478,0,2026-07-17 07:00:02.571410+00:00,KXBTC15M-26JUL170300-00,100,175.7,95.9354,2026-07-17,158.5832,175.7,12.933999999999983,KXBTC15M
KXBTC15M-26JUL161245,1.2376,no,84.19,58.933,0,2026-07-16 16:45:12.680006+00:00,KXBTC15M-26JUL161245-45,0,84.19,8.419,2026-07-16,67.352,84.19,15.600399999999993,KXBTC15M
KXBTC15M-26JUL161230,3.5904,yes,175.16,52.0012,0,2026-07-16 16:30:02.635333+00:00,KXBTC15M-26JUL161230-30,100,175.16,84.776,2026-07-16,136.7772,175.16,34.7924,KXBTC15M
KXBTCD-26JUL1612,2.0689,no,243.13,208.5863,0,2026-07-16 16:02:22.697768+00:00,KXBTCD-26JUL1612-T64799.99,0,243.13,12.1565,2026-07-16,220.7428,243.13,20.318300000000008,KXBTCD
KXBTCD-26JUL1612,1.9264,no,133.65,94.8915,0,2026-07-16 16:02:22.697768+00:00,KXBTCD-26JUL1612-T64699.99,0,133.65,10.692,2026-07-16,105.58349999999999,133.65,26.140100000000018,KXBTCD
KXBTC15M-26JUL161200,15.3043,yes,656.64,185.4903,0,2026-07-16 16:00:02.635349+00:00,KXBTC15M-26JUL161200-00,100,656.64,463.1758,2026-07-16,648.6660999999999,656.64,-7.330399999999928,KXBTC15M
KXBTC15M-26JUL161145,1.9408,no,124.09,82.0411,0,2026-07-16 15:45:02.578147+00:00,KXBTC15M-26JUL161145-45,0,124.09,19.571,2026-07-16,101.6121,124.09,20.537100000000006,KXBTC15M
KXBTC15M-26JUL161115,7.7455,no,270.83,162.6981,0,2026-07-16 15:15:12.581920+00:00,KXBTC15M-26JUL161115-15,0,270.83,95.4534,2026-07-16,258.1515,270.83,4.932999999999986,KXBTC15M
KXBTCD-26JUL1611,0.754,no,53.08,38.0576,0,2026-07-16 15:02:12.701615+00:00,KXBTCD-26JUL1611-T64599.99,0,53.08,4.2464,2026-07-16,42.304,53.08,10.021999999999997,KXBTCD
KXBTCD-26JUL1611,6.9137,no,399.2,262.4424,0,2026-07-16 15:02:12.701615+00:00,KXBTCD-26JUL1611-T64499.99,0,399.2,166.7288,2026-07-16,429.1712,399.2,-36.88490000000001,KXBTCD
KXBTCD-26JUL1611,0.7243,yes,62.36,1.8708,0,2026-07-16 15:02:12.701615+00:00,KXBTCD-26JUL1611-T64399.99,100,62.36,49.2644,2026-07-16,51.135200000000005,62.36,10.500499999999995,KXBTCD
KXBTC15M-26JUL161100,1.1171,no,113.1,93.873,0,2026-07-16 15:00:02.581733+00:00,KXBTC15M-26JUL161100-00,0,113.1,2.7144,2026-07-16,96.5874,113.1,15.395499999999991,KXBTC15M
KXBTC15M-26JUL161045,2.1791,no,139.14,86.1436,0,2026-07-16 14:45:12.584038+00:00,KXBTC15M-26JUL161045-45,0,139.14,24.4335,2026-07-16,110.5771,139.14,26.383799999999987,KXBTC15M
KXBTC15M-26JUL161030,11.679,yes,275.56,166.4261,16702,2026-07-16 14:30:12.623797+00:00,KXBTC15M-26JUL161030-30,100,442.58,274.8849,2026-07-16,441.31100000000004,442.58,-10.410000000000052,KXBTC15M
KXBTC15M-26JUL161015,6.0954,yes,229.14,78.8492,0,2026-07-16 14:15:12.677220+00:00,KXBTC15M-26JUL161015-15,100,229.14,146.5311,2026-07-16,225.3803,229.14,-2.3357000000000188,KXBTC15M
KXBTCD-26JUL1610,5.0037,yes,243.05,122.4094,0,2026-07-16 14:02:22.743919+00:00,KXBTCD-26JUL1610-T64299.99,100,243.05,137.0179,2026-07-16,259.4273,243.05,-21.380999999999993,KXBTCD
KXBTCD-26JUL1610,2.6583,yes,128.65,40.4391,0,2026-07-16 14:02:22.743919+00:00,KXBTCD-26JUL1610-T64099.99,100,128.65,101.4969,2026-07-16,141.936,128.65,-15.944300000000002,KXBTCD
KXBTC15M-26JUL161000,1.7618,yes,106.82,5.341,0,2026-07-16 14:00:02.675625+00:00,KXBTC15M-26JUL161000-00,100,106.82,66.2284,2026-07-16,71.56939999999999,106.82,33.488800000000005,KXBTC15M
KXBTC15M-26JUL160130,0.6518,yes,56.12,2.806,0,2026-07-16 05:30:08.564494+00:00,KXBTC15M-26JUL160130-30,100,56.12,44.3348,2026-07-16,47.1408,56.12,8.327399999999999,KXBTC15M
KXBTC15M-26JUL160100,4.3703,no,242.14,163.2012,0,2026-07-16 05:00:08.624349+00:00,KXBTC15M-26JUL160100-00,0,242.14,69.7835,2026-07-16,232.9847,242.14,4.784999999999982,KXBTC15M
KXBTC15M-26JUL160045,1.771,no,109.46,54.0662,0,2026-07-16 04:45:08.571414+00:00,KXBTC15M-26JUL160045-45,0,109.46,39.3424,2026-07-16,93.4086,109.46,14.280399999999986,KXBTC15M
KXBTC15M-26JUL160030,10.3358,no,480.95,347.2498,0,2026-07-16 04:30:08.573349+00:00,KXBTC15M-26JUL160030-30,0,480.95,130.8711,2026-07-16,478.1209,480.95,-7.506700000000018,KXBTC15M
KXBTC15M-26JUL160015,3.9189,yes,193.08,54.1872,0,2026-07-16 04:15:08.574966+00:00,KXBTC15M-26JUL160015-15,100,193.08,132.27,2026-07-16,186.4572,193.08,2.7039000000000124,KXBTC15M
KXBTCD-26JUL1600,0.7994,no,55.46,39.3766,0,2026-07-16 04:02:18.623202+00:00,KXBTCD-26JUL1600-T64599.99,0,55.46,4.9914,2026-07-16,44.368,55.46,10.292599999999998,KXBTCD
KXBTC15M-26JUL160000,1.0941,no,75.91,53.8961,0,2026-07-16 04:00:58.718739+00:00,KXBTC15M-26JUL160000-00,0,75.91,5.3137,2026-07-16,59.209799999999994,75.91,15.606100000000001,KXBTC15M
KXBTC15M-26JUL152345,1.1246,no,53.2,48.2524,0,2026-07-16 03:45:08.674866+00:00,KXBTC15M-26JUL152345-45,0,53.2,36.176,2026-07-16,84.42840000000001,53.2,-32.35300000000001,KXBTC15M
KXBTC15M-26JUL151415,0.0434,yes,2.58,1.548,0,2026-07-15 18:15:03.513373+00:00,KXBTC15M-26JUL151415-15,100,0.0,0.0,2026-07-15,1.548,0.0,-1.5914000000000001,KXBTC15M
KXBTCD-26JUL1514,0.0281,yes,1.62,0.0162,0,2026-07-15 18:02:14.282177+00:00,KXBTCD-26JUL1514-T64999.99,100,1.62,0.729,2026-07-15,0.7452,1.62,0.8467000000000001,KXBTCD
KXBTC15M-26JUL151345,1.1518,no,56.16,31.9338,0,2026-07-15 17:45:03.413831+00:00,KXBTC15M-26JUL151345-45,0,72.57,32.9556,2026-07-15,64.8894,56.16,-9.881199999999998,KXBTC15M
KXBTC15M-26JUL151330,2.8751,yes,154.95,98.958,0,2026-07-15 17:30:03.514449+00:00,KXBTC15M-26JUL151330-30,100,63.8,53.592,2026-07-15,152.55,63.8,-91.62510000000002,KXBTC15M
KXBTC15M-26JUL151315,0.0407,no,2.38,1.3754,5,2026-07-15 17:15:03.414084+00:00,KXBTC15M-26JUL151315-15,0,2.33,0.1165,2026-07-15,1.4919,2.38,0.8473999999999999,KXBTC15M
KXBTCD-26JUL1513,0.2808,yes,8.94,5.0903,0,2026-07-15 17:02:13.737304+00:00,KXBTCD-26JUL1513-T64999.99,100,8.94,5.2192,2026-07-15,10.3095,8.94,-1.6503000000000003,KXBTCD
KXBTC15M-26JUL151300,0.057,yes,3.34,0.334,0,2026-07-15 17:00:03.459370+00:00,KXBTC15M-26JUL151300-00,100,3.34,1.9372,2026-07-15,2.2712,3.34,1.0118,KXBTC15M
KXBTC15M-26JUL151245,0.0345,no,2.3,1.587,0,2026-07-15 16:45:03.408592+00:00,KXBTC15M-26JUL151245-45,0,2.3,0.276,2026-07-15,1.863,2.3,0.40249999999999986,KXBTC15M
KXBTC15M-26JUL151030,0.0286,yes,0.0,0.0,163,2026-07-15 14:30:05.860412+00:00,KXBTC15M-26JUL151030-30,100,1.63,0.8313,2026-07-15,0.8313,1.63,0.7700999999999999,KXBTC15M
KXBTC15M-26JUL151015,0.0146,yes,0.0,0.0,85,2026-07-15 14:15:05.852866+00:00,KXBTC15M-26JUL151015-15,100,0.85,0.4845,2026-07-15,0.4845,0.85,0.3509,KXBTC15M
KXBTCD-26JUL1510,0.0111,yes,0.55,0.022,0,2026-07-15 14:02:25.938690+00:00,KXBTCD-26JUL1510-T64999.99,100,0.55,0.253,2026-07-15,0.275,0.55,0.2639,KXBTCD
KXBTCD-26JUL1510,0.0648,yes,3.14,0.962,0,2026-07-15 14:02:25.938690+00:00,KXBTCD-26JUL1510-T64899.99,100,3.14,2.8574,2026-07-15,3.8194,3.14,-0.7441999999999998,KXBTCD
KXBTC15M-26JUL150045,0.164,yes,5.89,2.8861,0,2026-07-15 04:45:05.818315+00:00,KXBTC15M-26JUL150045-45,100,5.89,4.8298,2026-07-15,7.7158999999999995,5.89,-1.9898999999999998,KXBTC15M
KXBTC15M-26JUL150030,0.0544,no,3.19,1.8502,0,2026-07-15 04:30:05.820507+00:00,KXBTC15M-26JUL150030-30,0,3.19,0.1914,2026-07-15,2.0416,3.19,1.094,KXBTC15M
KXBTC15M-26JUL150015,1.429,yes,44.37,27.5669,0,2026-07-15 04:15:15.820615+00:00,KXBTC15M-26JUL150015-15,100,44.37,28.6581,2026-07-15,56.225,44.37,-13.284000000000004,KXBTC15M
KXBTCD-26JUL1500,3.3146,no,112.41,85.685,0,2026-07-15 04:02:15.931561+00:00,KXBTCD-26JUL1500-T64799.99,0,112.41,44.964,2026-07-15,130.649,112.41,-21.553600000000003,KXBTCD
KXBTCD-26JUL1500,4.8483,yes,183.9,110.904,0,2026-07-15 04:02:15.931561+00:00,KXBTCD-26JUL1500-T64699.99,100,183.9,131.9972,2026-07-15,242.9012,183.9,-63.849499999999985,KXBTCD
KXBTC15M-26JUL150000,0.81428,yes,38.66,24.3558,0,2026-07-15 04:01:11.717155+00:00,KXBTC15M-26JUL150000-00,100,38.66,35.83782,2026-07-15,60.193619999999996,38.66,-22.3479,KXBTC15M
KXBTC15M-26JUL142345,0.28374,yes,63.06,0.6306,0,2026-07-15 03:45:05.811883+00:00,KXBTC15M-26JUL142345-45,100,63.06,58.70886,2026-07-15,59.33946,63.06,3.4368,KXBTC15M
KXBTC15M-26JUL142330,1.1353,no,65.82,36.8592,0,2026-07-15 03:30:05.820621+00:00,KXBTC15M-26JUL142330-30,0,65.82,7.2402,2026-07-15,44.0994,65.82,20.58529999999999,KXBTC15M
KXBTC15M-26JUL142315,0.55075,yes,61.69,3.39295,0,2026-07-15 03:15:05.814525+00:00,KXBTC15M-26JUL142315-15,100,61.69,52.4365,2026-07-15,55.82945,61.69,5.3097999999999965,KXBTC15M
KXBTC15M-26JUL142300,1.0186,no,60.63,36.378,0,2026-07-15 03:00:05.815039+00:00,KXBTC15M-26JUL142300-00,0,60.63,7.8819,2026-07-15,44.2599,60.63,15.351500000000001,KXBTC15M
KXBTC15M-26JUL142245,0.7362,yes,51.07,3.0642,0,2026-07-15 02:45:06.072503+00:00,KXBTC15M-26JUL142245-45,100,51.07,36.2597,2026-07-15,39.3239,51.07,11.009899999999998,KXBTC15M
KXBTC15M-26JUL142215,6.47473,yes,248.34,115.08917,0,2026-07-15 02:15:06.218371+00:00,KXBTC15M-26JUL142215-15,100,248.34,173.2702,2026-07-15,288.35937,248.34,-46.49410000000001,KXBTC15M
KXBTCD-26JUL1422,0.7289,no,58.79,45.2683,0,2026-07-15 02:02:16.432817+00:00,KXBTCD-26JUL1422-T64699.99,0,58.79,5.2911,2026-07-15,50.559400000000004,58.79,7.501699999999995,KXBTCD
KXBTC15M-26JUL142200,0.7373,no,45.71,29.2544,0,2026-07-15 02:00:06.827390+00:00,KXBTC15M-26JUL142200-00,0,45.71,5.4852,2026-07-15,34.7396,45.71,10.233099999999999,KXBTC15M
KXBTC15M-26JUL142145,0.7432,no,49.63,34.2447,0,2026-07-15 01:45:05.811704+00:00,KXBTC15M-26JUL142145-45,0,49.63,4.4667,2026-07-15,38.711400000000005,49.63,10.175399999999998,KXBTC15M
KXBTC15M-26JUL142115,0.5945,no,49.47,38.5866,0,2026-07-15 01:15:05.816159+00:00,KXBTC15M-26JUL142115-15,0,49.47,3.9576,2026-07-15,42.5442,49.47,6.331300000000002,KXBTC15M
KXBTCD-26JUL1421,3.7855,no,170.69,141.422,0,2026-07-15 01:02:16.132495+00:00,KXBTCD-26JUL1421-T64799.99,0,170.69,63.7055,2026-07-15,205.1275,170.69,-38.223,KXBTCD
KXBTC15M-26JUL142100,0.64423,yes,72.17,5.12407,0,2026-07-15 01:00:05.818694+00:00,KXBTC15M-26JUL142100-00,100,72.17,61.3445,2026-07-15,66.46857,72.17,5.057200000000002,KXBTC15M
KXBTC15M-26JUL142045,1.0033,no,69.61,49.4231,0,2026-07-15 00:45:05.817601+00:00,KXBTC15M-26JUL142045-45,0,69.61,6.961,2026-07-15,56.3841,69.61,12.222600000000003,KXBTC15M
KXBTC15M-26JUL142030,0.6135,no,40.26,27.3768,4026,2026-07-15 00:30:05.816363+00:00,KXBTC15M-26JUL142030-30,0,0.0,0.0,2026-07-15,27.3768,40.26,12.269699999999998,KXBTC15M
KXBTC15M-26JUL142015,1.0077,no,59.98,35.988,0,2026-07-15 00:15:05.823301+00:00,KXBTC15M-26JUL142015-15,0,59.98,2.3992,2026-07-15,38.3872,59.98,20.585099999999997,KXBTC15M
KXBTC15M-26JUL142000,13.23824,yes,725.88,225.517,0,2026-07-15 00:00:37.024801+00:00,KXBTC15M-26JUL142000-00,100,725.88,625.72456,2026-07-15,851.2415599999999,725.88,-138.59979999999993,KXBTC15M
KXBTC15M-26JUL141930,2.5807,no,160.01,102.4064,0,2026-07-14 23:30:05.809151+00:00,KXBTC15M-26JUL141930-30,0,160.01,14.4009,2026-07-14,116.8073,160.01,40.62199999999999,KXBTC15M
KXBTC15M-26JUL141915,4.58068,yes,207.59,107.2276,0,2026-07-14 23:15:05.924086+00:00,KXBTC15M-26JUL141915-15,100,207.59,149.17392,2026-07-14,256.40152,207.59,-53.3922,KXBTC15M
KXBTCD-26JUL1419,1.5317,no,127.51,99.4578,0,2026-07-14 23:02:15.902799+00:00,KXBTCD-26JUL1419-T64899.99,0,127.51,6.3755,2026-07-14,105.83330000000001,127.51,20.144999999999996,KXBTCD
KXBTC15M-26JUL141900,11.5982,no,407.79,247.2767,0,2026-07-14 23:00:05.816601+00:00,KXBTC15M-26JUL141900-00,0,407.79,204.6067,2026-07-14,451.8834,407.79,-55.69159999999997,KXBTC15M
KXBTC15M-26JUL141845,6.1274,no,261.93,156.9152,0,2026-07-14 22:45:09.569989+00:00,KXBTC15M-26JUL141845-45,0,261.93,66.5827,2026-07-14,223.49790000000002,261.93,32.30469999999999,KXBTC15M
KXBTC15M-26JUL141815,0.8413,no,113.8,100.144,0,2026-07-14 22:15:09.567304+00:00,KXBTC15M-26JUL141815-15,0,113.8,2.276,2026-07-14,102.42,113.8,10.538699999999995,KXBTC15M
KXBTCD-26JUL1418,1.2224,no,73.4,44.774,0,2026-07-14 22:02:19.638365+00:00,KXBTCD-26JUL1418-T64699.99,0,73.4,11.744,2026-07-14,56.518,73.4,15.659600000000005,KXBTCD
KXBTCD-26JUL1414,1.7097,no,47.96,24.1164,0,2026-07-14 18:02:19.637100+00:00,KXBTCD-26JUL1414-T64599.99,0,68.68,49.1204,2026-07-14,73.23679999999999,47.96,-26.98649999999999,KXBTCD
KXBTC15M-26JUL141400,0.3711,yes,21.23,4.246,0,2026-07-14 18:00:09.509724+00:00,KXBTC15M-26JUL141400-00,100,21.23,11.0396,2026-07-14,15.2856,21.23,5.5733,KXBTC15M
KXBTC15M-26JUL141345,1.7973,no,69.11,57.3613,0,2026-07-14 17:45:09.611358+00:00,KXBTC15M-26JUL141345-45,0,69.11,24.8796,2026-07-14,82.2409,69.11,-14.928199999999997,KXBTC15M
KXBTC15M-26JUL141330,1.9581,no,71.72,33.5469,0,2026-07-14 17:30:09.508833+00:00,KXBTC15M-26JUL141330-30,0,71.72,29.6828,2026-07-14,63.2297,71.72,6.532199999999998,KXBTC15M
KXBTCD-26JUL1413,2.1173,no,95.72,63.4948,0,2026-07-14 17:02:19.638077+00:00,KXBTCD-26JUL1413-T64699.99,0,127.64,55.5234,2026-07-14,119.01820000000001,95.72,-25.41550000000001,KXBTCD
KXBTC15M-26JUL141300,2.1636,no,93.36,65.3568,0,2026-07-14 17:00:09.562248+00:00,KXBTC15M-26JUL141300-00,0,93.36,21.3816,2026-07-14,86.73840000000001,93.36,4.457999999999986,KXBTC15M
KXBTC15M-26JUL141245,9.672,no,316.7,166.912,0,2026-07-14 16:45:09.516567+00:00,KXBTC15M-26JUL141245-45,0,316.7,135.6538,2026-07-14,302.56579999999997,316.7,4.462200000000021,KXBTC15M
KXBTC15M-26JUL141230,8.012,yes,261.95,156.589,0,2026-07-14 16:30:09.512533+00:00,KXBTC15M-26JUL141230-30,100,261.95,186.078,2026-07-14,342.66700000000003,261.95,-88.72900000000004,KXBTC15M
KXBTC15M-26JUL141215,11.7795,yes,426.33,229.8878,0,2026-07-14 16:15:09.512980+00:00,KXBTC15M-26JUL141215-15,100,426.33,345.2985,2026-07-14,575.1863,426.33,-160.6358,KXBTC15M
KXBTCD-26JUL1412,0.767,no,50.35,34.238,0,2026-07-14 16:03:09.650144+00:00,KXBTCD-26JUL1412-T64799.99,0,50.35,4.028,2026-07-14,38.266,50.35,11.317000000000004,KXBTCD
KXBTCD-26JUL1412,3.4302,yes,165.19,9.9114,0,2026-07-14 16:03:09.650144+00:00,KXBTCD-26JUL1412-T64699.99,100,165.19,98.9116,2026-07-14,108.82300000000001,165.19,52.93679999999999,KXBTCD
KXBTCD-26JUL1412,2.8251,yes,192.18,9.609,0,2026-07-14 16:03:09.650144+00:00,KXBTCD-26JUL1412-T64599.99,100,192.18,134.526,2026-07-14,144.13500000000002,192.18,45.21989999999999,KXBTCD
KXBTCD-26JUL1412,0.8941,yes,100.17,4.0068,0,2026-07-14 16:03:09.650144+00:00,KXBTCD-26JUL1412-T64499.99,100,100.17,85.1445,2026-07-14,89.15129999999999,100.17,10.12460000000001,KXBTCD
KXBTCD-26JUL1410,2.3678,no,105.91,68.5878,0,2026-07-14 14:02:19.631834+00:00,KXBTCD-26JUL1410-T63799.99,0,105.91,34.2912,2026-07-14,102.879,105.91,0.6631999999999918,KXBTCD
KXBTCD-26JUL1410,0.5563,yes,40.32,2.016,0,2026-07-14 14:02:19.631834+00:00,KXBTCD-26JUL1410-T63699.99,100,40.32,29.4336,2026-07-14,31.449599999999997,40.32,8.314100000000003,KXBTCD
KXBTC15M-26JUL141000,0.9303,yes,72.84,6.5556,0,2026-07-14 14:00:09.505752+00:00,KXBTC15M-26JUL141000-00,100,72.84,55.3584,2026-07-14,61.914,72.84,9.995700000000001,KXBTC15M
KXBTC15M-26JUL140930,0.7678,yes,66.11,9.9165,0,2026-07-14 13:30:09.551796+00:00,KXBTC15M-26JUL140930-30,100,66.11,52.2269,2026-07-14,62.1434,66.11,3.1987999999999994,KXBTC15M
KXBTC15M-26JUL140915,4.54783,no,193.28,135.1599,0,2026-07-14 13:15:09.504656+00:00,KXBTC15M-26JUL140915-15,0,193.28,35.32417,2026-07-14,170.48407,193.28,18.248099999999997,KXBTC15M
KXBTCD-26JUL1409,4.8147,yes,153.02,96.4026,0,2026-07-14 13:02:19.582636+00:00,KXBTCD-26JUL1409-T63799.99,100,153.02,88.7709,2026-07-14,185.1735,153.02,-36.96819999999998,KXBTCD
KXBTCD-26JUL1409,1.012,no,81.63,62.8551,8163,2026-07-14 13:02:19.582186+00:00,KXBTCD-26JUL1409-T63899.99,0,0.0,0.0,2026-07-14,62.8551,81.63,17.762899999999995,KXBTCD
KXBTCD-26JUL1408,5.3563,no,203.59,98.1641,0,2026-07-14 12:02:29.563023+00:00,KXBTCD-26JUL1408-T62799.99,0,203.59,53.209,2026-07-14,151.37310000000002,203.59,46.860599999999984,KXBTCD
KXBTC15M-26JUL140745,26.8935,no,922.21,569.3428,10729,2026-07-14 11:45:09.506009+00:00,KXBTC15M-26JUL140745-45,0,814.92,533.5532,2026-07-14,1102.896,922.21,-207.5794999999999,KXBTC15M
KXBTC15M-26JUL140730,8.0992,yes,344.27,102.1036,0,2026-07-14 11:30:09.504016+00:00,KXBTC15M-26JUL140730-30,100,344.27,204.3385,2026-07-14,306.4421,344.27,29.7287,KXBTC15M
KXBTC15M-26JUL140630,0.0349,no,2.47,1.7784,247,2026-07-14 10:30:09.545223+00:00,KXBTC15M-26JUL140630-30,0,0.0,0.0,2026-07-14,1.7784,2.47,0.6567000000000002,KXBTC15M
KXBTC15M-26JUL140600,0.16024,yes,6.08,2.18946,0,2026-07-14 10:00:09.549124+00:00,KXBTC15M-26JUL140600-00,100,6.08,4.1687,2026-07-14,6.35816,6.08,-0.43839999999999973,KXBTC15M
KXBTC15M-26JUL140530,2.2436,no,77.45,59.423,0,2026-07-14 09:30:09.548008+00:00,KXBTC15M-26JUL140530-30,0,77.45,41.461,2026-07-14,100.884,77.45,-25.677599999999998,KXBTC15M
KXBTC15M-26JUL140515,1.9677,no,78.19,54.4214,2786,2026-07-14 09:15:09.553953+00:00,KXBTC15M-26JUL140515-15,0,50.33,31.3639,2026-07-14,85.7853,78.19,-9.56300000000001,KXBTC15M
KXBTCD-26JUL1405,0.5156,no,29.89,16.7384,0,2026-07-14 09:02:19.605745+00:00,KXBTCD-26JUL1405-T62699.99,0,29.89,2.3912,2026-07-14,19.1296,29.89,10.244800000000001,KXBTCD
KXBTC15M-26JUL140445,0.62986,yes,31.66,21.8454,0,2026-07-14 08:45:09.552146+00:00,KXBTC15M-26JUL140445-45,100,31.66,29.25384,2026-07-14,51.09924,31.66,-20.069100000000002,KXBTC15M
KXBTC15M-26JUL140430,0.3037,yes,0.0,0.0,2711,2026-07-14 08:30:09.554842+00:00,KXBTC15M-26JUL140430-30,100,27.11,21.688,2026-07-14,21.688,27.11,5.1183000000000005,KXBTC15M
KXBTC15M-26JUL140415,0.81072,no,53.55,34.3657,0,2026-07-14 08:15:09.553580+00:00,KXBTC15M-26JUL140415-15,0,53.55,6.24748,2026-07-14,40.61318,53.55,12.126099999999997,KXBTC15M
KXBTCD-26JUL1404,0.2291,no,14.58,9.6228,1458,2026-07-14 08:02:19.613260+00:00,KXBTCD-26JUL1404-T62499.99,0,0.0,0.0,2026-07-14,9.6228,14.58,4.7281,KXBTCD
KXBTC15M-26JUL140400,0.2376,no,15.35,10.2845,1535,2026-07-14 08:00:09.557357+00:00,KXBTC15M-26JUL140400-00,0,0.0,0.0,2026-07-14,10.2845,15.35,4.8279000000000005,KXBTC15M
KXBTC15M-26JUL140345,0.4022,no,23.44,13.3608,0,2026-07-14 07:45:09.558564+00:00,KXBTC15M-26JUL140345-45,0,23.44,3.2816,2026-07-14,16.6424,23.44,6.395400000000003,KXBTC15M
KXBTC15M-26JUL140330,2.2996,yes,78.25,33.6475,0,2026-07-14 07:30:09.561016+00:00,KXBTC15M-26JUL140330-30,100,78.25,59.295,2026-07-14,92.9425,78.25,-16.992099999999994,KXBTC15M
KXBTC15M-26JUL140315,1.1474,no,66.86,31.6978,0,2026-07-14 07:15:09.611105+00:00,KXBTC15M-26JUL140315-15,0,66.86,20.5762,2026-07-14,52.274,66.86,13.4386,KXBTC15M
KXBTCD-26JUL1403,0.3189,no,18.23,8.9327,0,2026-07-14 07:11:12.102221+00:00,KXBTCD-26JUL1403-T62599.99,0,18.23,0.9115,2026-07-14,9.8442,18.23,8.0669,KXBTCD
KXBTC15M-26JUL140245,2.9998,yes,96.64,69.2048,0,2026-07-14 06:45:09.513966+00:00,KXBTC15M-26JUL140245-45,100,96.64,54.6717,2026-07-14,123.87650000000001,96.64,-30.236300000000007,KXBTC15M
KXBTC15M-26JUL140230,5.6612,no,186.99,127.1579,0,2026-07-14 06:30:09.518275+00:00,KXBTC15M-26JUL140230-30,0,186.99,87.3756,2026-07-14,214.5335,186.99,-33.204699999999995,KXBTC15M
KXBTC15M-26JUL140215,0.58046,no,35.57,22.4091,0,2026-07-14 06:15:09.516538+00:00,KXBTC15M-26JUL140215-15,0,35.57,2.56104,2026-07-14,24.97014,35.57,10.0194,KXBTC15M
KXBTCD-26JUL1402,0.4992,no,28.94,16.2064,0,2026-07-14 06:02:19.568645+00:00,KXBTCD-26JUL1402-T62699.99,0,28.94,2.0258,2026-07-14,18.2322,28.94,10.208600000000002,KXBTCD
KXBTC15M-26JUL140200,0.36768,no,34.11,27.6291,0,2026-07-14 06:00:09.521125+00:00,KXBTC15M-26JUL140200-00,0,34.11,1.09152,2026-07-14,28.72062,34.11,5.021699999999999,KXBTC15M
KXBTC15M-26JUL140145,0.5301,no,30.48,16.4592,0,2026-07-14 05:45:09.520772+00:00,KXBTC15M-26JUL140145-45,0,30.48,3.3528,2026-07-14,19.811999999999998,30.48,10.137900000000002,KXBTC15M
KXBTC15M-26JUL140130,1.5014,yes,59.15,21.8995,0,2026-07-14 05:30:09.523939+00:00,KXBTC15M-26JUL140130-30,100,59.15,27.7995,2026-07-14,49.699,59.15,7.9496,KXBTC15M
KXBTCD-26JUL1401,2.0692,no,143.56,101.9276,0,2026-07-14 05:02:19.621634+00:00,KXBTCD-26JUL1401-T62699.99,0,143.56,7.178,2026-07-14,109.1056,143.56,32.385200000000005,KXBTCD
KXBTC15M-26JUL140100,9.4454,yes,373.72,254.1296,0,2026-07-14 05:00:09.517471+00:00,KXBTC15M-26JUL140100-00,100,373.72,306.8424,2026-07-14,560.972,373.72,-196.69739999999996,KXBTC15M
KXBTC15M-26JUL140045,2.5104,yes,159.81,15.981,0,2026-07-14 04:45:09.518948+00:00,KXBTC15M-26JUL140045-45,100,159.81,105.4746,2026-07-14,121.45559999999999,159.81,35.844000000000015,KXBTC15M
KXBTC15M-26JUL140015,11.8118,yes,466.3,201.0555,0,2026-07-14 04:15:09.524470+00:00,KXBTC15M-26JUL140015-15,100,276.83,199.8088,2026-07-14,400.86429999999996,276.83,-135.84609999999998,KXBTC15M
KXBTCD-26JUL1400,5.4845,yes,164.39,87.1267,0,2026-07-14 04:02:34.738094+00:00,KXBTCD-26JUL1400-T62399.99,100,164.39,106.8535,2026-07-14,193.9802,164.39,-35.07470000000001,KXBTCD
KXBTCD-26JUL1400,32.8144,yes,1227.67,781.3951,0,2026-07-14 04:02:34.737571+00:00,KXBTCD-26JUL1400-T62499.99,100,1184.08,882.7604,2026-07-14,1664.1554999999998,1184.08,-512.8898999999999,KXBTCD
KXBTC15M-26JUL140000,6.1483,yes,324.88,76.3468,0,2026-07-14 04:02:34.622932+00:00,KXBTC15M-26JUL140000-00,100,324.88,248.5332,2026-07-14,324.88,324.88,-6.1483,KXBTC15M
KXBTC15M-26JUL132345,2.985,yes,176.28,104.0052,0,2026-07-14 03:45:09.520525+00:00,KXBTC15M-26JUL132345-45,100,0.0,0.0,2026-07-14,104.0052,0.0,-106.9902,KXBTC15M
KXBTC15M-26JUL132330,6.9251,yes,128.48,101.4992,19641,2026-07-14 03:30:09.520693+00:00,KXBTC15M-26JUL132330-30,100,324.89,193.2558,2026-07-14,294.755,324.89,23.20989999999999,KXBTC15M
KXBTCD-26JUL1323,1.2252,no,124.04,102.9532,12404,2026-07-14 03:02:29.575760+00:00,KXBTCD-26JUL1323-T62499.99,0,0.0,0.0,2026-07-14,102.9532,124.04,19.86160000000001,KXBTCD
KXBTCD-26JUL1321,11.7014,no,519.65,313.0355,0,2026-07-14 01:02:19.635349+00:00,KXBTCD-26JUL1321-T62499.99,0,519.65,122.485,2026-07-14,435.5205,519.65,72.42809999999994,KXBTCD
KXBTC15M-26JUL132045,7.8349,no,384.95,259.2885,0,2026-07-14 00:45:09.517653+00:00,KXBTC15M-26JUL132045-45,0,384.95,111.2214,2026-07-14,370.5099,384.95,6.605199999999972,KXBTC15M
KXBTC15M-26JUL132030,0.79475,no,115.95,103.1955,0,2026-07-14 00:30:09.519990+00:00,KXBTC15M-26JUL132030-30,0,115.95,1.73925,2026-07-14,104.93475,115.95,10.220500000000008,KXBTC15M
KXBTC15M-26JUL132015,3.8493,yes,367.0,113.2195,0,2026-07-14 00:15:09.524438+00:00,KXBTC15M-26JUL132015-15,100,367.0,200.246,2026-07-14,313.4655,367.0,49.68519999999998,KXBTC15M
KXBTCD-26JUL1320,6.171,yes,287.27,149.8126,0,2026-07-14 00:02:19.640812+00:00,KXBTCD-26JUL1320-T62199.99,100,287.27,241.5476,2026-07-14,391.36019999999996,287.27,-110.26119999999999,KXBTCD
KXBTC15M-26JUL131945,2.2826,no,150.66,102.929,0,2026-07-13 23:45:09.522290+00:00,KXBTC15M-26JUL131945-45,0,150.66,15.066,2026-07-13,117.995,150.66,30.382399999999993,KXBTC15M
KXBTCD-26JUL1319,3.3242,no,211.62,139.6692,0,2026-07-13 23:02:19.578313+00:00,KXBTCD-26JUL1319-T61899.99,0,211.62,16.9296,2026-07-13,156.59879999999998,211.62,51.697000000000024,KXBTCD
KXBTC15M-26JUL131900,4.03095,no,232.65,127.9575,0,2026-07-13 23:00:09.512359+00:00,KXBTC15M-26JUL131900-00,0,232.65,19.77525,2026-07-13,147.73275,232.65,80.88629999999999,KXBTC15M
KXBTC15M-26JUL131845,5.1789,no,199.17,147.3858,0,2026-07-13 22:45:09.518254+00:00,KXBTC15M-26JUL131845-45,0,199.17,46.8372,2026-07-13,194.22299999999998,199.17,-0.2318999999999969,KXBTC15M
KXBTC15M-26JUL131830,13.0298,no,450.49,339.8709,0,2026-07-13 22:30:09.521375+00:00,KXBTC15M-26JUL131830-30,0,450.49,290.7753,2026-07-13,630.6462,450.49,-193.186,KXBTC15M
KXBTC15M-26JUL131615,1.29894,no,145.52,123.692,0,2026-07-13 20:15:09.521025+00:00,KXBTC15M-26JUL131615-15,0,145.52,5.52976,2026-07-13,129.22176,145.52,14.999300000000021,KXBTC15M
KXBTCD-26JUL1316,7.8889,yes,218.87,91.9254,10784,2026-07-13 20:02:29.645560+00:00,KXBTCD-26JUL1316-T62199.99,100,326.71,248.7009,2026-07-13,340.6263,326.71,-21.805200000000035,KXBTCD
KXBTCD-26JUL1315,4.7808,no,159.16,103.454,0,2026-07-13 19:02:09.629360+00:00,KXBTCD-26JUL1315-T61999.99,0,159.16,44.5648,2026-07-13,148.0188,159.16,6.360399999999998,KXBTCD
KXBTCD-26JUL1315,1.5601,yes,139.28,13.928,0,2026-07-13 19:02:09.629360+00:00,KXBTCD-26JUL1315-T61899.99,100,139.28,111.424,2026-07-13,125.352,139.28,12.367899999999997,KXBTCD
KXBTC15M-26JUL131445,1.9125,yes,142.0,14.2,0,2026-07-13 18:45:09.518734+00:00,KXBTC15M-26JUL131445-45,100,142.0,105.08,2026-07-13,119.28,142.0,20.807499999999997,KXBTC15M
KXBTC15M-26JUL131430,12.7978,no,612.22,423.7947,8291,2026-07-13 18:30:09.517437+00:00,KXBTC15M-26JUL131430-30,0,529.31,185.1248,2026-07-13,608.9195,612.22,-9.497299999999944,KXBTC15M
KXBTC15M-26JUL131415,19.7181,yes,742.75,562.376,47763,2026-07-13 18:15:09.519410+00:00,KXBTC15M-26JUL131415-15,100,1220.38,672.9614,2026-07-13,1235.3374,1220.38,-34.67549999999978,KXBTC15M
KXBTCD-26JUL1314,1.8927,no,160.79,126.3779,0,2026-07-13 18:02:19.635896+00:00,KXBTCD-26JUL1314-T61999.99,0,160.79,9.6474,2026-07-13,136.0253,160.79,22.872000000000003,KXBTCD
KXBTCD-26JUL1314,0.3169,no,157.46,154.4354,0,2026-07-13 18:02:19.635896+00:00,KXBTCD-26JUL1314-T61899.99,0,157.46,1.5746,2026-07-13,156.01,157.46,1.133100000000017,KXBTCD
KXBTC15M-26JUL131400,2.13985,no,163.03,122.2725,0,2026-07-13 18:00:09.512748+00:00,KXBTC15M-26JUL131400-00,0,163.03,12.22725,2026-07-13,134.49975,163.03,26.390399999999996,KXBTC15M
KXBTCD-26JUL1312,2.8105,no,219.31,166.3651,0,2026-07-13 16:02:09.573997+00:00,KXBTCD-26JUL1312-T62599.99,0,219.31,8.7724,2026-07-13,175.13750000000002,219.31,41.36199999999999,KXBTCD
KXBTC15M-26JUL131200,1.1063,no,131.26,112.8836,0,2026-07-13 16:00:09.513599+00:00,KXBTC15M-26JUL131200-00,0,131.26,5.2504,2026-07-13,118.134,131.26,12.01969999999999,KXBTC15M
KXBTC15M-26JUL130315,9.5313,yes,377.17,113.6984,0,2026-07-13 07:15:09.504244+00:00,KXBTC15M-26JUL130315-15,100,377.17,235.7633,2026-07-13,349.4617,377.17,18.177000000000007,KXBTC15M
KXBTCD-26JUL1303,1.6319,no,131.63,101.3551,0,2026-07-13 07:12:20.143946+00:00,KXBTCD-26JUL1303-T62799.99,0,131.63,6.5815,2026-07-13,107.9366,131.63,22.061499999999995,KXBTCD
KXBTC15M-26JUL130245,9.6942,yes,606.17,371.9071,0,2026-07-13 06:45:09.505421+00:00,KXBTC15M-26JUL130245-45,100,606.17,156.0708,2026-07-13,527.9779,606.17,68.49789999999999,KXBTC15M
KXBTC15M-26JUL130215,4.3405,no,260.64,101.6496,0,2026-07-13 06:15:09.508877+00:00,KXBTC15M-26JUL130215-15,0,260.64,26.064,2026-07-13,127.71360000000001,260.64,128.58589999999998,KXBTC15M
KXBTCD-26JUL1302,1.7301,no,122.59,88.2648,0,2026-07-13 06:02:29.624564+00:00,KXBTCD-26JUL1302-T62799.99,0,122.59,7.3554,2026-07-13,95.6202,122.59,25.239700000000006,KXBTCD
KXBTC15M-26JUL130200,1.6805,no,144.69,114.3051,0,2026-07-13 06:00:09.506891+00:00,KXBTC15M-26JUL130200-00,0,144.69,8.6814,2026-07-13,122.98649999999999,144.69,20.023000000000007,KXBTC15M
KXBTC15M-26JUL130130,13.3305,no,572.73,424.9852,24076,2026-07-13 05:30:09.514704+00:00,KXBTC15M-26JUL130130-30,0,331.97,166.1012,2026-07-13,591.0864,572.73,-31.68690000000001,KXBTC15M
KXBTCD-26JUL1301,0.8302,no,134.91,121.7681,13491,2026-07-13 05:02:09.633264+00:00,KXBTCD-26JUL1301-T62699.99,0,0.0,0.0,2026-07-13,121.7681,134.91,12.311699999999993,KXBTCD
KXBTC15M-26JUL130100,4.5187,no,320.91,149.0783,16775,2026-07-13 05:00:09.555318+00:00,KXBTC15M-26JUL130100-00,0,153.16,99.554,2026-07-13,248.63230000000001,320.91,67.75900000000001,KXBTC15M
KXBTC15M-26JUL130045,4.0612,no,234.41,128.9255,0,2026-07-13 04:45:09.564099+00:00,KXBTC15M-26JUL130045-45,0,234.41,32.8174,2026-07-13,161.7429,234.41,68.6059,KXBTC15M
KXBTC15M-26JUL130030,2.139,yes,145.51,21.8265,0,2026-07-13 04:30:09.563607+00:00,KXBTC15M-26JUL130030-30,100,145.51,101.857,2026-07-13,123.6835,145.51,19.687499999999996,KXBTC15M
KXBTC15M-26JUL130015,36.42364,no,1273.76,657.2339,0,2026-07-13 04:15:09.571962+00:00,KXBTC15M-26JUL130015-15,0,1273.76,936.38996,2026-07-13,1593.62386,1273.76,-356.2874999999999,KXBTC15M
KXBTC15M-26JUL120200,1.8409,yes,136.68,6.834,0,2026-07-12 06:00:09.511710+00:00,KXBTC15M-26JUL120200-00,100,136.68,101.1432,2026-07-12,107.9772,136.68,26.86190000000001,KXBTC15M
KXBTC15M-26JUL120145,3.0408,yes,179.57,35.914,0,2026-07-12 05:45:09.510702+00:00,KXBTC15M-26JUL120145-45,100,179.57,105.9463,2026-07-12,141.8603,179.57,34.6689,KXBTC15M
KXBTC15M-26JUL120130,0.0553,no,0.0,0.0,0,2026-07-12 05:30:09.513879+00:00,KXBTC15M-26JUL120130-30,0,790.0,0.79,2026-07-12,0.79,0.0,-0.8453,KXBTC15M
KXBTC15M-26JUL120115,4.3209,yes,277.78,31.076,0,2026-07-12 05:15:09.571078+00:00,KXBTC15M-26JUL120115-15,100,277.78,219.4462,2026-07-12,250.5222,277.78,22.936899999999973,KXBTC15M
KXBTC15M-26JUL120100,0.70468,no,117.91,108.3572,0,2026-07-12 05:00:09.516044+00:00,KXBTC15M-26JUL120100-00,0,235.82,1.41492,2026-07-12,109.77212,117.91,7.433199999999996,KXBTC15M
KXBTCD-26JUL1121,6.5793,no,321.9,220.6346,0,2026-07-12 01:02:20.089751+00:00,KXBTCD-26JUL1121-T63799.99,0,321.9,95.3892,2026-07-12,316.0238,321.9,-0.7031000000000169,KXBTCD
KXBTC15M-26JUL112100,2.0219,yes,146.53,7.3265,0,2026-07-12 01:00:09.716240+00:00,KXBTC15M-26JUL112100-00,100,146.53,106.9669,2026-07-12,114.29339999999999,146.53,30.21470000000001,KXBTC15M
KXBTC15M-26JUL112030,0.9914,yes,125.21,5.0084,0,2026-07-12 00:30:09.515790+00:00,KXBTC15M-26JUL112030-30,100,125.21,108.9327,2026-07-12,113.94109999999999,125.21,10.277500000000002,KXBTC15M
KXBTC15M-26JUL112015,9.2141,yes,418.9,130.056,0,2026-07-12 00:15:09.564827+00:00,KXBTC15M-26JUL112015-15,100,418.9,248.832,2026-07-12,378.88800000000003,418.9,30.79789999999994,KXBTC15M
KXBTCD-26JUL1118,1.5935,yes,137.21,6.8605,0,2026-07-11 22:02:19.629011+00:00,KXBTCD-26JUL1118-T64299.99,100,137.21,108.3959,2026-07-11,115.2564,137.21,20.36010000000001,KXBTCD
KXBTC15M-26JUL111800,1.1645,yes,0.0,0.0,13817,2026-07-11 22:00:09.508361+00:00,KXBTC15M-26JUL111800-00,100,138.17,118.8262,2026-07-11,118.8262,138.17,18.179299999999987,KXBTC15M
KXBTC15M-26JUL111515,2.0871,no,141.31,98.569,0,2026-07-11 19:15:09.512266+00:00,KXBTC15M-26JUL111515-15,0,141.31,11.3048,2026-07-11,109.8738,141.31,29.3491,KXBTC15M
KXBTCD-26JUL1115,4.9733,no,326.5,222.02,0,2026-07-11 19:02:19.836176+00:00,KXBTCD-26JUL1115-T64299.99,0,326.5,26.12,2026-07-11,248.14000000000001,326.5,73.38669999999999,KXBTCD
KXBTC15M-26JUL111445,12.9074,yes,433.16,210.5956,2174,2026-07-11 18:45:09.561170+00:00,KXBTC15M-26JUL111445-45,100,454.9,331.721,2026-07-11,542.3166,454.9,-100.32400000000001,KXBTC15M
KXBTC15M-26JUL111415,3.9655,yes,185.25,145.745,0,2026-07-11 18:15:09.515575+00:00,KXBTC15M-26JUL111415-15,100,185.25,154.61,2026-07-11,300.355,185.25,-119.07050000000002,KXBTC15M
KXBTCD-26JUL1114,2.7643,no,166.58,102.2295,0,2026-07-11 18:02:19.839426+00:00,KXBTCD-26JUL1114-T64299.99,0,166.58,9.9948,2026-07-11,112.2243,166.58,51.591400000000014,KXBTCD
KXBTC15M-26JUL110400,2.2418,no,152.5,106.75,0,2026-07-11 08:00:09.504417+00:00,KXBTC15M-26JUL110400-00,0,152.5,7.625,2026-07-11,114.375,152.5,35.8832,KXBTC15M
KXBTC15M-26JUL110345,1.6002,no,129.07,99.3839,12907,2026-07-11 07:45:09.506668+00:00,KXBTC15M-26JUL110345-45,0,0.0,0.0,2026-07-11,99.3839,129.07,28.085899999999995,KXBTC15M
KXBTC15M-26JUL110330,6.4659,yes,171.24,35.6603,18113,2026-07-11 07:30:09.509947+00:00,KXBTC15M-26JUL110330-30,100,352.37,258.3934,2026-07-11,294.0537,352.37,51.850400000000015,KXBTC15M
KXBTC15M-26JUL110315,3.7244,no,283.47,209.2524,12885,2026-07-11 07:15:09.513053+00:00,KXBTC15M-26JUL110315-15,0,154.62,7.731,2026-07-11,216.9834,283.47,62.762200000000036,KXBTC15M
KXBTCD-26JUL1103,1.606,no,170.7,143.388,0,2026-07-11 07:11:04.993398+00:00,KXBTCD-26JUL1103-T64199.99,0,170.7,5.121,2026-07-11,148.50900000000001,170.7,20.584999999999972,KXBTCD
KXBTC15M-26JUL110300,0.43928,yes,156.74,2.52414,0,2026-07-11 07:11:04.961660+00:00,KXBTC15M-26JUL110300-00,100,156.74,152.85498,2026-07-11,155.37912,156.74,0.9216000000000087,KXBTC15M
KXBTC15M-26JUL110245,3.32555,no,211.91,140.02,0,2026-07-11 06:45:09.513203+00:00,KXBTC15M-26JUL110245-45,0,211.91,18.01235,2026-07-11,158.03235,211.91,50.55209999999999,KXBTC15M
KXBTC15M-26JUL110230,0.74159,yes,116.12,1.67469,0,2026-07-11 06:30:09.512825+00:00,KXBTC15M-26JUL110230-30,100,116.12,106.36592,2026-07-11,108.04061,116.12,7.337800000000003,KXBTC15M
KXBTC15M-26JUL110215,2.34434,yes,153.89,6.77116,0,2026-07-11 06:15:09.514753+00:00,KXBTC15M-26JUL110215-15,100,153.89,104.6452,2026-07-11,111.41636,153.89,40.129299999999986,KXBTC15M
KXBTC15M-26JUL110200,17.6227,no,881.87,525.5041,44585,2026-07-11 06:00:09.513098+00:00,KXBTC15M-26JUL110200-00,0,436.02,382.6974,2026-07-11,908.2015,881.87,-43.9542,KXBTC15M
KXBTC15M-26JUL110145,2.68392,no,161.16,98.3076,0,2026-07-11 05:45:09.563514+00:00,KXBTC15M-26JUL110145-45,0,161.16,10.15308,2026-07-11,108.46068,161.16,50.0154,KXBTC15M
KXBTC15M-26JUL110130,10.5804,yes,478.3,139.734,0,2026-07-11 05:30:09.513140+00:00,KXBTC15M-26JUL110130-30,100,478.3,328.8855,2026-07-11,468.6195,478.3,-0.8999000000000041,KXBTC15M
KXBTCD-26JUL1101,5.9854,yes,128.25,92.9504,14209,2026-07-11 05:03:39.626695+00:00,KXBTCD-26JUL1101-T64099.99,100,270.34,174.8457,2026-07-11,267.7961,270.34,-3.4415000000000493,KXBTCD
KXBTC15M-26JUL110100,2.3705,no,153.16,102.6172,0,2026-07-11 05:00:09.510734+00:00,KXBTC15M-26JUL110100-00,0,153.16,7.658,2026-07-11,110.2752,153.16,40.5143,KXBTC15M
KXBTCD-26JUL1020,2.2014,yes,167.72,3.3544,0,2026-07-11 00:02:09.632044+00:00,KXBTCD-26JUL1020-T64099.99,100,167.72,125.79,2026-07-11,129.14440000000002,167.72,36.37419999999998,KXBTCD
KXBTC15M-26JUL102000,1.3744,no,185.93,163.6184,18593,2026-07-11 00:00:09.513341+00:00,KXBTC15M-26JUL102000-00,0,0.0,0.0,2026-07-11,163.6184,185.93,20.937199999999997,KXBTC15M
KXBTC15M-26JUL101945,1.5884,no,128.12,98.6524,12812,2026-07-10 23:45:09.512080+00:00,KXBTC15M-26JUL101945-45,0,0.0,0.0,2026-07-10,98.6524,128.12,27.879200000000004,KXBTC15M
KXBTC15M-26JUL101930,4.04879,yes,308.47,16.34891,0,2026-07-10 23:30:09.511661+00:00,KXBTC15M-26JUL101930-30,100,308.47,231.3525,2026-07-10,247.70140999999998,308.47,56.71980000000005,KXBTC15M
KXBTC15M-26JUL101900,5.5848,no,254.48,208.6736,0,2026-07-10 23:00:09.514617+00:00,KXBTC15M-26JUL101900-00,0,254.48,201.0392,2026-07-10,409.7128,254.48,-160.81760000000003,KXBTC15M
KXBTC15M-26JUL101845,5.8429,no,197.71,116.6489,0,2026-07-10 22:45:09.521722+00:00,KXBTC15M-26JUL101845-45,0,395.42,60.6315,2026-07-10,177.2804,197.71,14.586700000000022,KXBTC15M
KXBTC15M-26JUL101830,6.967,yes,326.86,105.2765,0,2026-07-10 22:30:09.513994+00:00,KXBTC15M-26JUL101830-30,100,326.86,210.763,2026-07-10,316.0395,326.86,3.8535000000000386,KXBTC15M
KXBTC15M-26JUL101815,2.83445,yes,198.49,10.91695,0,2026-07-10 22:15:09.517525+00:00,KXBTC15M-26JUL101815-15,100,198.49,141.7993,2026-07-10,152.71625,198.49,42.93930000000001,KXBTC15M
KXBTCD-26JUL1018,1.8507,no,256.36,240.9784,0,2026-07-10 22:02:19.576266+00:00,KXBTCD-26JUL1018-T63999.99,0,256.36,12.598,2026-07-10,253.5764,256.36,0.932900000000007,KXBTCD
KXBTC15M-26JUL101745,10.05045,yes,522.47,125.22475,0,2026-07-10 21:45:09.513582+00:00,KXBTC15M-26JUL101745-45,100,522.47,376.7856,2026-07-10,502.01035,522.47,10.409200000000011,KXBTC15M
KXBTC15M-26JUL101715,1.6319,yes,0.0,0.0,13163,2026-07-10 21:15:09.687655+00:00,KXBTC15M-26JUL101715-15,100,131.63,101.3551,2026-07-10,101.3551,131.63,28.643,KXBTC15M
KXBTC15M-26JUL101700,3.1093,no,204.35,147.132,0,2026-07-10 21:00:09.510263+00:00,KXBTC15M-26JUL101700-00,0,204.35,3.2696,2026-07-10,150.4016,204.35,50.839099999999995,KXBTC15M
KXBTC15M-26JUL101630,1.58626,no,124.74,98.5446,0,2026-07-10 20:30:09.511115+00:00,KXBTC15M-26JUL101630-30,0,124.74,1.99584,2026-07-10,100.54044,124.74,22.61329999999999,KXBTC15M
KXBTC15M-26JUL101615,2.23,no,148.93,102.7617,0,2026-07-10 20:15:09.506655+00:00,KXBTC15M-26JUL101615-15,0,148.93,8.9358,2026-07-10,111.6975,148.93,35.002500000000005,KXBTC15M
KXBTCD-26JUL1016,1.6705,no,149.15,119.32,0,2026-07-10 20:03:09.630130+00:00,KXBTCD-26JUL1016-T63999.99,0,149.15,2.983,2026-07-10,122.303,149.15,25.176500000000008,KXBTCD
KXBTCD-26JUL1016,5.2673,no,148.3,103.81,0,2026-07-10 20:03:09.629526+00:00,KXBTCD-26JUL1016-T63899.99,0,176.58,90.924,2026-07-10,194.734,148.3,-51.701299999999996,KXBTCD
KXBTC15M-26JUL101445,1.8008,no,141.03,107.1828,14103,2026-07-10 18:45:09.513155+00:00,KXBTC15M-26JUL101445-45,0,0.0,0.0,2026-07-10,107.1828,141.03,32.0464,KXBTC15M
KXBTCD-26JUL1014,10.7663,no,712.59,384.078,58162,2026-07-10 18:02:19.578547+00:00,KXBTCD-26JUL1014-T63799.99,0,130.97,103.4663,2026-07-10,487.54429999999996,712.59,214.27940000000007,KXBTCD
KXBTC15M-26JUL101400,15.4051,no,544.27,373.0471,0,2026-07-10 18:00:09.511977+00:00,KXBTC15M-26JUL101400-00,0,544.27,386.1167,2026-07-10,759.1638,544.27,-230.29890000000006,KXBTC15M
KXBTC15M-26JUL101330,7.1941,yes,120.73,105.0351,30535,2026-07-10 17:30:09.514757+00:00,KXBTC15M-26JUL101330-30,100,426.08,294.7479,2026-07-10,399.783,426.08,19.10289999999997,KXBTC15M
KXBTCD-26JUL1013,2.8685,yes,132.56,103.3968,18620,2026-07-10 17:02:19.629962+00:00,KXBTCD-26JUL1013-T64099.99,100,318.76,171.0204,2026-07-10,274.4172,318.76,41.474300000000014,KXBTCD
KXBTC15M-26JUL101300,2.32555,yes,150.25,5.25875,0,2026-07-10 17:00:09.508830+00:00,KXBTC15M-26JUL101300-00,100,150.25,100.6675,2026-07-10,105.92625000000001,150.25,41.99819999999999,KXBTC15M
KXBTC15M-26JUL101230,2.0979,no,142.71,99.897,14271,2026-07-10 16:30:09.509393+00:00,KXBTC15M-26JUL101230-30,0,0.0,0.0,2026-07-10,99.897,142.71,40.7151,KXBTC15M
KXBTC15M-26JUL101215,20.75032,yes,569.17,353.5095,46186,2026-07-10 16:15:09.512845+00:00,KXBTC15M-26JUL101215-15,100,1031.03,811.79188,2026-07-10,1165.3013799999999,1031.03,-155.0216999999999,KXBTC15M
KXBTCD-26JUL1011,1.5727,no,167.16,140.4144,16716,2026-07-10 15:02:19.632884+00:00,KXBTCD-26JUL1011-T63899.99,0,0.0,0.0,2026-07-10,140.4144,167.16,25.172899999999995,KXBTCD
KXBTCD-26JUL1005,2.5908,yes,0.0,0.0,15709,2026-07-10 09:02:21.010097+00:00,KXBTCD-26JUL1005-T64199.99,100,157.09,97.3958,2026-07-10,97.3958,157.09,57.10340000000001,KXBTCD
KXBTC15M-26JUL100500,6.5487,yes,138.89,104.1675,23474,2026-07-10 09:00:10.997484+00:00,KXBTC15M-26JUL100500-00,100,373.63,284.2543,2026-07-10,388.4218,373.63,-21.340500000000024,KXBTC15M
KXBTC15M-26JUL100415,5.3392,no,194.67,118.7487,0,2026-07-10 08:15:11.003545+00:00,KXBTC15M-26JUL100415-15,0,194.67,36.9873,2026-07-10,155.736,194.67,33.5948,KXBTC15M
KXBTC15M-26JUL100400,4.8625,yes,169.07,43.9582,0,2026-07-10 08:00:11.008472+00:00,KXBTC15M-26JUL100400-00,100,169.07,114.2583,2026-07-10,158.2165,169.07,5.990999999999997,KXBTC15M
KXBTC15M-26JUL100345,6.8557,no,411.38,341.2187,11604,2026-07-10 07:45:11.007071+00:00,KXBTC15M-26JUL100345-45,0,295.34,56.4486,2026-07-10,397.6673,411.38,6.856999999999984,KXBTC15M
KXBTC15M-26JUL100315,6.8455,yes,266.73,105.4038,0,2026-07-10 07:15:11.009912+00:00,KXBTC15M-26JUL100315-15,100,266.73,127.1703,2026-07-10,232.5741,266.73,27.31040000000003,KXBTC15M
KXBTC15M-26JUL100245,13.7686,no,500.81,269.4756,13571,2026-07-10 06:45:11.011890+00:00,KXBTC15M-26JUL100245-45,0,365.1,260.405,2026-07-10,529.8806,500.81,-42.839199999999956,KXBTC15M
KXBTC15M-26JUL100215,1.36092,no,125.48,101.6388,0,2026-07-10 06:15:11.010575+00:00,KXBTC15M-26JUL100215-15,0,125.48,0.12548,2026-07-10,101.76428,125.48,22.354800000000004,KXBTC15M
KXBTCD-26JUL1002,2.5666,no,272.85,228.414,11260,2026-07-10 06:02:21.073952+00:00,KXBTCD-26JUL1002-T64099.99,0,160.25,6.41,2026-07-10,234.82399999999998,272.85,35.45940000000004,KXBTCD
KXBTC15M-26JUL100200,1.9589,no,138.46,101.0758,0,2026-07-10 06:00:11.012966+00:00,KXBTC15M-26JUL100200-00,0,138.46,0.6923,2026-07-10,101.7681,138.46,34.733000000000004,KXBTC15M
KXBTC15M-26JUL100130,17.40208,no,747.39,457.0709,0,2026-07-10 05:30:11.013927+00:00,KXBTC15M-26JUL100130-30,0,747.39,192.08142,2026-07-10,649.15232,747.39,80.83559999999996,KXBTC15M
KXBTC15M-26JUL100100,7.8895,no,336.98,224.1582,15276,2026-07-10 05:00:11.013236+00:00,KXBTC15M-26JUL100100-00,0,184.22,62.6348,2026-07-10,286.793,336.98,42.297500000000014,KXBTC15M
KXBTC15M-26JUL100030,1.8664,no,180.64,148.1248,18064,2026-07-10 04:30:11.063875+00:00,KXBTC15M-26JUL100030-30,0,0.0,0.0,2026-07-10,148.1248,180.64,30.648799999999994,KXBTC15M
KXBTC15M-26JUL100015,8.5133,yes,217.44,102.1968,19983,2026-07-10 04:15:11.015532+00:00,KXBTC15M-26JUL100015-15,100,417.27,332.5667,2026-07-10,434.7635,417.27,-26.00680000000004,KXBTC15M
KXBTCD-26JUL1000,9.3028,no,427.24,393.1932,0,2026-07-10 04:02:21.129656+00:00,KXBTCD-26JUL1000-T63899.99,0,427.24,229.5007,2026-07-10,622.6939,427.24,-204.75669999999997,KXBTCD
KXBTC15M-26JUL100000,5.6817,yes,171.85,101.3915,0,2026-07-10 04:00:44.313340+00:00,KXBTC15M-26JUL100000-00,100,171.85,109.984,2026-07-10,211.3755,171.85,-45.20719999999999,KXBTC15M
KXBTC15M-26JUL092345,22.2324,yes,845.08,364.3584,0,2026-07-10 03:45:11.016673+00:00,KXBTC15M-26JUL092345-45,100,845.08,492.3131,2026-07-10,856.6715,845.08,-33.823899999999995,KXBTC15M
KXBTC15M-26JUL092330,5.09873,no,261.53,202.9757,0,2026-07-10 03:30:11.015672+00:00,KXBTC15M-26JUL092330-30,0,261.53,38.66247,2026-07-10,241.63817,261.53,14.79309999999997,KXBTC15M
KXBTCD-26JUL0923,1.5792,no,135.97,107.4163,0,2026-07-10 03:02:21.089474+00:00,KXBTCD-26JUL0923-T63999.99,0,135.97,1.3597,2026-07-10,108.77600000000001,135.97,25.61479999999999,KXBTCD
KXBTC15M-26JUL092245,0.7135,yes,0.0,0.0,11854,2026-07-10 02:45:11.020907+00:00,KXBTC15M-26JUL092245-45,100,118.54,107.2787,2026-07-10,107.2787,118.54,10.547800000000006,KXBTC15M
KXBTCD-26JUL0922,4.2376,no,238.12,197.6396,8603,2026-07-10 02:02:31.103750+00:00,KXBTCD-26JUL0922-T63699.99,0,152.09,117.1093,2026-07-10,314.7489,238.12,-80.86649999999999,KXBTCD
KXBTCD-26JUL0921,8.3217,yes,144.66,107.0484,25395,2026-07-10 01:02:21.077283+00:00,KXBTCD-26JUL0921-T62999.99,100,398.61,257.7973,2026-07-10,364.8457,398.61,25.44259999999999,KXBTCD
KXBTC15M-26JUL092100,1.7761,yes,0.0,0.0,11012,2026-07-10 01:00:11.021908+00:00,KXBTC15M-26JUL092100-00,100,110.12,70.4768,2026-07-10,70.4768,110.12,37.86710000000001,KXBTC15M
KXBTC15M-26JUL092030,1.6225,no,118.45,101.867,0,2026-07-10 00:30:11.012248+00:00,KXBTC15M-26JUL092030-30,0,118.45,9.7129,2026-07-10,111.57990000000001,118.45,5.247599999999993,KXBTC15M
KXBTC15M-26JUL092015,1.47476,no,130.11,111.8946,0,2026-07-10 00:15:11.017582+00:00,KXBTC15M-26JUL092015-15,0,130.11,5.64124,2026-07-10,117.53584,130.11,11.09940000000002,KXBTC15M
KXBTCD-26JUL0920,1.3806,no,123.26,98.608,12326,2026-07-10 00:02:21.023172+00:00,KXBTCD-26JUL0920-T63199.99,0,0.0,0.0,2026-07-10,98.608,123.26,23.2714,KXBTCD
KXBTC15M-26JUL092000,7.5848,no,343.5,242.9355,18673,2026-07-10 00:00:11.012634+00:00,KXBTC15M-26JUL092000-00,0,156.77,62.708,2026-07-10,305.6435,343.5,30.27169999999998,KXBTC15M
KXBTC15M-26JUL091945,1.8666,yes,166.65,8.3325,0,2026-07-09 23:45:11.017045+00:00,KXBTC15M-26JUL091945-45,100,166.65,133.32,2026-07-09,141.6525,166.65,23.130900000000004,KXBTC15M
KXBTC15M-26JUL091930,2.109,yes,146.32,10.2424,0,2026-07-09 23:30:11.016889+00:00,KXBTC15M-26JUL091930-30,100,146.32,103.8872,2026-07-09,114.12960000000001,146.32,30.08139999999998,KXBTC15M
KXBTC15M-26JUL091845,4.0467,yes,264.36,106.99988,0,2026-07-09 22:45:11.016198+00:00,KXBTC15M-26JUL091845-45,100,264.36,105.86312,2026-07-09,212.863,264.36,47.45030000000001,KXBTC15M
KXBTC15M-26JUL091815,3.06137,no,163.81,100.5508,0,2026-07-09 22:15:11.183288+00:00,KXBTC15M-26JUL091815-15,0,163.81,5.05873,2026-07-09,105.60952999999999,163.81,55.13910000000001,KXBTC15M
KXBTCD-26JUL0918,16.1871,yes,510.08,226.0396,0,2026-07-09 22:04:05.023326+00:00,KXBTCD-26JUL0918-T63199.99,100,510.08,311.1576,2026-07-09,537.1972000000001,510.08,-43.30430000000008,KXBTCD
KXBTC15M-26JUL091745,10.39509,no,557.2,381.54926,0,2026-07-09 21:45:11.013652+00:00,KXBTC15M-26JUL091745-45,0,557.2,156.72945,2026-07-09,538.27871,557.2,8.5262,KXBTC15M
KXBTC15M-26JUL091730,6.26627,no,353.56,258.74783,13817,2026-07-09 21:30:11.006944+00:00,KXBTC15M-26JUL091730-30,0,215.39,34.4624,2026-07-09,293.21023,353.56,54.08349999999998,KXBTC15M
KXBTC15M-26JUL091715,4.7076,yes,166.42,115.624,14400,2026-07-09 21:15:11.010356+00:00,KXBTC15M-26JUL091715-15,100,310.42,273.8449,2026-07-09,389.46889999999996,310.42,-83.75649999999995,KXBTC15M
KXBTCD-26JUL0917,4.8578,yes,165.95,111.1865,11865,2026-07-09 21:02:21.151842+00:00,KXBTCD-26JUL0917-T63249.99,100,284.6,122.1491,2026-07-09,233.3356,284.6,46.406600000000026,KXBTCD
KXBTC15M-26JUL091700,4.8754,no,221.24,121.682,0,2026-07-09 21:00:11.115752+00:00,KXBTC15M-26JUL091700-00,0,221.24,16.0523,2026-07-09,137.7343,221.24,78.63030000000002,KXBTC15M
KXBTC15M-26JUL091630,3.00449,yes,194.33,1.36031,0,2026-07-09 20:30:11.008172+00:00,KXBTC15M-26JUL091630-30,100,194.33,134.0877,2026-07-09,135.44801,194.33,55.877500000000005,KXBTC15M
KXBTC15M-26JUL091615,22.61075,no,1013.82,782.521,0,2026-07-09 20:15:11.181415+00:00,KXBTC15M-26JUL091615-15,0,1013.82,349.02155,2026-07-09,1131.54255,1013.82,-140.33329999999984,KXBTC15M
KXBTCD-26JUL0916,29.2319,no,1290.22,820.6109,41675,2026-07-09 20:02:21.078306+00:00,KXBTCD-26JUL0916-T63199.99,0,873.47,625.3563,2026-07-09,1445.9672,1290.22,-184.97910000000002,KXBTCD
KXBTC15M-26JUL091545,1.431,yes,0.0,0.0,15186,2026-07-09 19:45:11.113722+00:00,KXBTC15M-26JUL091545-45,100,151.86,127.5166,2026-07-09,127.5166,151.86,22.912400000000016,KXBTC15M
KXBTC15M-26JUL091530,1.38627,yes,140.09,0.98063,0,2026-07-09 19:30:11.010099+00:00,KXBTC15M-26JUL091530-30,100,140.09,117.6756,2026-07-09,118.65623000000001,140.09,20.047499999999996,KXBTC15M
KXBTC15M-26JUL091515,5.19612,no,327.14,152.887,0,2026-07-09 19:15:11.014968+00:00,KXBTC15M-26JUL091515-15,0,327.14,128.31948,2026-07-09,281.20648,327.14,40.73739999999999,KXBTC15M
KXBTCD-26JUL0915,2.7049,no,228.67,179.1491,22867,2026-07-09 19:02:21.074191+00:00,KXBTCD-26JUL0915-T63199.99,0,0.0,0.0,2026-07-09,179.1491,228.67,46.81599999999998,KXBTCD
KXBTC15M-26JUL091445,24.9579,no,1005.99,637.9675,48203,2026-07-09 18:45:11.006980+00:00,KXBTC15M-26JUL091445-45,0,523.96,323.4412,2026-07-09,961.4087,1005.99,19.623400000000057,KXBTC15M
KXBTC15M-26JUL091430,8.53425,no,423.29,295.5632,0,2026-07-09 18:30:11.011470+00:00,KXBTC15M-26JUL091430-30,0,423.29,52.32635,2026-07-09,347.88955,423.29,66.86620000000003,KXBTC15M
KXBTC15M-26JUL091415,26.6256,yes,884.95,437.9607,0,2026-07-09 18:15:11.011100+00:00,KXBTC15M-26JUL091415-15,100,884.95,627.7177,2026-07-09,1065.6784,884.95,-207.35399999999996,KXBTC15M
KXBTCD-26JUL0914,8.3229,yes,291.19,117.8328,0,2026-07-09 18:02:21.074707+00:00,KXBTCD-26JUL0914-T62999.99,100,291.19,195.0973,2026-07-09,312.9301,291.19,-30.062999999999985,KXBTCD
KXBTCD-26JUL0914,13.5875,no,841.77,709.3762,49541,2026-07-09 18:02:21.074053+00:00,KXBTCD-26JUL0914-T63099.99,0,346.36,191.127,2026-07-09,900.5032000000001,841.77,-72.32070000000013,KXBTCD
KXBTC15M-26JUL091315,5.9924,no,310.52,200.3856,20284,2026-07-09 17:15:11.015517+00:00,KXBTC15M-26JUL091315-15,0,107.68,88.6263,2026-07-09,289.0119,310.52,15.515699999999956,KXBTC15M
KXBTCD-26JUL0913,10.4632,yes,204.21,132.7365,28913,2026-07-09 17:02:11.091019+00:00,KXBTCD-26JUL0913-T62599.99,100,493.34,346.7736,2026-07-09,479.51009999999997,493.34,3.3667000000000087,KXBTCD
KXBTC15M-26JUL091215,3.3002,no,207.22,134.693,0,2026-07-09 16:15:11.015346+00:00,KXBTC15M-26JUL091215-15,0,207.22,20.722,2026-07-09,155.41500000000002,207.22,48.50479999999998,KXBTC15M
KXBTCD-26JUL0912,8.8698,no,532.62,207.7218,53262,2026-07-09 16:02:21.081199+00:00,KXBTCD-26JUL0912-T62899.99,0,0.0,0.0,2026-07-09,207.7218,532.62,316.0284,KXBTCD
KXBTC15M-26JUL091200,29.568,no,991.64,454.0616,9938,2026-07-09 16:00:11.011043+00:00,KXBTC15M-26JUL091200-00,0,892.26,498.685,2026-07-09,952.7466,991.64,9.325400000000041,KXBTC15M
KXBTC15M-26JUL091145,16.2155,no,348.81,244.9833,0,2026-07-09 15:45:11.008044+00:00,KXBTC15M-26JUL091145-45,0,649.76,325.2608,2026-07-09,570.2441,348.81,-237.6496,KXBTC15M
KXBTC15M-26JUL091130,1.6931,no,0.0,0.0,0,2026-07-09 15:30:11.010070+00:00,KXBTC15M-26JUL091130-30,0,157.16,127.2996,2026-07-09,127.2996,0.0,-128.99269999999999,KXBTC15M
KXBTCD-26JUL0911,3.7988,yes,0.0,0.0,27831,2026-07-09 15:02:21.072909+00:00,KXBTCD-26JUL0911-T62899.99,100,278.31,204.3979,2026-07-09,204.3979,278.31,70.11330000000001,KXBTCD
KXBTC15M-26JUL090245,9.6165,yes,202.69,111.4795,30862,2026-07-09 06:45:04.461204+00:00,KXBTC15M-26JUL090245-45,100,511.31,396.0979,2026-07-09,507.5774,511.31,-5.8839000000000095,KXBTC15M
KXBTC15M-26JUL090215,11.19593,no,493.01,266.6769,0,2026-07-09 06:15:04.464787+00:00,KXBTC15M-26JUL090215-15,0,493.01,130.82637,2026-07-09,397.50327,493.01,84.3108,KXBTC15M
KXBTC15M-26JUL090115,0.43449,yes,130.77,1.43847,0,2026-07-09 05:15:04.471072+00:00,KXBTC15M-26JUL090115-15,100,130.77,125.80074,2026-07-09,127.23921,130.77,3.0963000000000105,KXBTC15M
KXBTCD-26JUL0901,8.6972,yes,179.31,158.3934,24788,2026-07-09 05:02:14.582975+00:00,KXBTCD-26JUL0901-T62399.99,100,427.19,192.6943,2026-07-09,351.08770000000004,427.19,67.40509999999996,KXBTCD
KXBTC15M-26JUL090030,7.4711,yes,375.03,154.2209,0,2026-07-09 04:30:04.467091+00:00,KXBTC15M-26JUL090030-30,100,375.03,188.9127,2026-07-09,343.1336,375.03,24.42529999999997,KXBTC15M
KXBTC15M-26JUL090015,1.67644,yes,144.88,11.88016,0,2026-07-09 04:15:04.517592+00:00,KXBTC15M-26JUL090015-15,100,144.88,130.392,2026-07-09,142.27215999999999,144.88,0.9314000000000102,KXBTC15M
KXBTC15M-26JUL090000,10.04602,yes,477.87,138.22068,0,2026-07-09 04:00:08.216729+00:00,KXBTC15M-26JUL090000-00,100,477.87,331.2181,2026-07-09,469.43877999999995,477.87,-1.6147999999999474,KXBTC15M
KXBTC15M-26JUL082345,2.81742,yes,261.35,5.24048,0,2026-07-09 03:45:04.513868+00:00,KXBTC15M-26JUL082345-45,100,261.35,219.534,2026-07-09,224.77447999999998,261.35,33.75810000000004,KXBTC15M
KXBTC15M-26JUL082315,0.0231,yes,0.0,0.0,167,2026-07-09 03:15:04.515705+00:00,KXBTC15M-26JUL082315-15,100,1.67,1.2191,2026-07-09,1.2191,1.67,0.42779999999999985,KXBTC15M
KXBTCD-26JUL0823,1.0593,yes,0.0,0.0,19993,2026-07-09 03:02:27.094310+00:00,KXBTCD-26JUL0823-T61699.99,100,199.93,183.4356,2026-07-09,183.4356,199.93,15.435100000000013,KXBTCD
KXBTCD-26JUL0818,1.823,no,138.89,104.1675,13889,2026-07-08 22:02:14.595295+00:00,KXBTCD-26JUL0818-T62199.99,0,0.0,0.0,2026-07-08,104.1675,138.89,32.89949999999998,KXBTCD
KXBTCD-26JUL0818,1.7175,yes,0.0,0.0,14788,2026-07-08 22:02:14.595295+00:00,KXBTCD-26JUL0818-T62099.99,100,147.88,116.8252,2026-07-08,116.8252,147.88,29.3373,KXBTCD
KXBTC15M-26JUL081745,2.3177,no,142.03,17.0436,0,2026-07-08 21:45:04.514634+00:00,KXBTC15M-26JUL081745-45,0,142.03,120.7255,2026-07-08,137.7691,142.03,1.9431999999999925,KXBTC15M
KXBTC15M-26JUL081730,2.0101,yes,0.0,0.0,11825,2026-07-08 21:30:04.464734+00:00,KXBTC15M-26JUL081730-30,100,118.25,64.3805,2026-07-08,64.3805,118.25,51.8594,KXBTC15M
KXBTC15M-26JUL081715,2.1075,no,169.98,130.8846,16998,2026-07-08 21:15:04.515550+00:00,KXBTC15M-26JUL081715-15,0,0.0,0.0,2026-07-08,130.8846,169.98,36.98789999999998,KXBTC15M
KXBTC15M-26JUL081700,6.31284,no,353.38,250.8998,0,2026-07-08 21:00:04.464539+00:00,KXBTC15M-26JUL081700-00,0,353.38,18.37576,2026-07-08,269.27556,353.38,77.79160000000002,KXBTC15M
KXBTC15M-26JUL081645,6.9926,no,295.98,195.3468,0,2026-07-08 20:45:04.516032+00:00,KXBTC15M-26JUL081645-45,0,295.98,38.4774,2026-07-08,233.82420000000002,295.98,55.163199999999996,KXBTC15M
KXBTC15M-26JUL081630,2.4946,yes,226.68,181.4878,0,2026-07-08 20:30:04.514262+00:00,KXBTC15M-26JUL081630-30,100,0.0,0.0,2026-07-08,181.4878,0.0,-183.98239999999998,KXBTC15M
KXBTC15M-26JUL081615,6.41199,no,679.01,621.86811,48437,2026-07-08 20:15:04.467606+00:00,KXBTC15M-26JUL081615-15,0,194.64,134.3376,2026-07-08,756.20571,679.01,-83.60769999999997,KXBTC15M
KXBTCD-26JUL0816,4.2085,yes,173.0,102.07,0,2026-07-08 20:02:14.595893+00:00,KXBTCD-26JUL0816-T62199.99,100,173.0,20.76,2026-07-08,122.83,173.0,45.9615,KXBTCD
KXBTC15M-26JUL081600,5.6752,no,231.53,159.7557,7831,2026-07-08 20:00:04.463085+00:00,KXBTC15M-26JUL081600-00,0,153.22,108.7862,2026-07-08,268.5419,231.53,-42.6871,KXBTC15M
KXBTC15M-26JUL081515,1.7363,no,177.8,163.0426,0,2026-07-08 19:15:04.559809+00:00,KXBTC15M-26JUL081515-15,0,177.8,12.0904,2026-07-08,175.13299999999998,177.8,0.9307000000000301,KXBTC15M
KXBTCD-26JUL0815,3.8697,no,263.95,183.1099,26395,2026-07-08 19:02:14.581671+00:00,KXBTCD-26JUL0815-T62199.99,0,0.0,0.0,2026-07-08,183.1099,263.95,76.97039999999998,KXBTCD
KXBTCD-26JUL0814,1.8319,yes,0.0,0.0,18545,2026-07-08 18:02:14.602438+00:00,KXBTCD-26JUL0814-T61999.99,100,185.45,153.9235,2026-07-08,153.9235,185.45,29.694599999999998,KXBTCD
KXBTC15M-26JUL081345,3.1598,no,354.18,300.8822,35418,2026-07-08 17:45:04.520356+00:00,KXBTC15M-26JUL081345-45,0,0.0,0.0,2026-07-08,300.8822,354.18,50.138,KXBTC15M
KXBTC15M-26JUL081315,2.1403,no,207.13,169.8466,20713,2026-07-08 17:15:04.467018+00:00,KXBTC15M-26JUL081315-15,0,0.0,0.0,2026-07-08,169.8466,207.13,35.143100000000004,KXBTC15M
KXBTCD-26JUL0813,1.7793,no,172.21,141.2122,17221,2026-07-08 17:02:24.589153+00:00,KXBTCD-26JUL0813-T62099.99,0,0.0,0.0,2026-07-08,141.2122,172.21,29.218500000000013,KXBTCD
KXBTCD-26JUL0812,1.9015,no,213.04,181.084,21304,2026-07-08 16:02:24.634305+00:00,KXBTCD-26JUL0812-T61699.99,0,0.0,0.0,2026-07-08,181.084,213.04,30.05449999999999,KXBTCD
KXBTCD-26JUL0812,1.9199,yes,0.0,0.0,22780,2026-07-08 16:02:24.634305+00:00,KXBTCD-26JUL0812-T61599.99,100,227.8,195.908,2026-07-08,195.908,227.8,29.972100000000026,KXBTCD
KXBTC15M-26JUL081145,9.8472,no,442.8,252.396,26131,2026-07-08 15:45:04.557297+00:00,KXBTC15M-26JUL081145-45,0,181.49,139.7473,2026-07-08,392.14329999999995,442.8,40.80950000000006,KXBTC15M
KXBTC15M-26JUL081130,12.4131,yes,199.85,165.8755,43250,2026-07-08 15:30:04.563544+00:00,KXBTC15M-26JUL081130-30,100,632.35,379.4637,2026-07-08,545.3392,632.35,74.59770000000002,KXBTC15M
KXBTCD-26JUL0811,1.7178,yes,0.0,0.0,14792,2026-07-08 15:02:24.579906+00:00,KXBTCD-26JUL0811-T61699.99,100,147.92,116.8568,2026-07-08,116.8568,147.92,29.34539999999998,KXBTCD
KXBTC15M-26JUL081100,5.0981,no,238.8,148.056,0,2026-07-08 15:00:04.553678+00:00,KXBTC15M-26JUL081100-00,0,238.8,17.91,2026-07-08,165.966,238.8,67.7359,KXBTC15M
KXBTC15M-26JUL081030,2.41986,no,267.67,229.0161,0,2026-07-08 14:30:04.555745+00:00,KXBTC15M-26JUL081030-30,0,267.67,1.50344,2026-07-08,230.51954,267.67,34.73060000000001,KXBTC15M
KXBTCD-26JUL0810,9.4894,yes,150.34,103.7346,28051,2026-07-08 14:02:24.579058+00:00,KXBTCD-26JUL0810-T61699.99,100,430.85,258.51,2026-07-08,362.2446,430.85,59.11600000000003,KXBTCD
KXBTCD-26JUL0800,0.9132,no,30.31,18.4891,0,2026-07-08 11:07:44.589648+00:00,KXBTCD-26JUL0800-T62799.99,0,30.31,7.8806,2026-07-08,26.3697,30.31,3.0270999999999972,KXBTCD
KXBTCD-26JUL0800,0.4376,yes,30.36,21.5556,0,2026-07-08 11:07:44.588853+00:00,KXBTCD-26JUL0800-T62699.99,100,0.0,0.0,2026-07-08,21.5556,0.0,-21.993199999999998,KXBTCD
KXBTCD-26JUL0801,0.7544,yes,31.17,16.6962,0,2026-07-08 11:07:34.522109+00:00,KXBTCD-26JUL0801-T62699.99,100,17.61,13.7358,2026-07-08,30.432000000000002,17.61,-13.576400000000003,KXBTCD
KXBTCD-26JUL0803,2.0468,no,182.75,146.2,18275,2026-07-08 11:06:34.587060+00:00,KXBTCD-26JUL0803-T62699.99,0,0.0,0.0,2026-07-08,146.2,182.75,34.503200000000014,KXBTCD
KXBTCD-26JUL0803,3.3494,no,0.0,0.0,0,2026-07-08 11:06:34.587060+00:00,KXBTCD-26JUL0803-T62599.99,0,191.47,93.8203,2026-07-08,93.8203,0.0,-97.1697,KXBTCD
KXBTC15M-26JUL080345,4.7247,no,212.11,163.3247,0,2026-07-08 07:45:04.454965+00:00,KXBTC15M-26JUL080345-45,0,212.11,36.0587,2026-07-08,199.3834,212.11,8.001900000000019,KXBTC15M
KXBTC15M-26JUL080330,0.59071,yes,171.31,2.74096,0,2026-07-08 07:30:04.501969+00:00,KXBTC15M-26JUL080330-30,100,171.31,165.36813,2026-07-08,168.10909,171.31,2.610199999999993,KXBTC15M
KXBTC15M-26JUL080315,5.32089,yes,385.98,15.28188,0,2026-07-08 07:15:04.503347+00:00,KXBTC15M-26JUL080315-15,100,385.98,286.55853,2026-07-08,301.84041,385.98,78.81869999999999,KXBTC15M
KXBTC15M-26JUL080115,0.0002,yes,0.01,0.0048,0,2026-07-08 05:15:04.511450+00:00,KXBTC15M-26JUL080115-15,100,0.0,0.0,2026-07-08,0.0048,0.0,-0.004999999999999999,KXBTC15M
KXBTC15M-26JUL080100,0.4992,yes,25.34,20.5254,0,2026-07-08 05:00:04.461444+00:00,KXBTC15M-26JUL080100-00,100,25.34,21.539,2026-07-08,42.064400000000006,25.34,-17.223600000000005,KXBTC15M
KXBTC15M-26JUL080045,0.4046,no,21.4,12.626,0,2026-07-08 04:45:04.513396+00:00,KXBTC15M-26JUL080045-45,0,21.4,0.6206,2026-07-08,13.246599999999999,21.4,7.748799999999999,KXBTC15M
KXBTC15M-26JUL080015,1.00194,yes,39.68,5.58836,0,2026-07-08 04:15:04.514415+00:00,KXBTC15M-26JUL080015-15,100,39.68,20.1632,2026-07-08,25.751559999999998,39.68,12.926500000000003,KXBTC15M
KXMVESPORTSMULTIGAMEEXTENDED-S202627392F71E73,0.12626,no,0.0,0.0,0,2026-07-07 18:10:44.969516+00:00,KXMVESPORTSMULTIGAMEEXTENDED-S202627392F71E73-56107E4156D,0,51.94,1.86984,2026-07-07,1.86984,0.0,-1.9961,KXMVESPORTSMULTIGAMEEXTENDED
KXBTC15M-26JUL071315,0.00066,yes,0.09,0.00864,0,2026-07-07 17:15:04.461411+00:00,KXBTC15M-26JUL071315-15,100,0.0,0.0,2026-07-07,0.00864,0.0,-0.0093,KXBTC15M
KXBTCD-26JUL0703,0.2443,no,0.0,0.0,0,2026-07-07 07:09:23.588141+00:00,KXBTCD-26JUL0703-T63299.99,0,29.01,24.954,2026-07-07,24.954,0.0,-25.1983,KXBTCD
KXBTCD-26JUL0702,0.2897,no,24.94,19.7026,2494,2026-07-07 06:02:14.527323+00:00,KXBTCD-26JUL0702-T63099.99,0,0.0,0.0,2026-07-07,19.7026,24.94,4.947700000000001,KXBTCD
KXBTCD-26JUL0701,0.259,no,16.26,10.569,1626,2026-07-07 05:02:14.581238+00:00,KXBTCD-26JUL0701-T63099.99,0,0.0,0.0,2026-07-07,10.569,16.26,5.432,KXBTCD
KXBTC15M-26JUL070045,0.2517,no,14.67,8.3619,1467,2026-07-07 04:45:04.463682+00:00,KXBTC15M-26JUL070045-45,0,0.0,0.0,2026-07-07,8.3619,14.67,6.0564,KXBTC15M
KXBTC15M-26JUL070030,0.36715,yes,15.88,10.3255,875,2026-07-07 04:30:04.507389+00:00,KXBTC15M-26JUL070030-30,100,24.63,22.76265,2026-07-07,33.08815,24.63,-8.8253,KXBTC15M
KXBTC15M-26JUL070015,0.2247,yes,0.0,0.0,1355,2026-07-07 04:15:04.475081+00:00,KXBTC15M-26JUL070015-15,100,13.55,8.2789,2026-07-07,8.2789,13.55,5.0464,KXBTC15M
KXBTC15M-26JUL070000,0.6251,no,19.5,12.675,0,2026-07-07 04:00:04.513987+00:00,KXBTC15M-26JUL070000-00,0,19.5,7.02,2026-07-07,19.695,19.5,-0.8201000000000003,KXBTC15M
KXBTC15M-26JUL062330,0.044,no,3.66,2.8548,366,2026-07-07 03:30:04.562893+00:00,KXBTC15M-26JUL062330-30,0,0.0,0.0,2026-07-07,2.8548,3.66,0.7612000000000001,KXBTC15M
KXBTCD-26JUL0623,1.0459,no,31.55,19.2455,0,2026-07-07 03:02:47.407269+00:00,KXBTCD-26JUL0623-T63399.99,0,31.55,19.561,2026-07-07,38.8065,31.55,-8.302399999999999,KXBTCD
KXBTCD-26JUL0623,1.3866,no,48.42,30.6163,0,2026-07-07 03:02:47.407269+00:00,KXBTCD-26JUL0623-T63299.99,0,48.42,36.1723,2026-07-07,66.7886,48.42,-19.755200000000002,KXBTCD
KXBTC15M-26JUL062245,0.187,no,20.95,17.8075,2095,2026-07-07 02:45:04.481578+00:00,KXBTC15M-26JUL062245-45,0,0.0,0.0,2026-07-07,17.8075,20.95,2.9554999999999985,KXBTC15M
KXWCADVANCE-26JUL06USABEL,0.1455,no,0.12,0.0888,0,2026-07-07 02:01:52.988067+00:00,KXWCADVANCE-26JUL06USABEL-USA,0,52.82,2.1728,2026-07-07,2.2616,0.12,-2.2871,KXWCADVANCE
KXBTCD-26JUL0620,1.5511,yes,60.52,31.8924,0,2026-07-07 00:02:31.925030+00:00,KXBTCD-26JUL0620-T63999.99,100,60.52,50.2648,2026-07-07,82.1572,60.52,-23.188299999999998,KXBTCD
KXBTC15M-26JUL061845,2.4041,no,99.15,74.3655,3492,2026-07-06 22:45:04.460524+00:00,KXBTC15M-26JUL061845-45,0,64.23,34.8732,2026-07-06,109.2387,99.15,-12.492799999999988,KXBTC15M
KXBTC15M-26JUL061745,0.3336,no,10.52,8.942,0,2026-07-06 21:49:13.552806+00:00,KXBTC15M-26JUL061745-45,0,16.92,4.9208,2026-07-06,13.8628,10.52,-3.6764000000000006,KXBTC15M
KXBTC15M-26JUL061730,0.054,no,3.74,2.6554,374,2026-07-06 21:30:04.703512+00:00,KXBTC15M-26JUL061730-30,0,0.0,0.0,2026-07-06,2.6554,3.74,1.0306,KXBTC15M
KXBTC15M-26JUL061715,0.491,yes,19.19,11.7034,0,2026-07-06 21:15:54.722651+00:00,KXBTC15M-26JUL061715-15,100,19.19,16.3115,2026-07-06,28.014899999999997,19.19,-9.315899999999996,KXBTC15M
KXWCGAME-26JUL06PORESP,0.9847,no,52.25,51.205,0,2026-07-06 21:07:46.331701+00:00,KXWCGAME-26JUL06PORESP-TIE,0,52.25,25.08,2026-07-06,76.285,52.25,-25.019699999999997,KXWCGAME
KXBTC15M-26JUL061700,1.1471,yes,35.23,19.3765,0,2026-07-06 21:00:04.518040+00:00,KXBTC15M-26JUL061700-00,100,35.23,23.9564,2026-07-06,43.332899999999995,35.23,-9.249999999999998,KXBTC15M
KXBTC15M-26JUL061630,0.7366,yes,30.13,3.6156,0,2026-07-06 20:30:04.608588+00:00,KXBTC15M-26JUL061630-30,100,30.13,17.4754,2026-07-06,21.091,30.13,8.302399999999999,KXBTC15M
KXBTCD-26JUL0616,0.5119,no,33.25,9.975,0,2026-07-06 20:02:34.575059+00:00,KXBTCD-26JUL0616-T63799.99,0,33.25,0.3325,2026-07-06,10.3075,33.25,22.430600000000002,KXBTCD
KXBTCD-26JUL0616,0.2823,no,25.2,20.16,2520,2026-07-06 20:02:34.574518+00:00,KXBTCD-26JUL0616-T63699.99,0,0.0,0.0,2026-07-06,20.16,25.2,4.757699999999999,KXBTCD
KXBTC15M-26JUL061545,7.3313,yes,258.94,158.6561,0,2026-07-06 19:45:04.559705+00:00,KXBTC15M-26JUL061545-45,100,202.41,114.37,2026-07-06,273.02610000000004,202.41,-77.94740000000004,KXBTC15M
KXBTC15M-26JUL061515,4.443,yes,167.68,118.6611,0,2026-07-06 19:15:04.456951+00:00,KXBTC15M-26JUL061515-15,100,167.68,127.5879,2026-07-06,246.24900000000002,167.68,-83.01200000000001,KXBTC15M
KXBTCD-26JUL0615,0.2854,no,16.73,9.7033,1673,2026-07-06 19:02:24.584378+00:00,KXBTCD-26JUL0615-T63699.99,0,0.0,0.0,2026-07-06,9.7033,16.73,6.7413,KXBTCD
KXBTC15M-26JUL061500,1.1575,no,76.15,51.8231,7615,2026-07-06 19:00:04.607812+00:00,KXBTC15M-26JUL061500-00,0,0.0,0.0,2026-07-06,51.8231,76.15,23.16940000000001,KXBTC15M
KXBTC15M-26JUL061445,2.7217,yes,93.19,46.184,0,2026-07-06 18:45:04.471341+00:00,KXBTC15M-26JUL061445-45,100,93.19,71.8898,2026-07-06,118.07379999999999,93.19,-27.605499999999992,KXBTC15M
KXBTCD-26JUL0614,1.9262,no,78.05,60.879,0,2026-07-06 18:02:24.695184+00:00,KXBTCD-26JUL0614-T63599.99,0,78.05,59.3915,2026-07-06,120.2705,78.05,-44.1467,KXBTCD
KXBTCD-26JUL0614,0.6747,yes,0.0,0.0,9127,2026-07-06 18:02:24.694405+00:00,KXBTCD-26JUL0614-T63499.99,100,91.27,80.3176,2026-07-06,80.3176,91.27,10.277699999999998,KXBTCD
KXBTC15M-26JUL061330,1.58787,yes,76.7,27.26843,0,2026-07-06 17:30:04.561168+00:00,KXBTC15M-26JUL061330-30,100,76.7,62.9356,2026-07-06,90.20403,76.7,-15.0919,KXBTC15M
KXBTCD-26JUL0613,0.7366,no,100.95,90.2735,0,2026-07-06 17:02:24.645750+00:00,KXBTCD-26JUL0613-T63699.99,0,100.95,1.0095,2026-07-06,91.283,100.95,8.930400000000002,KXBTCD
KXBTC15M-26JUL061300,0.8621,no,45.44,34.9888,0,2026-07-06 17:00:04.472057+00:00,KXBTC15M-26JUL061300-00,0,45.44,4.7684,2026-07-06,39.7572,45.44,4.8207,KXBTC15M
KXBTC15M-26JUL060115,0.20849,no,35.99,32.71491,3599,2026-07-06 05:15:04.518503+00:00,KXBTC15M-26JUL060115-15,0,0.0,0.0,2026-07-06,32.71491,35.99,3.066599999999999,KXBTC15M
KXBTCD-26JUL0601,1.6805,yes,31.66,3.4826,7045,2026-07-06 05:02:24.529948+00:00,KXBTCD-26JUL0601-T63199.99,100,102.11,71.3057,2026-07-06,74.7883,102.11,25.641199999999994,KXBTCD
KXBTC15M-26JUL060100,2.1581,no,69.39,38.019,759,2026-07-06 05:00:04.463010+00:00,KXBTC15M-26JUL060100-00,0,61.8,37.9417,2026-07-06,75.9607,69.39,-8.728800000000003,KXBTC15M
KXBTC15M-26JUL060030,0.8647,no,51.06,30.1254,0,2026-07-06 04:30:04.562771+00:00,KXBTC15M-26JUL060030-30,0,51.06,5.106,2026-07-06,35.2314,51.06,14.963900000000002,KXBTC15M
KXBTC15M-26JUL060015,2.89189,yes,133.52,33.88801,0,2026-07-06 04:15:04.468813+00:00,KXBTC15M-26JUL060015-15,100,133.52,96.7172,2026-07-06,130.60521,133.52,0.02290000000001058,KXBTC15M
KXBTCD-26JUL0600,1.398,yes,49.02,35.2944,4018,2026-07-06 04:02:43.695780+00:00,KXBTCD-26JUL0600-T63199.99,100,89.2,77.604,2026-07-06,112.89840000000001,89.2,-25.096400000000006,KXBTCD
KXBTC15M-26JUL060000,1.4013,yes,47.77,10.9871,0,2026-07-06 04:00:04.467737+00:00,KXBTC15M-26JUL060000-00,100,47.77,28.1843,2026-07-06,39.1714,47.77,7.197300000000005,KXBTC15M
KXBTC15M-26JUL052345,2.3944,no,126.36,84.8274,0,2026-07-06 03:45:04.462726+00:00,KXBTC15M-26JUL052345-45,0,126.36,39.6005,2026-07-06,124.4279,126.36,-0.4622999999999946,KXBTC15M
KXBTCD-26JUL0503,1.1987,yes,57.2,5.398,0,2026-07-05 07:09:20.789178+00:00,KXBTCD-26JUL0503-T62699.99,100,57.2,39.468,2026-07-05,44.866,57.2,11.135300000000003,KXBTCD
KXBTC15M-26JUL050245,1.28931,no,57.9,37.056,0,2026-07-05 06:45:04.505495+00:00,KXBTC15M-26JUL050245-45,0,57.9,5.61839,2026-07-05,42.674389999999995,57.9,13.936300000000003,KXBTC15M
KXBTCD-26JUL0414,0.5615,no,36.86,25.0648,3686,2026-07-04 18:02:16.197904+00:00,KXBTCD-26JUL0414-T63299.99,0,0.0,0.0,2026-07-04,25.0648,36.86,11.233699999999997,KXBTCD
KXBTC15M-26JUL040315,1.30214,yes,30.36,21.5556,6626,2026-07-04 07:15:04.460840+00:00,KXBTC15M-26JUL040315-15,100,96.62,79.02036,2026-07-04,100.57596,96.62,-5.25809999999999,KXBTC15M
KXBTCD-26JUL0403,0.5802,no,31.79,26.0678,0,2026-07-04 07:09:08.515359+00:00,KXBTCD-26JUL0403-T62499.99,0,31.79,4.1327,2026-07-04,30.200499999999998,31.79,1.009300000000001,KXBTCD
KXBTC15M-26JUL040215,0.4395,no,24.79,2.9748,0,2026-07-04 06:15:04.461838+00:00,KXBTC15M-26JUL040215-15,0,24.79,20.3278,2026-07-04,23.302599999999998,24.79,1.047900000000001,KXBTC15M
KXBTCD-26JUL0304,0.6238,no,35.87,19.3698,3587,2026-07-03 08:02:14.564427+00:00,KXBTCD-26JUL0304-T61699.99,0,0.0,0.0,2026-07-03,19.3698,35.87,15.876399999999997,KXBTCD
KXBTC15M-26JUL030400,0.214,no,31.21,27.7769,3121,2026-07-03 08:00:04.452589+00:00,KXBTC15M-26JUL030400-00,0,0.0,0.0,2026-07-03,27.7769,31.21,3.2190999999999996,KXBTC15M
KXBTC15M-26JUL030345,0.38513,yes,29.23,0.84767,0,2026-07-03 07:45:04.500535+00:00,KXBTC15M-26JUL030345-45,100,29.23,23.384,2026-07-03,24.23167,29.23,4.613199999999999,KXBTC15M
KXBTC15M-26JUL030315,0.72879,no,44.77,31.339,0,2026-07-03 07:15:04.507574+00:00,KXBTC15M-26JUL030315-15,0,44.77,1.02971,2026-07-03,32.36871,44.77,11.672500000000003,KXBTC15M
KXBTCD-26JUL0303,1.8751,no,88.07,69.5442,0,2026-07-03 07:09:23.688169+00:00,KXBTCD-26JUL0303-T61699.99,0,88.07,15.4856,2026-07-03,85.02980000000001,88.07,1.1650999999999845,KXBTCD
KXBTCD-26JUL0221,0.5917,no,83.5,73.7764,8350,2026-07-03 01:02:24.526736+00:00,KXBTCD-26JUL0221-T61399.99,0,0.0,0.0,2026-07-03,73.7764,83.5,9.131900000000005,KXBTCD
KXBTCD-26JUL0221,0.3195,no,25.77,19.8429,2577,2026-07-03 01:02:24.526736+00:00,KXBTCD-26JUL0221-T61299.99,0,0.0,0.0,2026-07-03,19.8429,25.77,5.6076,KXBTCD
KXBTC15M-26JUL022100,0.618,no,40.57,27.5876,4057,2026-07-03 01:00:04.462601+00:00,KXBTC15M-26JUL022100-00,0,0.0,0.0,2026-07-03,27.5876,40.57,12.364400000000002,KXBTC15M
KXBTC15M-26JUL022045,2.7962,yes,156.37,36.0404,0,2026-07-03 00:45:04.456949+00:00,KXBTC15M-26JUL022045-45,100,156.37,119.2342,2026-07-03,155.2746,156.37,-1.7007999999999877,KXBTC15M
KXBTCD-26JUL0218,2.208,yes,40.62,30.465,5516,2026-07-02 22:02:24.533507+00:00,KXBTCD-26JUL0218-T61499.99,100,95.78,48.1508,2026-07-02,78.6158,95.78,14.956200000000008,KXBTCD
KXBTCD-26JUL0216,2.45,no,114.82,73.133,0,2026-07-02 20:02:24.574628+00:00,KXBTCD-26JUL0216-T61599.99,0,114.82,9.1856,2026-07-02,82.3186,114.82,30.05139999999999,KXBTCD
KXBTCD-26JUL0216,5.9597,no,297.32,215.9844,14152,2026-07-02 20:02:24.573973+00:00,KXBTCD-26JUL0216-T61499.99,0,155.8,98.645,2026-07-02,314.6294,297.32,-23.26909999999998,KXBTCD
KXBTCD-26JUL0216,0.519,yes,0.0,0.0,4817,2026-07-02 20:02:24.573973+00:00,KXBTCD-26JUL0216-T61399.99,100,48.17,39.0177,2026-07-02,39.0177,48.17,8.633300000000004,KXBTCD
KXBTC15M-26JUL021600,2.5742,no,99.52,73.6448,0,2026-07-02 20:00:04.459543+00:00,KXBTC15M-26JUL021600-00,0,99.52,22.8896,2026-07-02,96.5344,99.52,0.4113999999999911,KXBTC15M
KXBTCD-26JUL0215,1.0488,no,44.39,29.2974,0,2026-07-02 19:02:24.577569+00:00,KXBTCD-26JUL0215-T61699.99,0,44.39,5.7707,2026-07-02,35.0681,44.39,8.2731,KXBTCD
KXBTCD-26JUL0215,0.3068,no,53.5,48.685,5350,2026-07-02 19:02:24.576875+00:00,KXBTCD-26JUL0215-T61899.99,0,0.0,0.0,2026-07-02,48.685,53.5,4.508199999999998,KXBTCD
KXBTCD-26JUL0215,0.5676,no,33.52,19.7768,3352,2026-07-02 19:02:24.576875+00:00,KXBTCD-26JUL0215-T61799.99,0,0.0,0.0,2026-07-02,19.7768,33.52,13.175600000000001,KXBTCD
KXBTC15M-26JUL021445,2.0182,no,72.77,33.7313,0,2026-07-02 18:45:04.510527+00:00,KXBTC15M-26JUL021445-45,0,72.77,13.0986,2026-07-02,46.829899999999995,72.77,23.9219,KXBTC15M
KXBTC15M-26JUL021430,2.8623,yes,110.49,86.6844,0,2026-07-02 18:30:04.508829+00:00,KXBTC15M-26JUL021430-30,100,110.49,69.282,2026-07-02,155.9664,110.49,-48.338699999999996,KXBTC15M
KXBTCD-26JUL0214,0.5184,no,61.5,52.89,6150,2026-07-02 18:02:24.589154+00:00,KXBTCD-26JUL0214-T61799.99,0,0.0,0.0,2026-07-02,52.89,61.5,8.0916,KXBTCD
KXBTCD-26JUL0214,0.575,yes,0.0,0.0,4167,2026-07-02 18:02:24.589154+00:00,KXBTCD-26JUL0214-T61599.99,100,41.67,30.4191,2026-07-02,30.4191,41.67,10.675900000000002,KXBTCD
KXBTC15M-26JUL021315,1.6973,yes,39.15,9.7875,6185,2026-07-02 17:15:04.508918+00:00,KXBTC15M-26JUL021315-15,100,101.0,78.8195,2026-07-02,88.607,101.0,10.6957,KXBTC15M
KXBTCD-26JUL0213,0.6572,no,88.9,78.232,8890,2026-07-02 17:02:24.540183+00:00,KXBTCD-26JUL0213-T61799.99,0,0.0,0.0,2026-07-02,78.232,88.9,10.010800000000007,KXBTCD
KXBTCD-26JUL0213,0.428,no,38.21,30.568,3821,2026-07-02 17:02:24.540183+00:00,KXBTCD-26JUL0213-T61699.99,0,0.0,0.0,2026-07-02,30.568,38.21,7.2139999999999995,KXBTCD
KXBTCD-26JUL0213,0.8865,yes,29.07,19.7676,1647,2026-07-02 17:02:24.540183+00:00,KXBTCD-26JUL0213-T61599.99,100,45.54,37.9242,2026-07-02,57.6918,45.54,-13.038300000000001,KXBTCD
KXBTC15M-26JUL021215,0.59708,yes,32.82,2.98662,0,2026-07-02 16:15:04.508105+00:00,KXBTC15M-26JUL021215-15,100,32.82,25.2714,2026-07-02,28.25802,32.82,3.964900000000002,KXBTC15M
KXBTCD-26JUL0212,0.3132,no,45.7,40.673,4570,2026-07-02 16:02:24.593711+00:00,KXBTCD-26JUL0212-T61799.99,0,0.0,0.0,2026-07-02,40.673,45.7,4.713800000000001,KXBTCD
KXBTCD-26JUL0212,0.413,no,32.34,24.5784,3234,2026-07-02 16:02:24.593711+00:00,KXBTCD-26JUL0212-T61699.99,0,0.0,0.0,2026-07-02,24.5784,32.34,7.348600000000005,KXBTCD
KXBTCD-26JUL0212,0.7009,yes,0.0,0.0,5041,2026-07-02 16:02:24.593711+00:00,KXBTCD-26JUL0212-T61499.99,100,50.41,36.6312,2026-07-02,36.6312,50.41,13.077899999999996,KXBTCD
KXBTC15M-26JUL021145,0.5741,no,55.74,45.225,5574,2026-07-02 15:45:04.458902+00:00,KXBTC15M-26JUL021145-45,0,0.0,0.0,2026-07-02,45.225,55.74,9.940900000000001,KXBTC15M
KXBTC15M-26JUL021130,5.9178,yes,141.24,89.7737,10033,2026-07-02 15:30:04.459346+00:00,KXBTC15M-26JUL021130-30,100,241.57,162.1646,2026-07-02,251.93830000000003,241.57,-16.286100000000033,KXBTC15M
KXBTC15M-26JUL021115,2.81338,no,99.11,54.5604,0,2026-07-02 15:15:04.467422+00:00,KXBTC15M-26JUL021115-15,0,99.11,25.27822,2026-07-02,79.83862,99.11,16.457999999999995,KXBTC15M
KXBTCD-26JUL0211,1.0328,yes,28.76,19.5568,1095,2026-07-02 15:02:24.588786+00:00,KXBTCD-26JUL0211-T61599.99,100,39.71,27.3999,2026-07-02,46.9567,39.71,-8.279499999999997,KXBTCD
KXBTCD-26JUL0211,0.47,yes,0.0,0.0,3912,2026-07-02 15:02:24.588786+00:00,KXBTCD-26JUL0211-T61299.99,100,39.12,30.5136,2026-07-02,30.5136,39.12,8.136399999999997,KXBTCD
KXBTCD-26JUL0211,0.5166,yes,0.0,0.0,5000,2026-07-02 15:02:24.588786+00:00,KXBTCD-26JUL0211-T61199.99,100,50.0,41.0,2026-07-02,41.0,50.0,8.4834,KXBTCD
KXBTC15M-26JUL021030,0.68564,no,45.07,36.5067,0,2026-07-02 14:30:04.456962+00:00,KXBTC15M-26JUL021030-30,0,45.07,3.06476,2026-07-02,39.57146,45.07,4.812899999999998,KXBTC15M
KXBTC15M-26JUL021015,3.78484,yes,193.2,68.21706,0,2026-07-02 14:15:04.460460+00:00,KXBTC15M-26JUL021015-15,100,193.2,157.2381,2026-07-02,225.45516,193.2,-36.04000000000002,KXBTC15M
KXBTCD-26JUL0210,0.2919,no,46.33,41.697,4633,2026-07-02 14:02:24.531277+00:00,KXBTCD-26JUL0210-T62099.99,0,0.0,0.0,2026-07-02,41.697,46.33,4.3410999999999955,KXBTCD
KXBTCD-26JUL0210,0.5159,no,39.3,29.475,3930,2026-07-02 14:02:24.531277+00:00,KXBTCD-26JUL0210-T61999.99,0,0.0,0.0,2026-07-02,29.475,39.3,9.309099999999995,KXBTCD
KXBTCD-26JUL0210,1.0414,yes,17.11,10.6082,2724,2026-07-02 14:02:24.531277+00:00,KXBTCD-26JUL0210-T61799.99,100,44.35,25.4506,2026-07-02,36.058800000000005,44.35,7.249799999999996,KXBTCD
KXBTC15M-26JUL020930,1.3528,no,42.64,34.5384,0,2026-07-02 13:30:04.506935+00:00,KXBTC15M-26JUL020930-30,0,51.13,26.5876,2026-07-02,61.126000000000005,42.64,-19.838800000000003,KXBTC15M
KXBTCD-26JUL0209,0.3767,no,43.03,38.2967,0,2026-07-02 13:02:24.526422+00:00,KXBTCD-26JUL0209-T61499.99,0,43.03,1.201,2026-07-02,39.4977,43.03,3.1555999999999993,KXBTCD
KXBTC15M-26JUL020215,1.0917,no,45.22,29.8452,0,2026-07-02 06:15:06.603409+00:00,KXBTC15M-26JUL020215-15,0,45.22,6.3308,2026-07-02,36.176,45.22,7.9522999999999975,KXBTC15M
KXBTC15M-26JUL020145,0.7258,no,35.37,4.2444,0,2026-07-02 05:45:06.604610+00:00,KXBTC15M-26JUL020145-45,0,35.37,26.5275,2026-07-02,30.7719,35.37,3.8722999999999987,KXBTC15M
KXBTC15M-26JUL020130,2.0686,no,82.05,51.6786,0,2026-07-02 05:30:06.608937+00:00,KXBTC15M-26JUL020130-30,0,82.05,17.0237,2026-07-02,68.70230000000001,82.05,11.279099999999989,KXBTC15M
KXBTC15M-26JUL020115,1.5301,yes,64.36,25.2166,0,2026-07-02 05:15:06.612925+00:00,KXBTC15M-26JUL020115-15,100,64.36,41.6272,2026-07-02,66.8438,64.36,-4.013900000000002,KXBTC15M
KXBTC15M-26JUL012345,0.00062,yes,0.62,0.00868,0,2026-07-02 03:45:06.610214+00:00,KXBTC15M-26JUL012345-45,100,0.0,0.0,2026-07-02,0.00868,0.0,-0.009300000000000001,KXBTC15M
KXBTC15M-26JUL012330,0.2078,yes,23.28,19.788,0,2026-07-02 03:30:06.733855+00:00,KXBTC15M-26JUL012330-30,100,0.0,0.0,2026-07-02,19.788,0.0,-19.9958,KXBTC15M
KXBTC15M-26JUL012315,0.3569,yes,22.72,14.9952,0,2026-07-02 03:15:06.608732+00:00,KXBTC15M-26JUL012315-15,100,0.0,0.0,2026-07-02,14.9952,0.0,-15.3521,KXBTC15M
KXBTCD-26JUL0123,0.9349,no,41.68,26.8356,1794,2026-07-02 03:02:43.201030+00:00,KXBTCD-26JUL0123-T60399.99,0,23.74,4.748,2026-07-02,31.5836,41.68,9.161499999999998,KXBTCD
KXBTCD-26JUL0123,0.2568,yes,0.0,0.0,1612,2026-07-02 03:02:43.201030+00:00,KXBTCD-26JUL0123-T60299.99,100,16.12,10.478,2026-07-02,10.478,16.12,5.385200000000001,KXBTCD
KXBTC15M-26JUL012300,0.25784,yes,13.61,0.35386,0,2026-07-02 03:00:06.608605+00:00,KXBTC15M-26JUL012300-00,100,13.61,7.7577,2026-07-02,8.111559999999999,13.61,5.240600000000001,KXBTC15M
KXBTC15M-26JUL012230,0.6237,yes,26.7,5.356,0,2026-07-02 02:30:06.760370+00:00,KXBTC15M-26JUL012230-30,100,26.7,20.4225,2026-07-02,25.7785,26.7,0.2977999999999982,KXBTC15M
KXBTC15M-26JUL012215,0.1965,no,14.59,10.7966,1459,2026-07-02 02:15:06.683737+00:00,KXBTC15M-26JUL012215-15,0,0.0,0.0,2026-07-02,10.7966,14.59,3.5969,KXBTC15M
KXBTCD-26JUL0122,0.4978,yes,20.91,3.7638,0,2026-07-02 02:02:34.492500+00:00,KXBTCD-26JUL0122-T59999.99,100,20.91,15.4734,2026-07-02,19.2372,20.91,1.1749999999999987,KXBTCD
KXBTCD-26JUL0122,0.8359,yes,31.9,27.334,1141,2026-07-02 02:02:34.491432+00:00,KXBTCD-26JUL0122-T60099.99,100,43.31,30.4126,2026-07-02,57.7466,43.31,-15.272499999999999,KXBTCD
KXBTC15M-26JUL012130,1.2207,yes,27.25,19.7966,2576,2026-07-02 01:30:06.705587+00:00,KXBTC15M-26JUL012130-30,100,53.01,34.4589,2026-07-02,54.2555,53.01,-2.4661999999999997,KXBTC15M
KXBTC15M-26JUL012030,0.0,no,0.0,0.0,0,2026-07-02 00:30:06.599249+00:00,KXBTC15M-26JUL012030-30,0,0.0,0.0,2026-07-02,0.0,0.0,0.0,KXBTC15M
KXBTC15M-26JUL012015,0.2555,no,23.22,18.6838,2322,2026-07-02 00:15:06.604365+00:00,KXBTC15M-26JUL012015-15,0,0.0,0.0,2026-07-02,18.6838,23.22,4.280699999999998,KXBTC15M
KXBTCD-26JUL0120,7.2438,no,233.93,147.5943,0,2026-07-02 00:02:31.564944+00:00,KXBTCD-26JUL0120-T59999.99,0,262.28,180.0959,2026-07-02,327.6902,233.93,-101.00399999999999,KXBTCD
KXBTC15M-26JUL012000,1.5121,no,64.23,48.8148,0,2026-07-02 00:00:06.752861+00:00,KXBTC15M-26JUL012000-00,0,64.23,12.2037,2026-07-02,61.018499999999996,64.23,1.699400000000008,KXBTC15M
KXBTC15M-26JUL011945,2.15142,no,160.85,140.46188,9930,2026-07-01 23:45:06.659534+00:00,KXBTC15M-26JUL011945-45,0,61.55,42.4695,2026-07-01,182.93138,160.85,-24.232799999999997,KXBTC15M
KXBTC15M-26JUL011930,10.8991,no,432.41,280.6528,12448,2026-07-01 23:30:06.711362+00:00,KXBTC15M-26JUL011930-30,0,307.93,201.1258,2026-07-01,481.7786,432.41,-60.26769999999996,KXBTC15M
KXBTCD-26JUL0119,1.4389,no,120.27,97.9187,0,2026-07-01 23:02:36.999273+00:00,KXBTCD-26JUL0119-T60499.99,0,120.27,2.4054,2026-07-01,100.3241,120.27,18.506999999999994,KXBTCD
KXBTCD-26JUL0119,2.889,yes,169.95,51.965,4337,2026-07-01 23:02:36.998218+00:00,KXBTCD-26JUL0119-T60399.99,100,213.32,184.3629,2026-07-01,236.3279,213.32,-25.896900000000006,KXBTCD
KXBTC15M-26JUL011900,2.147,no,140.95,95.846,14095,2026-07-01 23:00:06.784866+00:00,KXBTC15M-26JUL011900-00,0,0.0,0.0,2026-07-01,95.846,140.95,42.95699999999999,KXBTC15M
KXBTC15M-26JUL011845,1.9781,no,110.99,87.9313,0,2026-07-01 22:45:08.452446+00:00,KXBTC15M-26JUL011845-45,0,110.99,11.099,2026-07-01,99.0303,110.99,9.981599999999998,KXBTC15M
KXBTC15M-26JUL011830,4.12282,no,314.84,252.1461,13899,2026-07-01 22:30:08.398559+00:00,KXBTC15M-26JUL011830-30,0,175.85,166.20488,2026-07-01,418.35098,314.84,-107.63380000000002,KXBTC15M
KXBTC15M-26JUL011815,3.4415,no,115.44,68.0248,2593,2026-07-01 22:15:08.466567+00:00,KXBTC15M-26JUL011815-15,0,89.51,34.6334,2026-07-01,102.6582,115.44,9.340300000000004,KXBTC15M
KXBTC15M-26JUL011800,0.8426,yes,29.3,16.701,1200,2026-07-01 22:00:08.620227+00:00,KXBTC15M-26JUL011800-00,100,41.3,35.551,2026-07-01,52.252,41.3,-11.794600000000006,KXBTC15M
KXBTC15M-26JUL011730,8.3762,yes,319.81,87.1153,0,2026-07-01 21:30:08.505847+00:00,KXBTC15M-26JUL011730-30,100,319.81,215.4468,2026-07-01,302.5621,319.81,8.871700000000015,KXBTC15M
KXBTC15M-26JUL011615,0.9554,no,79.53,62.0334,7953,2026-07-01 20:15:08.565516+00:00,KXBTC15M-26JUL011615-15,0,0.0,0.0,2026-07-01,62.0334,79.53,16.5412,KXBTC15M
KXBTCD-26JUL0116,5.8435,no,304.92,175.844,22219,2026-07-01 20:02:26.878336+00:00,KXBTCD-26JUL0116-T59999.99,0,82.73,72.2924,2026-07-01,248.13639999999998,304.92,50.94010000000004,KXBTCD
KXBTC15M-26JUL011600,2.19862,no,144.11,100.877,0,2026-07-01 20:00:08.449265+00:00,KXBTC15M-26JUL011600-00,0,144.11,1.15288,2026-07-01,102.02987999999999,144.11,39.881500000000024,KXBTC15M
KXBTC15M-26JUL011545,10.311,yes,490.22,187.1619,0,2026-07-01 19:45:08.402621+00:00,KXBTC15M-26JUL011545-45,100,490.22,438.2561,2026-07-01,625.418,490.22,-145.509,KXBTC15M
KXBTC15M-26JUL011530,1.9367,no,158.55,122.8044,15855,2026-07-01 19:30:08.509242+00:00,KXBTC15M-26JUL011530-30,0,0.0,0.0,2026-07-01,122.8044,158.55,33.80890000000001,KXBTC15M
KXBTC15M-26JUL011515,4.0335,yes,164.25,22.995,0,2026-07-01 19:15:08.451716+00:00,KXBTC15M-26JUL011515-15,100,164.25,105.12,2026-07-01,128.115,164.25,32.10149999999999,KXBTC15M
KXBTCD-26JUL0115,1.4112,no,58.41,49.6485,0,2026-07-01 19:02:28.529008+00:00,KXBTCD-26JUL0115-T60199.99,0,58.41,39.7188,2026-07-01,89.3673,58.41,-32.368500000000004,KXBTCD
KXBTCD-26JUL0115,4.143,yes,101.44,57.8208,8428,2026-07-01 19:02:28.528060+00:00,KXBTCD-26JUL0115-T60099.99,100,185.72,137.9172,2026-07-01,195.738,185.72,-14.161000000000001,KXBTCD
KXBTC15M-26JUL011500,10.9818,no,459.78,227.4729,12652,2026-07-01 19:00:08.401252+00:00,KXBTC15M-26JUL011500-00,0,333.26,262.309,2026-07-01,489.78190000000006,459.78,-40.98370000000009,KXBTC15M
KXBTC15M-26JUL011430,0.9248,yes,0.0,0.0,9961,2026-07-01 18:30:08.510871+00:00,KXBTC15M-26JUL011430-30,100,99.61,83.9285,2026-07-01,83.9285,99.61,14.7567,KXBTC15M
KXBTCD-26JUL0114,0.6247,no,84.51,74.3688,8451,2026-07-01 18:02:41.222163+00:00,KXBTCD-26JUL0114-T60199.99,0,0.0,0.0,2026-07-01,74.3688,84.51,9.516500000000011,KXBTCD
KXBTC15M-26JUL011345,2.4943,yes,76.02,11.0826,9069,2026-07-01 17:45:10.851580+00:00,KXBTC15M-26JUL011345-45,100,166.71,132.8687,2026-07-01,143.9513,166.71,20.264400000000006,KXBTC15M
KXBTC15M-26JUL011315,1.51982,no,79.92,74.64528,0,2026-07-01 17:15:10.950431+00:00,KXBTC15M-26JUL011315-15,0,79.92,23.976,2026-07-01,98.62128,79.92,-20.221099999999996,KXBTC15M
KXBTCD-26JUL0113,0.9348,no,75.4,58.058,7540,2026-07-01 17:02:20.975423+00:00,KXBTCD-26JUL0113-T59899.99,0,0.0,0.0,2026-07-01,58.058,75.4,16.407200000000007,KXBTCD
KXBTC15M-26JUL011230,0.0,yes,0.0,0.0,0,2026-07-01 16:30:10.853095+00:00,KXBTC15M-26JUL011230-30,100,0.0,0.0,2026-07-01,0.0,0.0,0.0,KXBTC15M
KXBTC15M-26JUL011215,0.85529,no,59.17,42.0107,5636,2026-07-01 16:15:31.450280+00:00,KXBTC15M-26JUL011215-15,0,2.81,0.03091,2026-07-01,42.04161,59.17,16.273100000000003,KXBTC15M
KXBTCD-26JUL0112,2.0512,yes,113.79,51.8359,0,2026-07-01 16:02:32.143637+00:00,KXBTCD-26JUL0112-T60099.99,100,113.79,55.0496,2026-07-01,106.88550000000001,113.79,4.853299999999999,KXBTCD
KXBTCD-26JUL0112,0.5273,no,37.36,26.8992,3736,2026-07-01 16:02:32.142764+00:00,KXBTCD-26JUL0112-T60199.99,0,0.0,0.0,2026-07-01,26.8992,37.36,9.933499999999999,KXBTCD
KXBTC15M-26JUL011145,0.08517,no,38.09,36.83303,3809,2026-07-01 15:45:13.054578+00:00,KXBTC15M-26JUL011145-45,0,0.0,0.0,2026-07-01,36.83303,38.09,1.1718000000000026,KXBTC15M
KXBTCD-26JUL0106,0.856,no,76.42,61.136,7642,2026-07-01 10:02:36.397368+00:00,KXBTCD-26JUL0106-T58899.99,0,0.0,0.0,2026-07-01,61.136,76.42,14.427999999999999,KXBTCD
KXBTC15M-26JUL010545,2.27734,no,113.57,91.34656,5204,2026-07-01 09:45:06.339554+00:00,KXBTC15M-26JUL010545-45,0,61.53,28.3038,2026-07-01,119.65035999999999,113.57,-8.3577,KXBTC15M
KXBTC15M-26JUL010530,0.2999,no,40.56,35.6918,4056,2026-07-01 09:30:06.340130+00:00,KXBTC15M-26JUL010530-30,0,0.0,0.0,2026-07-01,35.6918,40.56,4.568300000000002,KXBTC15M
KXBTC15M-26JUL010515,6.8041,no,279.91,145.3477,11562,2026-07-01 09:15:07.093831+00:00,KXBTC15M-26JUL010515-15,0,164.29,122.0259,2026-07-01,267.3736,279.91,5.732300000000015,KXBTC15M
KXBTCD-26JUL0105,1.2918,yes,63.06,4.4142,0,2026-07-01 09:02:37.211988+00:00,KXBTCD-26JUL0105-T58799.99,100,63.06,40.989,2026-07-01,45.4032,63.06,16.365000000000006,KXBTCD
KXBTCD-26JUL0105,0.31,yes,32.95,27.678,0,2026-07-01 09:02:37.211589+00:00,KXBTCD-26JUL0105-T58899.99,100,0.0,0.0,2026-07-01,27.678,0.0,-27.988,KXBTCD
KXBTC15M-26JUL010445,2.9325,yes,97.19,45.8406,3223,2026-07-01 08:45:07.090711+00:00,KXBTC15M-26JUL010445-45,100,129.42,73.7605,2026-07-01,119.6011,129.42,6.886399999999985,KXBTC15M
KXBTC15M-26JUL010430,0.76201,no,68.73,60.4824,0,2026-07-01 08:30:07.098098+00:00,KXBTC15M-26JUL010430-30,0,68.73,3.84599,2026-07-01,64.32839,68.73,3.639600000000005,KXBTC15M
KXBTC15M-26JUL010415,0.56964,no,248.26,242.68784,21148,2026-07-01 08:15:07.097019+00:00,KXBTC15M-26JUL010415-15,0,36.78,3.64122,2026-07-01,246.32906,248.26,1.3612999999999924,KXBTC15M
KXBTCD-26JUL0104,0.9865,no,69.9,50.328,6990,2026-07-01 08:02:23.404113+00:00,KXBTCD-26JUL0104-T58699.99,0,0.0,0.0,2026-07-01,50.328,69.9,18.585500000000003,KXBTCD
KXBTC15M-26JUL010245,0.0,no,0.0,0.0,0,2026-07-01 06:45:05.700934+00:00,KXBTC15M-26JUL010245-45,0,0.0,0.0,2026-07-01,0.0,0.0,0.0,KXBTC15M
KXBTC15M-26JUN301615,0.00076,yes,9.34,0.00934,0,2026-06-30 20:15:11.952910+00:00,KXBTC15M-26JUN301615-15,100,0.0,0.0,2026-06-30,0.00934,0.0,-0.0101,KXBTC15M
KXBTCD-26JUN3016,0.0002,yes,0.0,0.0,1,2026-06-30 20:02:22.029700+00:00,KXBTCD-26JUN3016-T58699.99,100,0.01,0.0057,2026-06-30,0.0057,0.01,0.0041,KXBTCD
KXBTC15M-26JUN301530,0.003,yes,0.17,0.0799,0,2026-06-30 19:30:12.007511+00:00,KXBTC15M-26JUN301530-30,100,0.0,0.0,2026-06-30,0.0799,0.0,-0.0829,KXBTC15M
KXBTC15M-26JUN301515,0.0014,no,0.08,0.04,8,2026-06-30 19:15:12.057238+00:00,KXBTC15M-26JUN301515-15,0,0.0,0.0,2026-06-30,0.04,0.08,0.0386,KXBTC15M
KXBTC15M-26JUN301445,0.0007,no,0.04,0.024,4,2026-06-30 18:45:11.948329+00:00,KXBTC15M-26JUN301445-45,0,0.0,0.0,2026-06-30,0.024,0.04,0.015300000000000001,KXBTC15M
KXBTC15M-26JUN301345,1.0456,no,27.6,18.768,0,2026-06-30 17:45:11.953818+00:00,KXBTC15M-26JUN301345-45,0,41.42,28.2622,2026-06-30,47.0302,27.6,-20.4758,KXBTC15M
KXBTC15M-26JUN301330,4.09096,no,136.71,76.77864,0,2026-06-30 17:30:11.952406+00:00,KXBTC15M-26JUN301330-30,0,136.71,57.6059,2026-06-30,134.38454,136.71,-1.765499999999979,KXBTC15M
KXBTC15M-26JUN301315,1.3667,no,59.01,40.95,2226,2026-06-30 17:15:12.001908+00:00,KXBTC15M-26JUN301315-15,0,36.75,26.9352,2026-06-30,67.8852,59.01,-10.2419,KXBTC15M
KXBTCD-26JUN3013,4.0138,no,145.64,94.6257,0,2026-06-30 17:02:22.034826+00:00,KXBTCD-26JUN3013-T58399.99,0,145.64,77.7624,2026-06-30,172.3881,145.64,-30.761900000000022,KXBTCD
KXBTC15M-26JUN301245,1.7767,yes,86.39,21.8993,0,2026-06-30 16:45:01.950245+00:00,KXBTC15M-26JUN301245-45,100,86.39,59.299,2026-06-30,81.1983,86.39,3.4149999999999974,KXBTC15M
KXBTC15M-26JUN301230,0.5261,no,33.03,21.4695,0,2026-06-30 16:30:01.950682+00:00,KXBTC15M-26JUN301230-30,0,33.03,3.303,2026-06-30,24.7725,33.03,7.731400000000001,KXBTC15M
KXBTCD-26JUN3005,0.0009,no,0.03,0.0225,0,2026-06-30 09:02:31.999186+00:00,KXBTCD-26JUN3005-T59299.99,0,0.03,0.0087,2026-06-30,0.0312,0.03,-0.0020999999999999994,KXBTCD
KXBTC15M-26JUN300430,0.39094,no,27.64,19.59736,212,2026-06-30 08:30:01.943474+00:00,KXBTC15M-26JUN300430-30,0,25.52,3.828,2026-06-30,23.425359999999998,27.64,3.8237000000000028,KXBTC15M
KXBTC15M-26JUN300415,0.474,no,30.62,20.5154,0,2026-06-30 08:15:11.947871+00:00,KXBTC15M-26JUN300415-15,0,30.62,3.062,2026-06-30,23.5774,30.62,6.5686,KXBTC15M
KXBTC15M-26JUN292215,0.5197,no,26.71,20.4108,0,2026-06-30 02:15:12.002688+00:00,KXBTC15M-26JUN292215-15,0,53.42,4.8078,2026-06-30,25.2186,26.71,0.9717000000000022,KXBTC15M
KXBTCD-26JUN2922,0.4986,yes,32.5,1.625,0,2026-06-30 02:02:22.121159+00:00,KXBTCD-26JUN2922-T59799.99,100,32.5,25.35,2026-06-30,26.975,32.5,5.026399999999999,KXBTCD
KXBTC15M-26JUN292200,0.3962,yes,28.71,2.871,0,2026-06-30 02:00:02.219227+00:00,KXBTC15M-26JUN292200-00,100,28.71,20.9583,2026-06-30,23.8293,28.71,4.484500000000001,KXBTC15M
KXBTC15M-26JUN292145,0.3807,no,23.6,15.104,0,2026-06-30 01:45:12.011425+00:00,KXBTC15M-26JUN292145-45,0,23.6,2.36,2026-06-30,17.464,23.6,5.755300000000003,KXBTC15M
KXBTC15M-26JUN292130,0.02332,yes,0.0,0.0,1546,2026-06-30 01:30:11.947979+00:00,KXBTC15M-26JUN292130-30,100,15.46,15.11988,2026-06-30,15.11988,15.46,0.31680000000000064,KXBTC15M
KXWCADVANCE-26JUN29GERPAR,0.0343,no,0.0,0.0,0,2026-06-29 23:38:11.520664+00:00,KXWCADVANCE-26JUN29GERPAR-GER,0,2.02,1.1918,2026-06-29,1.1918,0.0,-1.2261,KXWCADVANCE
KXBTC15M-26JUN291915,0.56952,no,19.42,13.15358,121,2026-06-29 23:15:10.203887+00:00,KXBTC15M-26JUN291915-15,0,18.21,11.5405,2026-06-29,24.69408,19.42,-5.843599999999998,KXBTC15M
KXBTCD-26JUN2919,0.0243,no,7.14,6.8544,0,2026-06-29 23:02:20.276714+00:00,KXBTCD-26JUN2919-T60299.99,0,7.14,0.0714,2026-06-29,6.9258,7.14,0.18989999999999996,KXBTCD
KXBTC15M-26JUN291900,1.4768,no,92.7,49.618,0,2026-06-29 23:00:10.205232+00:00,KXBTC15M-26JUN291900-00,0,92.7,67.995,2026-06-29,117.613,92.7,-26.389799999999997,KXBTC15M
KXBTC15M-26JUN291845,0.6096,no,36.96,22.9152,0,2026-06-29 22:45:10.255461+00:00,KXBTC15M-26JUN291845-45,0,36.96,3.696,2026-06-29,26.6112,36.96,9.7392,KXBTC15M
KXBTC15M-26JUN291830,2.4379,yes,67.87,32.2605,2352,2026-06-29 22:30:10.257796+00:00,KXBTC15M-26JUN291830-30,100,91.39,65.9272,2026-06-29,98.1877,91.39,-9.235600000000005,KXBTC15M
KXBTC15M-26JUN291815,0.5445,no,32.41,19.446,3241,2026-06-29 22:15:10.208318+00:00,KXBTC15M-26JUN291815-15,0,0.0,0.0,2026-06-29,19.446,32.41,12.419499999999996,KXBTC15M
KXBTCD-26JUN2918,0.3973,no,40.22,33.3826,4022,2026-06-29 22:02:20.288036+00:00,KXBTCD-26JUN2918-T60499.99,0,0.0,0.0,2026-06-29,33.3826,40.22,6.440100000000003,KXBTCD
KXBTCD-26JUN2918,2.6157,no,45.0,23.85,0,2026-06-29 22:02:20.288036+00:00,KXBTCD-26JUN2918-T60399.99,0,174.76,138.4216,2026-06-29,162.2716,45.0,-119.88730000000001,KXBTCD
KXBTC15M-26JUN291730,1.06035,no,59.55,46.449,0,2026-06-29 21:30:10.198134+00:00,KXBTC15M-26JUN291730-30,0,59.55,5.41905,2026-06-29,51.86805,59.55,6.621600000000001,KXBTC15M
KXBTC15M-26JUN291715,0.01793,yes,0.0,0.0,1981,2026-06-29 21:15:10.201158+00:00,KXBTC15M-26JUN291715-15,100,19.81,19.55247,2026-06-29,19.55247,19.81,0.23959999999999915,KXBTC15M
KXBTCD-26JUN2917,0.738,no,45.74,29.2596,4574,2026-06-29 21:02:20.263535+00:00,KXBTCD-26JUN2917-T60249.99,0,0.0,0.0,2026-06-29,29.2596,45.74,15.742400000000004,KXBTCD
KXBTC15M-26JUN291700,1.1917,no,81.19,56.8623,8119,2026-06-29 21:00:10.199060+00:00,KXBTC15M-26JUN291700-00,0,0.0,0.0,2026-06-29,56.8623,81.19,23.136,KXBTC15M
KXBTC15M-26JUN291645,0.59092,yes,39.84,1.67328,0,2026-06-29 20:45:10.203004+00:00,KXBTC15M-26JUN291645-45,100,39.84,31.0752,2026-06-29,32.74848,39.84,6.500600000000003,KXBTC15M
KXBTC15M-26JUN291630,5.5761,no,217.04,150.1776,8114,2026-06-29 20:30:10.205997+00:00,KXBTC15M-26JUN291630-30,0,135.9,67.9991,2026-06-29,218.1767,217.04,-6.712800000000019,KXBTC15M
KXBTC15M-26JUN291615,6.22256,no,285.4,219.44484,8512,2026-06-29 20:15:10.208480+00:00,KXBTC15M-26JUN291615-15,0,200.28,135.362,2026-06-29,354.80683999999997,285.4,-75.62939999999999,KXBTC15M
KXBTCD-26JUN2916,0.8152,no,96.72,83.1792,9672,2026-06-29 20:02:20.280548+00:00,KXBTCD-26JUN2916-T60499.99,0,0.0,0.0,2026-06-29,83.1792,96.72,12.725600000000004,KXBTCD
KXBTCD-26JUN2916,0.6562,no,60.91,49.3371,6091,2026-06-29 20:02:20.280548+00:00,KXBTCD-26JUN2916-T60399.99,0,0.0,0.0,2026-06-29,49.3371,60.91,10.916699999999997,KXBTCD
KXBTC15M-26JUN291600,0.8096,no,56.94,51.246,0,2026-06-29 20:00:10.216608+00:00,KXBTC15M-26JUN291600-00,0,56.94,49.5378,2026-06-29,100.7838,56.94,-44.653400000000005,KXBTC15M
KXBTC15M-26JUN291545,1.6826,no,269.42,247.6926,18414,2026-06-29 19:45:10.203107+00:00,KXBTC15M-26JUN291545-45,0,85.28,5.9696,2026-06-29,253.66219999999998,269.42,14.07520000000003,KXBTC15M
KXBTC15M-26JUN291530,1.24383,yes,73.59,4.63617,0,2026-06-29 19:30:10.257809+00:00,KXBTC15M-26JUN291530-30,100,73.59,55.9284,2026-06-29,60.56457,73.59,11.781600000000001,KXBTC15M
KXBTC15M-26JUN291515,0.53928,no,83.73,75.13502,8373,2026-06-29 19:15:10.203931+00:00,KXBTC15M-26JUN291515-15,0,0.0,0.0,2026-06-29,75.13502,83.73,8.055700000000007,KXBTC15M
KXBTC15M-26JUN291445,0.50536,no,25.54,24.54394,0,2026-06-29 18:45:10.203737+00:00,KXBTC15M-26JUN291445-45,0,25.54,14.5578,2026-06-29,39.10174,25.54,-14.0671,KXBTC15M
KXBTC15M-26JUN291430,0.1808,no,15.05,11.739,1505,2026-06-29 18:30:02.698029+00:00,KXBTC15M-26JUN291430-30,0,0.0,0.0,2026-06-29,11.739,15.05,3.1302,KXBTC15M
KXBTC15M-26JUN291415,0.8921,yes,21.58,12.3006,1193,2026-06-29 18:15:02.713801+00:00,KXBTC15M-26JUN291415-15,100,33.51,21.0551,2026-06-29,33.3557,33.51,-0.7378000000000008,KXBTC15M
KXBTCD-26JUN2914,4.1386,no,138.18,78.932,1252,2026-06-29 18:02:22.851732+00:00,KXBTCD-26JUN2914-T60399.99,0,125.66,78.9116,2026-06-29,157.8436,138.18,-23.802200000000003,KXBTCD
KXBTC15M-26JUN291345,10.72061,yes,346.38,235.3506,3629,2026-06-29 17:45:12.695920+00:00,KXBTC15M-26JUN291345-45,100,382.67,260.35599,2026-06-29,495.70659,382.67,-123.75719999999998,KXBTC15M
KXBTC15M-26JUN291330,19.5883,yes,571.88,421.3323,16012,2026-06-29 17:30:02.703772+00:00,KXBTC15M-26JUN291330-30,100,732.0,455.3864,2026-06-29,876.7186999999999,732.0,-164.3069999999999,KXBTC15M
KXBTCD-26JUN2913,1.9799,no,183.78,148.8618,18378,2026-06-29 17:02:22.780967+00:00,KXBTCD-26JUN2913-T59899.99,0,0.0,0.0,2026-06-29,148.8618,183.78,32.93830000000001,KXBTCD
KXBTCD-26JUN2913,0.8158,no,63.89,48.5564,6389,2026-06-29 17:02:22.780967+00:00,KXBTCD-26JUN2913-T59799.99,0,0.0,0.0,2026-06-29,48.5564,63.89,14.517800000000005,KXBTCD
KXBTC15M-26JUN291300,1.229,yes,0.0,0.0,7620,2026-06-29 17:00:02.700457+00:00,KXBTC15M-26JUN291300-00,100,76.2,48.768,2026-06-29,48.768,76.2,26.203000000000003,KXBTC15M
KXBTC15M-26JUN291245,1.4178,yes,0.0,0.0,15069,2026-06-29 16:45:12.696800+00:00,KXBTC15M-26JUN291245-45,100,150.69,126.5796,2026-06-29,126.5796,150.69,22.6926,KXBTC15M
KXBTC15M-26JUN291230,13.06834,no,584.52,420.69406,22697,2026-06-29 16:30:02.751705+00:00,KXBTC15M-26JUN291230-30,0,357.55,124.8092,2026-06-29,545.50326,584.52,25.948400000000028,KXBTC15M
KXBTC15M-26JUN291215,6.3596,no,293.4,173.2248,18189,2026-06-29 16:15:02.707889+00:00,KXBTC15M-26JUN291215-15,0,111.51,84.7476,2026-06-29,257.9724,293.4,29.067999999999984,KXBTC15M
KXBTCD-26JUN2912,1.4704,no,161.2,138.632,0,2026-06-29 16:02:22.780553+00:00,KXBTCD-26JUN2912-T59899.99,0,161.2,1.612,2026-06-29,140.244,161.2,19.485599999999987,KXBTCD
KXBTCD-26JUN2912,19.7515,no,637.01,458.3162,0,2026-06-29 16:02:22.780553+00:00,KXBTCD-26JUN2912-T59799.99,0,637.01,308.8596,2026-06-29,767.1758,637.01,-149.91729999999998,KXBTCD
KXBTC15M-26JUN291200,9.9537,yes,305.33,244.264,12578,2026-06-29 16:00:02.699593+00:00,KXBTC15M-26JUN291200-00,100,431.11,291.4193,2026-06-29,535.6833,431.11,-114.52700000000002,KXBTC15M
KXBTC15M-26JUN291145,1.8375,yes,0.0,0.0,17056,2026-06-29 15:45:12.701157+00:00,KXBTC15M-26JUN291145-45,100,170.56,138.1536,2026-06-29,138.1536,170.56,30.568899999999992,KXBTC15M
KXBTC15M-26JUN291130,35.4257,yes,1004.5,774.694,34028,2026-06-29 15:30:02.701965+00:00,KXBTC15M-26JUN291130-30,100,1344.78,688.6961,2026-06-29,1463.3901,1344.78,-154.0358000000001,KXBTC15M
KXBTC15M-26JUN291115,1.08829,no,394.2,377.98861,39420,2026-06-29 15:15:02.699845+00:00,KXBTC15M-26JUN291115-15,0,0.0,0.0,2026-06-29,377.98861,394.2,15.123099999999994,KXBTC15M
KXBTCD-26JUN2911,2.8946,no,193.32,133.3908,19332,2026-06-29 15:02:22.839286+00:00,KXBTCD-26JUN2911-T59499.99,0,0.0,0.0,2026-06-29,133.3908,193.32,57.03459999999998,KXBTCD
KXBTCD-26JUN2911,9.9925,no,380.07,258.3871,9427,2026-06-29 15:02:22.839286+00:00,KXBTCD-26JUN2911-T59399.99,0,285.8,188.813,2026-06-29,447.20009999999996,380.07,-77.12259999999998,KXBTCD
KXBTCD-26JUN2911,18.5638,yes,631.63,362.3854,19112,2026-06-29 15:02:22.839286+00:00,KXBTCD-26JUN2911-T59299.99,100,822.75,680.2881,2026-06-29,1042.6734999999999,822.75,-238.4872999999999,KXBTCD
KXBTCD-26JUN2911,0.6737,yes,0.0,0.0,9113,2026-06-29 15:02:22.839286+00:00,KXBTCD-26JUN2911-T59099.99,100,91.13,80.1944,2026-06-29,80.1944,91.13,10.261899999999994,KXBTCD
KXBTC15M-26JUN291045,3.4615,no,227.25,154.53,22725,2026-06-29 14:45:12.701123+00:00,KXBTC15M-26JUN291045-45,0,0.0,0.0,2026-06-29,154.53,227.25,69.2585,KXBTC15M
KXBTC15M-26JUN291030,1.9649,yes,0.0,0.0,15848,2026-06-29 14:30:02.764430+00:00,KXBTC15M-26JUN291030-30,100,158.48,122.0296,2026-06-29,122.0296,158.48,34.48549999999999,KXBTC15M
KXBTC15M-26JUN291015,0.85376,no,266.87,254.06024,26687,2026-06-29 14:15:12.697247+00:00,KXBTC15M-26JUN291015-15,0,0.0,0.0,2026-06-29,254.06024,266.87,11.956000000000012,KXBTC15M
KXBTCD-26JUN2910,1.9366,no,169.68,134.7704,16968,2026-06-29 14:02:22.837241+00:00,KXBTCD-26JUN2910-T59499.99,0,0.0,0.0,2026-06-29,134.7704,169.68,32.97300000000001,KXBTCD
KXBTCD-26JUN2910,15.1177,yes,271.83,209.0172,41329,2026-06-29 14:02:22.837241+00:00,KXBTCD-26JUN2910-T59399.99,100,685.12,383.5563,2026-06-29,592.5735,685.12,77.42880000000004,KXBTCD
KXBTCD-26JUN2910,1.1023,yes,0.0,0.0,11716,2026-06-29 14:02:22.837241+00:00,KXBTCD-26JUN2910-T59199.99,100,117.16,98.4144,2026-06-29,98.4144,117.16,17.643299999999996,KXBTCD
KXBTC15M-26JUN290945,5.97634,no,497.73,423.14216,28366,2026-06-29 13:45:12.695849+00:00,KXBTC15M-26JUN290945-45,0,214.07,38.5326,2026-06-29,461.67476,497.73,30.078900000000026,KXBTC15M
KXBTC15M-26JUN290930,2.0121,no,153.3,114.975,15330,2026-06-29 13:30:02.693484+00:00,KXBTC15M-26JUN290930-30,0,0.0,0.0,2026-06-29,114.975,153.3,36.31290000000001,KXBTC15M
KXBTC15M-26JUN290915,0.53429,yes,0.0,0.0,11569,2026-06-29 13:15:02.688753+00:00,KXBTC15M-26JUN290915-15,100,115.69,107.47601,2026-06-29,107.47601,115.69,7.679699999999995,KXBTC15M
KXBTCD-26JUN2909,1.2151,no,101.15,78.897,10115,2026-06-29 13:02:22.782757+00:00,KXBTCD-26JUN2909-T60099.99,0,0.0,0.0,2026-06-29,78.897,101.15,21.0379,KXBTCD
KXBTCD-26JUN2909,6.7241,yes,120.25,76.1625,21969,2026-06-29 13:02:22.782757+00:00,KXBTCD-26JUN2909-T59799.99,100,339.94,238.2122,2026-06-29,314.37469999999996,339.94,18.841200000000036,KXBTCD
KXBTC15M-26JUN290900,10.7116,yes,367.24,122.8364,0,2026-06-29 13:00:02.696159+00:00,KXBTC15M-26JUN290900-00,100,367.24,245.2836,2026-06-29,368.12,367.24,-11.591599999999996,KXBTC15M
KXBTC15M-26JUN290845,1.37706,no,280.11,258.82164,28011,2026-06-29 12:45:12.688800+00:00,KXBTC15M-26JUN290845-45,0,0.0,0.0,2026-06-29,258.82164,280.11,19.91130000000001,KXBTC15M
KXBTC15M-26JUN290830,8.4839,no,348.72,226.1451,15925,2026-06-29 12:30:02.703267+00:00,KXBTC15M-26JUN290830-30,0,189.47,68.2092,2026-06-29,294.3543,348.72,45.881800000000005,KXBTC15M
KXBTCD-26JUN2908,3.25,yes,150.51,45.4179,0,2026-06-29 12:02:22.802009+00:00,KXBTCD-26JUN2908-T59699.99,100,150.51,133.9539,2026-06-29,179.3718,150.51,-32.11180000000002,KXBTCD
KXBTCD-26JUN2908,8.4257,yes,154.66,100.529,29862,2026-06-29 12:02:22.801477+00:00,KXBTCD-26JUN2908-T59799.99,100,453.28,332.1137,2026-06-29,432.6427,453.28,12.211599999999981,KXBTCD
KXBTC15M-26JUN290745,0.67906,no,134.87,124.35014,13487,2026-06-29 11:45:12.738529+00:00,KXBTC15M-26JUN290745-45,0,0.0,0.0,2026-06-29,124.35014,134.87,9.840800000000009,KXBTC15M
KXBTC15M-26JUN290730,7.3598,yes,129.13,104.5953,28554,2026-06-29 11:30:02.693989+00:00,KXBTC15M-26JUN290730-30,100,414.67,283.4391,2026-06-29,388.0344,414.67,19.27580000000001,KXBTC15M
KXBTC15M-26JUN290715,2.2182,no,205.9,166.779,20590,2026-06-29 11:15:02.691435+00:00,KXBTC15M-26JUN290715-15,0,0.0,0.0,2026-06-29,166.779,205.9,36.902800000000006,KXBTC15M
KXBTCD-26JUN2907,2.525,yes,0.0,0.0,16428,2026-06-29 11:02:12.804772+00:00,KXBTCD-26JUN2907-T59999.99,100,164.28,107.142,2026-06-29,107.142,164.28,54.61300000000001,KXBTCD
KXBTC15M-26JUN290645,1.12924,no,165.11,146.43646,16511,2026-06-29 10:45:12.697080+00:00,KXBTC15M-26JUN290645-45,0,0.0,0.0,2026-06-29,146.43646,165.11,17.544300000000003,KXBTC15M
KXBTC15M-26JUN290630,10.8376,no,440.23,273.435,19623,2026-06-29 10:30:02.745166+00:00,KXBTC15M-26JUN290630-30,0,244.0,162.2959,2026-06-29,435.7309,440.23,-6.338500000000002,KXBTC15M
KXBTC15M-26JUN290615,0.41922,yes,0.0,0.0,10296,2026-06-29 10:15:02.689802+00:00,KXBTC15M-26JUN290615-15,100,102.96,96.57648,2026-06-29,96.57648,102.96,5.96429999999999,KXBTC15M
KXBTCD-26JUN2906,14.5185,yes,508.23,208.2658,0,2026-06-29 10:02:22.800349+00:00,KXBTCD-26JUN2906-T59899.99,100,508.23,327.8224,2026-06-29,536.0882,508.23,-42.376700000000014,KXBTCD
KXBTCD-26JUN2906,4.0742,no,305.04,236.3908,19506,2026-06-29 10:02:22.800025+00:00,KXBTCD-26JUN2906-T59999.99,0,109.98,9.6482,2026-06-29,246.03900000000002,305.04,54.92680000000001,KXBTCD
KXBTC15M-26JUN290545,7.36046,yes,196.49,123.7887,18452,2026-06-29 09:45:12.692147+00:00,KXBTC15M-26JUN290545-45,100,381.01,292.21384,2026-06-29,416.00254,381.01,-42.35300000000002,KXBTC15M
KXBTC15M-26JUN290530,65.1404,yes,2345.11,1399.6508,0,2026-06-29 09:30:02.694422+00:00,KXBTC15M-26JUN290530-30,100,2345.11,1660.6221,2026-06-29,3060.2729,2345.11,-780.3032999999998,KXBTC15M
KXBTC15M-26JUN290515,3.2412,yes,0.0,0.0,22804,2026-06-29 09:15:02.699920+00:00,KXBTC15M-26JUN290515-15,100,228.04,163.4064,2026-06-29,163.4064,228.04,61.3924,KXBTC15M
KXBTCD-26JUN2905,12.5681,no,578.3,382.8765,33575,2026-06-29 09:02:22.748367+00:00,KXBTCD-26JUN2905-T59799.99,0,242.55,167.3595,2026-06-29,550.236,578.3,15.495899999999965,KXBTCD
KXBTC15M-26JUN290500,3.4985,no,310.21,247.4826,31021,2026-06-29 09:00:02.699390+00:00,KXBTC15M-26JUN290500-00,0,0.0,0.0,2026-06-29,247.4826,310.21,59.22889999999999,KXBTC15M
KXBTC15M-26JUN290445,8.9843,yes,184.17,66.3012,37068,2026-06-29 08:45:12.699975+00:00,KXBTC15M-26JUN290445-45,100,554.85,445.0869,2026-06-29,511.3881,554.85,34.47760000000002,KXBTC15M
KXBTC15M-26JUN290415,3.4074,no,286.7,224.4746,28670,2026-06-29 08:15:02.746388+00:00,KXBTC15M-26JUN290415-15,0,0.0,0.0,2026-06-29,224.4746,286.7,58.81799999999998,KXBTC15M
KXBTCD-26JUN2904,21.4213,no,803.66,427.1836,28776,2026-06-29 08:02:22.754716+00:00,KXBTCD-26JUN2904-T59999.99,0,515.9,340.848,2026-06-29,768.0316,803.66,14.207099999999944,KXBTCD
KXBTC15M-26JUN290400,15.9702,no,716.38,341.2936,44815,2026-06-29 08:00:02.697873+00:00,KXBTC15M-26JUN290400-00,0,268.23,171.6672,2026-06-29,512.9608000000001,716.38,187.44899999999993,KXBTC15M
KXBTC15M-26JUN290345,21.1353,no,946.88,704.0966,45385,2026-06-29 07:45:12.701458+00:00,KXBTC15M-26JUN290345-45,0,493.03,237.9845,2026-06-29,942.0811,946.88,-16.336399999999998,KXBTC15M
KXBTC15M-26JUN290330,43.2976,yes,1000.27,513.7901,59268,2026-06-29 07:30:02.693739+00:00,KXBTC15M-26JUN290330-30,100,1592.95,984.2443,2026-06-29,1498.0344,1592.95,51.61800000000004,KXBTC15M
KXBTC15M-26JUN290315,4.3398,no,341.0,258.5963,34100,2026-06-29 07:15:02.698145+00:00,KXBTC15M-26JUN290315-15,0,0.0,0.0,2026-06-29,258.5963,341.0,78.06390000000002,KXBTC15M
KXBTCD-26JUN2903,15.1927,yes,1091.95,149.3515,0,2026-06-29 07:09:07.188059+00:00,KXBTCD-26JUN2903-T59899.99,100,1091.95,993.7398,2026-06-29,1143.0913,1091.95,-66.334,KXBTCD
KXBTCD-26JUN2903,102.0371,no,3235.6,1590.1316,0,2026-06-29 07:09:07.187424+00:00,KXBTCD-26JUN2903-T59999.99,0,3728.4,2708.5397,2026-06-29,4298.6713,3235.6,-1165.1084,KXBTCD
KXBTC15M-26JUN290245,1.9435,no,148.06,111.045,14806,2026-06-29 06:45:12.748486+00:00,KXBTC15M-26JUN290245-45,0,0.0,0.0,2026-06-29,111.045,148.06,35.0715,KXBTC15M
KXBTCD-26JUN2902,0.0,no,0.0,0.0,0,2026-06-29 06:02:22.823340+00:00,KXBTCD-26JUN2902-T59999.99,0,0.0,0.0,2026-06-29,0.0,0.0,0.0,KXBTCD
KXBTCD-26JUN2902,2.2823,yes,0.0,0.0,21184,2026-06-29 06:02:22.822442+00:00,KXBTCD-26JUN2902-T59899.99,100,211.84,171.5904,2026-06-29,171.5904,211.84,37.967300000000016,KXBTCD
KXBTCD-26JUN2902,3.1109,yes,0.0,0.0,20100,2026-06-29 06:02:22.822442+00:00,KXBTCD-26JUN2902-T59799.99,100,201.0,134.67,2026-06-29,134.67,201.0,63.21910000000001,KXBTCD
KXBTCD-26JUN2901,5.1474,yes,0.0,0.0,37771,2026-06-29 05:02:12.823577+00:00,KXBTCD-26JUN2901-T59699.99,100,377.71,277.6754,2026-06-29,277.6754,377.71,94.88719999999995,KXBTCD
KXBTC15M-26JUN290100,6.7524,yes,145.14,84.1812,13348,2026-06-29 05:00:02.713132+00:00,KXBTC15M-26JUN290100-00,100,278.62,186.0924,2026-06-29,270.2736,278.62,1.5940000000000172,KXBTC15M
KXBTC15M-26JUN290030,20.07779,yes,799.05,261.62061,0,2026-06-29 04:30:02.754840+00:00,KXBTC15M-26JUN290030-30,100,799.05,501.4956,2026-06-29,763.11621,799.05,15.85599999999993,KXBTC15M
KXBTCD-26JUN2900,4.5858,yes,0.0,0.0,29629,2026-06-29 04:02:22.843183+00:00,KXBTCD-26JUN2900-T59899.99,100,296.29,198.5143,2026-06-29,198.5143,296.29,93.18990000000002,KXBTCD
KXBTC15M-26JUN282330,13.9157,yes,208.72,130.2104,53818,2026-06-29 03:30:02.701058+00:00,KXBTC15M-26JUN282330-30,100,746.9,536.053,2026-06-29,666.2634,746.9,66.72089999999993,KXBTC15M
KXBTCD-26JUN2823,3.8516,no,231.59,141.5858,23159,2026-06-29 03:02:22.847583+00:00,KXBTCD-26JUN2823-T59699.99,0,0.0,0.0,2026-06-29,141.5858,231.59,86.15259999999999,KXBTCD
KXBTC15M-26JUN282300,5.6742,yes,281.06,193.7782,0,2026-06-29 03:00:02.709462+00:00,KXBTC15M-26JUN282300-00,100,92.41,57.2942,2026-06-29,251.0724,92.41,-164.3366,KXBTC15M
KXBTCD-26JUN2822,22.319,no,1028.55,703.3462,51733,2026-06-29 02:02:22.847458+00:00,KXBTCD-26JUN2822-T59399.99,0,511.22,373.1906,2026-06-29,1076.5367999999999,1028.55,-70.3057999999999,KXBTCD
KXBTCD-26JUN2821,13.8192,yes,261.66,149.1462,38879,2026-06-29 01:02:22.801593+00:00,KXBTCD-26JUN2821-T59499.99,100,650.45,461.8464,2026-06-29,610.9926,650.45,25.638200000000005,KXBTCD
KXBTCD-26JUN2820,5.3502,no,335.93,218.3407,33593,2026-06-29 00:02:32.785879+00:00,KXBTCD-26JUN2820-T59599.99,0,0.0,0.0,2026-06-29,218.3407,335.93,112.23910000000001,KXBTCD
KXBTCD-26JUN2820,1.0731,no,135.54,117.9198,13554,2026-06-29 00:02:32.785879+00:00,KXBTCD-26JUN2820-T59499.99,0,0.0,0.0,2026-06-29,117.9198,135.54,16.547099999999997,KXBTCD
KXBTCD-26JUN2818,5.4657,no,391.58,283.8534,39158,2026-06-28 22:02:22.927336+00:00,KXBTCD-26JUN2818-T59399.99,0,0.0,0.0,2026-06-28,283.8534,391.58,102.26089999999996,KXBTCD
KXBTCD-26JUN2818,1.731,yes,0.0,0.0,13963,2026-06-28 22:02:22.927336+00:00,KXBTCD-26JUN2818-T59299.99,100,139.63,107.5151,2026-06-28,107.5151,139.63,30.38389999999999,KXBTCD
KXBTC15M-26JUN271500,3.58785,yes,181.95,120.087,0,2026-06-27 19:00:04.006149+00:00,KXBTC15M-26JUN271500-00,100,181.95,11.09895,2026-06-27,131.18595,181.95,47.176199999999994,KXBTC15M
KXBTC15M-26JUN271415,2.13436,no,135.72,112.6476,0,2026-06-27 18:15:03.859041+00:00,KXBTC15M-26JUN271415-15,0,135.72,12.48624,2026-06-27,125.13383999999999,135.72,8.451800000000006,KXBTC15M
KXBTCD-26JUN2714,5.0403,no,511.47,424.7109,51147,2026-06-27 18:02:23.923524+00:00,KXBTCD-26JUN2714-T60499.99,0,0.0,0.0,2026-06-27,424.7109,511.47,81.71880000000004,KXBTCD
KXBTC15M-26JUN271330,54.5383,yes,1039.58,730.5895,142760,2026-06-27 17:30:03.853581+00:00,KXBTC15M-26JUN271330-30,100,2467.18,1496.0891,2026-06-27,2226.6786,2467.18,185.96309999999966,KXBTC15M
KXBTCD-26JUN2713,34.9065,yes,920.98,637.1822,73985,2026-06-27 17:02:33.919998+00:00,KXBTCD-26JUN2713-T60699.99,100,1660.83,1178.2198,2026-06-27,1815.402,1660.83,-189.4785000000001,KXBTCD
KXBTC15M-26JUN271300,10.8253,yes,425.54,228.3759,0,2026-06-27 17:00:03.851222+00:00,KXBTC15M-26JUN271300-00,100,425.54,369.2198,2026-06-27,597.5957000000001,425.54,-182.88100000000006,KXBTC15M
KXBTCD-26JUN2712,3.9833,yes,0.0,0.0,31197,2026-06-27 16:02:23.923408+00:00,KXBTCD-26JUN2712-T60699.99,100,311.97,237.0972,2026-06-27,237.0972,311.97,70.88950000000004,KXBTCD
KXBTCD-26JUN2705,3.0739,yes,0.0,0.0,24795,2026-06-27 09:02:23.912600+00:00,KXBTCD-26JUN2705-T60299.99,100,247.95,190.9215,2026-06-27,190.9215,247.95,53.95459999999998,KXBTCD
KXBTCD-26JUN2704,3.6443,yes,0.0,0.0,29396,2026-06-27 08:02:23.908107+00:00,KXBTCD-26JUN2704-T60399.99,100,293.96,226.3492,2026-06-27,226.3492,293.96,63.96649999999998,KXBTCD
KXBTC15M-26JUN270345,0.5554,yes,0.0,0.0,6587,2026-06-27 07:45:04.045528+00:00,KXBTC15M-26JUN270345-45,100,65.87,56.6482,2026-06-27,56.6482,65.87,8.666400000000001,KXBTC15M
KXBTC15M-26JUN270300,7.58354,no,427.44,302.5014,0,2026-06-27 07:00:03.844431+00:00,KXBTC15M-26JUN270300-00,0,427.44,20.94456,2026-06-27,323.44596,427.44,96.41049999999998,KXBTC15M
KXBTCD-26JUN2702,4.3072,no,324.24,241.68,32424,2026-06-27 06:02:24.050198+00:00,KXBTCD-26JUN2702-T60199.99,0,0.0,0.0,2026-06-27,241.68,324.24,78.25280000000001,KXBTCD
KXBTC15M-26JUN270030,0.83384,no,46.58,29.7866,0,2026-06-27 04:30:03.853021+00:00,KXBTC15M-26JUN270030-30,0,46.58,1.28766,2026-06-27,31.07426,46.58,14.671899999999999,KXBTC15M
KXBTC15M-26JUN262245,28.5095,no,1253.66,864.2951,63196,2026-06-27 02:45:03.943943+00:00,KXBTC15M-26JUN262245-45,0,621.7,300.892,2026-06-27,1165.1871,1253.66,59.96339999999998,KXBTC15M
KXBTC15M-26JUN262215,1.5379,yes,0.0,0.0,17230,2026-06-27 02:15:04.017016+00:00,KXBTC15M-26JUN262215-15,100,172.3,146.455,2026-06-27,146.455,172.3,24.3071,KXBTC15M
KXBTCD-26JUN2622,3.8919,no,449.07,384.0502,44907,2026-06-27 02:02:54.077989+00:00,KXBTCD-26JUN2622-T59899.99,0,0.0,0.0,2026-06-27,384.0502,449.07,61.127899999999975,KXBTCD
KXBTC15M-26JUN262145,3.5886,no,286.54,218.3967,28654,2026-06-27 01:45:03.975908+00:00,KXBTC15M-26JUN262145-45,0,0.0,0.0,2026-06-27,218.3967,286.54,64.55470000000001,KXBTC15M
KXBTC15M-26JUN262130,20.3238,yes,639.1,414.7373,0,2026-06-27 01:30:03.964030+00:00,KXBTC15M-26JUN262130-30,100,639.1,396.6012,2026-06-27,811.3385000000001,639.1,-192.56230000000005,KXBTC15M
KXBTC15M-26JUN262115,1.7388,no,114.25,77.2471,11425,2026-06-27 01:15:03.851832+00:00,KXBTC15M-26JUN262115-15,0,0.0,0.0,2026-06-27,77.2471,114.25,35.2641,KXBTC15M
KXBTCD-26JUN2621,0.6825,no,119.02,108.3082,11902,2026-06-27 01:02:33.921956+00:00,KXBTCD-26JUN2621-T59999.99,0,0.0,0.0,2026-06-27,108.3082,119.02,10.029299999999997,KXBTCD
KXBTC15M-26JUN261645,0.7318,no,45.31,38.5939,0,2026-06-26 20:45:04.199246+00:00,KXBTC15M-26JUN261645-45,0,45.31,5.4372,2026-06-26,44.031099999999995,45.31,0.5471000000000072,KXBTC15M
KXBTC15M-26JUN261630,6.7701,yes,167.48,82.0652,16899,2026-06-26 20:30:29.351161+00:00,KXBTC15M-26JUN261630-30,100,336.47,264.1982,2026-06-26,346.2634,336.47,-16.563499999999962,KXBTC15M
KXBTC15M-26JUN261615,5.6997,no,298.52,232.069,8550,2026-06-26 20:15:03.864241+00:00,KXBTC15M-26JUN261615-15,0,213.02,36.9564,2026-06-26,269.0254,298.52,23.79489999999999,KXBTC15M
KXBTCD-26JUN2616,2.1472,yes,129.08,23.2344,0,2026-06-26 20:02:29.633800+00:00,KXBTCD-26JUN2616-T59699.99,100,129.08,116.172,2026-06-26,139.4064,129.08,-12.473599999999978,KXBTCD
KXBTCD-26JUN2616,7.0956,no,330.19,224.702,16175,2026-06-26 20:02:29.633006+00:00,KXBTCD-26JUN2616-T59799.99,0,168.44,42.11,2026-06-26,266.812,330.19,56.28239999999999,KXBTCD
KXBTC15M-26JUN261545,45.395,no,1517.19,894.1542,11782,2026-06-26 19:45:03.855302+00:00,KXBTC15M-26JUN261545-45,0,1399.37,1002.5398,2026-06-26,1896.694,1517.19,-424.8989999999999,KXBTC15M
KXBTC15M-26JUN261530,5.7334,no,289.6,207.04,0,2026-06-26 19:30:03.856758+00:00,KXBTC15M-26JUN261530-30,0,289.6,25.1492,2026-06-26,232.1892,289.6,51.67740000000002,KXBTC15M
KXBTCD-26JUN2615,2.7575,no,520.73,495.2909,0,2026-06-26 19:02:33.992485+00:00,KXBTCD-26JUN2615-T59799.99,0,520.73,15.6719,2026-06-26,510.9628,520.73,7.009700000000002,KXBTCD
KXBTCD-26JUN2615,1.6669,no,227.5,200.475,22750,2026-06-26 19:02:33.991727+00:00,KXBTCD-26JUN2615-T59699.99,0,0.0,0.0,2026-06-26,200.475,227.5,25.358100000000007,KXBTCD
KXBTCD-26JUN2615,2.3981,no,242.78,201.5074,24278,2026-06-26 19:02:33.991727+00:00,KXBTCD-26JUN2615-T59599.99,0,0.0,0.0,2026-06-26,201.5074,242.78,38.87450000000001,KXBTCD
KXBTCD-26JUN2615,3.6824,yes,149.35,94.784,2089,2026-06-26 19:02:33.991727+00:00,KXBTCD-26JUN2615-T59499.99,100,170.24,149.8112,2026-06-26,244.59520000000003,170.24,-78.03760000000003,KXBTCD
KXBTC15M-26JUN261445,10.5372,no,436.2,294.3792,19640,2026-06-26 18:45:29.398191+00:00,KXBTC15M-26JUN261445-45,0,239.8,88.726,2026-06-26,383.1052,436.2,42.557599999999965,KXBTC15M
KXBTC15M-26JUN261430,4.43897,no,322.31,267.54903,15459,2026-06-26 18:30:19.200110+00:00,KXBTC15M-26JUN261430-30,0,167.72,23.4808,2026-06-26,291.02983,322.31,26.841199999999997,KXBTC15M
KXBTC15M-26JUN261415,15.3395,yes,455.48,132.964,22300,2026-06-26 18:15:04.404727+00:00,KXBTC15M-26JUN261415-15,100,678.48,486.218,2026-06-26,619.182,678.48,43.9585,KXBTC15M
KXBTCD-26JUN2614,3.5049,no,364.4,309.74,0,2026-06-26 18:02:19.025438+00:00,KXBTCD-26JUN2614-T60099.99,0,364.4,3.644,2026-06-26,313.384,364.4,47.51109999999996,KXBTCD
KXBTCD-26JUN2614,4.2606,yes,164.76,97.1984,0,2026-06-26 18:02:19.025438+00:00,KXBTCD-26JUN2614-T59899.99,100,164.76,140.046,2026-06-26,237.24439999999998,164.76,-76.74499999999999,KXBTCD
KXBTCD-26JUN2614,4.432,yes,363.23,47.2199,0,2026-06-26 18:02:19.025438+00:00,KXBTCD-26JUN2614-T59799.99,100,363.23,339.4305,2026-06-26,386.6504,363.23,-27.852399999999975,KXBTCD
KXBTC15M-26JUN261400,0.0,no,0.0,0.0,0,2026-06-26 18:00:29.401322+00:00,KXBTC15M-26JUN261400-00,0,0.0,0.0,2026-06-26,0.0,0.0,0.0,KXBTC15M
KXBTC15M-26JUN261330,14.7592,no,623.12,345.0219,33816,2026-06-26 17:30:07.703441+00:00,KXBTC15M-26JUN261330-30,0,284.96,194.1512,2026-06-26,539.1731,623.12,69.18770000000004,KXBTC15M
KXBTC15M-26JUN261315,0.562,yes,0.0,0.0,7098,2026-06-26 17:15:08.102753+00:00,KXBTC15M-26JUN261315-15,100,70.98,61.7526,2026-06-26,61.7526,70.98,8.665400000000004,KXBTC15M
KXBTCD-26JUN2613,2.1647,no,224.69,190.9165,0,2026-06-26 17:02:18.081904+00:00,KXBTCD-26JUN2613-T60199.99,0,224.69,2.2469,2026-06-26,193.16340000000002,224.69,29.361899999999974,KXBTCD
KXBTCD-26JUN2613,2.0884,no,140.11,97.027,14011,2026-06-26 17:02:18.081025+00:00,KXBTCD-26JUN2613-T59999.99,0,0.0,0.0,2026-06-26,97.027,140.11,40.99460000000001,KXBTCD
KXBTC15M-26JUN261245,0.56744,yes,0.0,0.0,9339,2026-06-26 16:45:23.100716+00:00,KXBTC15M-26JUN261245-45,100,93.39,84.42456,2026-06-26,84.42456,93.39,8.398000000000001,KXBTC15M
KXBTC15M-26JUN261230,0.6248,no,84.51,74.3688,8451,2026-06-26 16:30:07.653435+00:00,KXBTC15M-26JUN261230-30,0,0.0,0.0,2026-06-26,74.3688,84.51,9.516400000000012,KXBTC15M
KXBTC15M-26JUN261215,9.2616,no,400.28,269.4692,17509,2026-06-26 16:15:03.101979+00:00,KXBTC15M-26JUN261215-15,0,225.19,96.7629,2026-06-26,366.2321,400.28,24.78629999999997,KXBTC15M
KXBTCD-26JUN2612,0.0,no,0.0,0.0,0,2026-06-26 16:02:27.686285+00:00,KXBTCD-26JUN2612-T60499.99,0,0.0,0.0,2026-06-26,0.0,0.0,0.0,KXBTCD
KXBTCD-26JUN2612,3.2823,no,211.96,173.8072,0,2026-06-26 16:02:27.686285+00:00,KXBTCD-26JUN2612-T60399.99,0,211.96,16.9568,2026-06-26,190.764,211.96,17.9137,KXBTCD
KXBTCD-26JUN2612,2.6255,yes,223.38,11.169,0,2026-06-26 16:02:27.686285+00:00,KXBTCD-26JUN2612-T60099.99,100,223.38,192.1068,2026-06-26,203.2758,223.38,17.478699999999993,KXBTCD
KXBTCD-26JUN2612,2.4203,yes,0.0,0.0,24504,2026-06-26 16:02:27.685478+00:00,KXBTCD-26JUN2612-T60199.99,100,245.04,203.3832,2026-06-26,203.3832,245.04,39.23650000000001,KXBTCD
KXBTC15M-26JUN261145,7.1688,yes,169.15,98.107,17616,2026-06-26 15:45:18.014526+00:00,KXBTC15M-26JUN261145-45,100,345.31,265.7995,2026-06-26,363.90650000000005,345.31,-25.76530000000005,KXBTC15M
KXBTC15M-26JUN261130,1.70525,yes,111.08,8.63225,0,2026-06-26 15:30:07.599886+00:00,KXBTC15M-26JUN261130-30,100,111.08,91.0856,2026-06-26,99.71785,111.08,9.6569,KXBTC15M
KXBTC15M-26JUN261115,6.0727,yes,95.07,57.042,19168,2026-06-26 15:15:32.998358+00:00,KXBTC15M-26JUN261115-15,100,286.75,184.5631,2026-06-26,241.6051,286.75,39.07220000000001,KXBTC15M
KXBTCD-26JUN2611,2.504,no,153.18,105.6942,0,2026-06-26 15:02:43.146667+00:00,KXBTCD-26JUN2611-T59799.99,0,153.18,3.0636,2026-06-26,108.75779999999999,153.18,41.91820000000002,KXBTCD
KXBTCD-26JUN2611,3.3715,no,135.17,97.0737,0,2026-06-26 15:02:43.146667+00:00,KXBTCD-26JUN2611-T59699.99,0,135.17,25.6823,2026-06-26,122.756,135.17,9.042499999999986,KXBTCD
KXBTCD-26JUN2611,2.213,no,168.6,148.368,0,2026-06-26 15:02:43.146667+00:00,KXBTCD-26JUN2611-T59599.99,0,168.6,15.174,2026-06-26,163.542,168.6,2.8449999999999926,KXBTCD
KXBTC15M-26JUN261045,2.08124,no,107.66,76.4386,0,2026-06-26 14:45:37.442216+00:00,KXBTC15M-26JUN261045-45,0,107.66,8.18216,2026-06-26,84.62075999999999,107.66,20.958000000000006,KXBTC15M
KXBTC15M-26JUN261030,19.94102,yes,615.01,342.2119,7826,2026-06-26 14:30:02.105298+00:00,KXBTC15M-26JUN261030-30,100,693.27,486.82128,2026-06-26,829.03318,693.27,-155.70420000000004,KXBTC15M
KXBTC15M-26JUN261015,1.5501,no,133.47,105.4413,13347,2026-06-26 14:15:17.600744+00:00,KXBTC15M-26JUN261015-15,0,0.0,0.0,2026-06-26,105.4413,133.47,26.4786,KXBTC15M
KXBTCD-26JUN2610,1.4049,no,119.98,104.7424,0,2026-06-26 14:03:02.841860+00:00,KXBTCD-26JUN2610-T60099.99,0,119.98,7.1988,2026-06-26,111.94120000000001,119.98,6.633899999999995,KXBTCD
KXBTCD-26JUN2610,0.0,yes,0.0,0.0,0,2026-06-26 14:03:02.841860+00:00,KXBTCD-26JUN2610-T59699.99,100,0.0,0.0,2026-06-26,0.0,0.0,0.0,KXBTCD
KXBTCD-26JUN2610,3.2223,yes,174.98,6.8496,0,2026-06-26 14:03:02.841860+00:00,KXBTCD-26JUN2610-T59599.99,100,174.98,68.2422,2026-06-26,75.09179999999999,174.98,96.6659,KXBTCD
KXBTCD-26JUN2610,5.2201,yes,165.64,115.948,0,2026-06-26 14:03:02.841860+00:00,KXBTCD-26JUN2610-T59499.99,100,165.64,99.2148,2026-06-26,215.1628,165.64,-54.74290000000002,KXBTCD
KXBTCD-26JUN2610,1.1531,yes,0.0,0.0,8000,2026-06-26 14:03:02.841236+00:00,KXBTCD-26JUN2610-T59999.99,100,80.0,56.8,2026-06-26,56.8,80.0,22.046900000000004,KXBTCD
KXBTCD-26JUN2610,0.208,yes,0.0,0.0,1238,2026-06-26 14:03:02.841236+00:00,KXBTCD-26JUN2610-T59799.99,100,12.38,7.428,2026-06-26,7.428,12.38,4.744000000000001,KXBTCD
KXBTC15M-26JUN261000,1.8602,yes,65.21,35.8655,0,2026-06-26 14:00:07.590801+00:00,KXBTC15M-26JUN261000-00,100,65.21,52.168,2026-06-26,88.0335,65.21,-24.68370000000001,KXBTC15M
KXBTC15M-26JUN260945,2.35392,yes,159.37,2.23118,0,2026-06-26 13:45:32.401110+00:00,KXBTC15M-26JUN260945-45,100,159.37,116.3109,2026-06-26,118.54208,159.37,38.474000000000004,KXBTC15M
KXBTC15M-26JUN260930,1.8059,no,118.52,80.5762,11852,2026-06-26 13:30:22.794418+00:00,KXBTC15M-26JUN260930-30,0,0.0,0.0,2026-06-26,80.5762,118.52,36.137899999999995,KXBTC15M
KXBTC15M-26JUN260915,7.2726,no,272.56,176.3172,8237,2026-06-26 13:15:12.347230+00:00,KXBTC15M-26JUN260915-15,0,190.19,121.7216,2026-06-26,298.03880000000004,272.56,-32.75140000000003,KXBTC15M
KXBTCD-26JUN2609,3.5868,no,133.25,87.895,0,2026-06-26 13:02:32.226925+00:00,KXBTCD-26JUN2609-T59399.99,0,133.25,26.65,2026-06-26,114.54499999999999,133.25,15.118200000000012,KXBTCD
KXBTCD-26JUN2609,7.7486,no,279.89,159.9671,10520,2026-06-26 13:02:32.226413+00:00,KXBTCD-26JUN2609-T59199.99,0,174.69,102.7671,2026-06-26,262.7342,279.89,9.4072,KXBTCD
KXBTC15M-26JUN260845,2.4591,no,106.32,74.424,0,2026-06-26 12:45:12.091548+00:00,KXBTC15M-26JUN260845-45,0,106.32,14.8848,2026-06-26,89.3088,106.32,14.552099999999989,KXBTC15M
KXBTC15M-26JUN260830,1.1854,yes,0.0,0.0,7546,2026-06-26 12:30:17.693880+00:00,KXBTC15M-26JUN260830-30,100,75.46,49.8036,2026-06-26,49.8036,75.46,24.47099999999999,KXBTC15M
KXBTC15M-26JUN260815,29.9425,yes,994.66,363.3515,5062,2026-06-26 12:15:07.342762+00:00,KXBTC15M-26JUN260815-15,100,1045.28,731.3597,2026-06-26,1094.7112,1045.28,-79.37369999999999,KXBTC15M
KXBTC15M-26JUN260800,37.7018,no,1531.84,1107.7666,0,2026-06-26 12:00:02.100153+00:00,KXBTC15M-26JUN260800-00,0,1531.84,978.2295,2026-06-26,2085.9961,1531.84,-591.8579,KXBTC15M
KXBTC15M-26JUN260745,45.9805,yes,1548.39,989.638,0,2026-06-26 11:45:22.592473+00:00,KXBTC15M-26JUN260745-45,100,1533.35,1094.91,2026-06-26,2084.5480000000002,1533.35,-597.1785000000003,KXBTC15M
KXBTC15M-26JUN260730,41.2885,no,1578.61,992.0447,64547,2026-06-26 11:30:12.594480+00:00,KXBTC15M-26JUN260730-30,0,933.14,538.623,2026-06-26,1530.6677,1578.61,6.653799999999933,KXBTC15M
KXBTCD-26JUN2607,0.0,yes,0.0,0.0,0,2026-06-26 11:02:22.203121+00:00,KXBTCD-26JUN2607-T59199.99,100,0.0,0.0,2026-06-26,0.0,0.0,0.0,KXBTCD
KXBTCD-26JUN2607,20.4427,no,1266.4,809.546,126640,2026-06-26 11:02:22.202672+00:00,KXBTCD-26JUN2607-T59399.99,0,0.0,0.0,2026-06-26,809.546,1266.4,436.41130000000004,KXBTCD
KXBTC15M-26JUN260645,37.0724,no,1638.81,1180.2405,81445,2026-06-26 10:45:17.843910+00:00,KXBTC15M-26JUN260645-45,0,824.36,478.1288,2026-06-26,1658.3693,1638.81,-56.63170000000012,KXBTC15M
KXBTC15M-26JUN260630,13.58495,no,1389.52,1312.20785,85674,2026-06-26 10:30:07.493279+00:00,KXBTC15M-26JUN260630-30,0,532.78,340.9792,2026-06-26,1653.18705,1389.52,-277.252,KXBTC15M
KXBTC15M-26JUN260615,7.4585,yes,293.52,214.2696,0,2026-06-26 10:15:32.804518+00:00,KXBTC15M-26JUN260615-15,100,293.52,231.8808,2026-06-26,446.1504,293.52,-160.0889,KXBTC15M
KXBTCD-26JUN2606,3.7212,no,234.07,152.3762,23407,2026-06-26 10:02:42.613503+00:00,KXBTCD-26JUN2606-T59699.99,0,0.0,0.0,2026-06-26,152.3762,234.07,77.97259999999999,KXBTCD
KXBTCD-26JUN2606,6.1615,yes,0.0,0.0,109619,2026-06-26 10:02:42.613503+00:00,KXBTCD-26JUN2606-T59599.99,100,1096.19,998.6556,2026-06-26,998.6556,1096.19,91.3729,KXBTCD
KXBTC15M-26JUN260545,4.4054,no,355.35,273.6195,35535,2026-06-26 09:45:12.539120+00:00,KXBTC15M-26JUN260545-45,0,0.0,0.0,2026-06-26,273.6195,355.35,77.3251,KXBTC15M
KXBTC15M-26JUN260530,4.3955,no,276.0,179.4,27600,2026-06-26 09:30:02.144515+00:00,KXBTC15M-26JUN260530-30,0,0.0,0.0,2026-06-26,179.4,276.0,92.2045,KXBTC15M
KXBTC15M-26JUN260500,63.0108,yes,1374.22,864.1619,97552,2026-06-26 09:00:02.143747+00:00,KXBTC15M-26JUN260500-00,100,2349.74,1170.1416,2026-06-26,2034.3035,2349.74,252.42569999999978,KXBTC15M
KXBTC15M-26JUN260445,6.16274,no,729.7,623.51746,72970,2026-06-26 08:45:12.094451+00:00,KXBTC15M-26JUN260445-45,0,0.0,0.0,2026-06-26,623.51746,729.7,100.01980000000002,KXBTC15M
KXBTC15M-26JUN260430,76.014,yes,2018.25,1280.0887,62142,2026-06-26 08:30:02.111762+00:00,KXBTC15M-26JUN260430-30,100,2639.67,1631.127,2026-06-26,2911.2156999999997,2639.67,-347.5596999999997,KXBTC15M
KXBTC15M-26JUN260415,0.83102,no,39.85,35.34418,0,2026-06-26 08:15:02.144916+00:00,KXBTC15M-26JUN260415-15,0,39.85,12.8061,2026-06-26,48.15028,39.85,-9.131300000000001,KXBTC15M
KXBTCD-26JUN2604,4.5367,no,151.15,95.5455,0,2026-06-26 08:02:22.156798+00:00,KXBTCD-26JUN2604-T60499.99,0,151.15,75.3785,2026-06-26,170.924,151.15,-24.3107,KXBTCD
KXBTC15M-26JUN260345,3.6015,yes,90.15,50.7211,3449,2026-06-26 07:45:12.144265+00:00,KXBTC15M-26JUN260345-45,100,124.64,70.197,2026-06-26,120.91810000000001,124.64,0.12039999999999074,KXBTC15M
KXBTC15M-26JUN260330,4.6501,yes,159.86,52.5967,3200,2026-06-26 07:30:02.149072+00:00,KXBTC15M-26JUN260330-30,100,191.86,148.7005,2026-06-26,201.2972,191.86,-14.08729999999999,KXBTC15M
KXBTC15M-26JUN260315,5.6762,yes,189.87,64.8617,4708,2026-06-26 07:15:02.200061+00:00,KXBTC15M-26JUN260315-15,100,236.95,188.6029,2026-06-26,253.46460000000002,236.95,-22.19080000000003,KXBTC15M
KXBTCD-26JUN2603,10.9936,yes,372.95,178.1808,0,2026-06-26 07:08:46.730404+00:00,KXBTCD-26JUN2603-T60199.99,100,372.95,233.462,2026-06-26,411.64279999999997,372.95,-49.68639999999998,KXBTCD
KXBTC15M-26JUN260300,10.3495,no,411.41,264.8009,6990,2026-06-26 07:08:46.644540+00:00,KXBTC15M-26JUN260300-00,0,341.51,149.1614,2026-06-26,413.9623,411.41,-12.901800000000003,KXBTC15M
KXBTC15M-26JUN260245,8.0513,yes,202.84,103.4464,13034,2026-06-26 06:45:12.097898+00:00,KXBTC15M-26JUN260245-45,100,333.18,246.0832,2026-06-26,349.5296,333.18,-24.400900000000007,KXBTC15M
KXBTC15M-26JUN260230,2.3868,yes,0.0,0.0,15750,2026-06-26 06:30:02.089890+00:00,KXBTC15M-26JUN260230-30,100,157.5,107.1574,2026-06-26,107.1574,157.5,47.9558,KXBTC15M
KXBTC15M-26JUN260215,0.34884,no,109.03,103.79656,10903,2026-06-26 06:15:02.099346+00:00,KXBTC15M-26JUN260215-15,0,0.0,0.0,2026-06-26,103.79656,109.03,4.884600000000002,KXBTC15M
KXBTCD-26JUN2602,1.6188,yes,88.19,2.6457,0,2026-06-26 06:02:22.269256+00:00,KXBTCD-26JUN2602-T59699.99,100,88.19,55.5597,2026-06-26,58.2054,88.19,28.3658,KXBTCD
KXBTCD-26JUN2602,1.1091,no,99.02,79.216,9902,2026-06-26 06:02:22.268541+00:00,KXBTCD-26JUN2602-T59899.99,0,0.0,0.0,2026-06-26,79.216,99.02,18.6949,KXBTCD
KXBTC15M-26JUN260200,3.905,yes,150.89,109.9282,0,2026-06-26 06:00:02.108887+00:00,KXBTC15M-26JUN260200-00,100,150.89,34.0167,2026-06-26,143.94490000000002,150.89,3.0400999999999683,KXBTC15M
KXBTC15M-26JUN260145,8.4654,no,285.0,182.4372,0,2026-06-26 05:45:12.104772+00:00,KXBTC15M-26JUN260145-45,0,285.0,165.8864,2026-06-26,348.3236,285.0,-71.789,KXBTC15M
KXBTC15M-26JUN260130,56.0841,yes,1651.86,985.5049,9479,2026-06-26 05:30:02.104659+00:00,KXBTC15M-26JUN260130-30,100,1746.65,874.2796,2026-06-26,1859.7845,1746.65,-169.2185999999999,KXBTC15M
KXBTC15M-26JUN260115,37.1135,yes,1336.62,855.4368,0,2026-06-26 05:15:12.111230+00:00,KXBTC15M-26JUN260115-15,100,1336.62,1055.0859,2026-06-26,1910.5227,1336.62,-611.0162000000001,KXBTC15M
KXBTCD-26JUN2601,2.6613,yes,0.0,0.0,26944,2026-06-26 05:02:20.491066+00:00,KXBTCD-26JUN2601-T59799.99,100,269.44,223.6352,2026-06-26,223.6352,269.44,43.1435,KXBTCD
KXBTC15M-26JUN252115,0.97,no,133.55,117.8479,13355,2026-06-26 01:15:10.512702+00:00,KXBTC15M-26JUN252115-15,0,0.0,0.0,2026-06-26,117.8479,133.55,14.732100000000015,KXBTC15M
KXBTCD-26JUN2521,7.5167,no,798.96,671.1264,79896,2026-06-26 01:02:40.520828+00:00,KXBTCD-26JUN2521-T59599.99,0,0.0,0.0,2026-06-26,671.1264,798.96,120.31690000000005,KXBTCD
KXBTC15M-26JUN251915,44.3152,yes,1112.35,725.6393,68722,2026-06-25 23:15:10.553335+00:00,KXBTC15M-26JUN251915-15,100,1799.57,846.0174,2026-06-25,1571.6567,1799.57,183.59809999999993,KXBTC15M
KXBTCD-26JUN2519,6.2163,no,330.87,301.0917,0,2026-06-25 23:02:30.594391+00:00,KXBTCD-26JUN2519-T59799.99,0,330.87,111.231,2026-06-25,412.3227,330.87,-87.669,KXBTCD
KXBTC15M-26JUN251845,3.0374,no,202.84,139.9596,20284,2026-06-25 22:45:10.576032+00:00,KXBTC15M-26JUN251845-45,0,0.0,0.0,2026-06-25,139.9596,202.84,59.84300000000001,KXBTC15M
KXBTCD-26JUN2517,1.7746,yes,0.0,0.0,14314,2026-06-25 21:02:20.607922+00:00,KXBTCD-26JUN2517-T59249.99,100,143.14,110.2178,2026-06-25,110.2178,143.14,31.14759999999999,KXBTCD
KXBTCD-26JUN2516,0.7642,no,111.49,99.2261,11149,2026-06-25 20:02:20.471389+00:00,KXBTCD-26JUN2516-T59299.99,0,0.0,0.0,2026-06-25,99.2261,111.49,11.499699999999992,KXBTCD
KXBTCD-26JUN2516,4.2523,yes,0.0,0.0,26365,2026-06-25 20:02:20.471389+00:00,KXBTCD-26JUN2516-T59099.99,100,263.65,168.736,2026-06-25,168.736,263.65,90.66169999999998,KXBTCD
KXBTC15M-26JUN251600,1.9397,no,135.71,96.8625,13571,2026-06-25 20:00:10.401333+00:00,KXBTC15M-26JUN251600-00,0,0.0,0.0,2026-06-25,96.8625,135.71,36.90780000000001,KXBTC15M
KXBTC15M-26JUN251545,3.36702,no,175.47,153.43488,0,2026-06-25 19:45:10.404139+00:00,KXBTC15M-26JUN251545-45,0,175.47,138.4,2026-06-25,291.83488,175.47,-119.7319,KXBTC15M
KXBTC15M-26JUN251530,1.7145,yes,0.0,0.0,19209,2026-06-25 19:30:10.406904+00:00,KXBTC15M-26JUN251530-30,100,192.09,163.2765,2026-06-25,163.2765,192.09,27.099000000000004,KXBTC15M
KXBTCD-26JUN2515,2.182,yes,0.0,0.0,15139,2026-06-25 19:02:20.478100+00:00,KXBTCD-26JUN2515-T59399.99,100,151.39,107.4869,2026-06-25,107.4869,151.39,41.72109999999998,KXBTCD
KXBTC15M-26JUN251345,1.0586,yes,0.0,0.0,13370,2026-06-25 17:45:10.453143+00:00,KXBTC15M-26JUN251345-45,100,133.7,116.319,2026-06-25,116.319,133.7,16.322399999999988,KXBTC15M
KXBTC15M-26JUN251330,0.1307,yes,0.0,0.0,3240,2026-06-25 17:30:10.451114+00:00,KXBTC15M-26JUN251330-30,100,32.4,30.4126,2026-06-25,30.4126,32.4,1.8566999999999974,KXBTC15M
KXBTC15M-26JUN251315,6.9926,yes,118.85,91.5145,35490,2026-06-25 17:15:10.402254+00:00,KXBTC15M-26JUN251315-15,100,473.75,362.5286,2026-06-25,454.0431,473.75,12.71430000000002,KXBTC15M
KXBTC15M-26JUN250245,9.4356,yes,155.0,85.25,29318,2026-06-25 06:45:12.709592+00:00,KXBTC15M-26JUN250245-45,100,448.18,307.2848,2026-06-25,392.5348,448.18,46.20959999999999,KXBTC15M
KXBTC15M-26JUN250215,1.3527,yes,0.0,0.0,14552,2026-06-25 06:15:12.708860+00:00,KXBTC15M-26JUN250215-15,100,145.52,122.5785,2026-06-25,122.5785,145.52,21.588800000000006,KXBTC15M
KXBTC15M-26JUN250200,0.8296,yes,0.0,0.0,12105,2026-06-25 06:00:02.817361+00:00,KXBTC15M-26JUN250200-00,100,121.05,107.7345,2026-06-25,107.7345,121.05,12.4859,KXBTC15M
KXBTC15M-26JUN250145,8.1267,no,410.06,293.2707,26291,2026-06-25 05:45:12.815929+00:00,KXBTC15M-26JUN250145-45,0,147.15,94.176,2026-06-25,387.44669999999996,410.06,14.486600000000038,KXBTC15M
KXBTC15M-26JUN250130,6.1889,no,315.27,240.8266,18817,2026-06-25 05:30:02.721007+00:00,KXBTC15M-26JUN250130-30,0,127.1,67.363,2026-06-25,308.18960000000004,315.27,0.8914999999999402,KXBTC15M
KXBTCD-26JUN2501,2.7744,no,195.41,140.1205,19541,2026-06-25 05:02:23.185390+00:00,KXBTCD-26JUN2501-T61299.99,0,0.0,0.0,2026-06-25,140.1205,195.41,52.515100000000004,KXBTCD
KXBTC15M-26JUN250045,36.3796,yes,705.6,408.8858,88795,2026-06-25 04:45:03.188559+00:00,KXBTC15M-26JUN250045-45,100,1593.55,991.5726,2026-06-25,1400.4584,1593.55,156.71199999999996,KXBTC15M
KXBTC15M-26JUN250030,16.7813,yes,344.16,247.5927,47292,2026-06-25 04:30:03.184469+00:00,KXBTC15M-26JUN250030-30,100,817.08,572.8224,2026-06-25,820.4151,817.08,-20.116400000000013,KXBTC15M
KXBTC15M-26JUN250015,2.6488,no,201.8,151.35,20180,2026-06-25 04:15:03.140025+00:00,KXBTC15M-26JUN250015-15,0,0.0,0.0,2026-06-25,151.35,201.8,47.801200000000016,KXBTC15M
KXBTC15M-26JUN250000,6.8906,yes,221.8,64.322,0,2026-06-25 04:00:03.180295+00:00,KXBTC15M-26JUN250000-00,100,221.8,135.298,2026-06-25,199.62,221.8,15.289400000000008,KXBTC15M
KXBTC15M-26JUN242345,2.4637,no,238.45,195.529,23845,2026-06-25 03:45:03.140013+00:00,KXBTC15M-26JUN242345-45,0,0.0,0.0,2026-06-25,195.529,238.45,40.45729999999999,KXBTC15M
KXBTC15M-26JUN242315,11.2845,no,533.84,310.4973,29547,2026-06-25 03:15:03.205217+00:00,KXBTC15M-26JUN242315-15,0,238.37,188.3123,2026-06-25,498.8096,533.84,23.74590000000004,KXBTC15M
KXBTCD-26JUN2423,1.0946,yes,0.0,0.0,36098,2026-06-25 03:02:43.745935+00:00,KXBTCD-26JUN2423-T60699.99,100,360.98,344.5348,2026-06-25,344.5348,360.98,15.3506,KXBTCD
KXBTC15M-26JUN242300,4.9295,yes,154.6,105.128,0,2026-06-25 03:02:03.716393+00:00,KXBTC15M-26JUN242300-00,100,154.6,94.306,2026-06-25,199.434,154.6,-49.7635,KXBTC15M
KXBTCD-26JUN2422,3.062,no,201.59,137.4171,20159,2026-06-25 02:02:33.308857+00:00,KXBTCD-26JUN2422-T60899.99,0,0.0,0.0,2026-06-25,137.4171,201.59,61.1109,KXBTCD
KXBTC15M-26JUN242145,1.4709,no,92.36,60.034,9236,2026-06-25 01:45:03.199078+00:00,KXBTC15M-26JUN242145-45,0,0.0,0.0,2026-06-25,60.034,92.36,30.8551,KXBTC15M
KXBTC15M-26JUN242115,7.0373,yes,327.06,24.5668,0,2026-06-25 01:15:03.116903+00:00,KXBTC15M-26JUN242115-15,100,327.06,199.5066,2026-06-25,224.0734,327.06,95.94930000000001,KXBTC15M
KXBTCD-26JUN2421,0.0,no,0.0,0.0,0,2026-06-25 01:02:23.183577+00:00,KXBTCD-26JUN2421-T60699.99,0,0.0,0.0,2026-06-25,0.0,0.0,0.0,KXBTCD
KXBTC15M-26JUN242100,5.1614,no,322.46,208.319,32246,2026-06-25 01:00:03.109644+00:00,KXBTC15M-26JUN242100-00,0,0.0,0.0,2026-06-25,208.319,322.46,108.97959999999999,KXBTC15M
KXBTC15M-26JUN242045,4.81,no,461.78,376.1769,46178,2026-06-25 00:45:03.214214+00:00,KXBTC15M-26JUN242045-45,0,0.0,0.0,2026-06-25,376.1769,461.78,80.79309999999998,KXBTC15M
KXBTC15M-26JUN242030,6.8631,no,430.96,280.124,43096,2026-06-25 00:30:03.236368+00:00,KXBTC15M-26JUN242030-30,0,0.0,0.0,2026-06-25,280.124,430.96,143.97289999999995,KXBTC15M
KXBTC15M-26JUN242015,17.18687,yes,795.57,690.26883,9302,2026-06-25 00:15:03.229362+00:00,KXBTC15M-26JUN242015-15,100,888.59,646.3477,2026-06-25,1336.61653,888.59,-465.2134,KXBTC15M
KXBTCD-26JUN2420,1.4675,no,45.66,31.962,0,2026-06-25 00:02:23.254698+00:00,KXBTCD-26JUN2420-T60999.99,0,45.66,24.1998,2026-06-25,56.1618,45.66,-11.969300000000002,KXBTCD
KXBTCD-26JUN2420,1.4121,yes,47.9,24.9976,0,2026-06-25 00:02:23.254698+00:00,KXBTCD-26JUN2420-T60899.99,100,47.9,37.362,2026-06-25,62.3596,47.9,-15.871700000000002,KXBTCD
KXBTC15M-26JUN241945,2.2042,yes,95.45,10.4995,4093,2026-06-24 23:45:03.213613+00:00,KXBTC15M-26JUN241945-45,100,136.38,104.8719,2026-06-24,115.3714,136.38,18.8044,KXBTC15M
KXBTC15M-26JUN241930,2.0164,yes,80.53,51.3717,0,2026-06-24 23:30:03.158934+00:00,KXBTC15M-26JUN241930-30,100,80.53,67.6452,2026-06-24,119.01689999999999,80.53,-40.50329999999999,KXBTC15M
KXBTC15M-26JUN241915,4.93845,yes,163.75,105.1085,12197,2026-06-24 23:15:03.110700+00:00,KXBTC15M-26JUN241915-15,100,285.72,234.14825,2026-06-24,339.25675,285.72,-58.47519999999999,KXBTC15M
KXBTCD-26JUN2419,1.4634,no,111.08,82.1696,11108,2026-06-24 23:02:23.125249+00:00,KXBTCD-26JUN2419-T60799.99,0,0.0,0.0,2026-06-24,82.1696,111.08,27.446999999999996,KXBTCD
KXBTC15M-26JUN241845,6.65509,yes,351.67,161.95261,0,2026-06-24 22:45:03.110270+00:00,KXBTC15M-26JUN241845-45,100,221.14,171.8771,2026-06-24,333.82971,221.14,-119.34479999999999,KXBTC15M
KXBTC15M-26JUN241815,8.3467,no,329.33,222.8633,12800,2026-06-24 22:15:03.227104+00:00,KXBTC15M-26JUN241815-15,0,201.33,114.1286,2026-06-24,336.9919,329.33,-16.0086,KXBTC15M
KXBTC15M-26JUN241800,1.2446,yes,80.5,52.8514,0,2026-06-24 22:00:03.201779+00:00,KXBTC15M-26JUN241800-00,100,0.0,0.0,2026-06-24,52.8514,0.0,-54.096,KXBTC15M
KXBTC15M-26JUN241745,4.682,yes,161.28,86.1749,0,2026-06-24 21:45:03.240509+00:00,KXBTC15M-26JUN241745-45,100,161.28,125.7984,2026-06-24,211.9733,161.28,-55.375299999999996,KXBTC15M
KXBTC15M-26JUN241715,1.7227,no,94.1,67.752,0,2026-06-24 21:15:03.180898+00:00,KXBTC15M-26JUN241715-15,0,94.1,6.0224,2026-06-24,73.7744,94.1,18.602899999999995,KXBTC15M
KXBTC15M-26JUN241700,1.5107,yes,0.0,0.0,16926,2026-06-24 21:00:03.111725+00:00,KXBTC15M-26JUN241700-00,100,169.26,143.871,2026-06-24,143.871,169.26,23.87829999999998,KXBTC15M
KXBTC15M-26JUN241645,6.70516,yes,339.29,47.80434,0,2026-06-24 20:45:03.112631+00:00,KXBTC15M-26JUN241645-45,100,339.29,264.9376,2026-06-24,312.74194,339.29,19.84290000000002,KXBTC15M
KXBTC15M-26JUN241630,10.40629,yes,420.62,194.5718,12679,2026-06-24 20:30:03.112944+00:00,KXBTC15M-26JUN241630-30,100,547.41,497.12531,2026-06-24,691.6971100000001,547.41,-154.6934000000001,KXBTC15M
KXBTCD-26JUN2416,6.8319,yes,96.96,72.72,27958,2026-06-24 20:02:13.179724+00:00,KXBTCD-26JUN2416-T59799.99,100,376.54,259.9594,2026-06-24,332.6794,376.54,37.028700000000036,KXBTCD
KXBTC15M-26JUN241545,3.9867,no,241.73,149.8726,24173,2026-06-24 19:45:03.114764+00:00,KXBTC15M-26JUN241545-45,0,0.0,0.0,2026-06-24,149.8726,241.73,87.87069999999999,KXBTC15M
KXBTC15M-26JUN241530,3.16907,yes,201.65,147.2045,0,2026-06-24 19:30:03.110095+00:00,KXBTC15M-26JUN241530-30,100,201.65,195.94703,2026-06-24,343.15153,201.65,-144.67059999999998,KXBTC15M
KXBTCD-26JUN2415,1.4907,yes,0.0,0.0,8604,2026-06-24 19:02:23.146419+00:00,KXBTCD-26JUN2415-T59499.99,100,86.04,47.322,2026-06-24,47.322,86.04,37.22730000000001,KXBTCD
KXBTC15M-26JUN241130,0.8573,no,96.05,81.6425,9605,2026-06-24 15:30:03.111899+00:00,KXBTC15M-26JUN241130-30,0,0.0,0.0,2026-06-24,81.6425,96.05,13.550199999999998,KXBTC15M
KXBTC15M-26JUN241115,1.0645,no,250.2,233.937,25020,2026-06-24 15:15:03.110079+00:00,KXBTC15M-26JUN241115-15,0,0.0,0.0,2026-06-24,233.937,250.2,15.198499999999976,KXBTC15M
KXBTCD-26JUN2411,3.981,yes,268.88,2.6888,0,2026-06-24 15:02:13.191570+00:00,KXBTCD-26JUN2411-T60899.99,100,268.88,193.5936,2026-06-24,196.2824,268.88,68.6166,KXBTCD
KXBTCD-26JUN2411,0.7114,yes,48.39,33.873,0,2026-06-24 15:02:13.190896+00:00,KXBTCD-26JUN2411-T60999.99,100,0.0,0.0,2026-06-24,33.873,0.0,-34.584399999999995,KXBTCD
KXBTC15M-26JUN241045,9.7793,no,438.73,230.5427,20138,2026-06-24 14:45:03.110709+00:00,KXBTC15M-26JUN241045-45,0,237.35,185.133,2026-06-24,415.6757,438.73,13.275000000000013,KXBTC15M
KXBTC15M-26JUN241030,8.2007,yes,270.29,175.6885,0,2026-06-24 14:30:03.116946+00:00,KXBTC15M-26JUN241030-30,100,270.29,78.3841,2026-06-24,254.07260000000002,270.29,8.016699999999998,KXBTC15M
KXBTC15M-26JUN241015,8.59652,no,346.92,247.53088,3014,2026-06-24 14:15:13.111509+00:00,KXBTC15M-26JUN241015-15,0,316.78,240.8614,2026-06-24,488.39228,346.92,-150.0688,KXBTC15M
KXBTCD-26JUN2410,0.3721,yes,0.0,0.0,2835,2026-06-24 14:02:13.206438+00:00,KXBTCD-26JUN2410-T61199.99,100,28.35,21.2625,2026-06-24,21.2625,28.35,6.7154000000000025,KXBTCD
KXBTC15M-26JUN241000,2.70051,no,173.69,116.3723,0,2026-06-24 14:00:03.107133+00:00,KXBTC15M-26JUN241000-00,0,173.69,0.17369,2026-06-24,116.54598999999999,173.69,54.44350000000001,KXBTC15M
KXBTC15M-26JUN240945,0.09822,no,118.31,116.89028,11831,2026-06-24 13:45:03.105249+00:00,KXBTC15M-26JUN240945-45,0,0.0,0.0,2026-06-24,116.89028,118.31,1.3214999999999981,KXBTC15M
KXBTC15M-26JUN240930,2.9347,no,113.48,96.458,0,2026-06-24 13:30:03.107763+00:00,KXBTC15M-26JUN240930-30,0,113.48,66.9532,2026-06-24,163.4112,113.48,-52.8659,KXBTC15M
KXBTCD-26JUN2409,2.9619,no,169.86,90.0258,16986,2026-06-24 13:02:13.177586+00:00,KXBTCD-26JUN2409-T62599.99,0,0.0,0.0,2026-06-24,90.0258,169.86,76.87230000000001,KXBTCD
KXBTC15M-26JUN240900,1.9461,no,97.4,59.414,0,2026-06-24 13:00:03.102337+00:00,KXBTC15M-26JUN240900-00,0,97.4,4.87,2026-06-24,64.284,97.4,31.1699,KXBTC15M
KXBTC15M-26JUN240845,10.0219,yes,311.49,167.199,6214,2026-06-24 12:45:03.109169+00:00,KXBTC15M-26JUN240845-45,100,373.63,281.1266,2026-06-24,448.3256,373.63,-84.71750000000002,KXBTC15M
KXBTC15M-26JUN240830,13.3259,no,600.78,427.904,0,2026-06-24 12:30:03.104236+00:00,KXBTC15M-26JUN240830-30,0,600.78,128.789,2026-06-24,556.693,600.78,30.76109999999999,KXBTC15M
KXBTC15M-26JUN240815,9.9991,no,352.6,278.5741,0,2026-06-24 12:15:03.107934+00:00,KXBTC15M-26JUN240815-15,0,352.6,190.5551,2026-06-24,469.12919999999997,352.6,-126.52829999999994,KXBTC15M
KXBTCD-26JUN2408,0.6138,no,35.88,25.4748,0,2026-06-24 12:02:43.120047+00:00,KXBTCD-26JUN2408-T62999.99,0,35.88,1.4352,2026-06-24,26.909999999999997,35.88,8.356200000000007,KXBTCD
KXBTCD-26JUN2408,0.415,yes,0.0,0.0,2727,2026-06-24 12:02:43.119477+00:00,KXBTCD-26JUN2408-T62799.99,100,27.27,18.461,2026-06-24,18.461,27.27,8.394000000000002,KXBTCD
KXBTC15M-26JUN240800,0.73109,yes,38.09,1.86641,0,2026-06-24 12:00:03.102775+00:00,KXBTC15M-26JUN240800-00,100,38.09,24.7585,2026-06-24,26.62491,38.09,10.734000000000004,KXBTC15M
KXBTC15M-26JUN240745,2.3755,yes,83.11,38.5135,0,2026-06-24 11:45:03.098188+00:00,KXBTC15M-26JUN240745-45,100,83.11,66.488,2026-06-24,105.0015,83.11,-24.266999999999992,KXBTC15M
KXBTC15M-26JUN240730,1.1186,yes,54.22,36.8591,0,2026-06-24 11:30:03.101003+00:00,KXBTC15M-26JUN240730-30,100,17.68,8.8334,2026-06-24,45.692499999999995,17.68,-29.131099999999996,KXBTC15M
KXBTCD-26JUN2407,1.259,no,65.69,45.7636,4745,2026-06-24 11:02:23.161279+00:00,KXBTCD-26JUN2407-T62399.99,0,18.24,11.856,2026-06-24,57.6196,65.69,6.811399999999999,KXBTCD
KXBTC15M-26JUN240645,3.1796,yes,95.04,51.338,5165,2026-06-24 10:45:03.096319+00:00,KXBTC15M-26JUN240645-45,100,146.69,118.8988,2026-06-24,170.2368,146.69,-26.72639999999999,KXBTC15M
KXBTC15M-26JUN240630,0.24678,no,13.42,7.2824,0,2026-06-24 10:30:03.098717+00:00,KXBTC15M-26JUN240630-30,0,13.42,0.34892,2026-06-24,7.63132,13.42,5.5419,KXBTC15M
KXBTC15M-26JUN240615,0.13078,no,7.12,5.34,0,2026-06-24 10:15:03.098943+00:00,KXBTC15M-26JUN240615-15,0,7.12,0.57672,2026-06-24,5.91672,7.12,1.0725000000000002,KXBTC15M
KXBTC15M-26JUN240545,0.2766,no,16.43,9.6592,1643,2026-06-24 09:45:03.102662+00:00,KXBTC15M-26JUN240545-45,0,0.0,0.0,2026-06-24,9.6592,16.43,6.494199999999999,KXBTC15M
KXBTC15M-26JUN240515,0.2743,no,17.45,13.611,0,2026-06-24 09:15:03.102204+00:00,KXBTC15M-26JUN240515-15,0,17.45,0.9772,2026-06-24,14.5882,17.45,2.5874999999999986,KXBTC15M
KXBTC15M-26JUN240500,0.8044,yes,27.94,16.523,0,2026-06-24 09:00:03.098766+00:00,KXBTC15M-26JUN240500-00,100,27.94,21.468,2026-06-24,37.991,27.94,-10.855399999999998,KXBTC15M
KXBTC15M-26JUN240445,0.8596,yes,32.53,11.6703,0,2026-06-24 08:45:03.101169+00:00,KXBTC15M-26JUN240445-45,100,32.53,24.7403,2026-06-24,36.4106,32.53,-4.7402000000000015,KXBTC15M
KXBTC15M-26JUN240430,0.0,yes,0.0,0.0,0,2026-06-24 08:30:03.107639+00:00,KXBTC15M-26JUN240430-30,100,0.0,0.0,2026-06-24,0.0,0.0,0.0,KXBTC15M
KXBTC15M-26JUN240415,0.1389,yes,8.51,5.3613,0,2026-06-24 08:15:03.108785+00:00,KXBTC15M-26JUN240415-15,100,0.0,0.0,2026-06-24,5.3613,0.0,-5.5001999999999995,KXBTC15M
KXBTCD-26JUN2404,0.252,no,15.44,9.7272,1544,2026-06-24 08:02:33.168818+00:00,KXBTCD-26JUN2404-T62599.99,0,0.0,0.0,2026-06-24,9.7272,15.44,5.4608,KXBTCD
KXBTC15M-26JUN240130,0.0187,yes,1.17,0.4095,0,2026-06-24 05:30:03.112719+00:00,KXBTC15M-26JUN240130-30,100,0.0,0.0,2026-06-24,0.4095,0.0,-0.42819999999999997,KXBTC15M
KXBTC15M-26JUN240115,0.0917,yes,3.72,1.3152,0,2026-06-24 05:15:03.168400+00:00,KXBTC15M-26JUN240115-15,100,3.72,3.009,2026-06-24,4.324199999999999,3.72,-0.6958999999999992,KXBTC15M
KXBTCD-26JUN2401,0.8487,no,29.28,21.0598,0,2026-06-24 05:02:11.213879+00:00,KXBTCD-26JUN2401-T62699.99,0,29.28,19.5026,2026-06-24,40.5624,29.28,-12.131099999999996,KXBTCD
KXBTC15M-26JUN240030,0.53062,no,23.87,17.0351,0,2026-06-24 04:30:11.111806+00:00,KXBTC15M-26JUN240030-30,0,23.87,6.13678,2026-06-24,23.17188,23.87,0.16749999999999943,KXBTC15M
KXBTC15M-26JUN240015,0.0,no,0.0,0.0,0,2026-06-24 04:15:11.065612+00:00,KXBTC15M-26JUN240015-15,0,0.0,0.0,2026-06-24,0.0,0.0,0.0,KXBTC15M
KXBTCD-26JUN2400,0.1755,no,10.09,5.4486,1009,2026-06-24 04:04:40.350775+00:00,KXBTCD-26JUN2400-T62699.99,0,0.0,0.0,2026-06-24,5.4486,10.09,4.4658999999999995,KXBTCD
KXBTC15M-26JUN240000,0.1969,no,6.29,4.5917,0,2026-06-24 04:00:01.063196+00:00,KXBTC15M-26JUN240000-00,0,6.29,3.0821,2026-06-24,7.6738,6.29,-1.5807,KXBTC15M
KXBTC15M-26JUN232330,0.10776,yes,5.81,4.288,0,2026-06-24 03:30:01.171023+00:00,KXBTC15M-26JUN232330-30,100,5.81,5.31034,2026-06-24,9.59834,5.81,-3.8961000000000006,KXBTC15M
KXBTC15M-26JUN232315,0.1534,no,9.09,5.3765,909,2026-06-24 03:15:11.061856+00:00,KXBTC15M-26JUN232315-15,0,0.0,0.0,2026-06-24,5.3765,9.09,3.5601,KXBTC15M
KXBTC15M-26JUN232300,0.3023,no,13.19,8.2688,753,2026-06-24 03:00:11.120760+00:00,KXBTC15M-26JUN232300-00,0,5.66,3.7922,2026-06-24,12.061,13.19,0.8266999999999995,KXBTC15M
KXBTC15M-26JUN232245,0.1333,no,4.7,2.914,129,2026-06-24 02:45:11.072312+00:00,KXBTC15M-26JUN232245-45,0,3.41,2.1483,2026-06-24,5.0623000000000005,4.7,-0.49560000000000026,KXBTC15M
KXBTC15M-26JUN232230,0.22154,no,11.15,8.5149,0,2026-06-24 02:30:11.059358+00:00,KXBTC15M-26JUN232230-30,0,11.15,1.85486,2026-06-24,10.369760000000001,11.15,0.5586999999999992,KXBTC15M
KXBTC15M-26JUN232215,0.1095,no,6.57,2.5623,657,2026-06-24 02:15:11.116151+00:00,KXBTC15M-26JUN232215-15,0,0.0,0.0,2026-06-24,2.5623,6.57,3.8981999999999997,KXBTC15M
KXBTCD-26JUN2322,0.1114,no,6.14,6.0786,0,2026-06-24 02:02:21.336960+00:00,KXBTCD-26JUN2322-T62899.99,0,6.14,2.8858,2026-06-24,8.9644,6.14,-2.9358,KXBTCD
KXBTC15M-26JUN232200,0.11,no,4.05,3.321,0,2026-06-24 02:00:11.064839+00:00,KXBTC15M-26JUN232200-00,0,4.05,2.43,2026-06-24,5.751,4.05,-1.8110000000000006,KXBTC15M
KXBTC15M-26JUN232145,0.0502,yes,0.0,0.0,448,2026-06-24 01:45:11.066103+00:00,KXBTC15M-26JUN232145-45,100,4.48,3.584,2026-06-24,3.584,4.48,0.8458000000000003,KXBTC15M
KXBTC15M-26JUN232115,0.2153,no,11.47,7.607,638,2026-06-24 01:15:11.181945+00:00,KXBTC15M-26JUN232115-15,0,5.09,0.8144,2026-06-24,8.4214,11.47,2.8333000000000004,KXBTC15M
KXBTCD-26JUN2321,0.4667,yes,12.1,7.986,382,2026-06-24 01:02:21.279895+00:00,KXBTCD-26JUN2321-T62899.99,100,15.92,8.565,2026-06-24,16.551,15.92,-1.0976999999999983,KXBTCD
KXBTC15M-26JUN232100,0.4918,yes,17.25,9.927,0,2026-06-24 01:00:11.115853+00:00,KXBTC15M-26JUN232100-00,100,17.25,13.206,2026-06-24,23.133,17.25,-6.374799999999999,KXBTC15M
KXBTC15M-26JUN232045,0.2261,yes,5.02,2.259,827,2026-06-24 00:45:11.162507+00:00,KXBTC15M-26JUN232045-45,100,13.29,10.8573,2026-06-24,13.1163,13.29,-0.052400000000001584,KXBTC15M
KXBTC15M-26JUN232030,0.5991,no,26.88,15.4634,1052,2026-06-24 00:30:01.115041+00:00,KXBTC15M-26JUN232030-30,0,16.36,12.7556,2026-06-24,28.219,26.88,-1.9381000000000022,KXBTC15M
KXBTC15M-26JUN231945,0.15394,no,7.62,4.0914,0,2026-06-23 23:45:11.332020+00:00,KXBTC15M-26JUN231945-45,0,7.62,0.32766,2026-06-23,4.41906,7.62,3.047,KXBTC15M
KXBTC15M-26JUN231930,0.0799,yes,0.0,0.0,722,2026-06-23 23:30:11.061735+00:00,KXBTC15M-26JUN231930-30,100,7.22,5.7838,2026-06-23,5.7838,7.22,1.3562999999999994,KXBTC15M
KXBTC15M-26JUN231915,0.1521,no,8.86,4.9802,886,2026-06-23 23:15:11.115287+00:00,KXBTC15M-26JUN231915-15,0,0.0,0.0,2026-06-23,4.9802,8.86,3.7276999999999996,KXBTC15M
KXBTCD-26JUN2319,0.0441,yes,5.11,0.0511,0,2026-06-23 23:02:21.240176+00:00,KXBTCD-26JUN2319-T62499.99,100,5.11,4.4457,2026-06-23,4.4968,5.11,0.5690999999999999,KXBTCD
KXBTC15M-26JUN231900,0.19495,yes,9.59,5.7463,0,2026-06-23 23:00:01.115691+00:00,KXBTC15M-26JUN231900-00,100,9.59,9.06255,2026-06-23,14.80885,9.59,-5.4138,KXBTC15M
KXBTC15M-26JUN231845,0.0,no,0.0,0.0,0,2026-06-23 22:45:11.064668+00:00,KXBTC15M-26JUN231845-45,0,0.0,0.0,2026-06-23,0.0,0.0,0.0,KXBTC15M
KXBTCD-26JUN2318,0.0012,yes,0.09,0.0186,0,2026-06-23 22:02:27.522743+00:00,KXBTCD-26JUN2318-T62499.99,100,0.0,0.0,2026-06-23,0.0186,0.0,-0.019799999999999998,KXBTCD
KXBTC15M-26JUN231730,0.0004,yes,0.0,0.0,2,2026-06-23 21:30:11.113757+00:00,KXBTC15M-26JUN231730-30,100,0.02,0.0074,2026-06-23,0.0074,0.02,0.0122,KXBTC15M
KXBTC15M-26JUN231630,0.0035,yes,0.22,0.1474,0,2026-06-23 20:30:11.061262+00:00,KXBTC15M-26JUN231630-30,100,0.0,0.0,2026-06-23,0.1474,0.0,-0.1509,KXBTC15M
KXBTC15M-26JUN231615,0.0018,yes,0.0,0.0,14,2026-06-23 20:15:11.111247+00:00,KXBTC15M-26JUN231615-15,100,0.14,0.1064,2026-06-23,0.1064,0.14,0.031800000000000016,KXBTC15M
KXBTCD-26JUN2316,0.0281,yes,1.2,0.696,0,2026-06-23 20:02:21.183962+00:00,KXBTCD-26JUN2316-T62299.99,100,1.2,1.08,2026-06-23,1.776,1.2,-0.6041000000000001,KXBTCD
KXBTC15M-26JUN231600,0.1229,yes,6.38,4.9126,0,2026-06-23 20:00:01.118716+00:00,KXBTC15M-26JUN231600-00,100,6.38,5.6782,2026-06-23,10.590800000000002,6.38,-4.333700000000001,KXBTC15M
KXBTC15M-26JUN231545,0.07312,no,4.08,1.938,0,2026-06-23 19:45:11.063082+00:00,KXBTC15M-26JUN231545-45,0,4.08,0.02448,2026-06-23,1.96248,4.08,2.0444,KXBTC15M
KXBTC15M-26JUN231530,0.0833,yes,4.76,2.4276,0,2026-06-23 19:30:01.206727+00:00,KXBTC15M-26JUN231530-30,100,0.0,0.0,2026-06-23,2.4276,0.0,-2.5109,KXBTC15M
KXBTC15M-26JUN231515,0.00798,yes,0.36,0.1584,516,2026-06-23 19:15:11.117926+00:00,KXBTC15M-26JUN231515-15,100,5.52,5.49792,2026-06-23,5.65632,5.52,-0.14430000000000043,KXBTC15M
KXBTCD-26JUN2315,0.0247,no,0.96,0.7872,0,2026-06-23 19:02:23.330711+00:00,KXBTCD-26JUN2315-T62199.99,0,0.96,0.3072,2026-06-23,1.0944,0.96,-0.15910000000000007,KXBTCD
KXBTCD-26JUN2315,0.0585,yes,2.45,0.7985,0,2026-06-23 19:02:23.330711+00:00,KXBTCD-26JUN2315-T62099.99,100,2.45,2.107,2026-06-23,2.9055,2.45,-0.5139999999999998,KXBTCD
KXBTC15M-26JUN231500,0.22506,yes,10.48,5.9163,0,2026-06-23 19:00:11.060185+00:00,KXBTC15M-26JUN231500-00,100,10.48,9.62064,2026-06-23,15.53694,10.48,-5.281999999999999,KXBTC15M
KXBTC15M-26JUN231430,0.0981,no,6.08,3.8912,608,2026-06-23 18:30:11.063285+00:00,KXBTC15M-26JUN231430-30,0,0.0,0.0,2026-06-23,3.8912,6.08,2.0907,KXBTC15M
KXBTC15M-26JUN231415,0.3722,yes,22.94,18.3774,0,2026-06-23 18:15:11.117297+00:00,KXBTC15M-26JUN231415-15,100,7.66,4.966,2026-06-23,23.343400000000003,7.66,-16.055600000000002,KXBTC15M
KXBTCD-26JUN2314,0.7954,no,45.23,35.0503,1917,2026-06-23 18:02:21.155089+00:00,KXBTCD-26JUN2314-T62299.99,0,26.06,17.0522,2026-06-23,52.1025,45.23,-7.667900000000002,KXBTCD
KXBTC15M-26JUN231345,0.1906,no,14.7,10.5033,1470,2026-06-23 17:45:11.057521+00:00,KXBTC15M-26JUN231345-45,0,0.0,0.0,2026-06-23,10.5033,14.7,4.0061,KXBTC15M
KXBTCD-26JUN2313,0.0,yes,0.0,0.0,0,2026-06-23 17:02:21.249976+00:00,KXBTCD-26JUN2313-T62499.99,100,0.0,0.0,2026-06-23,0.0,0.0,0.0,KXBTCD
KXBTCD-26JUN2305,0.5886,yes,13.11,8.2439,2235,2026-06-23 09:02:24.214774+00:00,KXBTCD-26JUN2305-T62299.99,100,35.46,28.6913,2026-06-23,36.935199999999995,35.46,-2.063799999999994,KXBTCD
KXBTC15M-26JUN230500,0.76865,no,38.25,25.5198,0,2026-06-23 09:00:04.113220+00:00,KXBTC15M-26JUN230500-00,0,38.25,14.60525,2026-06-23,40.12505,38.25,-2.6437000000000017,KXBTC15M
KXBTC15M-26JUN230430,0.1624,no,10.49,7.0283,1049,2026-06-23 08:30:04.098287+00:00,KXBTC15M-26JUN230430-30,0,0.0,0.0,2026-06-23,7.0283,10.49,3.2993000000000006,KXBTC15M
KXBTC15M-26JUN230415,0.4072,no,17.54,12.1924,898,2026-06-23 08:15:04.102788+00:00,KXBTC15M-26JUN230415-15,0,8.56,3.6808,2026-06-23,15.873199999999999,17.54,1.2596000000000003,KXBTC15M
KXBTCD-26JUN2304,0.5285,no,25.16,23.6504,0,2026-06-23 08:02:24.164219+00:00,KXBTCD-26JUN2304-T62899.99,0,25.16,10.5672,2026-06-23,34.217600000000004,25.16,-9.586100000000004,KXBTCD
KXBTC15M-26JUN230400,0.8927,no,41.22,22.7259,2277,2026-06-23 08:00:04.110597+00:00,KXBTC15M-26JUN230400-00,0,18.45,15.3135,2026-06-23,38.0394,41.22,2.2878999999999983,KXBTC15M
KXBTC15M-26JUN230345,0.1942,no,13.16,9.1666,1316,2026-06-23 07:45:04.156394+00:00,KXBTC15M-26JUN230345-45,0,0.0,0.0,2026-06-23,9.1666,13.16,3.7991999999999995,KXBTC15M
KXBTC15M-26JUN230330,0.1666,no,9.52,4.8552,952,2026-06-23 07:30:04.161162+00:00,KXBTC15M-26JUN230330-30,0,0.0,0.0,2026-06-23,4.8552,9.52,4.4982,KXBTC15M
KXBTC15M-26JUN230315,0.10553,yes,0.0,0.0,2283,2026-06-23 07:15:04.104735+00:00,KXBTC15M-26JUN230315-15,100,22.83,21.20907,2026-06-23,21.20907,22.83,1.5153999999999979,KXBTC15M
KXBTC15M-26JUN230300,0.1631,no,9.63,5.6817,963,2026-06-23 07:00:04.119342+00:00,KXBTC15M-26JUN230300-00,0,0.0,0.0,2026-06-23,5.6817,9.63,3.7852000000000006,KXBTC15M
KXBTC15M-26JUN230245,0.129,yes,0.0,0.0,738,2026-06-23 06:45:04.160472+00:00,KXBTC15M-26JUN230245-45,100,7.38,3.8376,2026-06-23,3.8376,7.38,3.4133999999999998,KXBTC15M
KXBTC15M-26JUN230215,0.0847,no,5.19,3.2697,519,2026-06-23 06:15:04.111297+00:00,KXBTC15M-26JUN230215-15,0,0.0,0.0,2026-06-23,3.2697,5.19,1.8356000000000006,KXBTC15M
KXBTCD-26JUN2302,0.5053,yes,15.49,6.6607,1223,2026-06-23 06:02:14.241329+00:00,KXBTCD-26JUN2302-T63299.99,100,27.72,23.3336,2026-06-23,29.994300000000003,27.72,-2.779600000000004,KXBTCD
KXBTC15M-26JUN230200,0.19766,no,9.66,4.83,0,2026-06-23 06:00:04.159376+00:00,KXBTC15M-26JUN230200-00,0,9.66,0.42504,2026-06-23,5.25504,9.66,4.2073,KXBTC15M
KXBTC15M-26JUN230145,0.3725,no,20.06,15.0566,1086,2026-06-23 05:45:04.117303+00:00,KXBTC15M-26JUN230145-45,0,9.2,5.1487,2026-06-23,20.2053,20.06,-0.5178000000000025,KXBTC15M
KXBTC15M-26JUN230130,0.1234,no,8.39,5.873,839,2026-06-23 05:30:04.163584+00:00,KXBTC15M-26JUN230130-30,0,0.0,0.0,2026-06-23,5.873,8.39,2.3936,KXBTC15M
KXBTC15M-26JUN230115,0.74276,no,35.44,27.74444,864,2026-06-23 05:15:04.308131+00:00,KXBTC15M-26JUN230115-15,0,26.8,18.9224,2026-06-23,46.66684,35.44,-11.969600000000003,KXBTC15M
KXBTCD-26JUN2301,0.506,no,18.01,11.5062,0,2026-06-23 05:02:24.538213+00:00,KXBTCD-26JUN2301-T63599.99,0,53.55,49.7727,2026-06-23,61.2789,18.01,-43.7749,KXBTCD
KXBTC15M-26JUN230015,0.1317,no,8.79,6.0651,879,2026-06-23 04:15:04.114101+00:00,KXBTC15M-26JUN230015-15,0,0.0,0.0,2026-06-23,6.0651,8.79,2.593199999999999,KXBTC15M
KXBTC15M-26JUN221930,0.15218,yes,10.34,0.23782,0,2026-06-22 23:30:04.110018+00:00,KXBTC15M-26JUN221930-30,100,10.34,7.755,2026-06-22,7.99282,10.34,2.195,KXBTC15M
KXBTC15M-26JUN220315,0.0038,yes,0.23,0.1426,0,2026-06-22 07:15:04.102441+00:00,KXBTC15M-26JUN220315-15,100,0.0,0.0,2026-06-22,0.1426,0.0,-0.1464,KXBTC15M
KXBTC15M-26JUN220215,0.1637,no,5.41,3.5406,15,2026-06-22 06:15:04.107836+00:00,KXBTC15M-26JUN220215-15,0,5.26,3.222,2026-06-22,6.7626,5.41,-1.5162999999999998,KXBTC15M
KXBTC15M-26JUN220200,0.03654,no,1.76,0.968,0,2026-06-22 06:00:04.157042+00:00,KXBTC15M-26JUN220200-00,0,1.76,0.08976,2026-06-22,1.05776,1.76,0.6657,KXBTC15M
KXBTC15M-26JUN220145,0.0651,yes,3.1,2.1882,98,2026-06-22 05:45:04.107374+00:00,KXBTC15M-26JUN220145-45,100,4.08,3.7541,2026-06-22,5.9423,4.08,-1.9274000000000002,KXBTC15M
KXBTC15M-26JUN220130,0.0942,no,5.88,5.4148,200,2026-06-22 05:30:04.109599+00:00,KXBTC15M-26JUN220130-30,0,3.88,1.4956,2026-06-22,6.910399999999999,5.88,-1.1245999999999994,KXBTC15M
KXBTCD-26JUN2201,0.0531,yes,0.0,0.0,303,2026-06-22 05:02:25.124048+00:00,KXBTCD-26JUN2201-T63999.99,100,3.03,1.5453,2026-06-22,1.5453,3.03,1.4316,KXBTCD
KXBTC15M-26JUN220045,0.35522,yes,13.61,7.7279,0,2026-06-22 04:45:05.061245+00:00,KXBTC15M-26JUN220045-45,100,13.61,11.35848,2026-06-22,19.08638,13.61,-5.831599999999999,KXBTC15M
KXBTC15M-26JUN220030,0.11259,no,4.91,4.42391,0,2026-06-22 04:30:05.064935+00:00,KXBTC15M-26JUN220030-30,0,4.91,1.9149,2026-06-22,6.3388100000000005,4.91,-1.5414000000000003,KXBTC15M
KXBTC15M-26JUN220015,0.2808,yes,6.53,4.2833,985,2026-06-22 04:15:05.068613+00:00,KXBTC15M-26JUN220015-15,100,16.38,13.2346,2026-06-22,17.5179,16.38,-1.4187000000000018,KXBTC15M
KXBTCD-26JUN2200,0.1524,yes,4.93,2.6129,0,2026-06-22 04:02:15.145944+00:00,KXBTCD-26JUN2200-T63899.99,100,4.93,3.6482,2026-06-22,6.2611,4.93,-1.4835000000000003,KXBTCD
KXBTC15M-26JUN212345,0.0855,no,4.98,2.8386,498,2026-06-22 03:45:05.064026+00:00,KXBTC15M-26JUN212345-45,0,0.0,0.0,2026-06-22,2.8386,4.98,2.0559000000000003,KXBTC15M
KXBTCD-26JUN2123,0.0664,no,3.79,1.895,379,2026-06-22 03:02:25.146145+00:00,KXBTCD-26JUN2123-T64199.99,0,0.0,0.0,2026-06-22,1.895,3.79,1.8286,KXBTCD
KXBTC15M-26JUN210545,0.0464,yes,3.06,0.0459,0,2026-06-21 09:45:05.049361+00:00,KXBTC15M-26JUN210545-45,100,3.06,2.2032,2026-06-21,2.2491,3.06,0.7645000000000002,KXBTC15M
KXBTC15M-26JUN210530,0.0347,yes,0.0,0.0,257,2026-06-21 09:30:05.049626+00:00,KXBTC15M-26JUN210530-30,100,2.57,1.9018,2026-06-21,1.9018,2.57,0.6335,KXBTC15M
KXBTC15M-26JUN210515,0.0425,no,3.61,2.8242,361,2026-06-21 09:15:05.049680+00:00,KXBTC15M-26JUN210515-15,0,0.0,0.0,2026-06-21,2.8242,3.61,0.7433000000000001,KXBTC15M
KXBTC15M-26JUN210415,0.1205,no,4.2,3.318,0,2026-06-21 08:15:05.057554+00:00,KXBTC15M-26JUN210415-15,0,4.2,2.1606,2026-06-21,5.4786,4.2,-1.3991,KXBTC15M
KXBTC15M-26JUN210400,0.0747,no,4.27,2.0923,427,2026-06-21 08:00:05.052443+00:00,KXBTC15M-26JUN210400-00,0,0.0,0.0,2026-06-21,2.0923,4.27,2.1029999999999998,KXBTC15M
KXBTC15M-26JUN210345,0.04292,yes,1.87,0.748,0,2026-06-21 07:45:05.050473+00:00,KXBTC15M-26JUN210345-45,100,1.87,1.69048,2026-06-21,2.43848,1.87,-0.6114,KXBTC15M
KXBTC15M-26JUN201245,0.1666,yes,2.63,1.4202,663,2026-06-20 16:45:08.565703+00:00,KXBTC15M-26JUN201245-45,100,9.26,6.9302,2026-06-20,8.3504,9.26,0.7429999999999993,KXBTC15M
KXBTC15M-26JUN200000,0.0514,no,3.03,1.7877,303,2026-06-20 04:00:08.857689+00:00,KXBTC15M-26JUN200000-00,0,0.0,0.0,2026-06-20,1.7877,3.03,1.1908999999999996,KXBTC15M
KXBTC15M-26JUN192345,0.0663,yes,0.0,0.0,383,2026-06-20 03:45:08.507609+00:00,KXBTC15M-26JUN192345-45,100,3.83,1.9745,2026-06-20,1.9745,3.83,1.7892000000000001,KXBTC15M
KXBTC15M-26JUN192315,0.0556,yes,3.28,1.9352,0,2026-06-20 03:15:08.509847+00:00,KXBTC15M-26JUN192315-15,100,0.0,0.0,2026-06-20,1.9352,0.0,-1.9908000000000001,KXBTC15M
KXBTC15M-26JUN191900,0.0241,yes,0.0,0.0,304,2026-06-19 23:00:08.512857+00:00,KXBTC15M-26JUN191900-00,100,3.04,2.6448,2026-06-19,2.6448,3.04,0.3711,KXBTC15M
KXBTC15M-26JUN191845,0.12764,yes,4.87,2.958,466,2026-06-19 22:45:08.511006+00:00,KXBTC15M-26JUN191845-45,100,9.53,8.81756,2026-06-19,11.77556,9.53,-2.373200000000001,KXBTC15M
KXBTC15M-26JUN191830,0.09894,yes,4.41,0.33516,0,2026-06-19 22:30:08.507017+00:00,KXBTC15M-26JUN191830-30,100,4.41,2.2491,2026-06-19,2.58426,4.41,1.7268000000000001,KXBTC15M
KXBTC15M-26JUN191815,0.11069,yes,5.62,3.5954,513,2026-06-19 22:15:08.509967+00:00,KXBTC15M-26JUN191815-15,100,10.75,10.44681,2026-06-19,14.042209999999999,10.75,-3.402899999999999,KXBTC15M
KXBTC15M-26JUN191800,0.0756,no,4.63,2.9169,463,2026-06-19 22:07:28.512173+00:00,KXBTC15M-26JUN191800-00,0,0.0,0.0,2026-06-19,2.9169,4.63,1.6374999999999997,KXBTC15M
KXBTC15M-26JUN191745,0.0347,no,2.08,1.2688,208,2026-06-19 21:45:08.510669+00:00,KXBTC15M-26JUN191745-45,0,0.0,0.0,2026-06-19,1.2688,2.08,0.7765000000000002,KXBTC15M
KXBTC15M-26JUN191730,0.1035,no,6.27,3.8874,627,2026-06-19 21:30:08.566068+00:00,KXBTC15M-26JUN191730-30,0,0.0,0.0,2026-06-19,3.8874,6.27,2.2790999999999997,KXBTC15M
KXBTC15M-26JUN191715,0.074,yes,5.36,3.9128,0,2026-06-19 21:15:08.577342+00:00,KXBTC15M-26JUN191715-15,100,0.0,0.0,2026-06-19,3.9128,0.0,-3.9867999999999997,KXBTC15M
KXBTC15M-26JUN191700,0.15576,yes,6.67,0.61364,0,2026-06-19 21:00:08.513680+00:00,KXBTC15M-26JUN191700-00,100,6.67,3.4684,2026-06-19,4.08204,6.67,2.4322,KXBTC15M
KXBTC15M-26JUN191645,0.4589,yes,20.73,14.4693,0,2026-06-19 20:45:08.508892+00:00,KXBTC15M-26JUN191645-45,100,20.73,13.9803,2026-06-19,28.4496,20.73,-8.1785,KXBTC15M
KXBTCD-26JUN1916,0.1437,no,5.73,4.8705,0,2026-06-19 20:02:38.618756+00:00,KXBTCD-26JUN1916-T62999.99,0,5.73,3.6672,2026-06-19,8.5377,5.73,-2.9513999999999987,KXBTCD
KXBTC15M-26JUN191600,0.2384,yes,0.0,0.0,1376,2026-06-19 20:00:08.507452+00:00,KXBTC15M-26JUN191600-00,100,13.76,7.568,2026-06-19,7.568,13.76,5.9536,KXBTC15M
KXBTC15M-26JUN191545,0.3299,yes,7.0,4.9845,776,2026-06-19 19:45:08.511004+00:00,KXBTC15M-26JUN191545-45,100,14.76,9.7797,2026-06-19,14.764199999999999,14.76,-0.3340999999999991,KXBTC15M
KXBTC15M-26JUN191530,0.0643,no,4.09,2.6994,409,2026-06-19 19:30:08.508421+00:00,KXBTC15M-26JUN191530-30,0,0.0,0.0,2026-06-19,2.6994,4.09,1.3263,KXBTC15M
KXBTC15M-26JUN191515,0.1094,no,6.71,4.0523,671,2026-06-19 19:15:08.507714+00:00,KXBTC15M-26JUN191515-15,0,0.0,0.0,2026-06-19,4.0523,6.71,2.5483000000000002,KXBTC15M
KXBTCD-26JUN1915,0.403,yes,15.7,5.365,0,2026-06-19 19:02:28.595247+00:00,KXBTCD-26JUN1915-T62999.99,100,15.7,9.354,2026-06-19,14.719,15.7,0.5779999999999998,KXBTCD
KXBTC15M-26JUN191500,0.4951,yes,15.81,9.6228,0,2026-06-19 19:00:08.507297+00:00,KXBTC15M-26JUN191500-00,100,15.81,10.421,2026-06-19,20.043799999999997,15.81,-4.728899999999997,KXBTC15M
KXBTC15M-26JUN191430,0.2225,no,9.49,5.9686,527,2026-06-19 18:30:08.512681+00:00,KXBTC15M-26JUN191430-30,0,4.22,2.0678,2026-06-19,8.0364,9.49,1.2310999999999999,KXBTC15M
KXBTC15M-26JUN191415,0.0597,no,4.14,2.9394,414,2026-06-19 18:15:08.511068+00:00,KXBTC15M-26JUN191415-15,0,0.0,0.0,2026-06-19,2.9394,4.14,1.1408999999999996,KXBTC15M
KXBTCD-26JUN1914,0.4042,yes,17.33,6.0655,0,2026-06-19 18:02:28.639497+00:00,KXBTCD-26JUN1914-T62999.99,100,17.33,15.2504,2026-06-19,21.3159,17.33,-4.390100000000001,KXBTCD
KXBTCD-26JUN1914,0.694,yes,18.48,9.7944,900,2026-06-19 18:02:28.638748+00:00,KXBTCD-26JUN1914-T63099.99,100,27.48,20.0186,2026-06-19,29.813,27.48,-3.0269999999999984,KXBTCD
KXBTC15M-26JUN191345,0.0508,yes,0.0,0.0,641,2026-06-19 17:45:08.508747+00:00,KXBTC15M-26JUN191345-45,100,6.41,5.5767,2026-06-19,5.5767,6.41,0.7825000000000004,KXBTC15M
KXBTC15M-26JUN191330,1.8021,no,84.09,56.394,1480,2026-06-19 17:30:08.506315+00:00,KXBTC15M-26JUN191330-30,0,69.29,56.1676,2026-06-19,112.5616,84.09,-30.273699999999995,KXBTC15M
KXBTC15M-26JUN191315,2.403,yes,95.73,42.9484,0,2026-06-19 17:15:08.511938+00:00,KXBTC15M-26JUN191315-15,100,95.73,80.0445,2026-06-19,122.99289999999999,95.73,-29.665899999999986,KXBTC15M
KXBTCD-26JUN1913,0.0,no,0.0,0.0,0,2026-06-19 17:02:28.589014+00:00,KXBTCD-26JUN1913-T62999.99,0,0.0,0.0,2026-06-19,0.0,0.0,0.0,KXBTCD
KXBTC15M-26JUN191230,0.5295,no,30.57,16.7736,3057,2026-06-19 16:30:08.507172+00:00,KXBTC15M-26JUN191230-30,0,0.0,0.0,2026-06-19,16.7736,30.57,13.266900000000001,KXBTC15M
KXBTC15M-26JUN191215,1.0765,yes,43.82,34.3666,0,2026-06-19 16:15:08.504173+00:00,KXBTC15M-26JUN191215-15,100,43.82,29.39,2026-06-19,63.7566,43.82,-21.013099999999998,KXBTC15M
KXBTCD-26JUN1912,0.4048,no,28.31,20.1617,2831,2026-06-19 16:02:58.586021+00:00,KXBTCD-26JUN1912-T63199.99,0,0.0,0.0,2026-06-19,20.1617,28.31,7.743499999999999,KXBTCD
KXBTC15M-26JUN191145,0.0,yes,0.0,0.0,0,2026-06-19 15:45:08.507999+00:00,KXBTC15M-26JUN191145-45,100,0.0,0.0,2026-06-19,0.0,0.0,0.0,KXBTC15M
KXBTC15M-26JUN191130,0.8527,no,24.78,14.1246,0,2026-06-19 15:30:08.505500+00:00,KXBTC15M-26JUN191130-30,0,24.78,12.5652,2026-06-19,26.689799999999998,24.78,-2.762499999999997,KXBTC15M
KXBTC15M-26JUN191115,0.8826,no,27.55,16.53,0,2026-06-19 15:15:08.505643+00:00,KXBTC15M-26JUN191115-15,0,27.55,8.816,2026-06-19,25.346000000000004,27.55,1.321399999999997,KXBTC15M
KXBTCD-26JUN1911,0.9533,no,32.25,24.8325,0,2026-06-19 15:02:48.585578+00:00,KXBTCD-26JUN1911-T63199.99,0,32.25,13.8675,2026-06-19,38.7,32.25,-7.403300000000003,KXBTCD
KXBTC15M-26JUN191100,1.1871,no,36.68,22.3748,0,2026-06-19 15:00:08.503538+00:00,KXBTC15M-26JUN191100-00,0,36.68,12.4712,2026-06-19,34.846000000000004,36.68,0.646899999999996,KXBTC15M
KXBTC15M-26JUN191045,0.561,yes,20.93,9.6278,0,2026-06-19 14:45:08.504515+00:00,KXBTC15M-26JUN191045-45,100,20.93,17.5812,2026-06-19,27.209,20.93,-6.84,KXBTC15M
KXBTC15M-26JUN190915,3.1222,no,140.04,100.9272,5876,2026-06-19 13:15:08.499942+00:00,KXBTC15M-26JUN190915-15,0,81.28,49.3925,2026-06-19,150.3197,140.04,-13.401900000000019,KXBTC15M
KXBTC15M-26JUN190845,0.3196,no,20.98,14.2664,2098,2026-06-19 12:45:08.503970+00:00,KXBTC15M-26JUN190845-45,0,0.0,0.0,2026-06-19,14.2664,20.98,6.393999999999999,KXBTC15M
KXBTC15M-26JUN190230,0.4424,no,27.43,17.5552,2743,2026-06-19 06:30:08.509233+00:00,KXBTC15M-26JUN190230-30,0,0.0,0.0,2026-06-19,17.5552,27.43,9.432400000000001,KXBTC15M
KXBTC15M-26JUN190145,0.538,yes,9.13,2.6477,1751,2026-06-19 05:45:08.607261+00:00,KXBTC15M-26JUN190145-45,100,26.64,17.4461,2026-06-19,20.0938,26.64,6.008199999999999,KXBTC15M
KXBTC15M-26JUN190130,0.1599,no,12.18,9.135,1218,2026-06-19 05:30:08.609299+00:00,KXBTC15M-26JUN190130-30,0,0.0,0.0,2026-06-19,9.135,12.18,2.8851,KXBTC15M
KXBTC15M-26JUN190015,0.7227,yes,27.9,14.508,0,2026-06-19 04:15:08.515975+00:00,KXBTC15M-26JUN190015-15,100,27.9,23.994,2026-06-19,38.501999999999995,27.9,-11.324699999999996,KXBTC15M
KXBTCD-26JUN1900,1.6649,yes,32.89,15.7872,4830,2026-06-19 04:02:38.596535+00:00,KXBTCD-26JUN1900-T62699.99,100,81.19,59.4849,2026-06-19,75.27210000000001,81.19,4.252999999999989,KXBTCD
KXBTC15M-26JUN182315,0.31665,no,17.01,11.7369,0,2026-06-19 03:15:08.572779+00:00,KXBTC15M-26JUN182315-15,0,17.01,0.93555,2026-06-19,12.67245,17.01,4.020900000000002,KXBTC15M
KXBTC15M-26JUN182230,0.43564,no,23.32,15.6244,0,2026-06-19 02:30:08.508069+00:00,KXBTC15M-26JUN182230-30,0,23.32,1.11936,2026-06-19,16.743759999999998,23.32,6.140600000000002,KXBTC15M
KXBTC15M-26JUN182215,1.8638,yes,39.83,19.915,4600,2026-06-19 02:15:08.508527+00:00,KXBTC15M-26JUN182215-15,100,85.83,62.9027,2026-06-19,82.8177,85.83,1.1484999999999963,KXBTC15M
KXBTCD-26JUN1820,0.5652,no,35.04,22.4256,3504,2026-06-19 00:02:48.575227+00:00,KXBTCD-26JUN1820-T62899.99,0,0.0,0.0,2026-06-19,22.4256,35.04,12.049199999999999,KXBTCD
KXBTC15M-26JUN182000,0.4248,yes,17.7,12.744,0,2026-06-19 00:00:08.502720+00:00,KXBTC15M-26JUN182000-00,100,17.7,14.691,2026-06-19,27.435000000000002,17.7,-10.159800000000002,KXBTC15M
KXBTCD-26JUN1819,0.4451,yes,0.0,0.0,3226,2026-06-18 23:02:38.574363+00:00,KXBTCD-26JUN1819-T62799.99,100,32.26,23.5498,2026-06-18,23.5498,32.26,8.265099999999997,KXBTCD
KXBTCD-26JUN1818,0.45,yes,26.83,2.1464,0,2026-06-18 22:02:38.583082+00:00,KXBTCD-26JUN1818-T62899.99,100,26.83,21.1957,2026-06-18,23.3421,26.83,3.0378999999999996,KXBTCD
KXWCSPREAD-26JUN18SUIBIH,0.3914,yes,0.0,0.0,3156,2026-06-18 21:02:58.580978+00:00,KXWCSPREAD-26JUN18SUIBIH-SUI3,100,31.56,24.3012,2026-06-18,24.3012,31.56,6.867399999999997,KXWCSPREAD
KXMVESPORTSMULTIGAMEEXTENDED-S2026DB4752CC3EE,0.31309,no,0.0,0.0,0,2026-06-18 20:54:08.543435+00:00,KXMVESPORTSMULTIGAMEEXTENDED-S2026DB4752CC3EE-27345D3DE6D,0,21.17,6.41451,2026-06-18,6.41451,0.0,-6.7276,KXMVESPORTSMULTIGAMEEXTENDED
KXBTC15M-26JUN180145,0.2174,yes,0.0,0.0,1656,2026-06-18 05:45:03.395761+00:00,KXBTC15M-26JUN180145-45,100,16.56,12.42,2026-06-18,12.42,16.56,3.9225999999999988,KXBTC15M
KXBTC15M-26JUN180130,0.17785,yes,0.0,0.0,3265,2026-06-18 05:30:03.498271+00:00,KXBTC15M-26JUN180130-30,100,32.65,29.87475,2026-06-18,29.87475,32.65,2.5974,KXBTC15M
KXBTC15M-26JUN180115,0.3187,no,20.01,13.0065,2001,2026-06-18 05:15:03.412189+00:00,KXBTC15M-26JUN180115-15,0,0.0,0.0,2026-06-18,13.0065,20.01,6.684800000000001,KXBTC15M
KXBTCD-26JUN1801,0.3246,no,23.52,17.1696,2352,2026-06-18 05:03:43.480996+00:00,KXBTCD-26JUN1801-T63899.99,0,0.0,0.0,2026-06-18,17.1696,23.52,6.0258,KXBTCD
KXBTC15M-26JUN180045,0.5468,no,32.49,18.7366,3249,2026-06-18 04:45:03.519189+00:00,KXBTC15M-26JUN180045-45,0,0.0,0.0,2026-06-18,18.7366,32.49,13.206600000000003,KXBTC15M
KXBTC15M-26JUN180030,1.21781,no,46.36,38.39969,0,2026-06-18 04:30:03.407356+00:00,KXBTC15M-26JUN180030-30,0,46.36,21.7333,2026-06-18,60.13299,46.36,-14.9908,KXBTC15M
KXBTC15M-26JUN180015,0.9834,no,42.82,22.9786,2846,2026-06-18 04:15:03.401500+00:00,KXBTC15M-26JUN180015-15,0,14.36,8.616,2026-06-18,31.5946,42.82,10.242,KXBTC15M
KXBTC15M-26JUN180000,1.7246,yes,71.48,26.285,0,2026-06-18 04:00:03.401436+00:00,KXBTC15M-26JUN180000-00,100,45.88,30.2808,2026-06-18,56.565799999999996,45.88,-12.410399999999994,KXBTC15M
KXBTC15M-26JUN172345,0.827,no,43.05,41.5002,0,2026-06-18 03:45:03.410563+00:00,KXBTC15M-26JUN172345-45,0,43.05,22.4109,2026-06-18,63.911100000000005,43.05,-21.688100000000006,KXBTC15M
KXBTC15M-26JUN172245,1.3893,yes,34.03,17.2873,4238,2026-06-18 02:45:03.401200+00:00,KXBTC15M-26JUN172245-45,100,76.41,62.4829,2026-06-18,79.7702,76.41,-4.7495000000000065,KXBTC15M
KXBTC15M-26JUN172215,1.9772,no,84.54,45.3775,4763,2026-06-18 02:15:03.397558+00:00,KXBTC15M-26JUN172215-15,0,36.91,25.3852,2026-06-18,70.7627,84.54,11.800100000000011,KXBTC15M
KXBTCD-26JUN1722,1.6976,no,27.68,14.6704,0,2026-06-18 02:02:53.482482+00:00,KXBTCD-26JUN1722-T64499.99,0,86.92,59.8315,2026-06-18,74.5019,27.68,-48.51950000000001,KXBTCD
KXBTC15M-26JUN172145,0.6034,no,34.6,18.338,3460,2026-06-18 01:45:03.453773+00:00,KXBTC15M-26JUN172145-45,0,0.0,0.0,2026-06-18,18.338,34.6,15.6586,KXBTC15M
KXBTC15M-26JUN172130,0.1542,no,8.94,5.0064,894,2026-06-18 01:30:03.396847+00:00,KXBTC15M-26JUN172130-30,0,0.0,0.0,2026-06-18,5.0064,8.94,3.7793999999999994,KXBTC15M
KXBTCD-26JUN1721,0.2785,yes,0.0,0.0,3517,2026-06-18 01:02:43.471631+00:00,KXBTCD-26JUN1721-T64399.99,100,35.17,30.5979,2026-06-18,30.5979,35.17,4.293600000000002,KXBTCD
KXBTC15M-26JUN172045,3.0251,no,139.12,96.17,8087,2026-06-18 00:45:03.404257+00:00,KXBTC15M-26JUN172045-45,0,58.25,31.6813,2026-06-18,127.85130000000001,139.12,8.243599999999995,KXBTC15M
KXBTC15M-26JUN172030,4.4047,no,185.94,128.9803,5195,2026-06-18 00:30:03.398938+00:00,KXBTC15M-26JUN172030-30,0,133.99,97.1633,2026-06-18,226.1436,185.94,-44.60829999999999,KXBTC15M
KXBTC15M-26JUN172015,0.07503,yes,0.0,0.0,2723,2026-06-18 00:15:03.398059+00:00,KXBTC15M-26JUN172015-15,100,27.23,26.11357,2026-06-18,26.11357,27.23,1.0414000000000012,KXBTC15M
KXBTCD-26JUN1720,0.4482,yes,0.0,0.0,2598,2026-06-18 00:02:43.485716+00:00,KXBTCD-26JUN1720-T64399.99,100,25.98,14.5488,2026-06-18,14.5488,25.98,10.983,KXBTCD
KXBTC15M-26JUN172000,0.1589,yes,0.0,0.0,1011,2026-06-18 00:00:03.399271+00:00,KXBTC15M-26JUN172000-00,100,10.11,6.6726,2026-06-18,6.6726,10.11,3.2784999999999993,KXBTC15M
KXBTC15M-26JUN171945,1.172,no,35.16,15.8481,0,2026-06-17 23:45:03.402934+00:00,KXBTC15M-26JUN171945-45,0,35.16,12.6576,2026-06-17,28.5057,35.16,5.482299999999996,KXBTC15M
KXBTC15M-26JUN171915,0.4231,no,26.56,17.264,2656,2026-06-17 23:15:03.401706+00:00,KXBTC15M-26JUN171915-15,0,0.0,0.0,2026-06-17,17.264,26.56,8.8729,KXBTC15M
KXBTCD-26JUN1719,2.379,no,134.45,105.5659,6757,2026-06-17 23:02:43.484412+00:00,KXBTCD-26JUN1719-T64299.99,0,66.88,49.8539,2026-06-17,155.4198,134.45,-23.348800000000022,KXBTCD
KXBTC15M-26JUN171845,0.70506,no,37.71,36.72954,0,2026-06-17 22:45:03.402101+00:00,KXBTC15M-26JUN171845-45,0,37.71,22.0236,2026-06-17,58.75314,37.71,-21.7482,KXBTC15M
KXBTC15M-26JUN171815,1.2372,no,92.66,68.7434,9266,2026-06-17 22:15:03.480144+00:00,KXBTC15M-26JUN171815-15,0,0.0,0.0,2026-06-17,68.7434,92.66,22.6794,KXBTC15M
KXWCGAME-26JUN17ENGCRO,4.4704,no,285.86,261.2485,0,2026-06-17 22:09:14.542268+00:00,KXWCGAME-26JUN17ENGCRO-TIE,0,285.86,54.4021,2026-06-17,315.6506,285.86,-34.26099999999998,KXWCGAME
KXBTCD-26JUN1718,1.052,yes,60.11,30.055,0,2026-06-17 22:02:43.579796+00:00,KXBTCD-26JUN1718-T64199.99,100,0.0,0.0,2026-06-17,30.055,0.0,-31.107,KXBTCD
KXBTC15M-26JUN171745,1.5421,no,66.2,49.468,400,2026-06-17 21:45:03.447403+00:00,KXBTC15M-26JUN171745-45,0,62.2,50.3145,2026-06-17,99.7825,66.2,-35.124599999999994,KXBTC15M
KXBTC15M-26JUN171730,1.50962,no,87.68,86.37248,0,2026-06-17 21:30:03.403487+00:00,KXBTC15M-26JUN171730-30,0,87.68,52.251,2026-06-17,138.62348,87.68,-52.45309999999999,KXBTC15M
KXBTC15M-26JUN171715,0.3834,no,31.91,24.8898,3191,2026-06-17 21:15:03.486447+00:00,KXBTC15M-26JUN171715-15,0,0.0,0.0,2026-06-17,24.8898,31.91,6.636799999999999,KXBTC15M
KXBTCD-26JUN1717,1.7914,yes,0.0,0.0,12025,2026-06-17 21:02:33.613333+00:00,KXBTCD-26JUN1717-T64249.99,100,120.25,83.1839,2026-06-17,83.1839,120.25,35.2747,KXBTCD
KXBTC15M-26JUN171645,2.37895,no,136.85,130.39005,0,2026-06-17 20:45:03.397294+00:00,KXBTC15M-26JUN171645-45,0,136.85,97.9265,2026-06-17,228.31655,136.85,-93.84550000000002,KXBTC15M
KXBTCD-26JUN1716,0.3591,yes,0.0,0.0,2093,2026-06-17 20:02:43.604310+00:00,KXBTCD-26JUN1716-T64199.99,100,20.93,8.9999,2026-06-17,8.9999,20.93,11.571,KXBTCD
KXBTCD-26JUN1716,0.2947,yes,0.0,0.0,1701,2026-06-17 20:02:43.604310+00:00,KXBTCD-26JUN1716-T64099.99,100,17.01,9.3555,2026-06-17,9.3555,17.01,7.359800000000003,KXBTCD
KXBTC15M-26JUN171600,0.2657,yes,0.0,0.0,1595,2026-06-17 20:00:03.402291+00:00,KXBTC15M-26JUN171600-00,100,15.95,9.7295,2026-06-17,9.7295,15.95,5.9548,KXBTC15M
KXWCGAME-26JUN16ARGDZA,0.001,no,0.04,0.0308,0,2026-06-17 03:01:34.297159+00:00,KXWCGAME-26JUN16ARGDZA-TIE,0,0.04,0.0088,2026-06-17,0.0396,0.04,-0.0006000000000000024,KXWCGAME
KXBTC15M-26JUN162130,0.0005,no,0.0,0.0,0,2026-06-17 01:30:03.394396+00:00,KXBTC15M-26JUN162130-30,0,0.03,0.0087,2026-06-17,0.0087,0.0,-0.0092,KXBTC15M
KXWCGAME-26JUN16IRQNOR,0.0002,yes,0.01,0.0015,0,2026-06-17 00:07:04.046062+00:00,KXWCGAME-26JUN16IRQNOR-NOR,100,0.01,0.0086,2026-06-17,0.0101,0.01,-0.0002999999999999994,KXWCGAME
KXBTC15M-26JUN160030,0.00265,no,0.0,0.0,0,2026-06-16 04:30:03.404316+00:00,KXBTC15M-26JUN160030-30,0,2.85,0.03705,2026-06-16,0.03705,0.0,-0.0397,KXBTC15M
KXBTC15M-26JUN160015,0.2022,no,6.13,5.3944,0,2026-06-16 04:15:03.405708+00:00,KXBTC15M-26JUN160015-15,0,10.2,5.8754,2026-06-16,11.2698,6.13,-5.3420000000000005,KXBTC15M
KXBTC15M-26JUN160000,1.2552,yes,38.17,27.2764,532,2026-06-16 04:00:03.404229+00:00,KXBTC15M-26JUN160000-00,100,43.49,24.9685,2026-06-16,52.2449,43.49,-10.0101,KXBTC15M
KXBTC15M-26JUN152330,0.30553,yes,12.33,6.5349,1534,2026-06-16 03:30:03.397731+00:00,KXBTC15M-26JUN152330-30,100,27.67,26.31417,2026-06-16,32.84907,27.67,-5.484599999999996,KXBTC15M
KXBTC15M-26JUN151930,0.1314,no,20.85,18.765,2085,2026-06-15 23:30:03.397735+00:00,KXBTC15M-26JUN151930-30,0,0.0,0.0,2026-06-15,18.765,20.85,1.953600000000001,KXBTC15M
KXBTCD-26JUN1519,0.1499,no,8.92,5.352,892,2026-06-15 23:02:43.484910+00:00,KXBTCD-26JUN1519-T66199.99,0,0.0,0.0,2026-06-15,5.352,8.92,3.4180999999999995,KXBTCD
KXBTC15M-26JUN151745,0.06614,yes,5.66,0.14716,0,2026-06-15 21:45:03.407799+00:00,KXBTC15M-26JUN151745-45,100,5.66,4.6978,2026-06-15,4.84496,5.66,0.7488999999999998,KXBTC15M
KXBTC15M-26JUN151730,0.1791,no,10.75,6.3998,1075,2026-06-15 21:30:03.404057+00:00,KXBTC15M-26JUN151730-30,0,0.0,0.0,2026-06-15,6.3998,10.75,4.1711,KXBTC15M
KXBTC15M-26JUN151715,0.0588,no,6.58,5.593,658,2026-06-15 21:15:03.404274+00:00,KXBTC15M-26JUN151715-15,0,0.0,0.0,2026-06-15,5.593,6.58,0.9282000000000001,KXBTC15M
KXBTCD-26JUN1517,0.0634,no,3.64,1.9642,364,2026-06-15 21:02:33.540575+00:00,KXBTCD-26JUN1517-T66499.99,0,0.0,0.0,2026-06-15,1.9642,3.64,1.6124000000000003,KXBTCD
KXBTC15M-26JUN151700,0.0893,no,6.02,4.185,602,2026-06-15 21:00:43.443725+00:00,KXBTC15M-26JUN151700-00,0,0.0,0.0,2026-06-15,4.185,6.02,1.7457,KXBTC15M
KXBTC15M-26JUN151645,0.02206,yes,0.0,0.0,614,2026-06-15 20:45:03.398747+00:00,KXBTC15M-26JUN151645-45,100,6.14,5.80844,2026-06-15,5.80844,6.14,0.3094999999999996,KXBTC15M
KXBTC15M-26JUN151630,1.21396,no,47.65,36.60574,0,2026-06-15 20:30:03.397011+00:00,KXBTC15M-26JUN151630-30,0,47.65,27.9153,2026-06-15,64.52104,47.65,-18.085,KXBTC15M
KXBTC15M-26JUN151615,0.2484,yes,5.95,1.309,789,2026-06-15 20:15:03.403162+00:00,KXBTC15M-26JUN151615-15,100,13.84,10.3735,2026-06-15,11.6825,13.84,1.9091000000000007,KXBTC15M
KXBTC15M-26JUN151015,0.2085,no,14.15,9.5932,1415,2026-06-15 14:15:03.397667+00:00,KXBTC15M-26JUN151015-15,0,0.0,0.0,2026-06-15,9.5932,14.15,4.348300000000001,KXBTC15M
KXBTCD-26JUN1510,1.0449,yes,31.6,16.5476,0,2026-06-15 14:02:43.487617+00:00,KXBTCD-26JUN1510-T66399.99,100,31.6,20.8136,2026-06-15,37.3612,31.6,-6.806099999999995,KXBTCD
KXBTC15M-26JUN140515,0.1589,no,9.63,5.9706,963,2026-06-14 09:15:03.387051+00:00,KXBTC15M-26JUN140515-15,0,0.0,0.0,2026-06-14,5.9706,9.63,3.5005000000000006,KXBTC15M
KXBTC15M-26JUN140445,0.1592,no,11.04,7.8384,1104,2026-06-14 08:45:03.390821+00:00,KXBTC15M-26JUN140445-45,0,0.0,0.0,2026-06-14,7.8384,11.04,3.042399999999999,KXBTC15M
KXBTC15M-26JUN140430,0.0509,yes,0.0,0.0,1805,2026-06-14 08:30:03.388785+00:00,KXBTC15M-26JUN140430-30,100,18.05,17.2919,2026-06-14,17.2919,18.05,0.7072000000000025,KXBTC15M
KXBTC15M-26JUN140415,0.1452,yes,0.0,0.0,1037,2026-06-14 08:15:03.393367+00:00,KXBTC15M-26JUN140415-15,100,10.37,7.5067,2026-06-14,7.5067,10.37,2.718099999999999,KXBTC15M
KXBTCD-26JUN1404,0.3934,no,21.88,17.0614,1403,2026-06-14 08:02:43.505347+00:00,KXBTCD-26JUN1404-T64399.99,0,7.85,3.758,2026-06-14,20.819399999999998,21.88,0.6672000000000009,KXBTCD
KXBTC15M-26JUN140345,0.1088,no,6.98,4.6314,698,2026-06-14 07:45:03.394027+00:00,KXBTC15M-26JUN140345-45,0,0.0,0.0,2026-06-14,4.6314,6.98,2.2398000000000002,KXBTC15M
KXBTC15M-26JUN140315,0.0465,no,3.75,2.8875,375,2026-06-14 07:15:03.452279+00:00,KXBTC15M-26JUN140315-15,0,0.0,0.0,2026-06-14,2.8875,3.75,0.8159999999999998,KXBTC15M
KXBTC15M-26JUN131730,0.1188,yes,0.0,0.0,738,2026-06-13 21:30:03.506178+00:00,KXBTC15M-26JUN131730-30,100,7.38,4.5166,2026-06-13,4.5166,7.38,2.7445999999999997,KXBTC15M
KXBTC15M-26JUN131715,0.13348,no,6.91,6.71652,0,2026-06-13 21:15:03.501609+00:00,KXBTC15M-26JUN131715-15,0,6.91,3.1786,2026-06-13,9.89512,6.91,-3.1186000000000003,KXBTC15M
KXBTCD-26JUN1316,0.0787,no,7.3,5.913,730,2026-06-13 20:02:33.470800+00:00,KXBTCD-26JUN1316-T64299.99,0,0.0,0.0,2026-06-13,5.913,7.3,1.3082999999999996,KXBTCD
KXBTC15M-26JUN131515,0.0687,yes,0.0,0.0,400,2026-06-13 19:15:03.401817+00:00,KXBTC15M-26JUN131515-15,100,4.0,2.28,2026-06-13,2.28,4.0,1.6513000000000002,KXBTC15M
KXBTCD-26JUN1314,0.0557,no,3.31,1.986,331,2026-06-13 18:02:33.534832+00:00,KXBTCD-26JUN1314-T63999.99,0,0.0,0.0,2026-06-13,1.986,3.31,1.2683,KXBTCD
KXBTC15M-26JUN131345,0.0664,yes,0.0,0.0,705,2026-06-13 17:45:04.045512+00:00,KXBTC15M-26JUN131345-45,100,7.05,5.922,2026-06-13,5.922,7.05,1.0616,KXBTC15M
KXBTC15M-26JUN131315,0.0507,no,6.01,5.1686,601,2026-06-13 17:15:03.399962+00:00,KXBTC15M-26JUN131315-15,0,0.0,0.0,2026-06-13,5.1686,6.01,0.7907000000000002,KXBTC15M
KXBTC15M-26JUN130545,0.1119,no,7.3,5.6278,508,2026-06-13 09:45:03.391342+00:00,KXBTC15M-26JUN130545-45,0,2.22,0.999,2026-06-13,6.626799999999999,7.3,0.5613000000000005,KXBTC15M
KXBTC15M-26JUN130530,0.1868,yes,3.29,1.316,467,2026-06-13 09:30:03.391873+00:00,KXBTC15M-26JUN130530-30,100,7.96,4.3854,2026-06-13,5.7014,7.96,2.0718000000000005,KXBTC15M
KXETH15M-26JUN130530,0.3986,no,13.93,11.061,0,2026-06-13 09:30:03.383795+00:00,KXETH15M-26JUN130530-30,0,13.93,7.16,2026-06-13,18.221,13.93,-4.6896,KXETH15M
KXBTC15M-26JUN130515,0.3658,no,0.0,0.0,0,2026-06-13 09:15:03.393102+00:00,KXBTC15M-26JUN130515-15,0,21.26,11.4476,2026-06-13,11.4476,0.0,-11.8134,KXBTC15M
KXBTCD-26JUN1305,0.0,no,0.0,0.0,0,2026-06-13 09:02:33.457663+00:00,KXBTCD-26JUN1305-T63799.99,0,0.0,0.0,2026-06-13,0.0,0.0,0.0,KXBTCD
KXBTC15M-26JUN130500,0.0527,no,5.1,4.182,510,2026-06-13 09:00:03.788648+00:00,KXBTC15M-26JUN130500-00,0,0.0,0.0,2026-06-13,4.182,5.1,0.8652999999999993,KXBTC15M
KXBTC15M-26JUN130445,0.0207,yes,0.0,0.0,317,2026-06-13 08:45:03.390089+00:00,KXBTC15M-26JUN130445-45,100,3.17,2.8413,2026-06-13,2.8413,3.17,0.308,KXBTC15M
KXBTC15M-26JUN130430,0.2219,yes,0.0,0.0,1289,2026-06-13 08:30:03.395284+00:00,KXBTC15M-26JUN130430-30,100,12.89,7.2122,2026-06-13,7.2122,12.89,5.455900000000001,KXBTC15M
KXBTC15M-26JUN130415,0.9882,no,41.25,23.5562,1200,2026-06-13 08:15:03.392126+00:00,KXBTC15M-26JUN130415-15,0,29.25,24.4409,2026-06-13,47.9971,41.25,-7.735300000000003,KXBTC15M
KXBTC15M-26JUN130400,1.36943,yes,48.39,43.07147,1990,2026-06-13 08:00:03.397140+00:00,KXBTC15M-26JUN130400-00,100,68.29,40.4665,2026-06-13,83.53797,68.29,-16.617399999999996,KXBTC15M
KXBTC15M-26JUN130345,0.10317,yes,0.0,0.0,1681,2026-06-13 07:45:03.391131+00:00,KXBTC15M-26JUN130345-45,100,16.81,15.17943,2026-06-13,15.17943,16.81,1.5273999999999988,KXBTC15M
KXBTC15M-26JUN130330,0.2437,yes,0.0,0.0,2729,2026-06-13 07:30:03.396099+00:00,KXBTC15M-26JUN130330-30,100,27.29,23.1965,2026-06-13,23.1965,27.29,3.849799999999999,KXBTC15M
KXBTC15M-26JUN130315,0.7792,yes,18.48,15.5219,1645,2026-06-13 07:15:03.393116+00:00,KXBTC15M-26JUN130315-15,100,34.93,17.3492,2026-06-13,32.8711,34.93,1.2797000000000014,KXBTC15M
KXBTCD-26JUN1303,0.0391,yes,2.42,1.5488,0,2026-06-13 07:07:59.262592+00:00,KXBTCD-26JUN1303-T63699.99,100,0.0,0.0,2026-06-13,1.5488,0.0,-1.5878999999999999,KXBTCD
KXBTC15M-26JUN130245,0.0283,yes,0.0,0.0,175,2026-06-13 06:45:03.392697+00:00,KXBTC15M-26JUN130245-45,100,1.75,1.12,2026-06-13,1.12,1.75,0.6016999999999999,KXBTC15M
KXBTC15M-26JUN130230,0.0774,yes,2.34,1.2924,115,2026-06-13 06:30:03.395296+00:00,KXBTC15M-26JUN130230-30,100,3.49,2.8011,2026-06-13,4.0935,3.49,-0.6808999999999995,KXBTC15M
KXBTC15M-26JUN130215,0.12925,yes,4.48,2.0069,183,2026-06-13 06:15:03.398196+00:00,KXBTC15M-26JUN130215-15,100,6.31,5.42125,2026-06-13,7.42815,6.31,-1.2474,KXBTC15M
KXBTCD-26JUN1302,0.7439,yes,27.9,18.9448,308,2026-06-13 06:02:43.464174+00:00,KXBTCD-26JUN1302-T63499.99,100,30.98,24.53,2026-06-13,43.4748,30.98,-13.238700000000001,KXBTCD
KXBTC15M-26JUN130145,0.5625,yes,15.24,9.5078,1109,2026-06-13 05:45:03.395925+00:00,KXBTC15M-26JUN130145-45,100,26.33,20.215,2026-06-13,29.7228,26.33,-3.955300000000001,KXBTC15M
KXBTC15M-26JUN130130,0.17324,yes,8.96,4.0529,0,2026-06-13 05:30:03.405992+00:00,KXBTC15M-26JUN130130-30,100,8.96,8.70016,2026-06-13,12.753060000000001,8.96,-3.9663000000000004,KXBTC15M
KXBTC15M-26JUN130115,0.792,yes,18.64,10.252,1415,2026-06-13 05:15:03.449363+00:00,KXBTC15M-26JUN130115-15,100,32.79,23.0809,2026-06-13,33.3329,32.79,-1.334900000000003,KXBTC15M
KXBTCD-26JUN1301,0.5916,no,22.18,15.496,0,2026-06-13 05:02:33.560892+00:00,KXBTCD-26JUN1301-T63499.99,0,22.18,17.3522,2026-06-13,32.8482,22.18,-11.259799999999998,KXBTCD
KXBTC15M-26JUN121900,0.2927,yes,0.0,0.0,1683,2026-06-12 23:00:03.400360+00:00,KXBTC15M-26JUN121900-00,100,16.83,9.0882,2026-06-12,9.0882,16.83,7.449099999999998,KXBTC15M
KXBTC15M-26JUN121815,0.2137,yes,0.0,0.0,1233,2026-06-12 22:15:03.400398+00:00,KXBTC15M-26JUN121815-15,100,12.33,6.4548,2026-06-12,6.4548,12.33,5.6615,KXBTC15M
KXBTCD-26JUN1218,0.1567,yes,9.52,2.7608,0,2026-06-12 22:02:33.615649+00:00,KXBTCD-26JUN1218-T63399.99,100,9.52,9.2344,2026-06-12,11.9952,9.52,-2.631900000000001,KXBTCD
KXBTCD-26JUN1218,0.1625,no,10.34,6.8244,1034,2026-06-12 22:02:33.615091+00:00,KXBTCD-26JUN1218-T63499.99,0,0.0,0.0,2026-06-12,6.8244,10.34,3.3531,KXBTCD
KXBTC15M-26JUN121745,0.2197,yes,0.0,0.0,1296,2026-06-12 21:45:03.399372+00:00,KXBTC15M-26JUN121745-45,100,12.96,7.4698,2026-06-12,7.4698,12.96,5.2705,KXBTC15M
KXBTC15M-26JUN121730,0.7511,no,33.88,26.7869,1272,2026-06-12 21:30:03.397670+00:00,KXBTC15M-26JUN121730-30,0,21.16,10.8936,2026-06-12,37.680499999999995,33.88,-4.5515999999999925,KXBTC15M
KXBTCD-26JUN1217,1.7831,no,51.93,30.6865,0,2026-06-12 21:02:33.626262+00:00,KXBTCD-26JUN1217-T63499.99,0,51.93,25.0707,2026-06-12,55.7572,51.93,-5.610299999999998,KXBTCD
KXBTC15M-26JUN121700,0.067,no,22.24,21.2392,2224,2026-06-12 21:00:03.444245+00:00,KXBTC15M-26JUN121700-00,0,0.0,0.0,2026-06-12,21.2392,22.24,0.9337999999999982,KXBTC15M
KXBTC15M-26JUN121615,0.1429,no,16.95,14.577,1695,2026-06-12 20:15:03.401030+00:00,KXBTC15M-26JUN121615-15,0,0.0,0.0,2026-06-12,14.577,16.95,2.2300999999999993,KXBTC15M
KXBTCD-26JUN1216,0.1866,no,10.66,5.321,1066,2026-06-12 20:02:43.461574+00:00,KXBTCD-26JUN1216-T63599.99,0,0.0,0.0,2026-06-12,5.321,10.66,5.1524,KXBTCD
KXBTC15M-26JUN121545,0.5774,no,24.21,14.239,1305,2026-06-12 19:45:03.397024+00:00,KXBTC15M-26JUN121545-45,0,11.16,7.3656,2026-06-12,21.6046,24.21,2.0279999999999996,KXBTC15M
KXBTC15M-26JUN121530,0.35454,yes,11.88,5.1102,1641,2026-06-12 19:30:03.400221+00:00,KXBTC15M-26JUN121530-30,100,28.29,25.58646,2026-06-12,30.696659999999998,28.29,-2.7611999999999988,KXBTC15M
KXBTC15M-26JUN121515,0.1271,yes,0.0,0.0,730,2026-06-12 19:15:03.396334+00:00,KXBTC15M-26JUN121515-15,100,7.3,3.7781,2026-06-12,3.7781,7.3,3.3948,KXBTC15M
KXBTCD-26JUN1215,0.2119,no,9.7,5.743,524,2026-06-12 19:02:33.473684+00:00,KXBTCD-26JUN1215-T63799.99,0,4.46,3.2112,2026-06-12,8.9542,9.7,0.5338999999999992,KXBTCD
KXBTCD-26JUN1215,0.0761,no,4.46,1.8732,446,2026-06-12 19:02:33.473684+00:00,KXBTCD-26JUN1215-T63699.99,0,0.0,0.0,2026-06-12,1.8732,4.46,2.5107000000000004,KXBTCD
KXBTC15M-26JUN121500,0.0815,no,4.85,2.91,485,2026-06-12 19:00:03.397516+00:00,KXBTC15M-26JUN121500-00,0,0.0,0.0,2026-06-12,2.91,4.85,1.8584999999999996,KXBTC15M
KXBTC15M-26JUN121445,0.118,yes,6.82,3.2664,0,2026-06-12 18:45:03.396727+00:00,KXBTC15M-26JUN121445-45,100,0.0,0.0,2026-06-12,3.2664,0.0,-3.3844,KXBTC15M
KXBTC15M-26JUN121430,0.65718,no,26.09,20.62082,539,2026-06-12 18:30:06.948315+00:00,KXBTC15M-26JUN121430-30,0,20.7,9.729,2026-06-12,30.349819999999998,26.09,-4.916999999999998,KXBTC15M
KXBTC15M-26JUN121415,1.1608,no,22.1,19.669,0,2026-06-12 18:15:06.948032+00:00,KXBTC15M-26JUN121415-15,0,58.11,30.9621,2026-06-12,50.6311,22.1,-29.691900000000004,KXBTC15M
KXBTC15M-26JUN121245,0.0078,no,0.0,0.0,0,2026-06-12 16:45:06.948060+00:00,KXBTC15M-26JUN121245-45,0,0.48,0.1728,2026-06-12,0.1728,0.0,-0.1806,KXBTC15M
KXBTC15M-26JUN121230,0.0808,yes,2.55,1.6663,18,2026-06-12 16:30:06.944935+00:00,KXBTC15M-26JUN121230-30,100,2.73,1.7954,2026-06-12,3.4617,2.73,-0.8125,KXBTC15M
KXBTC15M-26JUN120415,0.0162,yes,0.0,0.0,100,2026-06-12 08:15:06.941578+00:00,KXBTC15M-26JUN120415-15,100,1.0,0.6422,2026-06-12,0.6422,1.0,0.3416,KXBTC15M
KXBTCD-26JUN1204,0.0114,yes,0.0,0.0,65,2026-06-12 08:02:47.056461+00:00,KXBTCD-26JUN1204-T62999.99,100,0.65,0.299,2026-06-12,0.299,0.65,0.3396,KXBTCD
KXBTC15M-26JUN120345,0.1733,yes,5.78,3.1236,30,2026-06-12 07:45:06.944081+00:00,KXBTC15M-26JUN120345-45,100,6.08,4.3098,2026-06-12,7.433400000000001,6.08,-1.5267000000000006,KXBTC15M
KXBTC15M-26JUN120330,0.1635,yes,6.17,3.7322,0,2026-06-12 07:30:06.943709+00:00,KXBTC15M-26JUN120330-30,100,6.17,4.5527,2026-06-12,8.2849,6.17,-2.2784000000000004,KXBTC15M
KXBTC15M-26JUN120315,0.01089,yes,0.0,0.0,211,2026-06-12 07:15:06.943699+00:00,KXBTC15M-26JUN120315-15,100,2.11,1.94331,2026-06-12,1.94331,2.11,0.15579999999999977,KXBTC15M
KXBTCD-26JUN1203,0.0325,yes,0.0,0.0,186,2026-06-12 07:08:21.034698+00:00,KXBTCD-26JUN1203-T62899.99,100,1.86,0.9672,2026-06-12,0.9672,1.86,0.8603000000000002,KXBTCD
KXBTC15M-26JUN120300,0.2128,yes,6.09,2.2689,209,2026-06-12 07:08:20.993369+00:00,KXBTC15M-26JUN120300-00,100,8.18,5.9597,2026-06-12,8.2286,8.18,-0.2614000000000004,KXBTC15M
KXBTC15M-26JUN120245,0.0123,no,0.93,0.6975,93,2026-06-12 06:45:06.945341+00:00,KXBTC15M-26JUN120245-45,0,0.0,0.0,2026-06-12,0.6975,0.93,0.22020000000000003,KXBTC15M
KXBTC15M-26JUN120230,0.0422,no,1.91,1.4325,0,2026-06-12 06:30:06.949739+00:00,KXBTC15M-26JUN120230-30,0,1.91,0.2865,2026-06-12,1.719,1.91,0.14879999999999982,KXBTC15M
KXBTC15M-26JUN120215,0.1389,no,6.2,4.4155,299,2026-06-12 06:15:06.948484+00:00,KXBTC15M-26JUN120215-15,0,3.21,2.0002,2026-06-12,6.415699999999999,6.2,-0.35459999999999914,KXBTC15M
KXBTC15M-26JUN120200,0.0487,no,2.85,1.6166,285,2026-06-12 06:00:06.942593+00:00,KXBTC15M-26JUN120200-00,0,0.0,0.0,2026-06-12,1.6166,2.85,1.1847,KXBTC15M
KXBTC15M-26JUN120145,0.0309,no,2.17,1.5568,217,2026-06-12 05:45:06.946672+00:00,KXBTC15M-26JUN120145-45,0,0.0,0.0,2026-06-12,1.5568,2.17,0.5822999999999999,KXBTC15M
KXBTC15M-26JUN120130,0.0182,yes,0.0,0.0,158,2026-06-12 05:30:06.947099+00:00,KXBTC15M-26JUN120130-30,100,1.58,1.248,2026-06-12,1.248,1.58,0.3138000000000001,KXBTC15M
KXBTC15M-26JUN120115,0.07286,no,3.16,2.87244,0,2026-06-12 05:15:06.945114+00:00,KXBTC15M-26JUN120115-15,0,3.16,1.3686,2026-06-12,4.24104,3.16,-1.1538999999999997,KXBTC15M
KXBTC15M-26JUN120100,0.0772,no,2.96,2.516,0,2026-06-12 05:00:06.950186+00:00,KXBTC15M-26JUN120100-00,0,2.96,1.4072,2026-06-12,3.9232,2.96,-1.0404,KXBTC15M
KXBTC15M-26JUN120045,0.0448,no,2.67,1.5436,267,2026-06-12 04:45:06.949675+00:00,KXBTC15M-26JUN120045-45,0,0.0,0.0,2026-06-12,1.5436,2.67,1.0816,KXBTC15M
KXBTC15M-26JUN120015,0.1895,no,8.0,4.7388,236,2026-06-12 04:15:06.953771+00:00,KXBTC15M-26JUN120015-15,0,5.64,4.4292,2026-06-12,9.168,8.0,-1.3574999999999993,KXBTC15M
KXBTCD-26JUN1200,0.0651,yes,0.0,0.0,374,2026-06-12 04:02:27.071780+00:00,KXBTCD-26JUN1200-T63399.99,100,3.74,1.7204,2026-06-12,1.7204,3.74,1.9545000000000006,KXBTCD
KXBTC15M-26JUN112345,0.4379,yes,17.32,5.3673,173,2026-06-12 03:45:06.945645+00:00,KXBTC15M-26JUN112345-45,100,19.05,15.5978,2026-06-12,20.9651,19.05,-2.352999999999999,KXBTC15M
KXBTC15M-26JUN112330,0.2386,no,9.37,6.0625,414,2026-06-12 03:30:06.994152+00:00,KXBTC15M-26JUN112330-30,0,5.23,2.2489,2026-06-12,8.311399999999999,9.37,0.8200000000000002,KXBTC15M
KXBTC15M-26JUN112315,0.24534,no,13.58,12.18256,332,2026-06-12 03:15:06.944247+00:00,KXBTC15M-26JUN112315-15,0,10.26,3.799,2026-06-12,15.98156,13.58,-2.6469,KXBTC15M
KXBTC15M-26JUN112245,0.2725,yes,7.13,2.2233,597,2026-06-12 02:45:06.947244+00:00,KXBTC15M-26JUN112245-45,100,13.1,10.0041,2026-06-12,12.2274,13.1,0.6001000000000003,KXBTC15M
KXBTC15M-26JUN112230,0.3549,no,17.92,13.8243,521,2026-06-12 02:30:06.949090+00:00,KXBTC15M-26JUN112230-30,0,12.71,3.4289,2026-06-12,17.2532,17.92,0.31190000000000206,KXBTC15M
KXBTC15M-26JUN112215,0.0825,yes,0.0,0.0,505,2026-06-12 02:15:07.159570+00:00,KXBTC15M-26JUN112215-15,100,5.05,3.1815,2026-06-12,3.1815,5.05,1.7859999999999996,KXBTC15M
KXBTC15M-26JUN112200,0.4602,yes,14.31,9.951,327,2026-06-12 02:00:06.947623+00:00,KXBTC15M-26JUN112200-00,100,17.58,12.3421,2026-06-12,22.293100000000003,17.58,-5.173300000000005,KXBTC15M
KXBTC15M-26JUN112145,1.2784,yes,36.65,22.2612,844,2026-06-12 01:45:06.945587+00:00,KXBTC15M-26JUN112145-45,100,45.09,27.7522,2026-06-12,50.0134,45.09,-6.201799999999993,KXBTC15M
KXBTC15M-26JUN112130,1.3261,no,48.64,27.2556,1465,2026-06-12 01:30:06.947771+00:00,KXBTC15M-26JUN112130-30,0,33.99,20.46,2026-06-12,47.7156,48.64,-0.4017000000000015,KXBTC15M
KXBTC15M-26JUN112115,0.3798,no,25.02,20.6327,881,2026-06-12 01:15:06.943465+00:00,KXBTC15M-26JUN112115-15,0,16.21,2.1073,2026-06-12,22.74,25.02,1.9002000000000012,KXBTC15M
KXBTC15M-26JUN112100,0.513,no,21.33,18.5571,0,2026-06-12 01:00:06.948344+00:00,KXBTC15M-26JUN112100-00,0,21.33,13.6512,2026-06-12,32.208299999999994,21.33,-11.391299999999996,KXBTC15M
KXBTC15M-26JUN112045,0.4595,yes,17.5,2.8,0,2026-06-12 00:45:06.944000+00:00,KXBTC15M-26JUN112045-45,100,17.5,10.3411,2026-06-12,13.141100000000002,17.5,3.899399999999998,KXBTC15M
KXBTC15M-26JUN112030,0.1756,no,15.64,12.4908,1564,2026-06-12 00:30:06.946134+00:00,KXBTC15M-26JUN112030-30,0,0.0,0.0,2026-06-12,12.4908,15.64,2.9736000000000002,KXBTC15M
KXBTC15M-26JUN112015,0.73956,yes,23.11,14.3579,1760,2026-06-12 00:15:06.944453+00:00,KXBTC15M-26JUN112015-15,100,40.71,33.69804,2026-06-12,48.05594,40.71,-8.0855,KXBTC15M
KXBTC15M-26JUN112000,0.9948,no,41.74,28.0832,1988,2026-06-12 00:00:06.956506+00:00,KXBTC15M-26JUN112000-00,0,21.86,9.1812,2026-06-12,37.2644,41.74,3.4808,KXBTC15M
KXBTC15M-26JUN111945,0.1877,yes,10.44,0.1566,0,2026-06-11 23:45:06.945106+00:00,KXBTC15M-26JUN111945-45,100,10.44,6.1596,2026-06-11,6.3162,10.44,3.9360999999999993,KXBTC15M
KXBTC15M-26JUN111930,1.4256,no,52.65,40.4507,0,2026-06-11 23:30:06.952124+00:00,KXBTC15M-26JUN111930-30,0,52.65,30.2248,2026-06-11,70.6755,52.65,-19.4511,KXBTC15M
KXBTC15M-26JUN111915,0.1896,no,21.23,18.0455,2123,2026-06-11 23:15:06.943930+00:00,KXBTC15M-26JUN111915-15,0,0.0,0.0,2026-06-11,18.0455,21.23,2.9949,KXBTC15M
KXBTCD-26JUN1119,0.4168,no,14.63,10.8262,0,2026-06-11 23:02:37.073220+00:00,KXBTCD-26JUN1119-T63499.99,0,14.63,10.0776,2026-06-11,20.9038,14.63,-6.6906,KXBTCD
KXBTCD-26JUN1119,0.7027,yes,27.38,11.4996,0,2026-06-11 23:02:37.073220+00:00,KXBTCD-26JUN1119-T63399.99,100,27.38,23.4468,2026-06-11,34.9464,27.38,-8.269099999999998,KXBTCD
KXBTC15M-26JUN111900,0.52994,yes,26.42,1.00396,0,2026-06-11 23:00:06.950726+00:00,KXBTC15M-26JUN111900-00,100,26.42,12.9458,2026-06-11,13.94976,26.42,11.940300000000002,KXBTC15M
KXBTC15M-26JUN111845,1.797,no,85.38,67.4578,3197,2026-06-11 22:45:06.953209+00:00,KXBTC15M-26JUN111845-45,0,53.41,32.2904,2026-06-11,99.7482,85.38,-16.165200000000002,KXBTC15M
KXBTC15M-26JUN111830,0.9975,no,45.8,42.4566,0,2026-06-11 22:30:06.996910+00:00,KXBTC15M-26JUN111830-30,0,45.8,22.8923,2026-06-11,65.3489,45.8,-20.546400000000002,KXBTC15M
KXBTC15M-26JUN111800,0.6068,no,34.89,18.8406,3489,2026-06-11 22:00:06.957005+00:00,KXBTC15M-26JUN111800-00,0,0.0,0.0,2026-06-11,18.8406,34.89,15.442600000000002,KXBTC15M
KXBTC15M-26JUN111745,0.3755,yes,0.0,0.0,2301,2026-06-11 21:45:06.960905+00:00,KXBTC15M-26JUN111745-45,100,23.01,14.4963,2026-06-11,14.4963,23.01,8.138200000000001,KXBTC15M
KXBTC15M-26JUN111730,1.115,no,64.62,52.4947,3687,2026-06-11 21:30:06.950066+00:00,KXBTC15M-26JUN111730-30,0,27.75,9.6363,2026-06-11,62.131,64.62,1.3740000000000043,KXBTC15M
KXBTC15M-26JUN111715,1.35302,yes,44.79,21.2763,4351,2026-06-11 21:15:06.946000+00:00,KXBTC15M-26JUN111715-15,100,88.3,79.00148,2026-06-11,100.27778,88.3,-13.33080000000001,KXBTC15M
KXBTC15M-26JUN111700,1.2342,yes,59.48,27.4725,0,2026-06-11 21:00:06.998457+00:00,KXBTC15M-26JUN111700-00,100,59.48,54.7216,2026-06-11,82.1941,59.48,-23.94830000000001,KXBTC15M
KXHYPE15M-26JUN111700,0.69355,no,33.47,31.31785,0,2026-06-11 21:00:06.985920+00:00,KXHYPE15M-26JUN111700-00,0,33.47,19.023,2026-06-11,50.34085,33.47,-17.564400000000003,KXHYPE15M
KXBTC15M-26JUN111645,3.4395,no,190.7,158.9925,9519,2026-06-11 20:45:06.996380+00:00,KXBTC15M-26JUN111645-45,0,95.51,47.6802,2026-06-11,206.67270000000002,190.7,-19.41220000000003,KXBTC15M
KXBTC15M-26JUN111630,0.4772,no,27.98,16.2284,2798,2026-06-11 20:35:46.994388+00:00,KXBTC15M-26JUN111630-30,0,0.0,0.0,2026-06-11,16.2284,27.98,11.2744,KXBTC15M
KXBTC15M-26JUN111615,0.6167,no,36.65,21.93,3665,2026-06-11 20:15:06.947862+00:00,KXBTC15M-26JUN111615-15,0,0.0,0.0,2026-06-11,21.93,36.65,14.103299999999999,KXBTC15M
KXBTC15M-26JUN111600,0.6857,no,20.3,11.308,0,2026-06-11 20:00:07.050628+00:00,KXBTC15M-26JUN111600-00,0,20.3,7.714,2026-06-11,19.022,20.3,0.5923000000000023,KXBTC15M
KXBTC15M-26JUN111545,0.353,yes,0.0,0.0,3201,2026-06-11 19:45:07.011043+00:00,KXBTC15M-26JUN111545-45,100,32.01,25.5677,2026-06-11,25.5677,32.01,6.0893,KXBTC15M
KXBTC15M-26JUN111530,0.1061,yes,0.0,0.0,3520,2026-06-11 19:30:06.950145+00:00,KXBTC15M-26JUN111530-30,100,35.2,33.616,2026-06-11,33.616,35.2,1.477900000000003,KXBTC15M
KXBTC15M-26JUN111515,3.97982,yes,198.51,102.4276,0,2026-06-11 19:15:06.944220+00:00,KXBTC15M-26JUN111515-15,100,198.51,174.67148,2026-06-11,277.09908,198.51,-82.56890000000003,KXBTC15M
KXBTC15M-26JUN111500,0.0323,no,0.0,0.0,0,2026-06-11 19:00:06.945403+00:00,KXBTC15M-26JUN111500-00,0,1.85,0.8721,2026-06-11,0.8721,0.0,-0.9044,KXBTC15M
KXBTC15M-26JUN111430,0.5538,no,19.76,14.7759,0,2026-06-11 18:30:06.946751+00:00,KXBTC15M-26JUN111430-30,0,19.76,9.3004,2026-06-11,24.0763,19.76,-4.870099999999998,KXBTC15M
KXBTC15M-26JUN111415,0.5179,no,20.29,14.2145,570,2026-06-11 18:15:06.946816+00:00,KXBTC15M-26JUN111415-15,0,14.59,9.6294,2026-06-11,23.843899999999998,20.29,-4.071799999999999,KXBTC15M
KXBTCD-26JUN1114,0.3454,yes,17.11,8.7261,0,2026-06-11 18:02:47.090760+00:00,KXBTCD-26JUN1114-T63399.99,100,17.11,16.4256,2026-06-11,25.151699999999998,17.11,-8.387099999999998,KXBTCD
KXBTC-26JUN1114,0.0772,yes,11.03,1.103,0,2026-06-11 18:02:47.043273+00:00,KXBTC-26JUN1114-B63450,100,11.03,10.9197,2026-06-11,12.0227,11.03,-1.069900000000001,KXBTC
KXBTC-26JUN1113,0.1543,yes,0.0,0.0,1929,2026-06-11 17:02:47.070736+00:00,KXBTC-26JUN1113-B62550,100,19.29,16.7439,2026-06-11,16.7439,19.29,2.391799999999999,KXBTC
KXBTC15M-26JUN111245,0.09791,yes,0.0,0.0,1657,2026-06-11 16:45:06.946651+00:00,KXBTC15M-26JUN111245-45,100,16.57,15.02899,2026-06-11,15.02899,16.57,1.4431,KXBTC15M
KXBTC15M-26JUN111215,0.2497,yes,0.0,0.0,1548,2026-06-11 16:15:06.951592+00:00,KXBTC15M-26JUN111215-15,100,15.48,9.9072,2026-06-11,9.9072,15.48,5.323100000000001,KXBTC15M
KXBTC15M-26JUN111200,0.1753,yes,0.0,0.0,1016,2026-06-11 16:00:06.948763+00:00,KXBTC15M-26JUN111200-00,100,10.16,5.6896,2026-06-11,5.6896,10.16,4.2951,KXBTC15M
KXBTC15M-26JUN111145,1.39189,no,195.21,189.70412,0,2026-06-11 15:45:06.946208+00:00,KXBTC15M-26JUN111145-45,0,195.21,179.39799,2026-06-11,369.10211,195.21,-175.28399999999996,KXBTC15M
KXBTC15M-26JUN111130,1.3564,no,80.73,48.438,8073,2026-06-11 15:30:06.948906+00:00,KXBTC15M-26JUN111130-30,0,0.0,0.0,2026-06-11,48.438,80.73,30.9356,KXBTC15M
KXBTC15M-26JUN111115,13.0271,no,621.16,381.3018,14671,2026-06-11 15:15:06.952544+00:00,KXBTC15M-26JUN111115-15,0,474.45,430.3624,2026-06-11,811.6641999999999,621.16,-203.53129999999996,KXBTC15M
KXBTCD-26JUN1111,1.3339,no,0.0,0.0,0,2026-06-11 15:02:27.084332+00:00,KXBTCD-26JUN1111-T62799.99,0,81.87,51.6892,2026-06-11,51.6892,0.0,-53.0231,KXBTCD
KXBTCD-26JUN1111,0.1749,no,252.34,249.8166,25234,2026-06-11 15:02:27.084332+00:00,KXBTCD-26JUN1111-T62699.99,0,0.0,0.0,2026-06-11,249.8166,252.34,2.3485000000000094,KXBTCD
KXBTC15M-26JUN110200,11.2951,no,447.86,260.7637,22438,2026-06-11 06:00:20.369734+00:00,KXBTC15M-26JUN110200-00,0,223.48,95.9464,2026-06-11,356.71009999999995,447.86,79.85480000000005,KXBTC15M
KXBTC15M-26JUN110145,3.9483,yes,128.74,62.7216,0,2026-06-11 05:45:09.168383+00:00,KXBTC15M-26JUN110145-45,100,128.74,93.9802,2026-06-11,156.7018,128.74,-31.910099999999982,KXBTC15M
KXBTC15M-26JUN110130,8.0267,no,552.62,441.283,35568,2026-06-11 05:30:15.473344+00:00,KXBTC15M-26JUN110130-30,0,196.94,165.5444,2026-06-11,606.8274,552.62,-62.234100000000005,KXBTC15M
KXBTC15M-26JUN110045,11.9991,yes,333.49,123.3913,31781,2026-06-11 04:45:04.520010+00:00,KXBTC15M-26JUN110045-45,100,651.3,536.6237,2026-06-11,660.015,651.3,-20.71410000000003,KXBTC15M
KXBTC15M-26JUN110015,3.31096,no,252.1,230.33804,13627,2026-06-11 04:15:04.581932+00:00,KXBTC15M-26JUN110015-15,0,115.83,55.5984,2026-06-11,285.93644,252.1,-37.14740000000001,KXBTC15M
KXBTCD-26JUN1100,1.5692,no,89.7,45.747,8970,2026-06-11 04:02:24.689159+00:00,KXBTCD-26JUN1100-T62699.99,0,0.0,0.0,2026-06-11,45.747,89.7,42.3838,KXBTCD
KXBTCD-26JUN1100,0.4158,yes,0.0,0.0,3354,2026-06-11 04:02:24.689159+00:00,KXBTCD-26JUN1100-T62599.99,100,33.54,25.8258,2026-06-11,25.8258,33.54,7.298399999999998,KXBTCD
KXNBAGAME-26JUN10SASNYK,2.3471,yes,0.0,0.0,13619,2026-06-11 03:36:46.193753+00:00,KXNBAGAME-26JUN10SASNYK-NYK,100,136.19,73.4246,2026-06-11,73.4246,136.19,60.4183,KXNBAGAME
KXBTCD-26JUN1023,3.6242,no,264.91,200.6965,16630,2026-06-11 03:02:34.636463+00:00,KXBTCD-26JUN1023-T62099.99,0,98.61,74.9436,2026-06-11,275.64009999999996,264.91,-14.354299999999936,KXBTCD
KXBTC15M-26JUN102245,3.3959,yes,90.03,48.4662,18000,2026-06-11 02:45:04.524113+00:00,KXBTC15M-26JUN102245-45,100,270.03,239.9352,2026-06-11,288.4014,270.03,-21.767300000000052,KXBTC15M
KXBTCD-26JUN1020,1.6291,no,101.97,66.0287,10197,2026-06-11 00:02:44.590840+00:00,KXBTCD-26JUN1020-T61499.99,0,0.0,0.0,2026-06-11,66.0287,101.97,34.3122,KXBTCD
KXBTC15M-26JUN101945,2.65261,yes,58.96,39.9402,26669,2026-06-10 23:45:04.519414+00:00,KXBTC15M-26JUN101945-45,100,325.65,296.36909,2026-06-10,336.30929000000003,325.65,-13.311900000000055,KXBTC15M
KXBTC15M-26JUN101815,1.2375,no,81.24,55.2432,8124,2026-06-10 22:15:04.518201+00:00,KXBTC15M-26JUN101815-15,0,0.0,0.0,2026-06-10,55.2432,81.24,24.759299999999993,KXBTC15M
KXBTCD-26JUN1018,3.6301,yes,55.85,37.7409,11471,2026-06-10 22:02:34.607153+00:00,KXBTCD-26JUN1018-T61199.99,100,170.56,107.4542,2026-06-10,145.1951,170.56,21.734800000000007,KXBTCD
KXBTC15M-26JUN101745,0.9926,yes,0.0,0.0,8289,2026-06-10 21:45:04.517317+00:00,KXBTC15M-26JUN101745-45,100,82.89,64.7356,2026-06-10,64.7356,82.89,17.161799999999996,KXBTC15M
KXBTC15M-26JUN101730,0.80034,yes,60.67,3.51886,0,2026-06-10 21:30:04.519063+00:00,KXBTC15M-26JUN101730-30,100,60.67,51.0195,2026-06-10,54.53836,60.67,5.331300000000004,KXBTC15M
KXBTCD-26JUN1016,1.9524,yes,0.0,0.0,11163,2026-06-10 20:02:24.662242+00:00,KXBTCD-26JUN1016-T61899.99,100,111.63,57.2176,2026-06-10,57.2176,111.63,52.46,KXBTCD
KXBTC15M-26JUN101530,0.8776,yes,0.0,0.0,5441,2026-06-10 19:30:04.567524+00:00,KXBTC15M-26JUN101530-30,100,54.41,34.8224,2026-06-10,34.8224,54.41,18.709999999999994,KXBTC15M
KXBTCD-26JUN1015,3.0118,yes,72.54,23.9636,13946,2026-06-10 19:02:34.640843+00:00,KXBTCD-26JUN1015-T61799.99,100,212.0,174.7288,2026-06-10,198.69240000000002,212.0,10.295799999999979,KXBTCD
KXBTCD-26JUN1014,0.0,yes,0.0,0.0,0,2026-06-10 18:02:24.685284+00:00,KXBTCD-26JUN1014-T61899.99,100,0.0,0.0,2026-06-10,0.0,0.0,0.0,KXBTCD
KXBTC15M-26JUN101330,1.0579,no,60.85,32.8985,6085,2026-06-10 17:30:04.516561+00:00,KXBTC15M-26JUN101330-30,0,0.0,0.0,2026-06-10,32.8985,60.85,26.893600000000003,KXBTC15M
KXBTCD-26JUN1013,2.4479,yes,57.14,34.8554,16371,2026-06-10 17:02:34.623467+00:00,KXBTCD-26JUN1013-T62099.99,100,220.85,195.1053,2026-06-10,229.9607,220.85,-11.558600000000009,KXBTCD
KXBTC15M-26JUN101245,1.5479,no,51.88,39.9476,0,2026-06-10 16:45:04.517374+00:00,KXBTC15M-26JUN101245-45,0,51.88,27.4964,2026-06-10,67.444,51.88,-17.1119,KXBTC15M
KXBTCD-26JUN1012,1.3303,no,42.51,31.0323,0,2026-06-10 16:02:34.653140+00:00,KXBTCD-26JUN1012-T62699.99,0,42.51,20.8299,2026-06-10,51.8622,42.51,-10.682500000000003,KXBTCD
KXBTCD-26JUN1012,0.8868,no,52.78,21.112,5278,2026-06-10 16:02:34.652603+00:00,KXBTCD-26JUN1012-T62599.99,0,0.0,0.0,2026-06-10,21.112,52.78,30.781200000000002,KXBTCD
KXBTC15M-26JUN101145,1.5307,yes,0.0,0.0,12254,2026-06-10 15:45:04.516443+00:00,KXBTC15M-26JUN101145-45,100,122.54,92.6549,2026-06-10,92.6549,122.54,28.35440000000001,KXBTC15M
KXBTCD-26JUN1011,0.0,yes,0.0,0.0,0,2026-06-10 15:02:34.670610+00:00,KXBTCD-26JUN1011-T61999.99,100,0.0,0.0,2026-06-10,0.0,0.0,0.0,KXBTCD
KXBTCD-26JUN1011,3.6277,yes,136.55,114.702,0,2026-06-10 15:02:34.670610+00:00,KXBTCD-26JUN1011-T61899.99,100,136.55,58.7165,2026-06-10,173.4185,136.55,-40.49619999999998,KXBTCD
KXBTCD-26JUN1011,3.1582,yes,185.66,1.8566,0,2026-06-10 15:02:34.670610+00:00,KXBTCD-26JUN1011-T61799.99,100,185.66,116.9658,2026-06-10,118.8224,185.66,63.679399999999994,KXBTCD
KXBTC15M-26JUN101045,6.5652,no,341.17,279.0769,15921,2026-06-10 14:45:04.515332+00:00,KXBTC15M-26JUN101045-45,0,181.96,110.9456,2026-06-10,390.02250000000004,341.17,-55.41770000000002,KXBTC15M
KXBTC15M-26JUN101030,7.0457,no,309.27,189.464,17578,2026-06-10 14:30:04.515196+00:00,KXBTC15M-26JUN101030-30,0,133.49,94.7779,2026-06-10,284.2419,309.27,17.982399999999995,KXBTC15M
KXBTC15M-26JUN101015,0.0,no,0.0,0.0,0,2026-06-10 14:15:04.510071+00:00,KXBTC15M-26JUN101015-15,0,0.0,0.0,2026-06-10,0.0,0.0,0.0,KXBTC15M
KXBTCD-26JUN1010,1.6291,no,94.03,51.7165,9403,2026-06-10 14:02:54.606040+00:00,KXBTCD-26JUN1010-T62099.99,0,0.0,0.0,2026-06-10,51.7165,94.03,40.6844,KXBTCD
KXBTC15M-26JUN100930,4.4794,yes,115.61,92.6441,15422,2026-06-10 13:30:04.563865+00:00,KXBTC15M-26JUN100930-30,100,269.83,210.7802,2026-06-10,303.4243,269.83,-38.07370000000003,KXBTC15M
KXBTC15M-26JUN100245,0.32438,yes,0.0,0.0,9590,2026-06-10 06:45:04.562285+00:00,KXBTC15M-26JUN100245-45,100,95.9,91.02222,2026-06-10,91.02222,95.9,4.553400000000002,KXBTC15M
KXBTC15M-26JUN100230,1.2177,no,90.41,66.9034,9041,2026-06-10 06:30:04.563640+00:00,KXBTC15M-26JUN100230-30,0,0.0,0.0,2026-06-10,66.9034,90.41,22.28889999999999,KXBTC15M
KXBTC15M-26JUN100145,0.5892,yes,0.0,0.0,10812,2026-06-10 05:45:04.560484+00:00,KXBTC15M-26JUN100145-45,100,108.12,98.9217,2026-06-10,98.9217,108.12,8.609100000000003,KXBTC15M
KXBTCD-26JUN1001,0.6023,yes,0.0,0.0,8944,2026-06-10 05:02:54.615702+00:00,KXBTCD-26JUN1001-T61199.99,100,89.44,79.796,2026-06-10,79.796,89.44,9.041699999999992,KXBTCD
KXBTC15M-26JUN100030,1.9143,no,116.31,93.8198,7745,2026-06-10 04:30:04.516786+00:00,KXBTC15M-26JUN100030-30,0,38.86,23.7046,2026-06-10,117.5244,116.31,-3.1286999999999976,KXBTC15M
KXBTCD-26JUN1000,0.742,yes,0.0,0.0,5377,2026-06-10 04:02:34.658356+00:00,KXBTCD-26JUN1000-T61499.99,100,53.77,39.2521,2026-06-10,39.2521,53.77,13.775900000000004,KXBTCD
KXBTC15M-26JUN092330,1.0395,yes,0.0,0.0,6096,2026-06-10 03:30:21.701940+00:00,KXBTC15M-26JUN092330-30,100,60.96,35.3568,2026-06-10,35.3568,60.96,24.5637,KXBTC15M
KXBTCD-26JUN0923,0.1774,no,65.09,62.45,6509,2026-06-10 03:02:44.714161+00:00,KXBTCD-26JUN0923-T61299.99,0,0.0,0.0,2026-06-10,62.45,65.09,2.4626000000000006,KXBTCD
KXBTC15M-26JUN092300,0.7695,no,50.51,34.3468,5051,2026-06-10 03:00:21.343974+00:00,KXBTC15M-26JUN092300-00,0,0.0,0.0,2026-06-10,34.3468,50.51,15.393699999999995,KXBTC15M
KXBTC15M-26JUN092130,0.455,yes,0.0,0.0,3795,2026-06-10 01:30:08.266065+00:00,KXBTC15M-26JUN092130-30,100,37.95,29.6268,2026-06-10,29.6268,37.95,7.868200000000003,KXBTC15M
KXBTC-26JUN0920,0.2703,yes,0.0,0.0,3943,2026-06-10 00:02:34.607661+00:00,KXBTC-26JUN0920-B61650,100,39.43,35.0927,2026-06-10,35.0927,39.43,4.066999999999999,KXBTC
KXBTC15M-26JUN091945,1.4933,no,85.88,39.5048,8588,2026-06-09 23:45:08.724727+00:00,KXBTC15M-26JUN091945-45,0,0.0,0.0,2026-06-09,39.5048,85.88,44.881899999999995,KXBTC15M
KXBTC15M-26JUN091930,3.11171,no,148.31,104.65199,4139,2026-06-09 23:30:07.215608+00:00,KXBTC15M-26JUN091930-30,0,106.92,87.5856,2026-06-09,192.23759,148.31,-47.03930000000001,KXBTC15M
KXBTC15M-26JUN091915,1.2484,yes,48.83,33.2044,0,2026-06-09 23:15:07.219316+00:00,KXBTC15M-26JUN091915-15,100,48.83,40.0406,2026-06-09,73.245,48.83,-25.663400000000006,KXBTC15M
KXBTC15M-26JUN091845,0.7577,yes,0.0,0.0,4443,2026-06-09 22:45:09.019703+00:00,KXBTC15M-26JUN091845-45,100,44.43,25.7694,2026-06-09,25.7694,44.43,17.9029,KXBTC15M
KXBTC15M-26JUN091815,0.797,yes,0.0,0.0,4644,2026-06-09 22:15:06.666667+00:00,KXBTC15M-26JUN091815-15,100,46.44,26.4708,2026-06-09,26.4708,46.44,19.172199999999997,KXBTC15M
KXBTC15M-26JUN091745,0.30452,yes,0.0,0.0,7592,2026-06-09 21:45:07.564101+00:00,KXBTC15M-26JUN091745-45,100,75.92,71.28888,2026-06-09,71.28888,75.92,4.326599999999996,KXBTC15M
KXBTC15M-26JUN091715,1.649,no,122.53,109.2667,7212,2026-06-09 21:15:07.617679+00:00,KXBTC15M-26JUN091715-15,0,50.41,18.6517,2026-06-09,127.9184,122.53,-7.037400000000004,KXBTC15M
KXBTC15M-26JUN091700,1.16735,yes,50.65,45.63565,0,2026-06-09 21:00:07.371720+00:00,KXBTC15M-26JUN091700-00,100,50.65,20.26,2026-06-09,65.89565,50.65,-16.413000000000004,KXBTC15M
KXBTC15M-26JUN091645,0.066,yes,0.0,0.0,9405,2026-06-09 20:45:07.366498+00:00,KXBTC15M-26JUN091645-45,100,94.05,93.0995,2026-06-09,93.0995,94.05,0.884499999999991,KXBTC15M
KXBTCD-26JUN0916,0.5893,yes,0.0,0.0,4271,2026-06-09 20:02:34.771627+00:00,KXBTCD-26JUN0916-T61999.99,100,42.71,31.1783,2026-06-09,31.1783,42.71,10.942400000000001,KXBTCD
KXBTC15M-26JUN091545,0.6055,yes,0.0,0.0,3465,2026-06-09 19:45:07.767984+00:00,KXBTC15M-26JUN091545-45,100,34.65,16.632,2026-06-09,16.632,34.65,17.412499999999998,KXBTC15M
KXBTC15M-26JUN091515,0.9295,no,56.96,35.8848,5696,2026-06-09 19:15:08.020127+00:00,KXBTC15M-26JUN091515-15,0,0.0,0.0,2026-06-09,35.8848,56.96,20.1457,KXBTC15M
KXBTCD-26JUN0915,0.0,yes,0.0,0.0,0,2026-06-09 19:02:44.641894+00:00,KXBTCD-26JUN0915-T61699.99,100,0.0,0.0,2026-06-09,0.0,0.0,0.0,KXBTCD
KXBTC15M-26JUN091445,1.9299,no,102.93,86.6388,4665,2026-06-09 18:45:08.819670+00:00,KXBTC15M-26JUN091445-45,0,56.28,25.8888,2026-06-09,112.5276,102.93,-11.5275,KXBTC15M
KXBTC15M-26JUN091430,1.0258,no,43.47,33.4719,0,2026-06-09 18:30:07.616468+00:00,KXBTC15M-26JUN091430-30,0,43.47,34.776,2026-06-09,68.2479,43.47,-25.803700000000003,KXBTC15M
KXBTC15M-26JUN091415,0.5937,yes,0.0,0.0,3442,2026-06-09 18:15:06.415545+00:00,KXBTC15M-26JUN091415-15,100,34.42,19.2752,2026-06-09,19.2752,34.42,14.5511,KXBTC15M
KXBTC15M-26JUN091400,0.7139,no,47.67,32.8923,4767,2026-06-09 18:00:05.813952+00:00,KXBTC15M-26JUN091400-00,0,0.0,0.0,2026-06-09,32.8923,47.67,14.063800000000002,KXBTC15M
KXBTC15M-26JUN091345,1.1712,no,79.96,63.7435,5546,2026-06-09 17:45:07.417810+00:00,KXBTC15M-26JUN091345-45,0,24.5,19.11,2026-06-09,82.8535,79.96,-4.064700000000003,KXBTC15M
KXBTC15M-26JUN091330,0.3472,yes,0.0,0.0,5955,2026-06-09 17:30:07.167922+00:00,KXBTC15M-26JUN091330-30,100,59.55,54.0905,2026-06-09,54.0905,59.55,5.1122999999999985,KXBTC15M
KXBTC15M-26JUN091315,0.5097,yes,0.0,0.0,3404,2026-06-09 17:15:06.423074+00:00,KXBTC15M-26JUN091315-15,100,34.04,23.4876,2026-06-09,23.4876,34.04,10.042699999999998,KXBTC15M
KXBTC15M-26JUN091245,0.2535,yes,0.0,0.0,2353,2026-06-09 16:45:08.961991+00:00,KXBTC15M-26JUN091245-45,100,23.53,19.0593,2026-06-09,19.0593,23.53,4.217200000000001,KXBTC15M
KXBTCD-26JUN0912,1.3043,yes,28.63,15.4602,2335,2026-06-09 16:04:24.649222+00:00,KXBTCD-26JUN0912-T61099.99,100,51.98,27.9777,2026-06-09,43.4379,51.98,7.237799999999998,KXBTCD
KXBTC15M-26JUN091200,0.2793,no,16.93,10.4966,1693,2026-06-09 16:00:06.161355+00:00,KXBTC15M-26JUN091200-00,0,0.0,0.0,2026-06-09,10.4966,16.93,6.154099999999999,KXBTC15M
KXBTC15M-26JUN091145,2.16524,yes,146.75,34.2894,0,2026-06-09 15:45:07.170827+00:00,KXBTC15M-26JUN091145-45,100,146.75,138.78906,2026-06-09,173.07846,146.75,-28.493700000000008,KXBTC15M
KXBTC15M-26JUN091115,0.1648,yes,0.0,0.0,5478,2026-06-09 15:15:14.512505+00:00,KXBTC15M-26JUN091115-15,100,54.78,52.3149,2026-06-09,52.3149,54.78,2.3002999999999996,KXBTC15M
KXBTC15M-26JUN091000,0.4329,no,32.98,24.735,3298,2026-06-09 14:00:04.269803+00:00,KXBTC15M-26JUN091000-00,0,0.0,0.0,2026-06-09,24.735,32.98,7.812099999999997,KXBTC15M
KXBTC15M-26JUN090215,1.2233,yes,26.49,9.8013,4433,2026-06-09 06:15:05.650606+00:00,KXBTC15M-26JUN090215-15,100,70.82,56.31,2026-06-09,66.1113,70.82,3.485399999999993,KXBTC15M
KXBTCD-26JUN0902,0.5537,yes,0.0,0.0,3169,2026-06-09 06:02:44.662482+00:00,KXBTCD-26JUN0902-T63299.99,100,31.69,16.4788,2026-06-09,16.4788,31.69,14.657500000000002,KXBTCD
KXBTC15M-26JUN090130,0.2638,yes,0.0,0.0,2033,2026-06-09 05:30:04.559389+00:00,KXBTC15M-26JUN090130-30,100,20.33,15.3302,2026-06-09,15.3302,20.33,4.735999999999999,KXBTC15M
KXBTC15M-26JUN090115,1.32898,no,79.71,76.68102,0,2026-06-09 05:15:04.596138+00:00,KXBTC15M-26JUN090115-15,0,79.71,57.3912,2026-06-09,134.07222000000002,79.71,-55.69120000000002,KXBTC15M
KXBTC15M-26JUN090100,0.9403,yes,0.0,0.0,7828,2026-06-09 05:00:04.581418+00:00,KXBTC15M-26JUN090100-00,100,78.28,61.0584,2026-06-09,61.0584,78.28,16.2813,KXBTC15M
KXBTC15M-26JUN090015,0.5484,yes,0.0,0.0,6144,2026-06-09 04:15:04.587197+00:00,KXBTC15M-26JUN090015-15,100,61.44,52.224,2026-06-09,52.224,61.44,8.6676,KXBTC15M
KXBTC15M-26JUN090000,1.9745,yes,61.01,49.9265,5335,2026-06-09 04:00:04.569868+00:00,KXBTC15M-26JUN090000-00,100,114.36,89.6577,2026-06-09,139.5842,114.36,-27.19870000000001,KXBTC15M
KXBTC15M-26JUN082345,0.14905,no,50.35,48.10385,5035,2026-06-09 03:45:04.589568+00:00,KXBTC15M-26JUN082345-45,0,0.0,0.0,2026-06-09,48.10385,50.35,2.0971,KXBTC15M
KXBTC15M-26JUN082015,0.13564,no,37.91,35.86286,3791,2026-06-09 00:15:04.518062+00:00,KXBTC15M-26JUN082015-15,0,0.0,0.0,2026-06-09,35.86286,37.91,1.9114999999999989,KXBTC15M
KXBTCD-26JUN0820,0.4098,no,24.39,14.634,2439,2026-06-09 00:02:54.604156+00:00,KXBTCD-26JUN0820-T63099.99,0,0.0,0.0,2026-06-09,14.634,24.39,9.3462,KXBTCD
KXBTC15M-26JUN081945,1.302,no,91.17,77.4243,6000,2026-06-08 23:45:04.515796+00:00,KXBTC15M-26JUN081945-45,0,31.17,20.2605,2026-06-08,97.6848,91.17,-7.8167999999999935,KXBTC15M
KXBTC15M-26JUN081730,0.5036,no,43.35,34.2465,4335,2026-06-08 21:30:04.514602+00:00,KXBTC15M-26JUN081730-30,0,0.0,0.0,2026-06-08,34.2465,43.35,8.599900000000003,KXBTC15M
KXBTCD-26JUN0816,0.5297,no,45.61,36.0319,4561,2026-06-08 20:02:34.594707+00:00,KXBTCD-26JUN0816-T63399.99,0,0.0,0.0,2026-06-08,36.0319,45.61,9.048399999999999,KXBTCD
KXBTC15M-26JUN081545,5.128,no,200.29,137.4858,5227,2026-06-08 19:45:04.516901+00:00,KXBTC15M-26JUN081545-45,0,148.02,63.3339,2026-06-08,200.8197,200.29,-5.65770000000002,KXBTC15M
KXBTC15M-26JUN081530,3.4813,yes,100.09,58.2927,6302,2026-06-08 19:30:04.513454+00:00,KXBTC15M-26JUN081530-30,100,163.11,130.8431,2026-06-08,189.1358,163.11,-29.507099999999976,KXBTC15M
KXBTC15M-26JUN081515,0.62448,no,28.52,25.83912,0,2026-06-08 19:15:04.518295+00:00,KXBTC15M-26JUN081515-15,0,28.52,18.538,2026-06-08,44.377120000000005,28.52,-16.481600000000004,KXBTC15M
KXBTC15M-26JUN081415,0.6495,yes,0.0,0.0,3717,2026-06-08 18:15:04.517654+00:00,KXBTC15M-26JUN081415-15,100,37.17,19.3284,2026-06-08,19.3284,37.17,17.192100000000003,KXBTC15M
KXBTC15M-26JUN081045,0.3428,yes,0.0,0.0,3060,2026-06-08 14:45:04.412376+00:00,KXBTC15M-26JUN081045-45,100,30.6,24.48,2026-06-08,24.48,30.6,5.777200000000001,KXBTC15M
KXBTC15M-26JUN081030,0.4718,no,45.87,37.351,4587,2026-06-08 14:30:04.459550+00:00,KXBTC15M-26JUN081030-30,0,0.0,0.0,2026-06-08,37.351,45.87,8.047199999999998,KXBTC15M
KXBTC15M-26JUN081015,1.41086,yes,37.76,9.0624,7632,2026-06-08 14:15:04.460654+00:00,KXBTC15M-26JUN081015-15,100,114.08,97.17664,2026-06-08,106.23904,114.08,6.430099999999996,KXBTC15M
KXBTC15M-26JUN080030,0.18626,no,31.52,28.58864,3152,2026-06-08 04:30:04.467433+00:00,KXBTC15M-26JUN080030-30,0,0.0,0.0,2026-06-08,28.58864,31.52,2.745099999999998,KXBTC15M
KXBTC15M-26JUN072345,2.0963,no,100.5,63.0826,6807,2026-06-08 03:45:04.494277+00:00,KXBTC15M-26JUN072345-45,0,32.43,23.0253,2026-06-08,86.1079,100.5,12.2958,KXBTC15M
KXBTC15M-26JUN071830,0.26928,yes,0.0,0.0,5570,2026-06-07 22:30:04.468513+00:00,KXBTC15M-26JUN071830-30,100,55.7,51.54812,2026-06-07,51.54812,55.7,3.8826000000000054,KXBTC15M
KXBTCD-26JUN0707,0.4168,no,32.64,24.8064,3264,2026-06-07 11:02:44.525519+00:00,KXBTCD-26JUN0707-T62399.99,0,0.0,0.0,2026-06-07,24.8064,32.64,7.4168,KXBTCD
KXBTCD-26JUN0703,0.2208,yes,46.72,1.4016,0,2026-06-07 07:09:21.930599+00:00,KXBTCD-26JUN0703-T62099.99,100,46.72,44.8512,2026-06-07,46.2528,46.72,0.2463999999999983,KXBTCD
KXBTC15M-26JUN061345,0.1795,yes,0.0,0.0,1405,2026-06-06 17:45:04.461460+00:00,KXBTC15M-26JUN061345-45,100,14.05,10.678,2026-06-06,10.678,14.05,3.1925,KXBTC15M
KXBTCD-26JUN0606,0.5457,no,61.14,51.969,6114,2026-06-06 10:03:14.564293+00:00,KXBTCD-26JUN0606-T60999.99,0,0.0,0.0,2026-06-06,51.969,61.14,8.6253,KXBTCD
KXBTC15M-26JUN060515,0.2603,no,17.97,12.5631,1797,2026-06-06 09:15:04.458074+00:00,KXBTC15M-26JUN060515-15,0,0.0,0.0,2026-06-06,12.5631,17.97,5.1465999999999985,KXBTC15M
KXBTC15M-26JUN060500,1.1982,no,72.45,52.1295,4707,2026-06-06 09:00:04.457520+00:00,KXBTC15M-26JUN060500-00,0,25.38,21.573,2026-06-06,73.7025,72.45,-2.4506999999999977,KXBTC15M
KXBTC15M-26JUN060245,0.1831,no,12.38,8.4146,1238,2026-06-06 06:45:04.458605+00:00,KXBTC15M-26JUN060245-45,0,0.0,0.0,2026-06-06,8.4146,12.38,3.7823000000000007,KXBTC15M
KXBTC15M-26JUN051715,0.3041,yes,0.0,0.0,2618,2026-06-05 21:15:04.462968+00:00,KXBTC15M-26JUN051715-15,100,26.18,20.6822,2026-06-05,20.6822,26.18,5.193699999999998,KXBTC15M
KXBTC15M-26JUN051630,0.1024,yes,0.0,0.0,1147,2026-06-05 20:30:04.461455+00:00,KXBTC15M-26JUN051630-30,100,11.47,9.7495,2026-06-05,9.7495,11.47,1.6181000000000012,KXBTC15M
KXBTC15M-26JUN051515,0.2189,no,13.27,8.2274,1327,2026-06-05 19:15:04.463242+00:00,KXBTC15M-26JUN051515-15,0,0.0,0.0,2026-06-05,8.2274,13.27,4.8237000000000005,KXBTC15M
KXBTC15M-26JUN051400,0.2793,no,34.98,30.3854,3498,2026-06-05 18:00:04.459044+00:00,KXBTC15M-26JUN051400-00,0,0.0,0.0,2026-06-05,30.3854,34.98,4.315299999999996,KXBTC15M
KXBTC15M-26JUN051245,0.09332,no,30.78,29.48724,0,2026-06-05 16:45:04.413901+00:00,KXBTC15M-26JUN051245-45,0,30.78,0.09234,2026-06-05,29.57958,30.78,1.107100000000001,KXBTC15M
KXBTCD-26JUN0512,0.3025,no,19.54,13.0918,1954,2026-06-05 16:03:34.493149+00:00,KXBTCD-26JUN0512-T60499.99,0,0.0,0.0,2026-06-05,13.0918,19.54,6.1457,KXBTCD
KXBTCD-26JUN0511,0.2298,yes,0.0,0.0,1339,2026-06-05 15:16:24.548373+00:00,KXBTCD-26JUN0511-T60799.99,100,13.39,5.7577,2026-06-05,5.7577,13.39,7.402500000000001,KXBTCD
KXBTC15M-26JUN050530,0.1194,yes,0.0,0.0,706,2026-06-05 09:30:04.453467+00:00,KXBTC15M-26JUN050530-30,100,7.06,3.9972,2026-06-05,3.9972,7.06,2.9433999999999996,KXBTC15M
KXBTCD-26JUN0505,0.4621,yes,11.05,6.188,809,2026-06-05 09:03:04.576673+00:00,KXBTCD-26JUN0505-T62399.99,100,19.14,13.7295,2026-06-05,19.9175,19.14,-1.2395999999999998,KXBTCD
KXBTCD-26JUN0504,0.2511,yes,0.0,0.0,1437,2026-06-05 08:03:04.529546+00:00,KXBTCD-26JUN0504-T62899.99,100,14.37,6.8976,2026-06-05,6.8976,14.37,7.221299999999999,KXBTCD
KXBTC15M-26JUN050400,0.0999,yes,3.09,0.9579,0,2026-06-05 08:00:04.453055+00:00,KXBTC15M-26JUN050400-00,100,3.09,1.6995,2026-06-05,2.6574,3.09,0.3326999999999999,KXBTC15M
KXBTCD-26JUN0503,0.018,no,2.27,1.9749,227,2026-06-05 07:08:19.592306+00:00,KXBTCD-26JUN0503-T61899.99,0,0.0,0.0,2026-06-05,1.9749,2.27,0.2770999999999999,KXBTCD
KXBTC15M-26JUN050300,0.0655,no,4.54,3.2234,454,2026-06-05 07:00:04.458066+00:00,KXBTC15M-26JUN050300-00,0,0.0,0.0,2026-06-05,3.2234,4.54,1.2511,KXBTC15M
KXBTC15M-26JUN050245,0.0515,yes,0.0,0.0,521,2026-06-05 06:45:04.407013+00:00,KXBTC15M-26JUN050245-45,100,5.21,4.3243,2026-06-05,4.3243,5.21,0.8341999999999999,KXBTC15M
KXBTC15M-26JUN050230,0.0534,no,3.45,2.3115,345,2026-06-05 06:30:04.459129+00:00,KXBTC15M-26JUN050230-30,0,0.0,0.0,2026-06-05,2.3115,3.45,1.0851000000000002,KXBTC15M
KXBTC15M-26JUN050215,0.3749,no,15.65,9.9207,307,2026-06-05 06:15:04.458463+00:00,KXBTC15M-26JUN050215-15,0,12.58,10.3918,2026-06-05,20.3125,15.65,-5.0374,KXBTC15M
KXBTC15M-26JUN050200,0.7151,no,28.6,21.2259,838,2026-06-05 06:00:04.455752+00:00,KXBTC15M-26JUN050200-00,0,20.22,12.3965,2026-06-05,33.6224,28.6,-5.737499999999997,KXBTC15M
KXBTC15M-26JUN050145,0.053,no,4.15,3.154,415,2026-06-05 05:45:04.462129+00:00,KXBTC15M-26JUN050145-45,0,0.0,0.0,2026-06-05,3.154,4.15,0.9430000000000004,KXBTC15M
KXBTC15M-26JUN050130,0.3805,yes,7.18,4.3256,1015,2026-06-05 05:30:14.457135+00:00,KXBTC15M-26JUN050130-30,100,17.33,11.8838,2026-06-05,16.209400000000002,17.33,0.740099999999996,KXBTC15M
KXBTC15M-26JUN050115,0.1027,no,8.46,6.5504,846,2026-06-05 05:15:04.455723+00:00,KXBTC15M-26JUN050115-15,0,0.0,0.0,2026-06-05,6.5504,8.46,1.806900000000001,KXBTC15M
KXBTCD-26JUN0501,0.1727,yes,8.36,6.1028,0,2026-06-05 05:02:54.538395+00:00,KXBTCD-26JUN0501-T63199.99,100,8.36,7.4404,2026-06-05,13.5432,8.36,-5.355900000000001,KXBTCD
KXBTCD-26JUN0501,0.0549,yes,0.0,0.0,1065,2026-06-05 05:02:54.537891+00:00,KXBTCD-26JUN0501-T63499.99,100,10.65,9.798,2026-06-05,9.798,10.65,0.7971000000000004,KXBTCD
KXBTC15M-26JUN050045,0.0907,no,6.19,4.1802,619,2026-06-05 04:45:04.461840+00:00,KXBTC15M-26JUN050045-45,0,0.0,0.0,2026-06-05,4.1802,6.19,1.9191000000000003,KXBTC15M
KXHYPE15M-26JUN050030,0.04304,yes,0.0,0.0,1316,2026-06-05 04:30:04.460038+00:00,KXHYPE15M-26JUN050030-30,100,13.16,12.51516,2026-06-05,12.51516,13.16,0.6018000000000003,KXHYPE15M
KXBTC15M-26JUN050030,0.4389,yes,20.15,13.5005,0,2026-06-05 04:30:04.459545+00:00,KXBTC15M-26JUN050030-30,100,20.15,18.135,2026-06-05,31.6355,20.15,-11.924400000000002,KXBTC15M
KXBTC15M-26JUN050015,1.20047,yes,64.48,31.8273,2457,2026-06-05 04:15:04.458436+00:00,KXBTC15M-26JUN050015-15,100,89.05,82.76753,2026-06-05,114.59483,89.05,-26.745300000000004,KXBTC15M
KXBTCD-26JUN0500,0.2222,no,20.62,16.7022,2062,2026-06-05 04:03:04.660268+00:00,KXBTCD-26JUN0500-T62699.99,0,0.0,0.0,2026-06-05,16.7022,20.62,3.6955999999999998,KXBTCD
KXBTC15M-26JUN042345,0.13315,yes,0.0,0.0,2675,2026-06-05 03:45:04.411651+00:00,KXBTC15M-26JUN042345-45,100,26.75,24.69025,2026-06-05,24.69025,26.75,1.926600000000001,KXBTC15M
KXBTC15M-26JUN041315,0.23256,yes,0.0,0.0,4508,2026-06-04 17:15:08.157217+00:00,KXBTC15M-26JUN041315-15,100,45.08,41.47174,2026-06-04,41.47174,45.08,3.3757000000000015,KXBTC15M
KXBTC15M-26JUN032000,0.3387,no,21.88,14.6596,2188,2026-06-04 00:00:06.474069+00:00,KXBTC15M-26JUN032000-00,0,0.0,0.0,2026-06-04,14.6596,21.88,6.8816999999999995,KXBTC15M
KXBTC15M-26JUN031945,0.11342,no,35.44,33.73888,3544,2026-06-03 23:45:06.475014+00:00,KXBTC15M-26JUN031945-45,0,0.0,0.0,2026-06-03,33.73888,35.44,1.587699999999996,KXBTC15M
KXBTC15M-26JUN031930,0.3267,no,23.67,17.2791,2367,2026-06-03 23:30:06.470264+00:00,KXBTC15M-26JUN031930-30,0,0.0,0.0,2026-06-03,17.2791,23.67,6.064200000000002,KXBTC15M
KXBTC15M-26JUN031915,0.3434,no,38.91,35.8942,2735,2026-06-03 23:15:06.474730+00:00,KXBTC15M-26JUN031915-15,0,11.56,2.9049,2026-06-03,38.799099999999996,38.91,-0.2324999999999991,KXBTC15M
KXBTC15M-26JUN031900,0.99756,no,63.39,56.07604,2806,2026-06-03 23:00:06.475622+00:00,KXBTC15M-26JUN031900-00,0,35.33,12.0122,2026-06-03,68.08824,63.39,-5.695799999999998,KXBTC15M
KXBTC15M-26JUN031845,1.6345,no,65.04,40.4793,3093,2026-06-03 22:45:06.474176+00:00,KXBTC15M-26JUN031845-45,0,34.11,17.2731,2026-06-03,57.7524,65.04,5.653100000000005,KXBTC15M
KXBTC15M-26JUN031830,0.0811,no,10.1,8.7595,1010,2026-06-03 22:30:06.471263+00:00,KXBTC15M-26JUN031830-30,0,0.0,0.0,2026-06-03,8.7595,10.1,1.2594000000000005,KXBTC15M
KXBTC15M-26JUN031730,0.1146,yes,0.0,0.0,1671,2026-06-03 21:30:06.419176+00:00,KXBTC15M-26JUN031730-30,100,16.71,14.8719,2026-06-03,14.8719,16.71,1.7235000000000007,KXBTC15M
KXBTCD-26JUN0317,0.0,no,0.0,0.0,0,2026-06-03 21:02:56.597745+00:00,KXBTCD-26JUN0317-T64999.99,0,0.0,0.0,2026-06-03,0.0,0.0,0.0,KXBTCD
KXBTCD-26JUN0317,0.1191,yes,0.0,0.0,907,2026-06-03 21:02:56.597034+00:00,KXBTCD-26JUN0317-T64749.99,100,9.07,6.8025,2026-06-03,6.8025,9.07,2.1484,KXBTCD
KXBTC15M-26JUN031630,0.548,no,26.16,16.1016,1543,2026-06-03 20:30:06.535992+00:00,KXBTC15M-26JUN031630-30,0,10.73,5.7942,2026-06-03,21.8958,26.16,3.716199999999999,KXBTC15M
KXBTC15M-26JUN031615,0.59248,yes,16.65,12.3764,1918,2026-06-03 20:15:06.473352+00:00,KXBTC15M-26JUN031615-15,100,35.83,26.23912,2026-06-03,38.615520000000004,35.83,-3.3780000000000054,KXBTC15M
KXBTCD-26JUN0316,0.1456,yes,0.0,0.0,1109,2026-06-03 20:03:16.556866+00:00,KXBTCD-26JUN0316-T65299.99,100,11.09,8.3175,2026-06-03,8.3175,11.09,2.626899999999999,KXBTCD
KXBTC15M-26JUN031530,0.0036,no,0.0,0.0,0,2026-06-03 19:30:06.418494+00:00,KXBTC15M-26JUN031530-30,0,0.23,0.1541,2026-06-03,0.1541,0.0,-0.15769999999999998,KXBTC15M
KXBTC15M-26JUN031515,0.0179,no,0.66,0.4802,16,2026-06-03 19:15:06.469448+00:00,KXBTC15M-26JUN031515-15,0,0.5,0.23,2026-06-03,0.7102,0.66,-0.06810000000000002,KXBTC15M
KXBTC15M-26JUN031500,0.0801,no,2.87,1.6165,0,2026-06-03 19:00:06.475013+00:00,KXBTC15M-26JUN031500-00,0,2.87,1.8737,2026-06-03,3.4901999999999997,2.87,-0.7002999999999997,KXBTC15M
KXBTC15M-26JUN031445,0.1124,yes,3.06,2.143,94,2026-06-03 18:45:04.774713+00:00,KXBTC15M-26JUN031445-45,100,4.0,2.2132,2026-06-03,4.356199999999999,4.0,-0.4685999999999994,KXBTC15M
KXBTC15M-26JUN031430,0.0219,no,1.41,0.9447,141,2026-06-03 18:30:04.772130+00:00,KXBTC15M-26JUN031430-30,0,0.0,0.0,2026-06-03,0.9447,1.41,0.44339999999999996,KXBTC15M
KXBTC15M-26JUN031415,0.2373,no,11.74,10.6792,0,2026-06-03 18:15:04.771777+00:00,KXBTC15M-26JUN031415-15,0,11.74,8.1837,2026-06-03,18.8629,11.74,-7.3602,KXBTC15M
KXBTC15M-26JUN031345,0.0498,yes,0.0,0.0,731,2026-06-03 17:45:04.774528+00:00,KXBTC15M-26JUN031345-45,100,7.31,6.5109,2026-06-03,6.5109,7.31,0.7492999999999993,KXBTC15M
KXBTC15M-26JUN031330,0.0494,yes,0.0,0.0,458,2026-06-03 17:30:04.774080+00:00,KXBTC15M-26JUN031330-30,100,4.58,3.7098,2026-06-03,3.7098,4.58,0.8208000000000001,KXBTC15M
KXBTC15M-26JUN031300,0.0841,yes,0.0,0.0,526,2026-06-03 17:02:15.376048+00:00,KXBTC15M-26JUN031300-00,100,5.26,3.1467,2026-06-03,3.1467,5.26,2.0292,KXBTC15M
KXBTC15M-26JUN031245,0.0512,yes,0.0,0.0,372,2026-06-03 16:45:04.776186+00:00,KXBTC15M-26JUN031245-45,100,3.72,2.7086,2026-06-03,2.7086,3.72,0.9602,KXBTC15M
KXBTC15M-26JUN031230,0.0239,no,1.77,1.3098,177,2026-06-03 16:30:04.769336+00:00,KXBTC15M-26JUN031230-30,0,0.0,0.0,2026-06-03,1.3098,1.77,0.43629999999999997,KXBTC15M
KXBTC15M-26JUN031215,0.6622,yes,26.52,18.2624,0,2026-06-03 16:15:04.775375+00:00,KXBTC15M-26JUN031215-15,100,26.52,21.4528,2026-06-03,39.715199999999996,26.52,-13.857399999999997,KXBTC15M
KXBTC15M-26JUN031200,0.17566,no,17.16,13.94244,1716,2026-06-03 16:00:04.767739+00:00,KXBTC15M-26JUN031200-00,0,0.0,0.0,2026-06-03,13.94244,17.16,3.0419000000000005,KXBTC15M
KXBTC15M-26JUN030545,0.0938,no,7.14,5.355,714,2026-06-03 09:45:04.765855+00:00,KXBTC15M-26JUN030545-45,0,0.0,0.0,2026-06-03,5.355,7.14,1.6911999999999994,KXBTC15M
KXBTC15M-26JUN030530,0.1108,no,5.08,3.9116,0,2026-06-03 09:30:04.768549+00:00,KXBTC15M-26JUN030530-30,0,5.08,0.8128,2026-06-03,4.7244,5.08,0.2447999999999999,KXBTC15M
KXETH15M-26JUN030530,0.13432,no,13.22,11.99728,0,2026-06-03 09:30:04.763195+00:00,KXETH15M-26JUN030530-30,0,13.22,0.8593,2026-06-03,12.85658,13.22,0.2291000000000014,KXETH15M
KXBTC15M-26JUN030515,0.882,no,38.15,24.0315,1198,2026-06-03 09:15:04.767143+00:00,KXBTC15M-26JUN030515-15,0,26.17,21.5392,2026-06-03,45.5707,38.15,-8.302700000000003,KXBTC15M
KXETH15M-26JUN030500,0.0139,yes,0.0,0.0,1009,2026-06-03 09:00:04.767533+00:00,KXETH15M-26JUN030500-00,100,10.09,9.8882,2026-06-03,9.8882,10.09,0.18790000000000043,KXETH15M
KXBTC15M-26JUN030500,0.1626,no,20.09,17.6792,0,2026-06-03 09:00:04.766929+00:00,KXBTC15M-26JUN030500-00,0,20.09,0.2009,2026-06-03,17.880100000000002,20.09,2.0472999999999977,KXBTC15M
KXBTC15M-26JUN030445,1.1097,yes,30.39,22.5355,1805,2026-06-03 08:45:04.768216+00:00,KXBTC15M-26JUN030445-45,100,48.44,27.5162,2026-06-03,50.0517,48.44,-2.721399999999999,KXBTC15M
KXBTC15M-26JUN030430,0.1795,no,10.77,6.5697,1077,2026-06-03 08:30:04.769570+00:00,KXBTC15M-26JUN030430-30,0,0.0,0.0,2026-06-03,6.5697,10.77,4.0207999999999995,KXBTC15M
KXBTC15M-26JUN030415,0.1859,no,11.74,7.4729,1174,2026-06-03 08:15:04.767645+00:00,KXBTC15M-26JUN030415-15,0,0.0,0.0,2026-06-03,7.4729,11.74,4.0812,KXBTC15M
KXBTCD-26JUN0304,0.6094,no,19.56,14.1765,0,2026-06-03 08:04:14.832099+00:00,KXBTCD-26JUN0304-T67199.99,0,19.56,11.0649,2026-06-03,25.2414,19.56,-6.2908,KXBTCD
KXBTC15M-26JUN030400,0.1214,yes,0.0,0.0,1266,2026-06-03 08:00:04.771027+00:00,KXBTC15M-26JUN030400-00,100,12.66,10.5902,2026-06-03,10.5902,12.66,1.9484000000000008,KXBTC15M
KXBTC15M-26JUN030345,2.60945,no,116.77,91.51985,1660,2026-06-03 07:45:05.419665+00:00,KXBTC15M-26JUN030345-45,0,100.17,56.8302,2026-06-03,148.35005,116.77,-34.18950000000002,KXBTC15M
KXBTC15M-26JUN030330,0.2228,yes,0.0,0.0,3013,2026-06-03 07:30:04.768651+00:00,KXBTC15M-26JUN030330-30,100,30.13,26.5144,2026-06-03,26.5144,30.13,3.3928000000000007,KXBTC15M
KXBTC15M-26JUN030315,1.3932,yes,31.72,14.5912,4780,2026-06-03 07:15:04.771855+00:00,KXBTC15M-26JUN030315-15,100,79.52,64.2065,2026-06-03,78.7977,79.52,-0.67090000000001,KXBTC15M
KXBTCD-26JUN0303,0.2022,no,18.53,14.9493,1853,2026-06-03 07:08:12.955402+00:00,KXBTCD-26JUN0303-T66999.99,0,0.0,0.0,2026-06-03,14.9493,18.53,3.378500000000002,KXBTCD
KXBTC15M-26JUN030300,0.3339,no,29.81,23.848,2981,2026-06-03 07:00:04.766373+00:00,KXBTC15M-26JUN030300-00,0,0.0,0.0,2026-06-03,23.848,29.81,5.6281,KXBTC15M
KXBTC15M-26JUN030245,0.13675,yes,6.65,3.0155,0,2026-06-03 06:45:04.772391+00:00,KXBTC15M-26JUN030245-45,100,6.65,6.12465,2026-06-03,9.14015,6.65,-2.6269,KXBTC15M
KXBTC15M-26JUN030230,0.2683,yes,0.0,0.0,1705,2026-06-03 06:30:04.769631+00:00,KXBTC15M-26JUN030230-30,100,17.05,11.1879,2026-06-03,11.1879,17.05,5.5938,KXBTC15M
KXETH15M-26JUN030215,2.0876,yes,72.19,35.5187,1805,2026-06-03 06:15:04.763231+00:00,KXETH15M-26JUN030215-15,100,90.24,74.4615,2026-06-03,109.9802,90.24,-21.827800000000003,KXETH15M
KXBTC15M-26JUN030200,0.2991,yes,0.0,0.0,1833,2026-06-03 06:00:04.769549+00:00,KXBTC15M-26JUN030200-00,100,18.33,11.5479,2026-06-03,11.5479,18.33,6.482999999999998,KXBTC15M
KXBTC15M-26JUN030130,1.942,no,95.72,72.8806,5183,2026-06-03 05:46:55.547942+00:00,KXBTC15M-26JUN030130-30,0,43.89,24.9003,2026-06-03,97.7809,95.72,-4.002900000000004,KXBTC15M
KXBTC15M-26JUN030100,0.8779,yes,76.72,15.47132,0,2026-06-03 05:00:06.022101+00:00,KXBTC15M-26JUN030100-00,100,76.72,68.64928,2026-06-03,84.12060000000001,76.72,-8.278500000000012,KXBTC15M
KXBTC15M-26JUN022345,2.4138,no,109.87,77.6934,6266,2026-06-03 03:45:05.972751+00:00,KXBTC15M-26JUN022345-45,0,47.21,22.5998,2026-06-03,100.2932,109.87,7.163000000000006,KXBTC15M
KXBTC15M-26JUN022330,0.13056,no,56.74,54.81084,5674,2026-06-03 03:30:05.929434+00:00,KXBTC15M-26JUN022330-30,0,0.0,0.0,2026-06-03,54.81084,56.74,1.798600000000003,KXBTC15M
KXBTC15M-26JUN022300,0.2782,no,20.16,14.7168,2016,2026-06-03 03:00:06.002074+00:00,KXBTC15M-26JUN022300-00,0,0.0,0.0,2026-06-03,14.7168,20.16,5.165000000000001,KXBTC15M
KXBTC15M-26JUN022015,0.0212,yes,1.89,1.512,0,2026-06-03 00:15:05.977290+00:00,KXBTC15M-26JUN022015-15,100,0.0,0.0,2026-06-03,1.512,0.0,-1.5332000000000001,KXBTC15M
KXBTC15M-26JUN021945,0.0069,yes,0.0,0.0,151,2026-06-02 23:45:05.922810+00:00,KXBTC15M-26JUN021945-45,100,1.51,1.4043,2026-06-02,1.4043,1.51,0.0987999999999999,KXBTC15M
KXBTC15M-26JUN021915,0.07792,yes,4.42,1.4907,0,2026-06-02 23:15:05.925296+00:00,KXBTC15M-26JUN021915-15,100,4.42,4.19458,2026-06-02,5.6852800000000006,4.42,-1.3432000000000006,KXBTC15M
KXBTC15M-26JUN021900,0.0333,no,2.77,2.1612,277,2026-06-02 23:00:05.928280+00:00,KXBTC15M-26JUN021900-00,0,0.0,0.0,2026-06-02,2.1612,2.77,0.5755,KXBTC15M
KXBTC15M-26JUN021845,0.0265,no,2.2,1.716,220,2026-06-02 22:45:05.919076+00:00,KXBTC15M-26JUN021845-45,0,0.0,0.0,2026-06-02,1.716,2.2,0.4575000000000002,KXBTC15M
KXBTC15M-26JUN021830,0.0805,yes,3.38,1.7194,174,2026-06-02 22:30:05.923095+00:00,KXBTC15M-26JUN021830-30,100,5.12,4.6679,2026-06-02,6.387300000000001,5.12,-1.3478000000000006,KXBTC15M
KXBTC15M-26JUN021815,0.01892,no,3.04,2.74208,304,2026-06-02 22:15:05.927071+00:00,KXBTC15M-26JUN021815-15,0,0.0,0.0,2026-06-02,2.74208,3.04,0.27899999999999997,KXBTC15M
KXBTC15M-26JUN020215,0.32402,yes,18.11,9.5274,0,2026-06-02 06:15:11.819892+00:00,KXBTC15M-26JUN020215-15,100,14.89,13.75878,2026-06-02,23.28618,14.89,-8.720200000000002,KXBTC15M
KXBTCD-26JUN0202,1.1252,no,82.26,75.6792,0,2026-06-02 06:04:41.891848+00:00,KXBTCD-26JUN0202-T70199.99,0,82.26,70.585,2026-06-02,146.2642,82.26,-65.12939999999999,KXBTCD
KXBTC15M-26JUN020145,1.0148,no,95.42,73.9566,7385,2026-06-02 05:45:11.820069+00:00,KXBTC15M-26JUN020145-45,0,21.57,14.6676,2026-06-02,88.6242,95.42,5.781,KXBTC15M
KXBTC15M-26JUN020130,0.3777,no,27.89,20.5706,2789,2026-06-02 05:30:01.822734+00:00,KXBTC15M-26JUN020130-30,0,0.0,0.0,2026-06-02,20.5706,27.89,6.941700000000002,KXBTC15M
KXBTC15M-26JUN020115,1.04192,yes,60.69,56.1862,6002,2026-06-02 05:15:11.826038+00:00,KXBTC15M-26JUN020115-15,100,120.71,108.83068,2026-06-02,165.01688000000001,120.71,-45.34880000000002,KXBTC15M
KXBTCD-26JUN0201,8.8968,yes,279.37,200.6922,10599,2026-06-02 05:04:31.988618+00:00,KXBTCD-26JUN0201-T70699.99,100,385.36,255.2524,2026-06-02,455.94460000000004,385.36,-79.48140000000002,KXBTCD
KXBTC15M-26JUN020045,0.62591,yes,0.0,0.0,18584,2026-06-02 04:45:11.821581+00:00,KXBTC15M-26JUN020045-45,100,185.84,176.42239,2026-06-02,176.42239,185.84,8.791699999999997,KXBTC15M
KXBTC15M-26JUN011915,0.5918,no,37.16,24.154,3716,2026-06-01 23:15:11.825158+00:00,KXBTC15M-26JUN011915-15,0,0.0,0.0,2026-06-01,24.154,37.16,12.414199999999997,KXBTC15M
KXBTCD-26JUN0119,0.0,yes,0.0,0.0,0,2026-06-01 23:03:01.855975+00:00,KXBTCD-26JUN0119-T71299.99,100,0.0,0.0,2026-06-01,0.0,0.0,0.0,KXBTCD
KXBTC15M-26JUN011815,0.35174,no,144.74,139.52936,14474,2026-06-01 22:15:11.822595+00:00,KXBTC15M-26JUN011815-15,0,0.0,0.0,2026-06-01,139.52936,144.74,4.858900000000012,KXBTC15M
KXBTC15M-26JUN011800,1.0646,yes,0.0,0.0,6989,2026-06-01 22:00:11.826933+00:00,KXBTC15M-26JUN011800-00,100,69.89,47.5252,2026-06-01,47.5252,69.89,21.300200000000004,KXBTC15M
KXBTC15M-26JUN011745,0.6129,no,43.59,30.6912,4359,2026-06-01 21:45:11.827045+00:00,KXBTC15M-26JUN011745-45,0,0.0,0.0,2026-06-01,30.6912,43.59,12.285900000000005,KXBTC15M
KXBTC15M-26JUN011730,0.5257,no,31.3,17.1614,3130,2026-06-01 21:30:01.822849+00:00,KXBTC15M-26JUN011730-30,0,0.0,0.0,2026-06-01,17.1614,31.3,13.6129,KXBTC15M
KXBTC15M-26JUN011715,0.6239,no,37.68,22.5378,3768,2026-06-01 21:15:11.824166+00:00,KXBTC15M-26JUN011715-15,0,0.0,0.0,2026-06-01,22.5378,37.68,14.518299999999998,KXBTC15M
KXBTC15M-26JUN011700,0.9895,no,58.17,32.4066,5817,2026-06-01 21:00:11.823108+00:00,KXBTC15M-26JUN011700-00,0,0.0,0.0,2026-06-01,32.4066,58.17,24.773900000000005,KXBTC15M
KXBTC15M-26JUN011645,6.3231,yes,223.77,170.9186,5168,2026-06-01 20:45:11.826575+00:00,KXBTC15M-26JUN011645-45,100,275.45,204.6319,2026-06-01,375.5505,275.45,-106.42360000000001,KXBTC15M
KXBTC15M-26JUN011630,1.0224,yes,0.0,0.0,5959,2026-06-01 20:30:01.823538+00:00,KXBTC15M-26JUN011630-30,100,59.59,33.9663,2026-06-01,33.9663,59.59,24.601300000000005,KXBTC15M
KXBTC15M-26JUN011615,2.3096,no,192.23,170.7022,13461,2026-06-01 20:15:11.824633+00:00,KXBTC15M-26JUN011615-15,0,57.62,33.9958,2026-06-01,204.698,192.23,-14.777600000000017,KXBTC15M
KXBTC15M-26JUN011545,1.1085,yes,40.08,23.8316,0,2026-06-01 19:45:07.477107+00:00,KXBTC15M-26JUN011545-45,100,31.83,21.8318,2026-06-01,45.6634,31.83,-14.941900000000004,KXBTC15M
KXBTC15M-26JUN011530,0.541,yes,17.87,8.6794,1494,2026-06-01 19:30:07.476715+00:00,KXBTC15M-26JUN011530-30,100,32.81,28.6941,2026-06-01,37.3735,32.81,-5.104499999999998,KXBTC15M
KXBTC15M-26JUN011500,0.2072,no,20.05,16.441,2005,2026-06-01 19:00:07.472861+00:00,KXBTC15M-26JUN011500-00,0,0.0,0.0,2026-06-01,16.441,20.05,3.401800000000002,KXBTC15M
KXBTC15M-26JUN011445,0.1405,yes,0.0,0.0,1665,2026-06-01 18:45:07.472189+00:00,KXBTC15M-26JUN011445-45,100,16.65,14.319,2026-06-01,14.319,16.65,2.190499999999998,KXBTC15M
KXBTC15M-26JUN011430,0.5257,yes,12.12,8.3807,1446,2026-06-01 18:30:07.475175+00:00,KXBTC15M-26JUN011430-30,100,26.58,19.767,2026-06-01,28.1477,26.58,-2.093400000000002,KXBTC15M
KXBTC15M-26JUN011415,0.1557,no,16.55,13.9043,1655,2026-06-01 18:15:07.470069+00:00,KXBTC15M-26JUN011415-15,0,0.0,0.0,2026-06-01,13.9043,16.55,2.4900000000000015,KXBTC15M
KXBTC15M-26JUN011400,0.7226,no,22.76,19.5736,0,2026-06-01 18:00:07.476335+00:00,KXBTC15M-26JUN011400-00,0,68.79,60.1139,2026-06-01,79.6875,22.76,-57.650099999999995,KXBTC15M
KXBTC15M-26JUN011330,0.1067,no,60.15,58.5861,6015,2026-06-01 17:30:07.477127+00:00,KXBTC15M-26JUN011330-30,0,0.0,0.0,2026-06-01,58.5861,60.15,1.4571999999999967,KXBTC15M
KXBTC15M-26JUN011315,0.2425,yes,0.0,0.0,2877,2026-06-01 17:15:07.475008+00:00,KXBTC15M-26JUN011315-15,100,28.77,24.7422,2026-06-01,24.7422,28.77,3.785299999999999,KXBTC15M
KXBTC15M-26JUN011300,0.4265,yes,0.0,0.0,3534,2026-06-01 17:00:07.473855+00:00,KXBTC15M-26JUN011300-00,100,35.34,27.5152,2026-06-01,27.5152,35.34,7.398300000000003,KXBTC15M
KXBTC15M-26JUN011215,0.2901,no,28.07,23.0174,2807,2026-06-01 16:15:07.469829+00:00,KXBTC15M-26JUN011215-15,0,0.0,0.0,2026-06-01,23.0174,28.07,4.762500000000002,KXBTC15M
KXBTCD-26JUN0112,0.2893,no,15.35,9.7658,0,2026-06-01 16:03:30.710872+00:00,KXBTCD-26JUN0112-T70999.99,0,15.35,0.604,2026-06-01,10.3698,15.35,4.6909,KXBTCD
KXBTC15M-26JUN011200,0.4731,no,28.61,17.5937,2861,2026-06-01 16:00:10.622728+00:00,KXBTC15M-26JUN011200-00,0,0.0,0.0,2026-06-01,17.5937,28.61,10.5432,KXBTC15M
KXBTC15M-26JUN011130,0.177,no,28.08,25.272,2808,2026-06-01 15:30:10.674193+00:00,KXBTC15M-26JUN011130-30,0,0.0,0.0,2026-06-01,25.272,28.08,2.631,KXBTC15M
KXBTC15M-26JUN011115,2.0585,yes,79.75,66.99,2545,2026-06-01 15:15:10.621652+00:00,KXBTC15M-26JUN011115-15,100,105.2,76.1419,2026-06-01,143.1319,105.2,-39.9904,KXBTC15M
KXBTC15M-26JUN011100,2.16776,yes,70.75,46.9485,6466,2026-06-01 15:00:10.625726+00:00,KXBTC15M-26JUN011100-00,100,135.41,111.73024,2026-06-01,158.67874,135.41,-25.43650000000001,KXBTC15M
KXBTC15M-26JUN011045,0.18074,no,30.87,28.02796,3087,2026-06-01 14:45:10.675702+00:00,KXBTC15M-26JUN011045-45,0,0.0,0.0,2026-06-01,28.02796,30.87,2.6613000000000007,KXBTC15M
KXBTC15M-26JUN011030,1.5781,no,114.94,95.6148,8821,2026-06-01 14:30:10.673643+00:00,KXBTC15M-26JUN011030-30,0,26.73,11.2266,2026-06-01,106.84140000000001,114.94,6.52049999999999,KXBTC15M
KXBTC15M-26JUN011015,0.4704,no,23.54,17.655,0,2026-06-01 14:15:10.624927+00:00,KXBTC15M-26JUN011015-15,0,23.54,2.5894,2026-06-01,20.244400000000002,23.54,2.8251999999999966,KXBTC15M
KXBTC15M-26JUN011000,0.0965,yes,0.0,0.0,1830,2026-06-01 14:00:10.624868+00:00,KXBTC15M-26JUN011000-00,100,18.3,16.7994,2026-06-01,16.7994,18.3,1.4041000000000021,KXBTC15M
KXETH15M-26JUN010115,0.2434,no,77.4,73.7498,7740,2026-06-01 05:15:10.676959+00:00,KXETH15M-26JUN010115-15,0,0.0,0.0,2026-06-01,73.7498,77.4,3.4068000000000125,KXETH15M
KXETH15M-26JUN010100,0.12234,yes,0.0,0.0,7272,2026-06-01 05:00:10.616269+00:00,KXETH15M-26JUN010100-00,100,72.72,70.93116,2026-06-01,70.93116,72.72,1.6664999999999934,KXETH15M
KXBTC15M-26JUN010045,0.13291,yes,0.0,0.0,7223,2026-06-01 04:45:10.622881+00:00,KXBTC15M-26JUN010045-45,100,72.23,70.27979,2026-06-01,70.27979,72.23,1.8172999999999984,KXBTC15M
KXBTC15M-26JUN010015,0.24821,no,69.48,65.73589,6948,2026-06-01 04:15:10.623497+00:00,KXBTC15M-26JUN010015-15,0,0.0,0.0,2026-06-01,65.73589,69.48,3.4959000000000064,KXBTC15M
KXBTC15M-26JUN010000,0.4809,no,35.7,26.418,3570,2026-06-01 04:00:10.625872+00:00,KXBTC15M-26JUN010000-00,0,0.0,0.0,2026-06-01,26.418,35.7,8.801100000000003,KXBTC15M
KXBTC15M-26MAY312345,0.2175,no,18.1,14.118,1810,2026-06-01 03:45:10.625378+00:00,KXBTC15M-26MAY312345-45,0,0.0,0.0,2026-06-01,14.118,18.1,3.7645000000000013,KXBTC15M
KXBTC15M-26MAY312330,0.19145,yes,0.0,0.0,5445,2026-06-01 03:30:10.624435+00:00,KXBTC15M-26MAY312330-30,100,54.45,51.56415,2026-06-01,51.56415,54.45,2.694400000000005,KXBTC15M
KXBTC15M-26MAY312315,0.14564,yes,0.0,0.0,5167,2026-06-01 03:15:10.675596+00:00,KXBTC15M-26MAY312315-15,100,51.67,49.49986,2026-06-01,49.49986,51.67,2.0245000000000033,KXBTC15M
KXBTCD-26MAY3123,0.4646,yes,21.59,1.7272,0,2026-06-01 03:03:30.699051+00:00,KXBTCD-26MAY3123-T73699.99,100,21.59,13.3329,2026-06-01,15.0601,21.59,6.0653,KXBTCD
KXBTC15M-26MAY312245,0.10576,yes,0.0,0.0,4351,2026-06-01 02:45:10.624287+00:00,KXBTC15M-26MAY312245-45,100,43.51,41.94364,2026-06-01,41.94364,43.51,1.460599999999996,KXBTC15M
KXBTC15M-26MAY312230,0.2993,no,42.08,37.2512,4208,2026-06-01 02:30:10.673996+00:00,KXBTC15M-26MAY312230-30,0,0.0,0.0,2026-06-01,37.2512,42.08,4.529500000000001,KXBTC15M
KXBTC15M-26MAY312130,0.18898,yes,0.0,0.0,3751,2026-06-01 01:30:10.624470+00:00,KXBTC15M-26MAY312130-30,100,37.51,34.58422,2026-06-01,34.58422,37.51,2.736799999999996,KXBTC15M
KXBTCD-26MAY3121,0.0441,no,3.68,3.4224,0,2026-06-01 01:03:20.748971+00:00,KXBTCD-26MAY3121-T73899.99,0,3.68,0.4416,2026-06-01,3.864,3.68,-0.22809999999999972,KXBTCD
KXBTCD-26MAY3121,0.0176,no,0.57,0.228,0,2026-06-01 01:03:20.748339+00:00,KXBTCD-26MAY3121-T73799.99,0,0.71,0.5668,2026-06-01,0.7948,0.57,-0.2424,KXBTCD
KXBTC15M-26MAY312100,0.095,no,3.87,3.3669,0,2026-06-01 01:00:10.627342+00:00,KXBTC15M-26MAY312100-00,0,3.87,2.3655,2026-06-01,5.7324,3.87,-1.9574,KXBTC15M
KXBTC15M-26MAY312045,0.19522,yes,5.86,4.96528,243,2026-06-01 00:45:10.626540+00:00,KXBTC15M-26MAY312045-45,100,8.29,3.7053,2026-06-01,8.67058,8.29,-0.5758000000000001,KXBTC15M
KXBTC15M-26MAY312030,0.0441,yes,0.0,0.0,294,2026-06-01 00:30:10.673582+00:00,KXBTC15M-26MAY312030-30,100,2.94,1.6128,2026-06-01,1.6128,2.94,1.2831,KXBTC15M
KXBTC15M-26MAY312015,0.00338,yes,0.0,0.0,171,2026-06-01 00:15:10.624640+00:00,KXBTC15M-26MAY312015-15,100,1.71,1.66212,2026-06-01,1.66212,1.71,0.04449999999999992,KXBTC15M
KXBTCD-26MAY3120,0.817,no,25.98,15.4954,167,2026-06-01 00:03:00.699851+00:00,KXBTCD-26MAY3120-T73599.99,0,24.31,14.9133,2026-06-01,30.4087,25.98,-5.245699999999999,KXBTCD
KXBNB15M-26MAY311945,0.0029,no,0.17,0.102,17,2026-05-31 23:45:10.623814+00:00,KXBNB15M-26MAY311945-45,0,0.0,0.0,2026-05-31,0.102,0.17,0.06510000000000002,KXBNB15M
KXHYPE15M-26MAY311930,0.0322,yes,1.48,0.9176,0,2026-05-31 23:30:10.616499+00:00,KXHYPE15M-26MAY311930-30,100,1.48,1.3616,2026-05-31,2.2792,1.48,-0.8313999999999999,KXHYPE15M
KXBTC15M-26MAY311915,0.0693,no,2.91,1.9239,93,2026-05-31 23:15:10.690584+00:00,KXBTC15M-26MAY311915-15,0,1.98,1.5246,2026-05-31,3.4485,2.91,-0.6078,KXBTC15M
KXBTC15M-26MAY311900,0.00922,yes,0.0,0.0,153,2026-05-31 23:00:10.623216+00:00,KXBTC15M-26MAY311900-00,100,1.53,1.38618,2026-05-31,1.38618,1.53,0.13460000000000005,KXBTC15M
KXBTC15M-26MAY311845,0.03159,no,1.51,0.906,0,2026-05-31 22:45:10.625124+00:00,KXBTC15M-26MAY311845-45,0,1.51,0.09211,2026-05-31,0.99811,1.51,0.48029999999999995,KXBTC15M
KXBTC15M-26MAY311830,0.1019,yes,2.94,2.269,93,2026-05-31 22:30:10.628202+00:00,KXBTC15M-26MAY311830-30,100,3.87,1.8968,2026-05-31,4.1658,3.87,-0.39769999999999983,KXBTC15M
KXBTC15M-26MAY311815,0.35457,yes,35.85,31.0516,0,2026-05-31 22:15:10.623384+00:00,KXBTC15M-26MAY311815-15,100,35.85,34.81303,2026-05-31,65.86463,35.85,-30.369200000000003,KXBTC15M
KXBTCD-26MAY3118,0.4506,no,31.18,22.0978,3118,2026-05-31 22:03:00.637977+00:00,KXBTCD-26MAY3118-T73799.99,0,0.0,0.0,2026-05-31,22.0978,31.18,8.6316,KXBTCD
KXBTC15M-26MAY311730,0.0909,no,23.01,21.6294,2301,2026-05-31 21:30:10.621860+00:00,KXBTC15M-26MAY311730-30,0,0.0,0.0,2026-05-31,21.6294,23.01,1.2897000000000012,KXBTC15M
KXBTC15M-26MAY311715,0.678,no,27.24,19.6128,0,2026-05-31 21:15:10.627104+00:00,KXBTC15M-26MAY311715-15,0,27.24,5.1756,2026-05-31,24.7884,27.24,1.7735999999999992,KXBTC15M
KXBTC15M-26MAY311600,0.0042,yes,0.25,0.095,0,2026-05-31 20:00:10.625794+00:00,KXBTC15M-26MAY311600-00,100,0.0,0.0,2026-05-31,0.095,0.0,-0.0992,KXBTC15M
KXBTC15M-26MAY311430,0.07187,no,4.37,4.01603,0,2026-05-31 18:30:10.622473+00:00,KXBTC15M-26MAY311430-30,0,4.37,3.496,2026-05-31,7.512029999999999,4.37,-3.2138999999999993,KXBTC15M
KXETH15M-26MAY311430,0.03712,no,1.92,1.86048,0,2026-05-31 18:30:10.612163+00:00,KXETH15M-26MAY311430-30,0,1.92,0.8256,2026-05-31,2.68608,1.92,-0.8032000000000001,KXETH15M
KXBTC-26MAY3114,0.0038,yes,0.0,0.0,404,2026-05-31 18:22:30.613975+00:00,KXBTC-26MAY3114-B73650,100,4.04,3.987,2026-05-31,3.987,4.04,0.04919999999999994,KXBTC
KXBTCD-26MAY3114,0.6163,yes,21.61,8.5022,0,2026-05-31 18:03:00.637754+00:00,KXBTCD-26MAY3114-T73599.99,100,21.61,16.374,2026-05-31,24.876199999999997,21.61,-3.8824999999999976,KXBTCD
KXBTC15M-26MAY311400,0.5105,no,16.48,8.24,0,2026-05-31 18:00:10.626197+00:00,KXBTC15M-26MAY311400-00,0,16.48,12.1952,2026-05-31,20.435200000000002,16.48,-4.465700000000002,KXBTC15M
KXBTC15M-26MAY311345,0.1339,yes,0.0,0.0,1242,2026-05-31 17:45:10.619644+00:00,KXBTC15M-26MAY311345-45,100,12.42,10.0614,2026-05-31,10.0614,12.42,2.224699999999999,KXBTC15M
KXBTC15M-26MAY311330,0.147,yes,9.95,0.2388,0,2026-05-31 17:30:10.626101+00:00,KXBTC15M-26MAY311330-30,100,9.95,7.4625,2026-05-31,7.701300000000001,9.95,2.101699999999999,KXBTC15M
KXETH15M-26MAY311330,0.04987,yes,10.2,0.204,0,2026-05-31 17:30:10.618248+00:00,KXETH15M-26MAY311330-30,100,10.2,9.66293,2026-05-31,9.86693,10.2,0.28319999999999934,KXETH15M
KXDOGE15M-26MAY311330,0.01554,yes,0.0,0.0,1017,2026-05-31 17:30:10.616934+00:00,KXDOGE15M-26MAY311330-30,100,10.17,9.94526,2026-05-31,9.94526,10.17,0.2092000000000006,KXDOGE15M
KXBTC15M-26MAY311315,4.6786,no,154.84,116.2289,0,2026-05-31 17:15:10.623961+00:00,KXBTC15M-26MAY311315-15,0,154.84,82.1197,2026-05-31,198.34859999999998,154.84,-48.187199999999976,KXBTC15M
KXSOL15M-26MAY311315,0.1073,no,7.6,5.472,760,2026-05-31 17:15:10.613444+00:00,KXSOL15M-26MAY311315-15,0,0.0,0.0,2026-05-31,5.472,7.6,2.0206999999999993,KXSOL15M
KXBTCD-26MAY3113,0.8671,yes,0.0,0.0,5376,2026-05-31 17:04:00.740901+00:00,KXBTCD-26MAY3113-T73399.99,100,53.76,34.4064,2026-05-31,34.4064,53.76,18.4865,KXBTCD
KXBTC15M-26MAY311300,2.8867,yes,104.56,82.6024,0,2026-05-31 17:00:10.622933+00:00,KXBTC15M-26MAY311300-00,100,104.56,67.614,2026-05-31,150.21640000000002,104.56,-48.54310000000002,KXBTC15M
KXBTC15M-26MAY311245,0.9027,no,83.81,67.893,8381,2026-05-31 16:45:10.622836+00:00,KXBTC15M-26MAY311245-45,0,0.0,0.0,2026-05-31,67.893,83.81,15.014300000000002,KXBTC15M
KXBTC15M-26MAY311230,0.9932,no,68.8,48.7877,6880,2026-05-31 16:30:10.623812+00:00,KXBTC15M-26MAY311230-30,0,0.0,0.0,2026-05-31,48.7877,68.8,19.019099999999995,KXBTC15M
KXBTC15M-26MAY311215,1.16699,no,120.95,110.65411,952,2026-05-31 16:15:10.624705+00:00,KXBTC15M-26MAY311215-15,0,111.43,103.6299,2026-05-31,214.28401000000002,120.95,-94.50100000000002,KXBTC15M
KXBTC15M-26MAY310630,1.5309,no,104.29,73.0714,10429,2026-05-31 10:30:10.617825+00:00,KXBTC15M-26MAY310630-30,0,0.0,0.0,2026-05-31,73.0714,104.29,29.68770000000001,KXBTC15M
KXBTC15M-26MAY310615,6.7053,yes,171.1,92.394,7437,2026-05-31 10:15:10.619277+00:00,KXBTC15M-26MAY310615-15,100,245.47,167.1432,2026-05-31,259.5372,245.47,-20.772499999999987,KXBTC15M
KXBTCD-26MAY3106,1.5517,no,95.37,35.8137,9537,2026-05-31 10:03:10.685101+00:00,KXBTCD-26MAY3106-T73799.99,0,0.0,0.0,2026-05-31,35.8137,95.37,58.00460000000001,KXBTCD
KXBTC15M-26MAY310600,3.11595,no,114.15,73.6265,0,2026-05-31 10:00:10.617809+00:00,KXBTC15M-26MAY310600-00,0,114.15,42.58935,2026-05-31,116.21584999999999,114.15,-5.181799999999983,KXBTC15M
KXBTC15M-26MAY310545,10.7824,yes,311.65,199.5519,4255,2026-05-31 09:45:10.617329+00:00,KXBTC15M-26MAY310545-45,100,354.2,213.3086,2026-05-31,412.8605,354.2,-69.44290000000001,KXBTC15M
KXBTC15M-26MAY310530,3.3753,yes,83.43,57.5667,11199,2026-05-31 09:30:10.617445+00:00,KXBTC15M-26MAY310530-30,100,195.42,157.7415,2026-05-31,215.3082,195.42,-23.26350000000001,KXBTC15M
KXBTC15M-26MAY310515,0.3031,no,58.82,54.1144,5882,2026-05-31 09:15:10.615933+00:00,KXBTC15M-26MAY310515-15,0,0.0,0.0,2026-05-31,54.1144,58.82,4.402499999999997,KXBTC15M
KXBTC-26MAY3105,0.2804,yes,0.0,0.0,5441,2026-05-31 09:03:00.683944+00:00,KXBTC-26MAY3105-B73850,100,54.41,50.0572,2026-05-31,50.0572,54.41,4.072399999999995,KXBTC
KXBTC15M-26MAY310500,7.71446,yes,322.81,172.63274,0,2026-05-31 09:00:10.620135+00:00,KXBTC15M-26MAY310500-00,100,322.81,267.8677,2026-05-31,440.50044,322.81,-125.40490000000003,KXBTC15M
KXBTC15M-26MAY310415,2.2603,yes,0.0,0.0,17574,2026-05-31 08:15:10.617588+00:00,KXBTC15M-26MAY310415-15,100,175.74,133.1074,2026-05-31,133.1074,175.74,40.372299999999996,KXBTC15M
KXBTC15M-26MAY310400,1.2736,yes,0.0,0.0,13537,2026-05-31 08:00:10.620890+00:00,KXBTC15M-26MAY310400-00,100,135.37,113.7108,2026-05-31,113.7108,135.37,20.385599999999997,KXBTC15M
KXBTC15M-26MAY310345,0.67136,no,114.78,104.22024,11478,2026-05-31 07:45:10.620424+00:00,KXBTC15M-26MAY310345-45,0,0.0,0.0,2026-05-31,104.22024,114.78,9.888399999999997,KXBTC15M
KXBTC15M-26MAY310300,5.685,no,262.29,190.3461,10500,2026-05-31 07:07:19.930508+00:00,KXBTC15M-26MAY310300-00,0,157.29,56.6244,2026-05-31,246.97050000000002,262.29,9.634500000000006,KXBTC15M
KXBTC15M-26MAY310230,0.6014,yes,0.0,0.0,9546,2026-05-31 06:30:10.620604+00:00,KXBTC15M-26MAY310230-30,100,95.46,85.914,2026-05-31,85.914,95.46,8.944599999999992,KXBTC15M
KXBTC15M-26MAY302045,0.5451,no,86.52,77.868,8652,2026-05-31 00:45:10.621859+00:00,KXBTC15M-26MAY302045-45,0,0.0,0.0,2026-05-31,77.868,86.52,8.106900000000001,KXBTC15M
KXBTC15M-26MAY302015,0.8102,yes,0.0,0.0,7841,2026-05-31 00:15:10.825383+00:00,KXBTC15M-26MAY302015-15,100,78.41,64.2962,2026-05-31,64.2962,78.41,13.303599999999998,KXBTC15M
KXBTC15M-26MAY301930,0.4101,yes,0.0,0.0,6509,2026-05-30 23:30:10.630486+00:00,KXBTC15M-26MAY301930-30,100,65.09,58.581,2026-05-30,58.581,65.09,6.0989,KXBTC15M
KXBTC15M-26MAY301845,0.12888,no,58.97,57.06582,5897,2026-05-30 22:45:10.621270+00:00,KXBTC15M-26MAY301845-45,0,0.0,0.0,2026-05-30,57.06582,58.97,1.7752999999999965,KXBTC15M
KXBTC15M-26MAY301830,0.2591,no,57.22,53.2419,5722,2026-05-30 22:30:10.624597+00:00,KXBTC15M-26MAY301830-30,0,0.0,0.0,2026-05-30,53.2419,57.22,3.7189999999999976,KXBTC15M
KXBTC15M-26MAY301630,0.8988,no,53.5,32.1,5350,2026-05-30 20:30:10.625056+00:00,KXBTC15M-26MAY301630-30,0,0.0,0.0,2026-05-30,32.1,53.5,20.501199999999997,KXBTC15M
KXBTC15M-26MAY301600,0.15442,yes,0.0,0.0,3301,2026-05-30 20:00:10.624312+00:00,KXBTC15M-26MAY301600-00,100,33.01,30.63328,2026-05-30,30.63328,33.01,2.222299999999999,KXBTC15M
KXBTC15M-26MAY301415,1.8677,no,69.42,37.7306,3078,2026-05-30 18:15:10.627085+00:00,KXBTC15M-26MAY301415-15,0,38.64,22.0248,2026-05-30,59.7554,69.42,7.7969,KXBTC15M
KXBTC15M-26MAY301345,2.3054,yes,27.6,19.596,11957,2026-05-30 17:45:10.671199+00:00,KXBTC15M-26MAY301345-45,100,147.17,111.0212,2026-05-30,130.6172,147.17,14.24739999999999,KXBTC15M
KXBTC15M-26MAY301315,0.61305,no,110.01,100.41825,11001,2026-05-30 17:15:10.622327+00:00,KXBTC15M-26MAY301315-15,0,0.0,0.0,2026-05-30,100.41825,110.01,8.978700000000005,KXBTC15M
KXBTC15M-26MAY301300,0.8016,no,101.04,87.8712,10104,2026-05-30 17:00:10.619911+00:00,KXBTC15M-26MAY301300-00,0,0.0,0.0,2026-05-30,87.8712,101.04,12.367200000000004,KXBTC15M
KXBTC15M-26MAY301245,0.47204,yes,0.0,0.0,8858,2026-05-30 16:45:10.617897+00:00,KXBTC15M-26MAY301245-45,100,88.58,81.22786,2026-05-30,81.22786,88.58,6.880099999999992,KXBTC15M
KXBTC15M-26MAY301145,0.9144,no,81.79,65.4708,8179,2026-05-30 15:45:10.626547+00:00,KXBTC15M-26MAY301145-45,0,0.0,0.0,2026-05-30,65.4708,81.79,15.404800000000009,KXBTC15M
KXBTC15M-26MAY301130,2.07541,no,136.94,92.99709,6633,2026-05-30 15:30:10.623842+00:00,KXBTC15M-26MAY301130-30,0,70.61,8.4732,2026-05-30,101.47029,136.94,33.394299999999994,KXBTC15M
KXBTC15M-26MAY301115,6.37,yes,211.38,151.2996,3299,2026-05-30 15:15:10.622967+00:00,KXBTC15M-26MAY301115-15,100,244.37,122.648,2026-05-30,273.94759999999997,244.37,-35.94759999999996,KXBTC15M
KXBTC15M-26MAY301100,6.38208,no,230.02,170.66922,2887,2026-05-30 15:00:10.621926+00:00,KXBTC15M-26MAY301100-00,0,201.15,118.721,2026-05-30,289.39022,230.02,-65.75229999999999,KXBTC15M
KXBTC15M-26MAY301045,1.0314,no,51.4,45.3507,570,2026-05-30 14:45:10.620666+00:00,KXBTC15M-26MAY301045-45,0,45.7,32.2952,2026-05-30,77.64590000000001,51.4,-27.277300000000015,KXBTC15M
KXBTC15M-26MAY300130,0.15978,yes,0.0,0.0,3248,2026-05-30 05:30:10.724190+00:00,KXBTC15M-26MAY300130-30,100,32.48,30.01152,2026-05-30,30.01152,32.48,2.308699999999996,KXBTC15M
KXBTC15M-26MAY291915,0.15108,no,30.34,28.00382,3034,2026-05-29 23:15:10.625297+00:00,KXBTC15M-26MAY291915-15,0,0.0,0.0,2026-05-29,28.00382,30.34,2.185099999999999,KXBTC15M
KXXRP15M-26MAY290515,0.2679,yes,0.0,0.0,2847,2026-05-29 09:15:06.015030+00:00,KXXRP15M-26MAY290515-15,100,28.47,23.9148,2026-05-29,23.9148,28.47,4.287299999999999,KXXRP15M
KXBTC15M-26MAY290500,0.14441,no,24.18,21.90759,2418,2026-05-29 09:00:06.015213+00:00,KXBTC15M-26MAY290500-00,0,0.0,0.0,2026-05-29,21.90759,24.18,2.1280000000000006,KXBTC15M
KXBTC15M-26MAY290445,1.3129,no,53.74,30.7562,2206,2026-05-29 08:45:06.019599+00:00,KXBTC15M-26MAY290445-45,0,31.68,24.3936,2026-05-29,55.1498,53.74,-2.722699999999997,KXBTC15M
KXBTC15M-26MAY290415,0.10198,yes,0.0,0.0,2466,2026-05-29 08:15:06.017483+00:00,KXBTC15M-26MAY290415-15,100,24.66,23.10642,2026-05-29,23.10642,24.66,1.4516000000000002,KXBTC15M
KXBTCD-26MAY2904,1.4287,yes,46.17,22.1871,0,2026-05-29 08:03:06.079683+00:00,KXBTCD-26MAY2904-T73299.99,100,46.17,34.1658,2026-05-29,56.3529,46.17,-11.611599999999996,KXBTCD
KXBTC15M-26MAY290400,1.827,yes,18.75,11.0625,8833,2026-05-29 08:00:06.022452+00:00,KXBTC15M-26MAY290400-00,100,107.08,76.2392,2026-05-29,87.3017,107.08,17.951300000000003,KXBTC15M
KXBTC15M-26MAY290330,4.39572,no,221.68,164.86688,13199,2026-05-29 07:30:06.019915+00:00,KXBTC15M-26MAY290330-30,0,89.69,49.3295,2026-05-29,214.19638,221.68,3.087900000000002,KXBTC15M
KXBTC15M-26MAY290315,2.7352,yes,79.01,49.7763,3061,2026-05-29 07:15:06.023424+00:00,KXBTC15M-26MAY290315-15,100,109.62,80.3575,2026-05-29,130.1338,109.62,-23.249000000000002,KXBTC15M
KXBTC15M-26MAY290300,0.5095,yes,0.0,0.0,5415,2026-05-29 07:07:38.417206+00:00,KXBTC15M-26MAY290300-00,100,54.15,45.486,2026-05-29,45.486,54.15,8.154500000000002,KXBTC15M
KXBTC15M-26MAY290245,0.8862,no,92.63,75.9156,4590,2026-05-29 06:45:06.022085+00:00,KXBTC15M-26MAY290245-45,0,46.73,1.4019,2026-05-29,77.3175,92.63,14.4263,KXBTC15M
KXBTC15M-26MAY290230,0.05646,yes,0.0,0.0,3156,2026-05-29 06:30:06.018070+00:00,KXBTC15M-26MAY290230-30,100,31.56,30.73404,2026-05-29,30.73404,31.56,0.7694999999999985,KXBTC15M
KXBTC15M-26MAY290215,0.8353,yes,33.79,18.5845,0,2026-05-29 06:15:06.024440+00:00,KXBTC15M-26MAY290215-15,100,33.79,29.7352,2026-05-29,48.3197,33.79,-15.364999999999998,KXBTC15M
KXBTCD-26MAY2902,1.5897,no,50.03,34.5207,0,2026-05-29 06:03:04.833158+00:00,KXBTCD-26MAY2902-T73599.99,0,50.03,30.018,2026-05-29,64.5387,50.03,-16.098400000000005,KXBTCD
KXBTC15M-26MAY290145,0.03368,no,34.62,34.13532,3462,2026-05-29 05:45:06.022600+00:00,KXBTC15M-26MAY290145-45,0,0.0,0.0,2026-05-29,34.13532,34.62,0.45099999999999735,KXBTC15M
KXBTC15M-26MAY290130,0.2387,no,34.82,30.9898,3482,2026-05-29 05:30:06.018550+00:00,KXBTC15M-26MAY290130-30,0,0.0,0.0,2026-05-29,30.9898,34.82,3.5915000000000012,KXBTC15M
KXBTC15M-26MAY290115,0.2787,yes,0.0,0.0,3122,2026-05-29 05:15:06.021018+00:00,KXBTC15M-26MAY290115-15,100,31.22,26.537,2026-05-29,26.537,31.22,4.4043,KXBTC15M
KXBTCD-26MAY2901,0.4694,yes,0.0,0.0,2682,2026-05-29 05:03:06.093551+00:00,KXBTCD-26MAY2901-T73399.99,100,26.82,13.41,2026-05-29,13.41,26.82,12.9406,KXBTCD
KXBTC-26MAY2901,0.8156,no,34.37,19.9346,0,2026-05-29 05:03:06.068022+00:00,KXBTC-26MAY2901-B73350,0,34.37,30.6846,2026-05-29,50.6192,34.37,-17.0648,KXBTC
KXBTC15M-26MAY290100,0.0,yes,0.0,0.0,0,2026-05-29 05:00:06.023975+00:00,KXBTC15M-26MAY290100-00,100,0.0,0.0,2026-05-29,0.0,0.0,0.0,KXBTC15M
KXBTC15M-26MAY290045,0.2644,yes,0.0,0.0,3093,2026-05-29 04:45:06.044050+00:00,KXBTC15M-26MAY290045-45,100,30.93,26.4825,2026-05-29,26.4825,30.93,4.183099999999998,KXBTC15M
KXBTC15M-26MAY290030,0.4483,yes,0.0,0.0,7665,2026-05-29 04:30:06.021830+00:00,KXBTC15M-26MAY290030-30,100,76.65,69.5982,2026-05-29,69.5982,76.65,6.6035,KXBTC15M
KXBTC15M-26MAY290015,1.1855,no,70.0,41.3,7000,2026-05-29 04:15:06.040106+00:00,KXBTC15M-26MAY290015-15,0,0.0,0.0,2026-05-29,41.3,70.0,27.5145,KXBTC15M
KXBTC15M-26MAY282045,0.54104,yes,44.86,2.07816,0,2026-05-29 00:45:07.224152+00:00,KXBTC15M-26MAY282045-45,100,44.86,38.0992,2026-05-29,40.17736,44.86,4.1415999999999995,KXBTC15M
KXBTC15M-26MAY282030,0.1712,yes,0.0,0.0,3834,2026-05-29 00:30:07.223423+00:00,KXBTC15M-26MAY282030-30,100,38.34,35.6355,2026-05-29,35.6355,38.34,2.533300000000003,KXBTC15M
KXBTC15M-26MAY282015,0.4028,yes,0.0,0.0,3596,2026-05-29 00:15:07.226700+00:00,KXBTC15M-26MAY282015-15,100,35.96,28.768,2026-05-29,28.768,35.96,6.7892,KXBTC15M
KXBTC-26MAY2820,0.0,yes,0.0,0.0,0,2026-05-29 00:03:07.267386+00:00,KXBTC-26MAY2820-B73550,100,0.0,0.0,2026-05-29,0.0,0.0,0.0,KXBTC
KXBTC15M-26MAY281930,0.4178,yes,0.0,0.0,2898,2026-05-28 23:30:07.220737+00:00,KXBTC15M-26MAY281930-30,100,28.98,20.5758,2026-05-28,20.5758,28.98,7.9864,KXBTC15M
KXBTC15M-26MAY281830,0.1554,no,21.01,18.4888,2101,2026-05-28 22:30:07.221200+00:00,KXBTC15M-26MAY281830-30,0,0.0,0.0,2026-05-28,18.4888,21.01,2.3658,KXBTC15M
KXBTC15M-26MAY281800,0.168,no,18.82,15.997,1882,2026-05-28 22:00:07.224229+00:00,KXBTC15M-26MAY281800-00,0,0.0,0.0,2026-05-28,15.997,18.82,2.6550000000000002,KXBTC15M
KXBTC15M-26MAY281730,0.08621,yes,0.0,0.0,1617,2026-05-28 21:30:07.224935+00:00,KXBTC15M-26MAY281730-30,100,16.17,14.82789,2026-05-28,14.82789,16.17,1.2559000000000018,KXBTC15M
KXBTC15M-26MAY281715,0.2559,yes,0.0,0.0,1491,2026-05-28 21:15:07.222326+00:00,KXBTC15M-26MAY281715-15,100,14.91,8.4987,2026-05-28,8.4987,14.91,6.1554,KXBTC15M
KXBTCD-26MAY2817,0.8754,no,34.85,26.428,867,2026-05-28 21:03:07.331273+00:00,KXBTCD-26MAY2817-T73499.99,0,26.18,15.9698,2026-05-28,42.397800000000004,34.85,-8.423200000000001,KXBTCD
KXBTC15M-26MAY281645,0.9286,yes,20.75,7.47,1717,2026-05-28 20:45:07.225014+00:00,KXBTC15M-26MAY281645-45,100,37.92,23.4958,2026-05-28,30.965799999999998,37.92,6.025600000000003,KXBTC15M
KXBTC15M-26MAY281630,0.27796,yes,12.36,1.12884,0,2026-05-28 20:30:07.221202+00:00,KXBTC15M-26MAY281630-30,100,12.36,7.5396,2026-05-28,8.66844,12.36,3.413599999999999,KXBTC15M
KXBTC15M-26MAY281615,0.6426,yes,24.39,20.7315,771,2026-05-28 20:15:07.224665+00:00,KXBTC15M-26MAY281615-15,100,32.1,23.9334,2026-05-28,44.6649,32.1,-13.207500000000001,KXBTC15M
KXBTC15M-26MAY281600,0.4873,no,0.0,0.0,0,2026-05-28 20:00:07.222432+00:00,KXBTC15M-26MAY281600-00,0,32.59,22.5123,2026-05-28,22.5123,0.0,-22.9996,KXBTC15M
KXBTC15M-26MAY281445,0.9151,yes,0.0,0.0,7392,2026-05-28 18:45:07.219391+00:00,KXBTC15M-26MAY281445-45,100,73.92,56.9535,2026-05-28,56.9535,73.92,16.051400000000005,KXBTC15M
KXBTC15M-26MAY281430,0.5166,no,57.88,49.198,5788,2026-05-28 18:30:07.225444+00:00,KXBTC15M-26MAY281430-30,0,0.0,0.0,2026-05-28,49.198,57.88,8.165400000000002,KXBTC15M
KXBTC15M-26MAY281415,0.1336,yes,0.0,0.0,4970,2026-05-28 18:15:07.223382+00:00,KXBTC15M-26MAY281415-15,100,49.7,47.712,2026-05-28,47.712,49.7,1.8543999999999996,KXBTC15M
KXBTC15M-26MAY281345,0.26215,yes,0.0,0.0,4784,2026-05-28 17:45:07.222403+00:00,KXBTC15M-26MAY281345-45,100,47.84,43.74845,2026-05-28,43.74845,47.84,3.829400000000005,KXBTC15M
KXBTC15M-26MAY281315,0.607,yes,0.0,0.0,4403,2026-05-28 17:15:07.221894+00:00,KXBTC15M-26MAY281315-15,100,44.03,32.1595,2026-05-28,32.1595,44.03,11.2635,KXBTC15M
KXBTC15M-26MAY281300,1.3936,yes,0.0,0.0,9220,2026-05-28 17:00:07.222764+00:00,KXBTC15M-26MAY281300-00,100,92.2,63.118,2026-05-28,63.118,92.2,27.6884,KXBTC15M
KXBTC15M-26MAY281245,0.7248,yes,0.0,0.0,6470,2026-05-28 16:45:09.973616+00:00,KXBTC15M-26MAY281245-45,100,64.7,51.76,2026-05-28,51.76,64.7,12.215200000000005,KXBTC15M
KXBTC15M-26MAY281230,0.06322,yes,0.0,0.0,5200,2026-05-28 16:30:09.972614+00:00,KXBTC15M-26MAY281230-30,100,52.0,51.08418,2026-05-28,51.08418,52.0,0.8525999999999965,KXBTC15M
KXBTC15M-26MAY281215,0.239,yes,10.29,8.0262,0,2026-05-28 16:15:09.976726+00:00,KXBTC15M-26MAY281215-15,100,10.29,8.232,2026-05-28,16.2582,10.29,-6.207199999999999,KXBTC15M
KXBTCD-26MAY2812,0.1044,no,8.17,6.2092,817,2026-05-28 16:03:00.047549+00:00,KXBTCD-26MAY2812-T72799.99,0,0.0,0.0,2026-05-28,6.2092,8.17,1.8563999999999998,KXBTCD
KXBTC15M-26MAY281200,1.0553,no,39.74,32.9842,0,2026-05-28 16:00:09.970049+00:00,KXBTC15M-26MAY281200-00,0,39.74,24.1853,2026-05-28,57.1695,39.74,-18.484799999999996,KXBTC15M
KXBTC15M-26MAY281145,0.3009,yes,11.92,7.9712,184,2026-05-28 15:45:09.969476+00:00,KXBTC15M-26MAY281145-45,100,13.76,11.7976,2026-05-28,19.7688,13.76,-6.309699999999999,KXBTC15M
KXBTC15M-26MAY281130,1.2829,yes,46.04,27.5988,807,2026-05-28 15:30:09.973588+00:00,KXBTC15M-26MAY281130-30,100,54.11,45.4524,2026-05-28,73.0512,54.11,-20.224099999999996,KXBTC15M
KXBTC15M-26MAY281115,0.16978,no,27.93,25.24872,2793,2026-05-28 15:15:09.968128+00:00,KXBTC15M-26MAY281115-15,0,0.0,0.0,2026-05-28,25.24872,27.93,2.511500000000001,KXBTC15M
KXBTC15M-26MAY281100,0.1027,yes,0.0,0.0,2560,2026-05-28 15:00:09.972480+00:00,KXBTC15M-26MAY281100-00,100,25.6,24.0402,2026-05-28,24.0402,25.6,1.4571000000000027,KXBTC15M
KXBTC15M-26MAY280100,0.335,no,24.42,18.085,2442,2026-05-28 05:00:04.707463+00:00,KXBTC15M-26MAY280100-00,0,0.0,0.0,2026-05-28,18.085,24.42,6.000000000000001,KXBTC15M
KXBTC15M-26MAY280045,0.0568,yes,0.0,0.0,1842,2026-05-28 04:45:04.708019+00:00,KXBTC15M-26MAY280045-45,100,18.42,17.6832,2026-05-28,17.6832,18.42,0.6800000000000024,KXBTC15M
KXBTC15M-26MAY280030,0.0,no,0.0,0.0,0,2026-05-28 04:30:04.711314+00:00,KXBTC15M-26MAY280030-30,0,0.0,0.0,2026-05-28,0.0,0.0,0.0,KXBTC15M
KXBTC15M-26MAY280015,0.4406,no,40.74,32.9994,4074,2026-05-28 04:15:14.659218+00:00,KXBTC15M-26MAY280015-15,0,0.0,0.0,2026-05-28,32.9994,40.74,7.300000000000001,KXBTC15M
KXBTC15M-26MAY280000,1.0259,no,73.17,53.2141,7317,2026-05-28 04:00:04.656620+00:00,KXBTC15M-26MAY280000-00,0,0.0,0.0,2026-05-28,53.2141,73.17,18.93,KXBTC15M
KXBTC15M-26MAY272315,0.7225,no,51.75,37.7775,5175,2026-05-28 03:15:04.656973+00:00,KXBTC15M-26MAY272315-15,0,0.0,0.0,2026-05-28,37.7775,51.75,13.249999999999996,KXBTC15M
KXBTCD-26MAY2723,0.3072,no,40.56,35.6928,4056,2026-05-28 03:03:22.194452+00:00,KXBTCD-26MAY2723-T74199.99,0,0.0,0.0,2026-05-28,35.6928,40.56,4.560000000000004,KXBTCD
KXBTC15M-26MAY272245,0.3428,yes,0.0,0.0,3608,2026-05-28 02:45:04.655357+00:00,KXBTC15M-26MAY272245-45,100,36.08,30.3072,2026-05-28,30.3072,36.08,5.429999999999996,KXBTC15M
KXBTC15M-26MAY272215,0.3632,yes,0.0,0.0,3092,2026-05-28 02:15:04.708343+00:00,KXBTC15M-26MAY272215-15,100,30.92,24.4268,2026-05-28,24.4268,30.92,6.130000000000002,KXBTC15M
KXBTC15M-26MAY272200,0.2838,yes,0.0,0.0,2514,2026-05-28 02:00:04.707627+00:00,KXBTC15M-26MAY272200-00,100,25.14,20.3662,2026-05-28,20.3662,25.14,4.490000000000001,KXBTC15M
KXBTC15M-26MAY272145,0.06508,no,20.57,19.66492,2057,2026-05-28 01:45:04.664820+00:00,KXBTC15M-26MAY272145-45,0,0.0,0.0,2026-05-28,19.66492,20.57,0.8400000000000016,KXBTC15M
KXBTC15M-26MAY272130,0.0788,no,19.8,18.6912,1980,2026-05-28 01:30:04.660098+00:00,KXBTC15M-26MAY272130-30,0,0.0,0.0,2026-05-28,18.6912,19.8,1.0300000000000022,KXBTC15M
KXBTC15M-26MAY272015,0.04505,yes,0.0,0.0,1843,2026-05-28 00:15:04.858908+00:00,KXBTC15M-26MAY272015-15,100,18.43,17.78495,2026-05-28,17.78495,18.43,0.6000000000000012,KXBTC15M
KXBTCD-26MAY2716,0.0395,yes,0.0,0.0,4395,2026-05-27 20:04:51.767089+00:00,KXBTCD-26MAY2716-T74899.99,100,43.95,43.5105,2026-05-27,43.5105,43.95,0.40000000000000246,KXBTCD
KXBTC15M-26MAY271545,0.40124,no,92.14,86.05876,9214,2026-05-27 19:45:11.559008+00:00,KXBTC15M-26MAY271545-45,0,0.0,0.0,2026-05-27,86.05876,92.14,5.679999999999994,KXBTC15M
KXBTC15M-26MAY271415,1.8552,no,130.84,94.2048,13084,2026-05-27 18:15:11.557172+00:00,KXBTC15M-26MAY271415-15,0,0.0,0.0,2026-05-27,94.2048,130.84,34.78,KXBTC15M
KXBTCD-26MAY2714,0.859,yes,30.45,24.6645,0,2026-05-27 18:03:11.632879+00:00,KXBTCD-26MAY2714-T74699.99,100,30.45,17.3565,2026-05-27,42.021,30.45,-12.430000000000001,KXBTCD
KXBTC15M-26MAY271400,0.28831,no,97.17,92.94169,9717,2026-05-27 18:00:11.559353+00:00,KXBTC15M-26MAY271400-00,0,0.0,0.0,2026-05-27,92.94169,97.17,3.9400000000000075,KXBTC15M
KXBTC15M-26MAY271245,0.1445,yes,0.0,0.0,1583,2026-05-27 16:45:11.604316+00:00,KXBTC15M-26MAY271245-45,100,15.83,13.4555,2026-05-27,13.4555,15.83,2.2299999999999995,KXBTC15M
KXBTC15M-26MAY271215,0.2876,no,23.58,18.3924,2358,2026-05-27 16:15:11.554237+00:00,KXBTC15M-26MAY271215-15,0,0.0,0.0,2026-05-27,18.3924,23.58,4.8999999999999995,KXBTC15M
KXBTC15M-26MAY271200,1.2243,yes,0.0,0.0,9841,2026-05-27 16:00:11.555831+00:00,KXBTC15M-26MAY271200-00,100,98.41,75.7757,2026-05-27,75.7757,98.41,21.409999999999997,KXBTC15M
KXBTC15M-26MAY270600,0.9322,no,77.01,60.0678,7701,2026-05-27 10:00:11.551454+00:00,KXBTC15M-26MAY270600-00,0,0.0,0.0,2026-05-27,60.0678,77.01,16.010000000000005,KXBTC15M
KXETH15M-26MAY270530,0.3258,yes,0.0,0.0,6126,2026-05-27 09:30:11.548981+00:00,KXETH15M-26MAY270530-30,100,61.26,56.3042,2026-05-27,56.3042,61.26,4.629999999999996,KXETH15M
KXBTC15M-26MAY270500,0.9455,no,56.55,22.0545,5655,2026-05-27 09:00:11.550292+00:00,KXBTC15M-26MAY270500-00,0,0.0,0.0,2026-05-27,22.0545,56.55,33.54999999999999,KXBTC15M
KXDOGE15M-26MAY270445,1.54185,no,96.57,73.26815,2307,2026-05-27 08:45:11.548452+00:00,KXDOGE15M-26MAY270445-45,0,73.5,67.62,2026-05-27,140.88815,96.57,-45.86,KXDOGE15M
KXBTC15M-26MAY270430,0.5088,yes,0.0,0.0,6874,2026-05-27 08:30:11.551116+00:00,KXBTC15M-26MAY270430-30,100,68.74,60.4912,2026-05-27,60.4912,68.74,7.739999999999996,KXBTC15M
KXBTC-26MAY2704,0.0926,yes,0.0,0.0,6113,2026-05-27 08:03:01.640295+00:00,KXBTC-26MAY2704-B75850,100,61.13,59.9074,2026-05-27,59.9074,61.13,1.13,KXBTC
KXBTC-26MAY2703,0.2653,yes,0.0,0.0,3002,2026-05-27 07:07:41.507435+00:00,KXBTC-26MAY2703-B75750,100,30.02,25.6947,2026-05-27,25.6947,30.02,4.059999999999999,KXBTC
KXBTC15M-26MAY270230,0.296,no,25.88,20.704,2588,2026-05-27 06:30:11.555649+00:00,KXBTC15M-26MAY270230-30,0,0.0,0.0,2026-05-27,20.704,25.88,4.879999999999998,KXBTC15M
KXBTCD-26MAY2702,0.4756,yes,0.0,0.0,5016,2026-05-27 06:03:51.623061+00:00,KXBTCD-26MAY2702-T75599.99,100,50.16,42.1344,2026-05-27,42.1344,50.16,7.549999999999997,KXBTCD
KXBTC15M-26MAY270145,0.16228,no,42.82,40.50772,4282,2026-05-27 05:45:11.555767+00:00,KXBTC15M-26MAY270145-45,0,0.0,0.0,2026-05-27,40.50772,42.82,2.1500000000000012,KXBTC15M
KXBTC15M-26MAY270115,0.2879,yes,0.0,0.0,4087,2026-05-27 05:15:11.605962+00:00,KXBTC15M-26MAY270115-15,100,40.87,36.3021,2026-05-27,36.3021,40.87,4.279999999999995,KXBTC15M
KXBTC15M-26MAY270030,2.8714,no,232.92,192.759,11056,2026-05-27 04:30:11.678040+00:00,KXBTC15M-26MAY270030-30,0,122.36,13.4596,2026-05-27,206.21859999999998,232.92,23.830000000000005,KXBTC15M
KXBTC15M-26MAY270015,0.84104,no,90.04,89.02456,0,2026-05-27 04:15:11.607940+00:00,KXBTC15M-26MAY270015-15,0,90.04,77.4344,2026-05-27,166.45896,90.04,-77.25999999999999,KXBTC15M
KXBTCD-26MAY2700,0.888,no,79.04,63.232,7904,2026-05-27 04:03:11.655700+00:00,KXBTCD-26MAY2700-T75599.99,0,0.0,0.0,2026-05-27,63.232,79.04,14.920000000000007,KXBTCD
KXBTC15M-26MAY262345,0.0981,no,63.55,62.1519,6355,2026-05-27 03:45:11.604117+00:00,KXBTC15M-26MAY262345-45,0,0.0,0.0,2026-05-27,62.1519,63.55,1.2999999999999994,KXBTC15M
KXBTC15M-26MAY262330,0.13851,no,62.21,60.23149,6221,2026-05-27 03:30:12.304529+00:00,KXBTC15M-26MAY262330-30,0,0.0,0.0,2026-05-27,60.23149,62.21,1.84,KXBTC15M
KXBTC15M-26MAY261930,0.6513,no,60.27,48.8187,6027,2026-05-26 23:30:11.559978+00:00,KXBTC15M-26MAY261930-30,0,0.0,0.0,2026-05-26,48.8187,60.27,10.800000000000004,KXBTC15M
KXBTC15M-26MAY261830,0.20316,no,49.56,46.53684,4956,2026-05-26 22:30:11.557060+00:00,KXBTC15M-26MAY261830-30,0,0.0,0.0,2026-05-26,46.53684,49.56,2.8200000000000043,KXBTC15M
KXBTC15M-26MAY261815,0.20865,no,47.21,44.14135,4721,2026-05-26 22:15:12.508426+00:00,KXBTC15M-26MAY261815-15,0,0.0,0.0,2026-05-26,44.14135,47.21,2.859999999999998,KXBTC15M
KXBTC15M-26MAY261745,0.6824,no,45.04,31.0776,4504,2026-05-26 21:45:11.607672+00:00,KXBTC15M-26MAY261745-45,0,0.0,0.0,2026-05-26,31.0776,45.04,13.28,KXBTC15M
KXBTC15M-26MAY261715,0.2236,no,31.76,28.2664,3176,2026-05-26 21:15:11.554256+00:00,KXBTC15M-26MAY261715-15,0,0.0,0.0,2026-05-26,28.2664,31.76,3.270000000000001,KXBTC15M
KXBTCD-26MAY2617,0.3478,yes,0.0,0.0,2849,2026-05-26 21:02:51.688453+00:00,KXBTCD-26MAY2617-T75999.99,100,28.49,22.2222,2026-05-26,22.2222,28.49,5.919999999999997,KXBTCD
KXBTC-26MAY2617,3.1893,no,149.11,130.7701,0,2026-05-26 21:02:51.604954+00:00,KXBTC-26MAY2617-B75875,0,149.11,108.7406,2026-05-26,239.5107,149.11,-93.59,KXBTC
KXBTC15M-26MAY261545,0.66824,yes,0.0,0.0,11616,2026-05-26 19:45:11.554882+00:00,KXBTC15M-26MAY261545-45,100,116.16,105.71176,2026-05-26,105.71176,116.16,9.779999999999998,KXBTC15M
KXBTC15M-26MAY261500,1.3525,no,102.29,76.7175,10229,2026-05-26 19:00:01.559852+00:00,KXBTC15M-26MAY261500-00,0,0.0,0.0,2026-05-26,76.7175,102.29,24.220000000000006,KXBTC15M
KXBTC15M-26MAY261315,0.29584,no,81.96,77.53416,8196,2026-05-26 17:15:11.607389+00:00,KXBTC15M-26MAY261315-15,0,0.0,0.0,2026-05-26,77.53416,81.96,4.129999999999994,KXBTC15M
KXBTCD-26MAY2612,0.9255,yes,0.0,0.0,7755,2026-05-26 16:03:01.641173+00:00,KXBTCD-26MAY2612-T76399.99,100,77.55,60.7645,2026-05-26,60.7645,77.55,15.86,KXBTCD
KXBTC15M-26MAY261115,2.7626,yes,87.09,25.2561,0,2026-05-26 15:15:11.556468+00:00,KXBTC15M-26MAY261115-15,100,87.09,49.6413,2026-05-26,74.8974,87.09,9.43,KXBTC15M
KXBTCD-26MAY2611,0.7751,no,51.21,35.3349,5121,2026-05-26 15:03:11.651834+00:00,KXBTCD-26MAY2611-T76899.99,0,0.0,0.0,2026-05-26,35.3349,51.21,15.100000000000003,KXBTCD
KXBTC15M-26MAY260115,0.1614,yes,0.0,0.0,3756,2026-05-26 05:15:11.557152+00:00,KXBTC15M-26MAY260115-15,100,37.56,35.1186,2026-05-26,35.1186,37.56,2.2800000000000016,KXBTC15M
KXBTC15M-26MAY260100,0.394,no,35.12,28.096,3512,2026-05-26 05:00:11.557583+00:00,KXBTC15M-26MAY260100-00,0,0.0,0.0,2026-05-26,28.096,35.12,6.629999999999997,KXBTC15M
KXBTC15M-26MAY260045,0.1676,yes,0.0,0.0,2864,2026-05-26 04:45:11.557744+00:00,KXBTC15M-26MAY260045-45,100,28.64,26.0624,2026-05-26,26.0624,28.64,2.41,KXBTC15M
KXBTC15M-26MAY260030,0.3336,yes,0.0,0.0,2632,2026-05-26 04:30:11.556759+00:00,KXBTC15M-26MAY260030-30,100,26.32,20.2664,2026-05-26,20.2664,26.32,5.72,KXBTC15M
KXBTC15M-26MAY250700,0.3283,yes,0.0,0.0,8806,2026-05-25 11:00:11.550873+00:00,KXBTC15M-26MAY250700-00,100,88.06,83.1917,2026-05-25,83.1917,88.06,4.540000000000005,KXBTC15M
KXBTC15M-26MAY250645,0.7226,no,85.59,73.6074,8559,2026-05-25 10:45:11.598508+00:00,KXBTC15M-26MAY250645-45,0,0.0,0.0,2026-05-25,73.6074,85.59,11.260000000000005,KXBTC15M
KXBTC15M-26MAY250615,0.0928,yes,0.0,0.0,6514,2026-05-25 10:15:11.551248+00:00,KXBTC15M-26MAY250615-15,100,65.14,63.8372,2026-05-25,63.8372,65.14,1.2099999999999977,KXBTC15M
KXBTC-26MAY2506,0.4881,yes,0.0,0.0,7309,2026-05-25 10:03:01.623660+00:00,KXBTC-26MAY2506-B77550,100,73.09,65.3419,2026-05-25,65.3419,73.09,7.260000000000008,KXBTC
KXBTC15M-26MAY250445,0.2362,yes,0.0,0.0,6530,2026-05-25 08:45:11.550435+00:00,KXBTC15M-26MAY250445-45,100,65.3,61.7738,2026-05-25,61.7738,65.3,3.2899999999999956,KXBTC15M
KXBTC15M-26MAY250430,1.9295,yes,58.49,8.1886,4197,2026-05-25 08:30:11.548363+00:00,KXBTC15M-26MAY250430-30,100,100.46,72.2419,2026-05-25,80.4305,100.46,18.099999999999998,KXBTC15M
KXBTC15M-26MAY250415,1.7626,no,61.21,41.6228,0,2026-05-25 08:15:11.552095+00:00,KXBTC15M-26MAY250415-15,0,61.21,15.9146,2026-05-25,57.5374,61.21,1.9100000000000028,KXBTC15M
KXBTCD-26MAY2504,0.5525,yes,0.0,0.0,4193,2026-05-25 08:03:11.615947+00:00,KXBTCD-26MAY2504-T77299.99,100,41.93,31.4475,2026-05-25,31.4475,41.93,9.929999999999998,KXBTCD
KXBTC15M-26MAY250400,0.8054,yes,38.1,24.384,0,2026-05-25 08:00:11.551729+00:00,KXBTC15M-26MAY250400-00,100,38.1,35.2806,2026-05-25,59.6646,38.1,-22.369999999999997,KXBTC15M
KXBTC15M-26MAY241330,0.0,no,0.0,0.0,0,2026-05-24 17:30:11.555170+00:00,KXBTC15M-26MAY241330-30,0,0.0,0.0,2026-05-24,0.0,0.0,0.0,KXBTC15M
KXBTC15M-26MAY241230,0.188,no,0.0,0.0,0,2026-05-24 16:30:11.605568+00:00,KXBTC15M-26MAY241230-30,0,11.02,6.612,2026-05-24,6.612,0.0,-6.8,KXBTC15M
KXBTC-26MAY2412,0.078,yes,0.0,0.0,680,2026-05-24 16:03:21.634509+00:00,KXBTC-26MAY2412-B76250,100,6.8,5.592,2026-05-24,5.592,6.8,1.1300000000000001,KXBTC
KXBTC15M-26MAY241130,0.01678,no,5.66,5.47322,566,2026-05-24 15:30:11.552141+00:00,KXBTC15M-26MAY241130-30,0,0.0,0.0,2026-05-24,5.47322,5.66,0.16999999999999973,KXBTC15M
KXBTC15M-26MAY241115,0.02706,yes,0.0,0.0,541,2026-05-24 15:15:11.556570+00:00,KXBTC15M-26MAY241115-15,100,5.41,5.05294,2026-05-24,5.05294,5.41,0.32999999999999974,KXBTC15M
KXBTC15M-26MAY241045,0.2153,yes,5.79,1.2159,512,2026-05-24 14:45:11.551864+00:00,KXBTC15M-26MAY241045-45,100,10.91,8.1088,2026-05-24,9.3247,10.91,1.37,KXBTC15M
KXBTC15M-26MAY241030,0.3792,no,25.87,23.3558,377,2026-05-24 14:30:11.557375+00:00,KXBTC15M-26MAY241030-30,0,22.1,18.785,2026-05-24,42.1408,25.87,-16.65,KXBTC15M
KXBTC15M-26MAY241015,0.0727,no,20.05,18.9673,2005,2026-05-24 14:15:11.555256+00:00,KXBTC15M-26MAY241015-15,0,0.0,0.0,2026-05-24,18.9673,20.05,1.0099999999999991,KXBTC15M
KXBTCD-26MAY2403,0.3176,no,18.84,11.4924,1884,2026-05-24 07:07:42.846092+00:00,KXBTCD-26MAY2403-T76899.99,0,0.0,0.0,2026-05-24,11.4924,18.84,7.03,KXBTCD
KXBTC15M-26MAY240230,0.872,no,25.2,12.348,0,2026-05-24 06:30:11.550659+00:00,KXBTC15M-26MAY240230-30,0,25.2,10.08,2026-05-24,22.428,25.2,1.8999999999999986,KXBTC15M
KXBTC15M-26MAY240215,0.3276,yes,25.24,19.1824,0,2026-05-24 06:15:11.555404+00:00,KXBTC15M-26MAY240215-15,100,0.0,0.0,2026-05-24,19.1824,0.0,-19.51,KXBTC15M
KXBTC15M-26MAY240145,0.0,no,0.0,0.0,0,2026-05-24 05:45:01.548940+00:00,KXBTC15M-26MAY240145-45,0,0.0,0.0,2026-05-24,0.0,0.0,0.0,KXBTC15M
KXBTC-26MAY2314,0.0,yes,0.0,0.0,0,2026-05-23 18:03:11.622855+00:00,KXBTC-26MAY2314-B75450,100,0.0,0.0,2026-05-23,0.0,0.0,0.0,KXBTC
KXBTCD-26MAY2314,0.4288,yes,0.0,0.0,2996,2026-05-23 18:03:11.614584+00:00,KXBTCD-26MAY2314-T75399.99,100,29.96,21.5712,2026-05-23,21.5712,29.96,7.96,KXBTCD
KXBTC15M-26MAY231330,0.0,yes,0.0,0.0,0,2026-05-23 17:30:11.559031+00:00,KXBTC15M-26MAY231330-30,100,0.0,0.0,2026-05-23,0.0,0.0,0.0,KXBTC15M
KXBTC15M-26MAY230600,0.0971,no,22.05,20.6829,2205,2026-05-23 10:00:11.549300+00:00,KXBTC15M-26MAY230600-00,0,0.0,0.0,2026-05-23,20.6829,22.05,1.2700000000000007,KXBTC15M
KXBTC15M-26MAY221230,0.1936,yes,0.0,0.0,2021,2026-05-22 16:30:01.559416+00:00,KXBTC15M-26MAY221230-30,100,20.21,16.9764,2026-05-22,16.9764,20.21,3.039999999999999,KXBTC15M
KXBTC15M-26MAY221215,0.1769,yes,0.0,0.0,1757,2026-05-22 16:15:11.553619+00:00,KXBTC15M-26MAY221215-15,100,17.57,14.5831,2026-05-22,14.5831,17.57,2.8100000000000005,KXBTC15M
KXBTCD-26MAY2212,0.1896,yes,0.0,0.0,1429,2026-05-22 16:03:11.634273+00:00,KXBTCD-26MAY2212-T76699.99,100,14.29,10.8604,2026-05-22,10.8604,14.29,3.239999999999999,KXBTCD
KXBTC15M-26MAY221130,0.184,yes,0.0,0.0,1170,2026-05-22 15:30:11.556007+00:00,KXBTC15M-26MAY221130-30,100,11.7,7.956,2026-05-22,7.956,11.7,3.5599999999999987,KXBTC15M
KXBTC15M-26MAY220345,0.0669,no,8.13,7.0731,813,2026-05-22 07:45:11.548797+00:00,KXBTC15M-26MAY220345-45,0,0.0,0.0,2026-05-22,7.0731,8.13,0.9900000000000007,KXBTC15M
KXBTC15M-26MAY220300,0.695,no,25.64,18.12,714,2026-05-22 07:07:45.003124+00:00,KXBTC15M-26MAY220300-00,0,18.5,10.915,2026-05-22,29.035,25.64,-4.09,KXBTC15M
KXBTC15M-26MAY220245,0.0912,no,11.24,9.7788,1124,2026-05-22 06:45:11.553861+00:00,KXBTC15M-26MAY220245-45,0,0.0,0.0,2026-05-22,9.7788,11.24,1.3699999999999999,KXBTC15M
KXBTC15M-26MAY220230,0.0784,no,9.68,8.4216,968,2026-05-22 06:30:11.553869+00:00,KXBTC15M-26MAY220230-30,0,0.0,0.0,2026-05-22,8.4216,9.68,1.18,KXBTC15M
KXBTC15M-26MAY220215,0.1252,no,8.59,6.1848,859,2026-05-22 06:15:11.558342+00:00,KXBTC15M-26MAY220215-15,0,0.0,0.0,2026-05-22,6.1848,8.59,2.28,KXBTC15M
KXBTC15M-26MAY220200,1.41991,no,64.29,28.2742,629,2026-05-22 06:00:11.552007+00:00,KXBTC15M-26MAY220200-00,0,58.0,53.25589,2026-05-22,81.53009,64.29,-18.659999999999997,KXBTC15M
KXBTC15M-26MAY220145,0.7835,no,34.7,29.842,0,2026-05-22 05:45:11.559334+00:00,KXBTC15M-26MAY220145-45,0,34.7,25.1845,2026-05-22,55.0265,34.7,-21.109999999999996,KXBTC15M
KXBTC15M-26MAY220130,0.38494,no,47.0,42.67506,0,2026-05-22 05:30:11.555130+00:00,KXBTC15M-26MAY220130-30,0,47.0,1.41,2026-05-22,44.08506,47.0,2.5300000000000016,KXBTC15M
KXBTC15M-26MAY211445,0.3636,yes,0.0,0.0,2484,2026-05-21 18:45:05.056848+00:00,KXBTC15M-26MAY211445-45,100,24.84,17.6364,2026-05-21,17.6364,24.84,6.840000000000002,KXBTC15M
KXBTC15M-26MAY211145,0.345,no,38.3,32.555,3830,2026-05-21 15:45:05.049989+00:00,KXBTC15M-26MAY211145-45,0,0.0,0.0,2026-05-21,32.555,38.3,5.399999999999998,KXBTC15M
KXBTC15M-26MAY211045,0.8716,no,45.65,32.6008,3229,2026-05-21 14:45:05.054372+00:00,KXBTC15M-26MAY211045-45,0,13.36,8.8176,2026-05-21,41.4184,45.65,3.3600000000000003,KXBTC15M
KXBTC15M-26MAY210145,0.2947,no,19.37,13.2753,1937,2026-05-21 05:45:11.576851+00:00,KXBTC15M-26MAY210145-45,0,0.0,0.0,2026-05-21,13.2753,19.37,5.800000000000002,KXBTC15M
KXBTC15M-26MAY210115,0.1124,no,5.75,2.9276,575,2026-05-21 05:15:11.582220+00:00,KXBTC15M-26MAY210115-15,0,0.0,0.0,2026-05-21,2.9276,5.75,2.71,KXBTC15M
KXBTC15M-26MAY210045,0.28,no,20.84,15.63,2084,2026-05-21 04:45:11.578395+00:00,KXBTC15M-26MAY210045-45,0,0.0,0.0,2026-05-21,15.63,20.84,4.929999999999999,KXBTC15M
KXBTC15M-26MAY210015,0.0,no,0.0,0.0,0,2026-05-21 04:15:11.633723+00:00,KXBTC15M-26MAY210015-15,0,0.0,0.0,2026-05-21,0.0,0.0,0.0,KXBTC15M
KXBTC15M-26MAY210000,0.10774,yes,5.11,3.0149,0,2026-05-21 04:00:31.692171+00:00,KXBTC15M-26MAY210000-00,100,5.11,4.98736,2026-05-21,8.00226,5.11,-2.9999999999999996,KXBTC15M
KXBTC15M-26MAY202315,0.1618,no,8.26,5.9857,601,2026-05-21 03:15:11.689714+00:00,KXBTC15M-26MAY202315-15,0,2.25,1.1025,2026-05-21,7.0882,8.26,1.0100000000000002,KXBTC15M
KXBTC15M-26MAY202300,0.0654,no,4.02,2.9346,402,2026-05-21 03:00:11.580350+00:00,KXBTC15M-26MAY202300-00,0,0.0,0.0,2026-05-21,2.9346,4.02,1.0199999999999996,KXBTC15M
KXBTC15M-26MAY202115,0.0714,yes,3.91,1.7986,0,2026-05-21 01:15:11.629860+00:00,KXBTC15M-26MAY202115-15,100,0.0,0.0,2026-05-21,1.7986,0.0,-1.8699999999999999,KXBTC15M
KXBTC15M-26MAY201615,0.0,yes,0.0,0.0,0,2026-05-20 20:15:11.630394+00:00,KXBTC15M-26MAY201615-15,100,0.0,0.0,2026-05-20,0.0,0.0,0.0,KXBTC15M
KXBTC15M-26MAY201515,0.1514,yes,4.51,1.3981,0,2026-05-20 19:15:11.580442+00:00,KXBTC15M-26MAY201515-15,100,4.51,2.4805,2026-05-20,3.8786,4.51,0.47999999999999976,KXBTC15M
KXBTC15M-26MAY201500,0.17402,no,9.06,8.54298,0,2026-05-20 19:00:11.579335+00:00,KXBTC15M-26MAY201500-00,0,9.06,2.673,2026-05-20,11.21598,9.06,-2.3299999999999996,KXBTC15M
KXBTC15M-26MAY201445,0.7632,no,25.86,15.0438,780,2026-05-20 18:45:11.580836+00:00,KXBTC15M-26MAY201445-45,0,18.06,9.933,2026-05-20,24.976799999999997,25.86,0.12000000000000222,KXBTC15M
KXBTC15M-26MAY201345,0.2152,yes,0.0,0.0,1165,2026-05-20 17:45:11.580272+00:00,KXBTC15M-26MAY201345-45,100,11.65,5.5248,2026-05-20,5.5248,11.65,5.91,KXBTC15M
KXBTC15M-26MAY201330,0.7758,yes,30.88,15.0098,0,2026-05-20 17:30:11.581457+00:00,KXBTC15M-26MAY201330-30,100,30.88,27.1744,2026-05-20,42.1842,30.88,-12.079999999999998,KXBTC15M
KXBTC15M-26MAY201315,0.3814,yes,14.06,6.4099,0,2026-05-20 17:15:11.582529+00:00,KXBTC15M-26MAY201315-15,100,7.21,3.3887,2026-05-20,9.7986,7.21,-2.9700000000000006,KXBTC15M
KXBTC15M-26MAY201300,0.29887,no,13.91,13.39533,0,2026-05-20 17:00:11.581739+00:00,KXBTC15M-26MAY201300-00,0,13.91,5.7458,2026-05-20,19.14113,13.91,-5.53,KXBTC15M
KXBTC15M-26MAY200300,0.0404,yes,1.94,0.6596,0,2026-05-20 07:07:55.423590+00:00,KXBTC15M-26MAY200300-00,100,0.0,0.0,2026-05-20,0.6596,0.0,-0.7,KXBTC15M
KXBTC15M-26MAY200245,0.16,no,9.75,6.24,975,2026-05-20 06:45:01.627225+00:00,KXBTC15M-26MAY200245-45,0,0.0,0.0,2026-05-20,6.24,9.75,3.3499999999999996,KXBTC15M
KXBTC15M-26MAY200215,0.0485,yes,6.15,2.322,0,2026-05-20 06:15:11.579764+00:00,KXBTC15M-26MAY200215-15,100,6.15,5.7195,2026-05-20,8.0415,6.15,-1.9399999999999988,KXBTC15M
KXBTC15M-26MAY200200,0.0,yes,3.0,1.74,0,2026-05-20 06:00:11.571847+00:00,KXBTC15M-26MAY200200-00,100,0.0,0.0,2026-05-20,1.74,0.0,-1.74,KXBTC15M
KXBTC15M-26MAY200030,0.1028,no,14.08,12.4072,1008,2026-05-20 04:30:11.582649+00:00,KXBTC15M-26MAY200030-30,0,4.0,1.76,2026-05-20,14.1672,14.08,-0.18999999999999928,KXBTC15M
KXBTC15M-26MAY200015,0.08871,yes,7.11,0.9328,0,2026-05-20 04:15:11.578606+00:00,KXBTC15M-26MAY200015-15,100,7.11,6.81849,2026-05-20,7.75129,7.11,-0.7299999999999996,KXBTC15M
KXBTC15M-26MAY200000,0.072,no,0.0,0.0,0,2026-05-20 04:00:31.160392+00:00,KXBTC15M-26MAY200000-00,0,3.9,2.028,2026-05-20,2.028,0.0,-2.1,KXBTC15M
KXBTC15M-26MAY192330,0.0,yes,0.0,0.0,0,2026-05-20 03:30:01.639562+00:00,KXBTC15M-26MAY192330-30,100,0.0,0.0,2026-05-20,0.0,0.0,0.0,KXBTC15M
KXBTC15M-26MAY192315,0.03,no,1.0,0.7,0,2026-05-20 03:15:11.634224+00:00,KXBTC15M-26MAY192315-15,0,1.0,0.14,2026-05-20,0.84,1.0,0.13000000000000003,KXBTC15M
KXBTC15M-26MAY191730,0.0,no,0.0,0.0,0,2026-05-19 21:30:11.582867+00:00,KXBTC15M-26MAY191730-30,0,0.0,0.0,2026-05-19,0.0,0.0,0.0,KXBTC15M
KXBTC15M-26MAY191715,0.032,no,1.0,0.58,0,2026-05-19 21:15:11.582701+00:00,KXBTC15M-26MAY191715-15,0,1.0,0.098,2026-05-19,0.6779999999999999,1.0,0.29000000000000004,KXBTC15M
KXBTC15M-26MAY191500,0.0,no,0.0,0.0,0,2026-05-19 19:42:11.614678+00:00,KXBTC15M-26MAY191500-00,0,0.0,0.0,2026-05-19,0.0,0.0,0.0,KXBTC15M
KXBTC15M-26MAY190630,0.15,yes,5.64,3.5532,0,2026-05-19 10:30:01.571536+00:00,KXBTC15M-26MAY190630-30,100,5.64,4.9068,2026-05-19,8.459999999999999,5.64,-2.9699999999999993,KXBTC15M
KXBTC15M-26MAY190200,0.0664,no,4.61,3.3436,361,2026-05-19 06:00:11.576052+00:00,KXBTC15M-26MAY190200-00,0,1.0,0.57,2026-05-19,3.9135999999999997,4.61,0.6300000000000006,KXBTC15M
KXBTC15M-26MAY190145,0.0902,yes,4.77,2.1798,0,2026-05-19 05:45:01.620938+00:00,KXBTC15M-26MAY190145-45,100,0.0,0.0,2026-05-19,2.1798,0.0,-2.27,KXBTC15M
KXBTC15M-26MAY190115,0.1262,no,8.92,7.8686,0,2026-05-19 05:15:01.796848+00:00,KXBTC15M-26MAY190115-15,0,8.92,2.8852,2026-05-19,10.7538,8.92,-1.9600000000000002,KXBTC15M
KXBTC15M-26MAY190000,0.14398,no,6.91,6.64742,0,2026-05-19 04:01:01.581970+00:00,KXBTC15M-26MAY190000-00,0,6.91,3.1786,2026-05-19,9.82602,6.91,-3.0599999999999996,KXBTC15M
KXBTC15M-26MAY171245,0.4788,yes,0.0,0.0,2726,2026-05-17 16:45:01.576876+00:00,KXBTC15M-26MAY171245-45,100,27.26,12.2012,2026-05-17,12.2012,27.26,14.580000000000002,KXBTC15M
KXBTC15M-26MAY170530,0.1562,no,8.73,4.1238,873,2026-05-17 09:36:41.567705+00:00,KXBTC15M-26MAY170530-30,0,0.0,0.0,2026-05-17,4.1238,8.73,4.45,KXBTC15M
KXBTC15M-26MAY170515,0.1396,yes,6.6,2.3776,0,2026-05-17 09:15:11.572218+00:00,KXBTC15M-26MAY170515-15,100,6.6,6.3228,2026-05-17,8.7004,6.6,-2.2400000000000007,KXBTC15M
KXBTC15M-26MAY170445,0.2738,no,7.62,3.3738,0,2026-05-17 08:45:01.572602+00:00,KXBTC15M-26MAY170445-45,0,7.62,3.9624,2026-05-17,7.3362,7.62,0.010000000000000286,KXBTC15M
KXBTCD-26MAY1601,0.0825,yes,4.25,0.085,0,2026-05-16 05:03:01.762872+00:00,KXBTCD-26MAY1601-T78999.99,100,4.25,2.9325,2026-05-16,3.0175,4.25,1.15,KXBTCD
KXBTC15M-26MAY160100,0.0852,yes,4.23,1.9648,0,2026-05-16 05:00:11.634326+00:00,KXBTC15M-26MAY160100-00,100,0.0,0.0,2026-05-16,1.9648,0.0,-2.0500000000000003,KXBTC15M
KXBTC15M-26MAY160000,0.08709,yes,4.21,0.40292,0,2026-05-16 04:00:30.182070+00:00,KXBTC15M-26MAY160000-00,100,4.21,2.58999,2026-05-16,2.9929099999999997,4.21,1.1300000000000003,KXBTC15M
KXBTCD-26MAY1522,0.0612,yes,0.0,0.0,892,2026-05-16 02:04:11.698707+00:00,KXBTCD-26MAY1522-T79099.99,100,8.92,7.9388,2026-05-16,7.9388,8.92,0.9200000000000003,KXBTCD
KXBTC15M-26MAY152200,0.072,yes,4.26,1.278,0,2026-05-16 02:00:11.578891+00:00,KXBTC15M-26MAY152200-00,100,0.0,0.0,2026-05-16,1.278,0.0,-1.35,KXBTC15M
KXBTC15M-26MAY152030,0.1035,yes,4.02,1.6884,0,2026-05-16 00:30:01.631054+00:00,KXBTC15M-26MAY152030-30,100,4.02,3.6381,2026-05-16,5.3265,4.02,-1.4100000000000006,KXBTC15M
KXBTC15M-26MAY151730,0.04,no,2.0,1.02,0,2026-05-15 21:30:11.582243+00:00,KXBTC15M-26MAY151730-30,0,2.0,0.98,2026-05-15,2.0,2.0,-0.04,KXBTC15M
KXBTC15M-26MAY151700,0.0819,yes,3.29,0.4935,0,2026-05-15 21:00:11.578929+00:00,KXBTC15M-26MAY151700-00,100,3.29,2.4346,2026-05-15,2.9281,3.29,0.2799999999999999,KXBTC15M
KXBTC15M-26MAY151630,0.0597,yes,2.19,1.1869,0,2026-05-15 20:30:01.576225+00:00,KXBTC15M-26MAY151630-30,100,2.19,1.6434,2026-05-15,2.8303000000000003,2.19,-0.7000000000000003,KXBTC15M
KXBTCD-26MAY1516,0.056,yes,0.0,0.0,316,2026-05-15 20:02:51.651318+00:00,KXBTCD-26MAY1516-T79099.99,100,3.16,2.054,2026-05-15,2.054,3.16,1.0500000000000003,KXBTCD
KXBTC15M-26MAY151545,0.2529,no,7.01,2.9318,0,2026-05-15 19:45:11.577830+00:00,KXBTC15M-26MAY151545-45,0,7.01,3.7153,2026-05-15,6.6471,7.01,0.10999999999999976,KXBTC15M
KXBTC15M-26MAY151500,0.0816,yes,4.76,1.6184,0,2026-05-15 19:00:11.580478+00:00,KXBTC15M-26MAY151500-00,100,0.0,0.0,2026-05-15,1.6184,0.0,-1.7000000000000002,KXBTC15M
KXBTC15M-26MAY151445,0.1851,no,5.17,2.6367,0,2026-05-15 18:45:11.581555+00:00,KXBTC15M-26MAY151445-45,0,5.17,2.3782,2026-05-15,5.0149,5.17,-0.02999999999999997,KXBTC15M
KXBTC15M-26MAY151415,0.0,yes,0.0,0.0,0,2026-05-15 18:17:01.577148+00:00,KXBTC15M-26MAY151415-15,100,0.0,0.0,2026-05-15,0.0,0.0,0.0,KXBTC15M
KXBTC15M-26MAY151345,0.1876,yes,6.05,2.8624,0,2026-05-15 17:45:11.580500+00:00,KXBTC15M-26MAY151345-45,100,6.05,1.21,2026-05-15,4.0724,6.05,1.7899999999999998,KXBTC15M
KXBTC15M-26MAY150530,0.0,no,0.0,0.0,0,2026-05-15 09:31:31.618128+00:00,KXBTC15M-26MAY150530-30,0,0.0,0.0,2026-05-15,0.0,0.0,0.0,KXBTC15M
KXBTC15M-26MAY150515,0.0504,no,0.0,0.0,0,2026-05-15 09:16:21.621155+00:00,KXBTC15M-26MAY150515-15,0,2.52,1.2096,2026-05-15,1.2096,0.0,-1.26,KXBTC15M
KXBTC15M-26MAY150430,0.129,no,4.95,3.2175,0,2026-05-15 08:31:31.572841+00:00,KXBTC15M-26MAY150430-30,0,4.95,0.6435,2026-05-15,3.8609999999999998,4.95,0.9600000000000004,KXBTC15M
KXBTC15M-26MAY150400,0.0533,no,0.0,0.0,0,2026-05-15 08:01:21.621337+00:00,KXBTC15M-26MAY150400-00,0,2.61,1.2267,2026-05-15,1.2267,0.0,-1.2799999999999998,KXBTC15M
KXBTC15M-26MAY150330,0.0582,yes,0.0,0.0,327,2026-05-15 07:31:21.624033+00:00,KXBTC15M-26MAY150330-30,100,3.27,1.2618,2026-05-15,1.2618,3.27,1.95,KXBTC15M
KXBTC15M-26MAY150300,0.2088,no,6.43,4.5223,132,2026-05-15 07:07:48.023889+00:00,KXBTC15M-26MAY150300-00,0,5.11,2.3989,2026-05-15,6.921200000000001,6.43,-0.700000000000001,KXBTC15M
KXBTC15M-26MAY150245,0.0443,yes,0.0,0.0,201,2026-05-15 06:46:21.625533+00:00,KXBTC15M-26MAY150245-45,100,2.01,1.1457,2026-05-15,1.1457,2.01,0.8199999999999998,KXBTC15M
KXBTC15M-26MAY150230,0.0308,yes,0.0,0.0,121,2026-05-15 06:31:21.625654+00:00,KXBTC15M-26MAY150230-30,100,1.21,0.6292,2026-05-15,0.6292,1.21,0.5499999999999999,KXBTC15M
KXBTCD-26MAY1502,0.012,no,0.65,0.338,65,2026-05-15 06:03:01.706912+00:00,KXBTCD-26MAY1502-T80399.99,0,0.0,0.0,2026-05-15,0.338,0.65,0.3,KXBTCD
KXBTC15M-26MAY150145,0.0775,no,6.45,6.063,0,2026-05-15 05:46:21.621051+00:00,KXBTC15M-26MAY150145-45,0,6.45,0.7095,2026-05-15,6.7725,6.45,-0.3999999999999998,KXBTC15M
KXBTC15M-26MAY150130,0.006,no,1.0,0.994,0,2026-05-15 05:31:31.624569+00:00,KXBTC15M-26MAY150130-30,0,1.0,0.56,2026-05-15,1.554,1.0,-0.56,KXBTC15M
KXBTC15M-26MAY142300,0.0,yes,1.0,0.08,0,2026-05-15 03:00:11.575410+00:00,KXBTC15M-26MAY142300-00,100,1.0,0.64,2026-05-15,0.72,1.0,0.28,KXBTC15M
KXBTC15M-26MAY142245,0.1626,yes,9.32,3.5574,0,2026-05-15 02:45:11.581101+00:00,KXBTC15M-26MAY142245-45,100,1.0,0.7,2026-05-15,4.2574,1.0,-3.4199999999999995,KXBTC15M
KXBTC15M-26MAY142230,0.28,no,12.0,5.36,0,2026-05-15 02:30:11.580863+00:00,KXBTC15M-26MAY142230-30,0,12.0,6.72,2026-05-15,12.08,12.0,-0.3600000000000001,KXBTC15M
KXBTC15M-26MAY142215,0.4308,no,13.72,8.0948,0,2026-05-15 02:15:11.729696+00:00,KXBTC15M-26MAY142215-15,0,13.72,3.7044,2026-05-15,11.799199999999999,13.72,1.4900000000000015,KXBTC15M
KXBTC15M-26MAY142115,1.68,yes,110.0,16.76,0,2026-05-15 01:15:11.631302+00:00,KXBTC15M-26MAY142115-15,100,110.0,92.22,2026-05-15,108.98,110.0,-0.6600000000000039,KXBTC15M
KXBTC15M-26MAY142030,0.59,yes,18.0,10.08,0,2026-05-15 00:30:11.630501+00:00,KXBTC15M-26MAY142030-30,100,18.0,5.41,2026-05-15,15.49,18.0,1.92,KXBTC15M
KXBTC15M-26MAY141500,0.4,yes,29.0,7.8,0,2026-05-14 19:00:11.572969+00:00,KXBTC15M-26MAY141500-00,100,29.0,7.87,2026-05-14,15.67,29.0,12.93,KXBTC15M
KXBTC15M-26MAY141430,0.03,yes,4.0,0.48,0,2026-05-14 18:30:11.529813+00:00,KXBTC15M-26MAY141430-30,100,4.0,2.56,2026-05-14,3.04,4.0,0.9299999999999999,KXBTC15M
KXBTC15M-26MAY141300,0.212,yes,0.0,0.0,1260,2026-05-14 17:00:10.270670+00:00,KXBTC15M-26MAY141300-00,100,12.6,4.788,2026-05-14,4.788,12.6,7.6,KXBTC15M
KXBTC15M-26MAY141245,0.2732,no,21.07,5.0568,2107,2026-05-14 16:45:10.224974+00:00,KXBTC15M-26MAY141245-45,0,0.0,0.0,2026-05-14,5.0568,21.07,15.740000000000002,KXBTC15M
KXBTC15M-26MAY141145,0.02632,yes,3.84,3.46368,0,2026-05-14 15:45:11.528185+00:00,KXBTC15M-26MAY141145-45,100,0.0,0.0,2026-05-14,3.46368,0.0,-3.49,KXBTC15M
KXBTC15M-26MAY141115,0.51,yes,16.0,10.71,0,2026-05-14 15:15:21.526289+00:00,KXBTC15M-26MAY141115-15,100,16.0,11.57,2026-05-14,22.28,16.0,-6.790000000000001,KXBTC15M
KXBTC15M-26MAY141100,0.22,yes,12.0,2.4,0,2026-05-14 15:00:11.540287+00:00,KXBTC15M-26MAY141100-00,100,12.0,9.48,2026-05-14,11.88,12.0,-0.10000000000000078,KXBTC15M
KXBTC15M-26MAY141045,0.04,yes,2.0,1.07,0,2026-05-14 14:45:11.521840+00:00,KXBTC15M-26MAY141045-45,100,2.0,1.23,2026-05-14,2.3,2.0,-0.3399999999999998,KXBTC15M
KXBTC15M-26MAY140115,0.8825,no,14.8,7.092,0,2026-05-14 05:15:14.411954+00:00,KXBTC15M-26MAY140115-15,0,35.45,20.2555,2026-05-14,27.3475,14.8,-13.43,KXBTC15M
KXBTC15M-26MAY140100,0.06,yes,3.0,1.41,0,2026-05-14 05:00:14.363146+00:00,KXBTC15M-26MAY140100-00,100,0.0,0.0,2026-05-14,1.41,0.0,-1.47,KXBTC15M
KXBTC15M-26MAY132345,0.115,no,5.0,2.4,0,2026-05-14 03:45:14.367166+00:00,KXBTC15M-26MAY132345-45,0,5.0,0.335,2026-05-14,2.735,5.0,2.15,KXBTC15M
KXBTC15M-26MAY132330,0.379,yes,45.0,30.945,0,2026-05-14 03:30:14.368059+00:00,KXBTC15M-26MAY132330-30,100,29.0,2.936,2026-05-14,33.881,29.0,-5.26,KXBTC15M
KXBTC15M-26MAY132315,0.04,no,3.0,1.62,0,2026-05-14 03:15:14.489447+00:00,KXBTC15M-26MAY132315-15,0,3.0,2.4,2026-05-14,4.02,3.0,-1.0599999999999996,KXBTC15M
KXBTC15M-26MAY132245,0.04,no,1.0,0.64,0,2026-05-14 02:45:14.370360+00:00,KXBTC15M-26MAY132245-45,0,1.0,0.36,2026-05-14,1.0,1.0,-0.04,KXBTC15M
KXBTC15M-26MAY132115,0.0,no,0.0,0.0,0,2026-05-14 01:15:14.363437+00:00,KXBTC15M-26MAY132115-15,0,0.0,0.0,2026-05-14,0.0,0.0,0.0,KXBTC15M
KXBTC15M-26MAY132030,0.14864,no,6.24,5.70336,0,2026-05-14 00:30:14.365368+00:00,KXBTC15M-26MAY132030-30,0,6.24,4.008,2026-05-14,9.711359999999999,6.24,-3.6199999999999988,KXBTC15M
KXBTC15M-26MAY132000,0.412,yes,23.97,9.588,0,2026-05-14 00:00:14.361430+00:00,KXBTC15M-26MAY132000-00,100,0.0,0.0,2026-05-14,9.588,0.0,-10.0,KXBTC15M
KXBTC15M-26MAY131945,0.6375,no,28.73,24.4205,0,2026-05-13 23:45:14.365430+00:00,KXBTC15M-26MAY131945-45,0,28.73,6.832,2026-05-13,31.2525,28.73,-3.160000000000001,KXBTC15M
KXBTC15M-26MAY131845,0.0,yes,0.0,0.0,0,2026-05-13 22:45:14.359998+00:00,KXBTC15M-26MAY131845-45,100,0.0,0.0,2026-05-13,0.0,0.0,0.0,KXBTC15M
KXBTC15M-26MAY131445,0.1652,no,16.47,13.7348,1647,2026-05-13 18:45:14.360264+00:00,KXBTC15M-26MAY131445-45,0,0.0,0.0,2026-05-13,13.7348,16.47,2.569999999999999,KXBTC15M
KXBTC15M-26MAY130000,0.0026,yes,0.06,0.0174,0,2026-05-13 04:00:25.702665+00:00,KXBTC15M-26MAY130000-00,100,0.0,0.0,2026-05-13,0.0174,0.0,-0.019999999999999997,KXBTC15M
KXBTC15M-26MAY122300,0.0324,no,0.0,0.0,0,2026-05-13 03:00:15.213715+00:00,KXBTC15M-26MAY122300-00,0,1.64,0.9676,2026-05-13,0.9676,0.0,-1.0,KXBTC15M
KXBTC15M-26MAY122245,0.2504,no,7.48,5.7596,0,2026-05-13 02:45:15.152320+00:00,KXBTC15M-26MAY122245-45,0,7.48,2.89,2026-05-13,8.6496,7.48,-1.419999999999999,KXBTC15M
KXETH15M-26MAY122245,0.0428,yes,2.44,1.5172,0,2026-05-13 02:45:15.140761+00:00,KXETH15M-26MAY122245-45,100,0.0,0.0,2026-05-13,1.5172,0.0,-1.56,KXETH15M
KXBTC15M-26MAY122230,0.0545,yes,3.05,1.5555,0,2026-05-13 02:30:15.147945+00:00,KXBTC15M-26MAY122230-30,100,0.0,0.0,2026-05-13,1.5555,0.0,-1.61,KXBTC15M
KXBTC15M-26MAY121830,0.23507,yes,8.9,2.95813,0,2026-05-12 22:30:15.153403+00:00,KXBTC15M-26MAY121830-30,100,8.9,6.0868,2026-05-12,9.04493,8.9,-0.38000000000000045,KXBTC15M
KXBTC15M-26MAY121800,0.1142,yes,4.74,2.8974,0,2026-05-12 22:00:15.205533+00:00,KXBTC15M-26MAY121800-00,100,1.38,0.2484,2026-05-12,3.1458000000000004,1.38,-1.8800000000000006,KXBTC15M
KXBTC15M-26MAY121330,0.1125,yes,0.0,0.0,785,2026-05-12 17:30:15.201075+00:00,KXBTC15M-26MAY121330-30,100,7.85,5.8875,2026-05-12,5.8875,7.85,1.8499999999999994,KXBTC15M
KXBTCD-26MAY1213,0.3143,yes,5.89,3.4135,603,2026-05-12 17:03:05.245049+00:00,KXBTCD-26MAY1213-T79899.99,100,11.92,7.8322,2026-05-12,11.2457,11.92,0.36000000000000054,KXBTCD
KXBTC15M-26MAY121300,0.1463,no,4.72,4.012,0,2026-05-12 17:00:15.200741+00:00,KXBTC15M-26MAY121300-00,0,4.72,2.2517,2026-05-12,6.2637,4.72,-1.6900000000000004,KXBTC15M
KXBTC15M-26MAY121245,0.11036,no,4.06,3.67024,0,2026-05-12 16:45:15.202321+00:00,KXBTC15M-26MAY121245-45,0,4.06,1.9894,2026-05-12,5.6596400000000004,4.06,-1.7100000000000009,KXBTC15M
KXBTC15M-26MAY121230,0.0533,no,0.0,0.0,0,2026-05-12 16:30:15.199757+00:00,KXBTC15M-26MAY121230-30,0,4.27,0.8967,2026-05-12,0.8967,0.0,-0.9500000000000001,KXBTC15M
KXBTC15M-26MAY121215,0.1254,yes,6.43,3.3046,0,2026-05-12 16:15:15.159032+00:00,KXBTC15M-26MAY121215-15,100,0.0,0.0,2026-05-12,3.3046,0.0,-3.43,KXBTC15M
KXBTCD-26MAY1212,0.115,no,3.35,1.9095,0,2026-05-12 16:02:55.240295+00:00,KXBTCD-26MAY1212-T80399.99,0,3.35,1.1055,2026-05-12,3.0149999999999997,3.35,0.22000000000000042,KXBTCD
KXBTC15M-26MAY121200,0.0452,no,0.0,0.0,0,2026-05-12 16:00:15.202319+00:00,KXBTC15M-26MAY121200-00,0,3.16,0.8848,2026-05-12,0.8848,0.0,-0.93,KXBTC15M
KXBTC15M-26MAY120515,0.0447,no,2.16,1.1053,216,2026-05-12 09:15:15.202047+00:00,KXBTC15M-26MAY120515-15,0,0.0,0.0,2026-05-12,1.1053,2.16,1.0100000000000002,KXBTC15M
KXBTCD-26MAY1205,0.1685,no,6.15,2.8905,0,2026-05-12 09:03:05.225116+00:00,KXBTCD-26MAY1205-T80899.99,0,6.15,0.861,2026-05-12,3.7515,6.15,2.2300000000000004,KXBTCD
KXBTC15M-26MAY120500,0.05109,no,2.03,1.0632,0,2026-05-12 09:00:15.148863+00:00,KXBTC15M-26MAY120500-00,0,2.03,0.11571,2026-05-12,1.17891,2.03,0.7999999999999999,KXBTC15M
KXBTC15M-26MAY120445,0.1251,yes,5.7,2.9403,0,2026-05-12 08:45:15.198927+00:00,KXBTC15M-26MAY120445-45,100,5.7,5.5746,2026-05-12,8.5149,5.7,-2.9400000000000004,KXBTC15M
KXBTC15M-26MAY120430,0.24026,yes,7.74,1.4776,0,2026-05-12 08:30:15.196384+00:00,KXBTC15M-26MAY120430-30,100,7.74,4.10214,2026-05-12,5.57974,7.74,1.9200000000000002,KXBTC15M
KXBTC15M-26MAY120415,0.1497,no,7.6,7.4556,0,2026-05-12 08:15:15.202113+00:00,KXBTC15M-26MAY120415-15,0,7.6,3.7847,2026-05-12,11.2403,7.6,-3.79,KXBTC15M
KXBTC15M-26MAY120400,0.0999,no,4.93,2.4801,493,2026-05-12 08:00:15.195939+00:00,KXBTC15M-26MAY120400-00,0,0.0,0.0,2026-05-12,2.4801,4.93,2.3499999999999996,KXBTC15M
KXBTC15M-26MAY120330,0.118,no,6.58,3.682,658,2026-05-12 07:30:15.203794+00:00,KXBTC15M-26MAY120330-30,0,0.0,0.0,2026-05-12,3.682,6.58,2.7800000000000002,KXBTC15M
KXBTCD-26MAY1202,0.0542,yes,2.9,1.1758,0,2026-05-12 06:02:55.394179+00:00,KXBTCD-26MAY1202-T81199.99,100,0.0,0.0,2026-05-12,1.1758,0.0,-1.23,KXBTCD
KXBTC15M-26MAY120200,0.0713,no,2.51,2.259,0,2026-05-12 06:00:15.302160+00:00,KXBTC15M-26MAY120200-00,0,2.51,1.1797,2026-05-12,3.4387,2.51,-1.0,KXBTC15M
KXBTC15M-26MAY120145,0.0411,no,2.23,0.9589,223,2026-05-12 05:45:15.202036+00:00,KXBTC15M-26MAY120145-45,0,0.0,0.0,2026-05-12,0.9589,2.23,1.2300000000000002,KXBTC15M
KXBTC15M-26MAY120130,0.0514,yes,3.06,0.9486,0,2026-05-12 05:30:15.201599+00:00,KXBTC15M-26MAY120130-30,100,0.0,0.0,2026-05-12,0.9486,0.0,-1.0,KXBTC15M
KXBTC15M-26MAY120115,0.227,no,4.87,1.948,0,2026-05-12 05:15:15.254472+00:00,KXBTC15M-26MAY120115-15,0,7.47,3.735,2026-05-12,5.683,4.87,-1.0399999999999998,KXBTC15M
KXBTCD-26MAY1201,0.057,no,3.31,3.2438,0,2026-05-12 05:02:55.227897+00:00,KXBTCD-26MAY1201-T81299.99,0,3.31,1.0592,2026-05-12,4.303,3.31,-1.0499999999999998,KXBTCD
KXBTCD-26MAY1201,0.0228,yes,3.66,3.3672,0,2026-05-12 05:02:55.227630+00:00,KXBTCD-26MAY1201-T81199.99,100,0.0,0.0,2026-05-12,3.3672,0.0,-3.39,KXBTCD
KXBTC15M-26MAY120100,0.2483,no,8.48,4.3227,0,2026-05-12 05:00:15.151242+00:00,KXBTC15M-26MAY120100-00,0,8.48,5.379,2026-05-12,9.701699999999999,8.48,-1.4699999999999984,KXBTC15M
KXBTC15M-26MAY120045,0.0435,yes,0.0,0.0,195,2026-05-12 04:45:15.200104+00:00,KXBTC15M-26MAY120045-45,100,1.95,0.9165,2026-05-12,0.9165,1.95,0.9900000000000001,KXBTC15M
KXBTC15M-26MAY120015,0.073,no,2.02,1.0504,0,2026-05-12 04:15:15.158098+00:00,KXBTC15M-26MAY120015-15,0,2.02,0.6666,2026-05-12,1.717,2.02,0.22999999999999993,KXBTC15M
KXBTC15M-26MAY120000,0.14038,no,10.13,9.46142,0,2026-05-12 04:00:57.746637+00:00,KXBTC15M-26MAY120000-00,0,10.13,1.4182,2026-05-12,10.879620000000001,10.13,-0.8900000000000001,KXBTC15M
KXBTC15M-26MAY112045,0.11095,no,4.75,4.61225,0,2026-05-12 00:45:15.204924+00:00,KXBTC15M-26MAY112045-45,0,4.75,2.9768,2026-05-12,7.58905,4.75,-2.95,KXBTC15M
KXBTC15M-26MAY112030,0.09123,no,4.59,3.055,0,2026-05-12 00:30:15.196740+00:00,KXBTC15M-26MAY112030-30,0,4.59,0.01377,2026-05-12,3.06877,4.59,1.4299999999999997,KXBTC15M
KXBTC15M-26MAY112000,0.1575,no,5.19,2.8545,0,2026-05-12 00:00:15.204326+00:00,KXBTC15M-26MAY112000-00,0,5.19,1.038,2026-05-12,3.8925,5.19,1.1400000000000003,KXBTC15M
KXBTC15M-26MAY111900,0.094,yes,5.06,1.916,0,2026-05-11 23:00:15.851302+00:00,KXBTC15M-26MAY111900-00,100,0.0,0.0,2026-05-11,1.916,0.0,-2.01,KXBTC15M
KXBTC15M-26MAY111845,0.1245,yes,6.93,2.8755,0,2026-05-11 22:45:15.853445+00:00,KXBTC15M-26MAY111845-45,100,0.0,0.0,2026-05-11,2.8755,0.0,-3.0,KXBTC15M
KXBTC15M-26MAY111830,0.0924,no,0.0,0.0,0,2026-05-11 22:30:15.850876+00:00,KXBTC15M-26MAY111830-30,0,5.29,2.3276,2026-05-11,2.3276,0.0,-2.42,KXBTC15M
KXBTC15M-26MAY111815,0.0821,yes,0.0,0.0,443,2026-05-11 22:15:15.857635+00:00,KXBTC15M-26MAY111815-15,100,4.43,2.3479,2026-05-11,2.3479,4.43,1.9999999999999996,KXBTC15M
KXBTCD-26MAY1118,0.084,yes,4.52,2.486,0,2026-05-11 22:03:06.051630+00:00,KXBTCD-26MAY1118-T81799.99,100,0.0,0.0,2026-05-11,2.486,0.0,-2.5700000000000003,KXBTCD
KXBTC15M-26MAY111800,0.1246,yes,6.86,2.8754,0,2026-05-11 22:00:15.857106+00:00,KXBTC15M-26MAY111800-00,100,0.0,0.0,2026-05-11,2.8754,0.0,-3.0,KXBTC15M
KXBTC15M-26MAY111715,0.0931,no,0.0,0.0,0,2026-05-11 21:15:15.855216+00:00,KXBTC15M-26MAY111715-15,0,5.37,1.9869,2026-05-11,1.9869,0.0,-2.08,KXBTC15M
KXBTC15M-26MAY111645,0.08,no,4.08,2.04,408,2026-05-11 20:45:15.851286+00:00,KXBTC15M-26MAY111645-45,0,0.0,0.0,2026-05-11,2.04,4.08,1.96,KXBTC15M
KXBTC15M-26MAY111045,0.0855,no,4.96,1.9545,496,2026-05-11 14:45:15.854810+00:00,KXBTC15M-26MAY111045-45,0,0.0,0.0,2026-05-11,1.9545,4.96,2.92,KXBTC15M
KXBTC15M-26MAY110115,0.1972,yes,6.12,1.8972,0,2026-05-11 05:15:15.906877+00:00,KXBTC15M-26MAY110115-15,100,6.12,3.8556,2026-05-11,5.7528,6.12,0.17000000000000043,KXBTC15M
KXBTC15M-26MAY110015,0.06021,no,2.27,1.0896,0,2026-05-11 04:15:15.900746+00:00,KXBTC15M-26MAY110015-15,0,2.27,0.22019,2026-05-11,1.30979,2.27,0.9,KXBTC15M
KXBTC15M-26MAY102345,0.04756,yes,2.16,0.03024,0,2026-05-11 03:45:15.905494+00:00,KXBTC15M-26MAY102345-45,100,2.16,1.3322,2026-05-11,1.36244,2.16,0.75,KXBTC15M
KXBTC15M-26MAY101315,0.08692,no,3.64,1.9292,0,2026-05-10 17:15:15.900874+00:00,KXBTC15M-26MAY101315-15,0,3.64,0.24388,2026-05-10,2.17308,3.64,1.38,KXBTC15M
KXBTCD-26MAY1013,0.0741,yes,30.26,1.0659,0,2026-05-10 17:03:16.000515+00:00,KXBTCD-26MAY1013-T81299.99,100,0.0,0.0,2026-05-10,1.0659,0.0,-1.1400000000000001,KXBTCD
KXBTC15M-26MAY100345,0.0556,no,3.12,1.9344,312,2026-05-10 07:46:46.047243+00:00,KXBTC15M-26MAY100345-45,0,0.0,0.0,2026-05-10,1.9344,3.12,1.1300000000000001,KXBTC15M
KXBTC15M-26MAY100300,0.0142,yes,0.73,0.3358,0,2026-05-10 07:07:41.663197+00:00,KXBTC15M-26MAY100300-00,100,0.0,0.0,2026-05-10,0.3358,0.0,-0.35,KXBTC15M
KXBTC15M-26MAY091415,0.05824,no,2.56,0.9472,0,2026-05-09 18:15:17.005535+00:00,KXBTC15M-26MAY091415-15,0,2.56,0.19456,2026-05-09,1.14176,2.56,1.3599999999999999,KXBTC15M
KXBTC15M-26MAY091330,0.054,yes,2.55,1.326,0,2026-05-09 17:30:16.949715+00:00,KXBTC15M-26MAY091330-30,100,0.0,0.0,2026-05-09,1.326,0.0,-1.3800000000000001,KXBTC15M
KXBTC15M-26MAY090500,0.0644,no,3.38,2.0956,338,2026-05-09 09:00:16.949265+00:00,KXBTC15M-26MAY090500-00,0,0.0,0.0,2026-05-09,2.0956,3.38,1.2199999999999998,KXBTC15M
KXBTC15M-26MAY090430,0.044,yes,0.0,0.0,216,2026-05-09 08:30:16.948292+00:00,KXBTC15M-26MAY090430-30,100,2.16,1.296,2026-05-09,1.296,2.16,0.8200000000000001,KXBTC15M
KXBTC15M-26MAY090400,0.0424,yes,0.0,0.0,228,2026-05-09 08:00:16.949281+00:00,KXBTC15M-26MAY090400-00,100,2.28,0.9576,2026-05-09,0.9576,2.28,1.2799999999999998,KXBTC15M
KXBTC15M-26MAY090345,0.0952,no,5.54,2.3848,554,2026-05-09 07:45:16.946978+00:00,KXBTC15M-26MAY090345-45,0,0.0,0.0,2026-05-09,2.3848,5.54,3.06,KXBTC15M
KXBTC15M-26MAY090330,0.0501,yes,2.39,0.9799,0,2026-05-09 07:30:16.949587+00:00,KXBTC15M-26MAY090330-30,100,0.0,0.0,2026-05-09,0.9799,0.0,-1.03,KXBTC15M
KXBTC15M-26MAY090300,0.1245,yes,0.0,0.0,701,2026-05-09 07:07:30.603211+00:00,KXBTC15M-26MAY090300-00,100,7.01,3.8555,2026-05-09,3.8555,7.01,3.03,KXBTC15M
KXBTC15M-26MAY090245,0.0648,no,0.0,0.0,0,2026-05-09 06:45:17.049825+00:00,KXBTC15M-26MAY090245-45,0,3.36,1.9152,2026-05-09,1.9152,0.0,-1.98,KXBTC15M
KXBTC15M-26MAY090230,0.0,no,0.0,0.0,0,2026-05-09 06:30:06.947462+00:00,KXBTC15M-26MAY090230-30,0,0.0,0.0,2026-05-09,0.0,0.0,0.0,KXBTC15M
KXBTC15M-26MAY090200,0.0608,no,3.68,2.944,0,2026-05-09 06:00:16.948998+00:00,KXBTC15M-26MAY090200-00,0,3.68,0.0552,2026-05-09,2.9992,3.68,0.6200000000000001,KXBTC15M
KXBTC15M-26MAY081930,0.028,no,1.3,0.702,130,2026-05-08 23:30:16.952914+00:00,KXBTC15M-26MAY081930-30,0,0.0,0.0,2026-05-08,0.702,1.3,0.5700000000000001,KXBTC15M
KXBTC15M-26MAY081515,0.1068,no,6.8,4.896,0,2026-05-08 19:15:17.004756+00:00,KXBTC15M-26MAY081515-15,0,6.8,0.0272,2026-05-08,4.9232,6.8,1.7700000000000002,KXBTC15M
KXBTC15M-26MAY081445,0.0632,no,4.01,2.7268,401,2026-05-08 18:45:16.949758+00:00,KXBTC15M-26MAY081445-45,0,0.0,0.0,2026-05-08,2.7268,4.01,1.22,KXBTC15M
KXBTC15M-26MAY081430,0.09997,yes,7.94,2.10003,0,2026-05-08 18:30:16.952049+00:00,KXBTC15M-26MAY081430-30,100,0.0,0.0,2026-05-08,2.10003,0.0,-2.1999999999999997,KXBTC15M
KXBTC15M-26MAY081300,0.0627,yes,3.11,1.3373,0,2026-05-08 17:00:14.953998+00:00,KXBTC15M-26MAY081300-00,100,0.0,0.0,2026-05-08,1.3373,0.0,-1.4,KXBTC15M
KXBTC15M-26MAY081230,0.034,no,1.4,0.686,140,2026-05-08 16:30:14.951953+00:00,KXBTC15M-26MAY081230-30,0,0.0,0.0,2026-05-08,0.686,1.4,0.6799999999999998,KXBTC15M
KXBTC15M-26MAY081215,0.0616,no,3.72,2.6784,372,2026-05-08 16:15:14.950100+00:00,KXBTC15M-26MAY081215-15,0,0.0,0.0,2026-05-08,2.6784,3.72,0.9800000000000003,KXBTC15M
KXBTC15M-26MAY081200,0.0712,yes,0.0,0.0,374,2026-05-08 16:00:14.951137+00:00,KXBTC15M-26MAY081200-00,100,3.74,1.9588,2026-05-08,1.9588,3.74,1.7100000000000002,KXBTC15M
KXBTC15M-26MAY081130,0.06678,no,3.07,1.9341,0,2026-05-08 15:30:14.999926+00:00,KXBTC15M-26MAY081130-30,0,3.07,0.04912,2026-05-08,1.98322,3.07,1.0199999999999998,KXBTC15M
KXBTC15M-26MAY081115,0.0945,no,0.0,0.0,0,2026-05-08 15:15:14.996974+00:00,KXBTC15M-26MAY081115-15,0,5.15,3.0355,2026-05-08,3.0355,0.0,-3.13,KXBTC15M
KXBTC15M-26MAY081100,0.0814,no,5.1,3.927,0,2026-05-08 15:00:15.000891+00:00,KXBTC15M-26MAY081100-00,0,5.1,0.0816,2026-05-08,4.0086,5.1,1.0099999999999993,KXBTC15M
KXBTC15M-26MAY081045,0.01,yes,2.0,1.0,0,2026-05-08 14:45:14.955779+00:00,KXBTC15M-26MAY081045-45,100,1.0,0.93,2026-05-08,1.9300000000000002,1.0,-0.9400000000000002,KXBTC15M
KXBTC15M-26MAY080215,0.0,no,0.0,0.0,0,2026-05-08 06:15:14.997212+00:00,KXBTC15M-26MAY080215-15,0,0.0,0.0,2026-05-08,0.0,0.0,0.0,KXBTC15M
KXBTC15M-26MAY080130,0.0445,no,2.05,1.0455,205,2026-05-08 05:30:14.999665+00:00,KXBTC15M-26MAY080130-30,0,0.0,0.0,2026-05-08,1.0455,2.05,0.9599999999999997,KXBTC15M
KXBTC15M-26MAY080115,0.0,no,0.0,0.0,0,2026-05-08 05:15:14.954837+00:00,KXBTC15M-26MAY080115-15,0,0.0,0.0,2026-05-08,0.0,0.0,0.0,KXBTC15M
KXBTC15M-26MAY080030,0.045,no,2.3,1.175,230,2026-05-08 04:30:14.949866+00:00,KXBTC15M-26MAY080030-30,0,0.0,0.0,2026-05-08,1.175,2.3,1.0799999999999998,KXBTC15M
KXBTC15M-26MAY072345,0.0429,yes,0.0,0.0,203,2026-05-08 03:45:14.999311+00:00,KXBTC15M-26MAY072345-45,100,2.03,1.1571,2026-05-08,1.1571,2.03,0.8299999999999997,KXBTC15M
KXBTC15M-26MAY072330,0.05,yes,1.5,0.42,0,2026-05-08 03:30:15.001896+00:00,KXBTC15M-26MAY072330-30,100,1.5,1.29,2026-05-08,1.71,1.5,-0.25999999999999995,KXBTC15M
KXBTC15M-26MAY072045,0.0,no,0.0,0.0,0,2026-05-08 00:45:14.951561+00:00,KXBTC15M-26MAY072045-45,0,0.0,0.0,2026-05-08,0.0,0.0,0.0,KXBTC15M
KXBTC15M-26MAY072030,0.03,no,1.46,0.73,146,2026-05-08 00:30:14.954799+00:00,KXBTC15M-26MAY072030-30,0,0.0,0.0,2026-05-08,0.73,1.46,0.7,KXBTC15M
KXBTC15M-26MAY072000,0.05444,yes,2.27,0.01816,0,2026-05-08 00:00:28.400508+00:00,KXBTC15M-26MAY072000-00,100,2.27,1.4374,2026-05-08,1.45556,2.27,0.76,KXBTC15M
KXBTC15M-26MAY071945,0.0896,yes,4.3,2.4404,0,2026-05-07 23:45:08.399542+00:00,KXBTC15M-26MAY071945-45,100,0.0,0.0,2026-05-07,2.4404,0.0,-2.53,KXBTC15M
KXBTC15M-26MAY071930,0.08663,no,3.57,1.9241,0,2026-05-07 23:30:18.405388+00:00,KXBTC15M-26MAY071930-30,0,3.57,0.03927,2026-05-07,1.9633699999999998,3.57,1.52,KXBTC15M
KXBTC15M-26MAY071915,0.0951,yes,5.39,2.5149,0,2026-05-07 23:15:08.401061+00:00,KXBTC15M-26MAY071915-15,100,0.0,0.0,2026-05-07,2.5149,0.0,-2.61,KXBTC15M
KXBTCD-26MAY0719,0.069,yes,3.65,0.0365,0,2026-05-07 23:02:48.784125+00:00,KXBTCD-26MAY0719-T79899.99,100,3.65,1.9345,2026-05-07,1.971,3.65,1.6099999999999999,KXBTCD
KXBTC15M-26MAY071900,0.127,yes,3.45,1.38,0,2026-05-07 23:00:08.400427+00:00,KXBTC15M-26MAY071900-00,100,3.45,1.863,2026-05-07,3.243,3.45,0.0800000000000003,KXBTC15M
KXBTC15M-26MAY071845,0.01156,no,0.0,0.0,0,2026-05-07 22:45:08.400707+00:00,KXBTC15M-26MAY071845-45,0,2.36,0.06844,2026-05-07,0.06844,0.0,-0.08,KXBTC15M
KXBTC15M-26MAY071830,0.0486,yes,2.29,1.2314,0,2026-05-07 22:30:08.403570+00:00,KXBTC15M-26MAY071830-30,100,0.0,0.0,2026-05-07,1.2314,0.0,-1.28,KXBTC15M
KXBTC15M-26MAY071815,0.0,yes,0.0,0.0,0,2026-05-07 22:15:08.403353+00:00,KXBTC15M-26MAY071815-15,100,0.0,0.0,2026-05-07,0.0,0.0,0.0,KXBTC15M
KXBTC15M-26MAY071745,0.11802,no,4.49,2.9034,0,2026-05-07 21:45:08.401586+00:00,KXBTC15M-26MAY071745-45,0,4.49,0.18858,2026-05-07,3.09198,4.49,1.2800000000000002,KXBTC15M
KXBTC15M-26MAY071730,0.1873,yes,10.31,5.8027,0,2026-05-07 21:30:08.457976+00:00,KXBTC15M-26MAY071730-30,100,0.0,0.0,2026-05-07,5.8027,0.0,-5.989999999999999,KXBTC15M
KXBTC15M-26MAY071715,0.1221,no,0.0,0.0,0,2026-05-07 21:15:08.403132+00:00,KXBTC15M-26MAY071715-15,0,5.9,3.2679,2026-05-07,3.2679,0.0,-3.39,KXBTC15M
KXBTC15M-26MAY071700,0.13476,no,5.38,4.99264,0,2026-05-07 21:00:08.402007+00:00,KXBTC15M-26MAY071700-00,0,5.38,2.8626,2026-05-07,7.85524,5.38,-2.6100000000000003,KXBTC15M
KXBTC15M-26MAY071630,0.5567,yes,25.07,16.0136,0,2026-05-07 20:30:08.450701+00:00,KXBTC15M-26MAY071630-30,100,7.43,3.7597,2026-05-07,19.7733,7.43,-12.899999999999999,KXBTC15M
KXBTC15M-26MAY071615,0.24512,yes,20.18,2.82352,0,2026-05-07 20:15:18.403036+00:00,KXBTC15M-26MAY071615-15,100,20.18,19.21136,2026-05-07,22.034879999999998,20.18,-2.099999999999998,KXBTC15M
KXBTC15M-26MAY071600,0.1463,no,0.0,0.0,0,2026-05-07 20:00:08.405027+00:00,KXBTC15M-26MAY071600-00,0,7.42,3.0437,2026-05-07,3.0437,0.0,-3.19,KXBTC15M
KXBTC15M-26MAY071500,0.1387,yes,4.87,2.4382,0,2026-05-07 19:00:08.405968+00:00,KXBTC15M-26MAY071500-00,100,4.87,0.6331,2026-05-07,3.0713,4.87,1.6600000000000001,KXBTC15M
KXBTC15M-26MAY071445,0.92841,no,41.62,12.87515,519,2026-05-07 18:45:08.399960+00:00,KXBTC15M-26MAY071445-45,0,36.43,29.37644,2026-05-07,42.25159,41.62,-1.5600000000000027,KXBTC15M
KXBTC15M-26MAY071300,0.074,no,4.08,1.836,408,2026-05-07 17:00:08.403292+00:00,KXBTC15M-26MAY071300-00,0,0.0,0.0,2026-05-07,1.836,4.08,2.17,KXBTC15M
KXBTC15M-26MAY071200,0.3896,no,17.8,5.9108,1092,2026-05-07 16:00:08.402959+00:00,KXBTC15M-26MAY071200-00,0,6.88,4.6096,2026-05-07,10.5204,17.8,6.890000000000001,KXBTC15M
KXBTC15M-26MAY071130,0.2049,no,0.0,0.0,0,2026-05-07 15:30:08.401073+00:00,KXBTC15M-26MAY071130-30,0,11.17,4.7851,2026-05-07,4.7851,0.0,-4.99,KXBTC15M
KXBTC15M-26MAY071115,0.1313,yes,6.92,3.4587,0,2026-05-07 15:15:18.403595+00:00,KXBTC15M-26MAY071115-15,100,0.0,0.0,2026-05-07,3.4587,0.0,-3.59,KXBTC15M
KXBTC15M-26MAY071100,0.44649,no,25.23,16.9851,1360,2026-05-07 15:00:08.402972+00:00,KXBTC15M-26MAY071100-00,0,11.63,10.54841,2026-05-07,27.53351,25.23,-2.749999999999999,KXBTC15M
KXBTC15M-26MAY071045,0.2392,no,8.84,7.6908,0,2026-05-07 14:45:08.396057+00:00,KXBTC15M-26MAY071045-45,0,8.84,4.57,2026-05-07,12.2608,8.84,-3.6599999999999997,KXBTC15M
KXBTC15M-26MAY070145,0.2612,no,0.0,0.0,0,2026-05-07 05:45:11.508947+00:00,KXBTC15M-26MAY070145-45,0,16.93,5.3588,2026-05-07,5.3588,0.0,-5.619999999999999,KXBTC15M
KXBTC15M-26MAY070130,0.2931,no,12.05,5.3414,0,2026-05-07 05:30:11.510838+00:00,KXBTC15M-26MAY070130-30,0,12.05,1.3255,2026-05-07,6.6669,12.05,5.090000000000001,KXBTC15M
KXBTC15M-26MAY070045,0.1606,no,4.02,1.5276,0,2026-05-07 04:45:11.512209+00:00,KXBTC15M-26MAY070045-45,0,4.02,1.8018,2026-05-07,3.3294,4.02,0.5299999999999995,KXBTC15M
KXBTC15M-26MAY070015,0.0588,yes,3.72,2.6412,0,2026-05-07 04:15:11.657682+00:00,KXBTC15M-26MAY070015-15,100,0.0,0.0,2026-05-07,2.6412,0.0,-2.7,KXBTC15M
KXETH15M-26MAY070000,0.0312,no,1.73,0.9688,173,2026-05-07 04:00:27.154909+00:00,KXETH15M-26MAY070000-00,0,0.0,0.0,2026-05-07,0.9688,1.73,0.73,KXETH15M
KXBTC15M-26MAY062345,0.1269,yes,2.45,1.3965,199,2026-05-07 03:45:11.551223+00:00,KXBTC15M-26MAY062345-45,100,4.44,1.9566,2026-05-07,3.3531,4.44,0.9600000000000004,KXBTC15M
KXBTC15M-26MAY062330,0.05176,no,2.16,1.3824,0,2026-05-07 03:30:11.519877+00:00,KXBTC15M-26MAY062330-30,0,2.16,0.10584,2026-05-07,1.48824,2.16,0.6200000000000001,KXBTC15M
KXBTC15M-26MAY062315,0.1343,no,7.36,4.2057,736,2026-05-07 03:15:11.506407+00:00,KXBTC15M-26MAY062315-15,0,0.0,0.0,2026-05-07,4.2057,7.36,3.02,KXBTC15M
KXBTC15M-26MAY062300,0.2248,yes,14.8,3.646,0,2026-05-07 03:00:11.503431+00:00,KXBTC15M-26MAY062300-00,100,14.8,14.4892,2026-05-07,18.1352,14.8,-3.5600000000000005,KXBTC15M
KXBTC15M-26MAY062230,0.2372,no,9.18,8.1702,0,2026-05-07 02:30:11.505241+00:00,KXBTC15M-26MAY062230-30,0,9.18,5.2326,2026-05-07,13.4028,9.18,-4.459999999999999,KXBTC15M
KXBTC15M-26MAY062215,0.0,no,0.0,0.0,0,2026-05-07 02:15:11.509293+00:00,KXBTC15M-26MAY062215-15,0,0.0,0.0,2026-05-07,0.0,0.0,0.0,KXBTC15M
KXBTC15M-26MAY062200,0.546,no,15.5,6.82,0,2026-05-07 02:00:11.555948+00:00,KXBTC15M-26MAY062200-00,0,15.5,6.634,2026-05-07,13.454,15.5,1.4999999999999993,KXBTC15M
KXBTC15M-26MAY062145,0.51154,yes,23.49,9.5086,0,2026-05-07 01:45:11.573862+00:00,KXBTC15M-26MAY062145-45,100,23.49,21.45986,2026-05-07,30.96846,23.49,-7.990000000000002,KXBTC15M
KXBTC15M-26MAY062015,0.225,no,9.07,7.0546,0,2026-05-07 00:15:11.509029+00:00,KXBTC15M-26MAY062015-15,0,9.07,1.8104,2026-05-07,8.865,9.07,-0.019999999999999934,KXBTC15M
KXBTC15M-26MAY061945,0.177,no,8.9,4.333,890,2026-05-06 23:45:11.500019+00:00,KXBTC15M-26MAY061945-45,0,0.0,0.0,2026-05-06,4.333,8.9,4.390000000000001,KXBTC15M
KXBTC15M-26MAY061900,0.2428,yes,11.35,0.7718,0,2026-05-06 23:00:11.504117+00:00,KXBTC15M-26MAY061900-00,100,11.35,3.8154,2026-05-06,4.5872,11.35,6.52,KXBTC15M
KXBTC15M-26MAY061815,0.0,no,0.0,0.0,0,2026-05-06 22:15:11.507518+00:00,KXBTC15M-26MAY061815-15,0,0.0,0.0,2026-05-06,0.0,0.0,0.0,KXBTC15M
KXBTC15M-26MAY061700,0.4405,yes,12.33,4.932,0,2026-05-06 21:00:11.559868+00:00,KXBTC15M-26MAY061700-00,100,12.33,4.7675,2026-05-06,9.6995,12.33,2.1899999999999995,KXBTC15M
KXBTC15M-26MAY061630,0.101,no,2.23,0.6913,0,2026-05-06 20:30:11.503064+00:00,KXBTC15M-26MAY061630-30,0,3.5,2.1477,2026-05-06,2.839,2.23,-0.71,KXBTC15M
KXBTC15M-26MAY061530,0.03896,yes,1.79,0.06444,0,2026-05-06 19:30:11.550157+00:00,KXBTC15M-26MAY061530-30,100,1.79,0.9666,2026-05-06,1.03104,1.79,0.7200000000000001,KXBTC15M
KXBTCD-26MAY0615,0.0,no,0.0,0.0,0,2026-05-06 19:02:41.667893+00:00,KXBTCD-26MAY0615-T81399.99,0,0.0,0.0,2026-05-06,0.0,0.0,0.0,KXBTCD
KXBTC15M-26MAY061500,0.1056,no,6.03,2.8944,603,2026-05-06 19:00:11.500252+00:00,KXBTC15M-26MAY061500-00,0,0.0,0.0,2026-05-06,2.8944,6.03,3.0300000000000002,KXBTC15M
KXBTC15M-26MAY061315,0.1236,yes,6.01,3.1164,0,2026-05-06 17:15:11.503481+00:00,KXBTC15M-26MAY061315-15,100,0.0,0.0,2026-05-06,3.1164,0.0,-3.24,KXBTC15M
KXBTCD-26MAY0613,0.132,no,6.45,6.192,0,2026-05-06 17:02:41.655113+00:00,KXBTCD-26MAY0613-T81699.99,0,6.45,3.096,2026-05-06,9.288,6.45,-2.97,KXBTCD
KXBTC15M-26MAY061300,0.4746,no,13.61,6.8794,0,2026-05-06 17:00:11.497356+00:00,KXBTC15M-26MAY061300-00,0,13.61,8.166,2026-05-06,15.0454,13.61,-1.9100000000000015,KXBTC15M
KXBTC15M-26MAY061245,0.1237,yes,6.51,2.5863,0,2026-05-06 16:45:11.502059+00:00,KXBTC15M-26MAY061245-45,100,0.0,0.0,2026-05-06,2.5863,0.0,-2.71,KXBTC15M
KXBTC15M-26MAY060815,0.0505,no,2.83,1.8395,283,2026-05-06 12:15:11.502284+00:00,KXBTC15M-26MAY060815-15,0,0.0,0.0,2026-05-06,1.8395,2.83,0.9400000000000002,KXBTC15M
KXBTC15M-26MAY060800,0.3276,yes,11.82,5.5554,0,2026-05-06 12:00:11.499765+00:00,KXBTC15M-26MAY060800-00,100,11.82,10.047,2026-05-06,15.6024,11.82,-4.109999999999999,KXBTC15M
KXBTC15M-26MAY060745,0.0645,no,0.0,0.0,0,2026-05-06 11:45:11.500738+00:00,KXBTC15M-26MAY060745-45,0,3.59,1.5255,2026-05-06,1.5255,0.0,-1.59,KXBTC15M
KXBTC15M-26MAY060730,0.0266,yes,0.0,0.0,157,2026-05-06 11:30:11.495441+00:00,KXBTC15M-26MAY060730-30,100,1.57,0.9734,2026-05-06,0.9734,1.57,0.5700000000000001,KXBTC15M
KXBTC15M-26MAY060400,0.236,no,6.4,3.264,0,2026-05-06 08:00:11.496365+00:00,KXBTC15M-26MAY060400-00,0,6.4,2.88,2026-05-06,6.144,6.4,0.02000000000000024,KXBTC15M
KXBTC15M-26MAY060345,0.2424,no,0.0,0.0,0,2026-05-06 07:45:11.498338+00:00,KXBTC15M-26MAY060345-45,0,12.81,4.9776,2026-05-06,4.9776,0.0,-5.22,KXBTC15M
KXBTC15M-26MAY060300,0.1998,yes,6.49,2.3082,0,2026-05-06 07:16:06.054395+00:00,KXBTC15M-26MAY060300-00,100,6.49,5.192,2026-05-06,7.5001999999999995,6.49,-1.2099999999999993,KXBTC15M
KXBTC15M-26MAY060245,0.06979,yes,3.51,0.9126,0,2026-05-06 06:45:11.497459+00:00,KXBTC15M-26MAY060245-45,100,3.51,3.19761,2026-05-06,4.11021,3.51,-0.6700000000000006,KXBTC15M
KXBTC15M-26MAY051600,0.0304,no,0.0,0.0,0,2026-05-05 20:00:11.502664+00:00,KXBTC15M-26MAY051600-00,0,1.32,0.6996,2026-05-05,0.6996,0.0,-0.73,KXBTC15M
KXBTC15M-26MAY051545,0.0366,yes,1.9,0.9834,0,2026-05-05 19:45:11.499092+00:00,KXBTC15M-26MAY051545-45,100,0.0,0.0,2026-05-05,0.9834,0.0,-1.02,KXBTC15M
KXBTC15M-26MAY051515,0.07,no,2.5,2.25,0,2026-05-05 19:15:11.505560+00:00,KXBTC15M-26MAY051515-15,0,2.5,0.95,2026-05-05,3.2,2.5,-0.7700000000000002,KXBTC15M
KXETH15M-26MAY051515,0.0339,no,1.69,1.1661,169,2026-05-05 19:15:11.493395+00:00,KXETH15M-26MAY051515-15,0,0.0,0.0,2026-05-05,1.1661,1.69,0.49000000000000005,KXETH15M
KXBTC15M-26MAY051500,0.1788,no,7.16,4.686,0,2026-05-05 19:00:11.502091+00:00,KXBTC15M-26MAY051500-00,0,8.62,3.2952,2026-05-05,7.981199999999999,7.16,-0.9999999999999992,KXBTC15M
KXBTC15M-26MAY051445,0.0,yes,2.0,1.0,0,2026-05-05 18:45:11.498353+00:00,KXBTC15M-26MAY051445-45,100,0.0,0.0,2026-05-05,1.0,0.0,-1.0,KXBTC15M
KXBTC15M-26MAY051430,0.0429,no,2.03,1.1571,203,2026-05-05 18:30:11.498650+00:00,KXBTC15M-26MAY051430-30,0,0.0,0.0,2026-05-05,1.1571,2.03,0.8299999999999997,KXBTC15M
KXETH15M-26MAY051330,0.042,yes,0.0,0.0,216,2026-05-05 17:30:11.504109+00:00,KXETH15M-26MAY051330-30,100,2.16,1.188,2026-05-05,1.188,2.16,0.9300000000000002,KXETH15M
KXBTC15M-26MAY051330,0.072,yes,2.7,0.945,0,2026-05-05 17:30:11.503203+00:00,KXBTC15M-26MAY051330-30,100,2.7,2.403,2026-05-05,3.348,2.7,-0.7199999999999996,KXBTC15M
KXBTCD-26MAY0513,0.0,no,0.0,0.0,0,2026-05-05 17:03:01.613864+00:00,KXBTCD-26MAY0513-T81299.99,0,0.0,0.0,2026-05-05,0.0,0.0,0.0,KXBTCD
KXBTCD-26MAY0513,0.0956,yes,6.2,1.4584,0,2026-05-05 17:03:01.613864+00:00,KXBTCD-26MAY0513-T81199.99,100,6.2,6.076,2026-05-05,7.5344,6.2,-1.4299999999999995,KXBTCD
KXBTCD-26MAY0505,0.2994,no,9.47,5.4322,149,2026-05-05 09:03:41.619217+00:00,KXBTCD-26MAY0505-T80799.99,0,7.98,5.2884,2026-05-05,10.720600000000001,9.47,-1.5500000000000003,KXBTCD
KXBTC15M-26MAY050500,0.0,yes,0.0,0.0,0,2026-05-05 09:00:11.493745+00:00,KXBTC15M-26MAY050500-00,100,0.0,0.0,2026-05-05,0.0,0.0,0.0,KXBTC15M
KXBTC15M-26MAY050445,0.1347,no,3.15,1.26,0,2026-05-05 08:45:11.494600+00:00,KXBTC15M-26MAY050445-45,0,7.17,1.0353,2026-05-05,2.2953,3.15,0.7199999999999998,KXBTC15M
KXBTC15M-26MAY050430,0.33902,no,17.38,14.92704,0,2026-05-05 08:30:11.500769+00:00,KXBTC15M-26MAY050430-30,0,17.38,3.79394,2026-05-05,18.72098,17.38,-1.680000000000002,KXBTC15M
KXBTC15M-26MAY050415,0.0,yes,0.0,0.0,0,2026-05-05 08:15:11.494230+00:00,KXBTC15M-26MAY050415-15,100,0.0,0.0,2026-05-05,0.0,0.0,0.0,KXBTC15M
KXBTCD-26MAY0504,0.1265,no,5.21,4.8974,0,2026-05-05 08:02:31.639761+00:00,KXBTCD-26MAY0504-T80999.99,0,5.21,2.1361,2026-05-05,7.0335,5.21,-1.9500000000000002,KXBTCD
KXBTCD-26MAY0504,0.0523,no,2.97,1.2177,297,2026-05-05 08:02:31.639581+00:00,KXBTCD-26MAY0504-T80899.99,0,0.0,0.0,2026-05-05,1.2177,2.97,1.7000000000000002,KXBTCD
KXBTC15M-26MAY050400,0.1372,no,4.08,2.8968,0,2026-05-05 08:00:11.503727+00:00,KXBTC15M-26MAY050400-00,0,4.08,1.836,2026-05-05,4.7328,4.08,-0.79,KXBTC15M
KXBTC15M-26MAY050345,0.102,no,5.54,0.4986,0,2026-05-05 07:45:11.493899+00:00,KXBTC15M-26MAY050345-45,0,5.54,2.3994,2026-05-05,2.898,5.54,2.54,KXBTC15M
KXETH15M-26MAY050330,0.3026,yes,35.69,15.1674,0,2026-05-05 07:30:11.499013+00:00,KXETH15M-26MAY050330-30,100,0.0,0.0,2026-05-05,15.1674,0.0,-15.47,KXETH15M
KXETH15M-26MAY050315,1.2806,yes,42.46,30.9858,0,2026-05-05 07:15:11.493575+00:00,KXETH15M-26MAY050315-15,100,42.46,28.0236,2026-05-05,59.0094,42.46,-17.83,KXETH15M
KXETH15M-26MAY050300,0.9939,yes,36.23,19.4752,0,2026-05-05 07:07:30.444897+00:00,KXETH15M-26MAY050300-00,100,36.23,30.0709,2026-05-05,49.5461,36.23,-14.310000000000006,KXETH15M
KXBTC15M-26MAY050245,0.4383,yes,24.73,4.6987,0,2026-05-05 06:45:11.502766+00:00,KXBTC15M-26MAY050245-45,100,24.73,11.833,2026-05-05,16.5317,24.73,7.76,KXBTC15M
KXBTC15M-26MAY050230,0.0,no,0.0,0.0,0,2026-05-05 06:30:11.499363+00:00,KXBTC15M-26MAY050230-30,0,0.0,0.0,2026-05-05,0.0,0.0,0.0,KXBTC15M
KXBTC15M-26MAY050215,0.12168,no,1.58,1.42832,0,2026-05-05 06:15:11.508618+00:00,KXBTC15M-26MAY050215-15,0,8.0,2.08,2026-05-05,3.5083200000000003,1.58,-2.0500000000000003,KXBTC15M
KXETH15M-26MAY050215,0.0,no,0.0,0.0,0,2026-05-05 06:15:11.497843+00:00,KXETH15M-26MAY050215-15,0,0.0,0.0,2026-05-05,0.0,0.0,0.0,KXETH15M
KXBTC15M-26MAY050145,0.0389,yes,1.29,0.6611,0,2026-05-05 05:45:11.499640+00:00,KXBTC15M-26MAY050145-45,100,0.0,0.0,2026-05-05,0.6611,0.0,-0.7000000000000001,KXBTC15M
KXBTC15M-26MAY050130,0.0618,yes,3.38,1.3182,0,2026-05-05 05:30:11.502253+00:00,KXBTC15M-26MAY050130-30,100,0.0,0.0,2026-05-05,1.3182,0.0,-1.3800000000000001,KXBTC15M
KXBTC15M-26MAY050115,0.0684,yes,2.08,0.9568,0,2026-05-05 05:15:11.586243+00:00,KXBTC15M-26MAY050115-15,100,2.08,1.6848,2026-05-05,2.6416,2.08,-0.6299999999999999,KXBTC15M
KXBTCD-26MAY0501,0.0837,yes,4.31,1.4063,0,2026-05-05 05:02:41.869353+00:00,KXBTCD-26MAY0501-T80899.99,100,0.0,0.0,2026-05-05,1.4063,0.0,-1.4900000000000002,KXBTCD
KXBTC15M-26MAY050100,0.0855,yes,4.4,1.9145,0,2026-05-05 05:00:11.553186+00:00,KXBTC15M-26MAY050100-00,100,0.0,0.0,2026-05-05,1.9145,0.0,-2.0,KXBTC15M
KXBTC15M-26MAY050045,0.0762,no,2.26,1.7176,0,2026-05-05 04:45:11.507543+00:00,KXBTC15M-26MAY050045-45,0,2.26,0.8362,2026-05-05,2.5538,2.26,-0.37000000000000005,KXBTC15M
KXBTC15M-26MAY050030,0.0684,no,1.64,1.2628,0,2026-05-05 04:30:11.510856+00:00,KXBTC15M-26MAY050030-30,0,1.64,0.9488,2026-05-05,2.2116,1.64,-0.6399999999999999,KXBTC15M
KXBTC15M-26MAY050015,0.0664,no,2.99,0.4784,0,2026-05-05 04:15:11.504402+00:00,KXBTC15M-26MAY050015-15,0,2.99,1.2452,2026-05-05,1.7236,2.99,1.2000000000000002,KXBTC15M
KXBTC15M-26MAY050000,0.04,no,2.28,1.14,228,2026-05-05 04:00:44.959043+00:00,KXBTC15M-26MAY050000-00,0,0.0,0.0,2026-05-05,1.14,2.28,1.0999999999999999,KXBTC15M
KXBTC15M-26MAY042330,0.12254,yes,4.74,2.3281,0,2026-05-05 03:30:11.505409+00:00,KXBTC15M-26MAY042330-30,100,4.74,4.56936,2026-05-05,6.89746,4.74,-2.2799999999999994,KXBTC15M
KXBTC15M-26MAY042315,0.0591,yes,0.0,0.0,249,2026-05-05 03:15:11.554835+00:00,KXBTC15M-26MAY042315-15,100,2.49,1.2509,2026-05-05,1.2509,2.49,1.1800000000000004,KXBTC15M
KXSOL15M-26MAY042145,0.0538,yes,1.43,0.8008,0,2026-05-05 01:45:11.491350+00:00,KXSOL15M-26MAY042145-45,100,1.43,1.1154,2026-05-05,1.9162,1.43,-0.5399999999999999,KXSOL15M
KXSOL15M-26MAY042100,0.0667,yes,0.0,0.0,381,2026-05-05 01:00:11.493266+00:00,KXSOL15M-26MAY042100-00,100,3.81,2.2233,2026-05-05,2.2233,3.81,1.52,KXSOL15M
KXBTC15M-26MAY042030,0.0664,no,2.28,1.938,0,2026-05-05 00:30:11.508209+00:00,KXBTC15M-26MAY042030-30,0,2.28,1.1856,2026-05-05,3.1235999999999997,2.28,-0.9099999999999999,KXBTC15M
KXBTC15M-26MAY042000,0.1502,yes,3.71,1.9292,323,2026-05-05 00:00:11.503133+00:00,KXBTC15M-26MAY042000-00,100,6.94,5.6406,2026-05-05,7.5698,6.94,-0.7799999999999995,KXBTC15M
KXBTC15M-26MAY041945,0.05616,no,3.04,1.9456,0,2026-05-04 23:45:11.505705+00:00,KXBTC15M-26MAY041945-45,0,3.04,0.01824,2026-05-04,1.96384,3.04,1.02,KXBTC15M
KXBTC15M-26MAY041930,0.04,yes,2.0,1.12,0,2026-05-04 23:30:11.502450+00:00,KXBTC15M-26MAY041930-30,100,0.0,0.0,2026-05-04,1.12,0.0,-1.1600000000000001,KXBTC15M
KXBTC15M-26MAY041900,0.379,no,11.5,7.695,0,2026-05-04 23:00:11.504803+00:00,KXBTC15M-26MAY041900-00,0,11.5,7.596,2026-05-04,15.291,11.5,-4.17,KXBTC15M
KXBTC15M-26MAY041800,0.0875,yes,2.25,0.8775,0,2026-05-04 22:00:11.516533+00:00,KXBTC15M-26MAY041800-00,100,2.25,1.395,2026-05-04,2.2725,2.25,-0.10999999999999996,KXBTC15M
KXBTC15M-26MAY041745,0.09695,yes,5.25,0.9408,0,2026-05-04 21:45:11.509042+00:00,KXBTC15M-26MAY041745-45,100,5.25,4.77225,2026-05-04,5.71305,5.25,-0.5599999999999999,KXBTC15M
KXBTC15M-26MAY041730,0.1035,yes,5.55,2.3865,0,2026-05-04 21:30:11.509974+00:00,KXBTC15M-26MAY041730-30,100,0.0,0.0,2026-05-04,2.3865,0.0,-2.4899999999999998,KXBTC15M
KXBTCD-26MAY0417,0.1952,no,5.37,2.685,0,2026-05-04 21:02:31.693498+00:00,KXBTCD-26MAY0417-T79999.99,0,5.37,2.8998,2026-05-04,5.5847999999999995,5.37,-0.4099999999999995,KXBTCD
KXBTC15M-26MAY041700,0.0824,yes,0.0,0.0,449,2026-05-04 21:00:11.504327+00:00,KXBTC15M-26MAY041700-00,100,4.49,2.6776,2026-05-04,2.6776,4.49,1.7300000000000002,KXBTC15M
KXBTC15M-26MAY041615,0.0,yes,0.0,0.0,0,2026-05-04 20:15:11.504382+00:00,KXBTC15M-26MAY041615-15,100,0.0,0.0,2026-05-04,0.0,0.0,0.0,KXBTC15M
KXBTCD-26MAY0416,0.048,yes,0.0,0.0,270,2026-05-04 20:02:42.543395+00:00,KXBTCD-26MAY0416-T79999.99,100,2.7,1.242,2026-05-04,1.242,2.7,1.4100000000000001,KXBTCD
KXBTC15M-26MAY041600,0.0536,yes,1.72,0.5404,0,2026-05-04 20:00:11.496612+00:00,KXBTC15M-26MAY041600-00,100,1.72,1.376,2026-05-04,1.9163999999999999,1.72,-0.24999999999999992,KXBTC15M
KXBTC15M-26MAY041545,0.0428,yes,0.0,0.0,256,2026-05-04 19:45:11.504677+00:00,KXBTC15M-26MAY041545-45,100,2.56,0.9472,2026-05-04,0.9472,2.56,1.57,KXBTC15M
KXBTC15M-26MAY041530,0.044,no,2.26,1.13,0,2026-05-04 19:30:11.506918+00:00,KXBTC15M-26MAY041530-30,0,2.26,0.226,2026-05-04,1.3559999999999999,2.26,0.8599999999999999,KXBTC15M
KXBTC15M-26MAY041515,0.0832,no,4.16,1.9868,416,2026-05-04 19:15:11.510249+00:00,KXBTC15M-26MAY041515-15,0,0.0,0.0,2026-05-04,1.9868,4.16,2.0900000000000003,KXBTC15M
KXBTC15M-26MAY041445,0.0412,no,0.0,0.0,0,2026-05-04 18:45:11.498107+00:00,KXBTC15M-26MAY041445-45,0,2.04,0.9588,2026-05-04,0.9588,0.0,-1.0,KXBTC15M
KXBTC15M-26MAY041415,0.0753,no,3.4,1.9207,0,2026-05-04 18:15:11.508720+00:00,KXBTC15M-26MAY041415-15,0,3.4,0.374,2026-05-04,2.2947,3.4,1.0299999999999998,KXBTC15M
KXBTC15M-26MAY041330,0.023,yes,0.0,0.0,105,2026-05-04 17:30:11.505925+00:00,KXBTC15M-26MAY041330-30,100,1.05,0.567,2026-05-04,0.567,1.05,0.4600000000000001,KXBTC15M
KXBTC15M-26MAY041300,0.0512,no,0.0,0.0,0,2026-05-04 17:00:11.497271+00:00,KXBTC15M-26MAY041300-00,0,2.24,1.0288,2026-05-04,1.0288,0.0,-1.0799999999999998,KXBTC15M
KXBTC15M-26MAY041245,0.194,yes,4.21,2.145,304,2026-05-04 16:45:11.503792+00:00,KXBTC15M-26MAY041245-45,100,7.25,5.061,2026-05-04,7.2059999999999995,7.25,-0.14999999999999952,KXBTC15M
KXBTC15M-26MAY041215,0.0787,no,4.03,2.0553,0,2026-05-04 16:15:11.504109+00:00,KXBTC15M-26MAY041215-15,0,4.03,0.806,2026-05-04,2.8613,4.03,1.0900000000000003,KXBTC15M
KXBTC15M-26MAY041200,0.0391,yes,1.21,1.0648,0,2026-05-04 16:00:31.496972+00:00,KXBTC15M-26MAY041200-00,100,1.21,0.4961,2026-05-04,1.5609,1.21,-0.39,KXBTC15M
KXBTC15M-26MAY041145,0.1064,yes,3.72,1.8972,0,2026-05-04 15:45:11.498504+00:00,KXBTC15M-26MAY041145-45,100,3.72,3.2364,2026-05-04,5.1336,3.72,-1.5200000000000002,KXBTC15M
KXBTC15M-26MAY041130,0.2712,no,1.71,0.9405,0,2026-05-04 15:30:11.510631+00:00,KXBTC15M-26MAY041130-30,0,12.79,6.4383,2026-05-04,7.3788,1.71,-5.94,KXBTC15M
KXBTC15M-26MAY041115,0.8187,no,24.78,15.4862,0,2026-05-04 15:15:21.508248+00:00,KXBTC15M-26MAY041115-15,0,24.78,13.4851,2026-05-04,28.9713,24.78,-5.009999999999998,KXBTC15M
KXBTCD-26MAY0411,0.242,yes,8.8,4.576,0,2026-05-04 15:04:01.618319+00:00,KXBTCD-26MAY0411-T80199.99,100,8.8,7.392,2026-05-04,11.968,8.8,-3.4099999999999993,KXBTCD
KXBTCD-26MAY0411,0.1412,no,0.0,0.0,0,2026-05-04 15:04:01.617899+00:00,KXBTCD-26MAY0411-T80299.99,0,7.81,3.7488,2026-05-04,3.7488,0.0,-3.89,KXBTCD
KXBTC15M-26MAY040245,0.0584,yes,0.0,0.0,324,2026-05-04 06:45:11.494946+00:00,KXBTC15M-26MAY040245-45,100,3.24,1.9116,2026-05-04,1.9116,3.24,1.2700000000000002,KXBTC15M
KXBTC15M-26MAY040215,0.05211,no,2.09,1.1704,0,2026-05-04 06:15:11.499284+00:00,KXBTC15M-26MAY040215-15,0,2.09,0.12749,2026-05-04,1.2978900000000002,2.09,0.7399999999999997,KXBTC15M
KXBTCD-26MAY0402,0.1628,yes,9.42,0.3768,0,2026-05-04 06:02:41.771377+00:00,KXBTCD-26MAY0402-T79999.99,100,9.42,5.8404,2026-05-04,6.2172,9.42,3.04,KXBTCD
KXBTC15M-26MAY040200,0.11155,no,6.35,6.16585,0,2026-05-04 06:00:11.502723+00:00,KXBTC15M-26MAY040200-00,0,6.35,1.9126,2026-05-04,8.07845,6.35,-1.8400000000000005,KXBTC15M
KXBTC15M-26MAY040145,0.136,yes,7.74,0.6966,0,2026-05-04 05:45:11.498797+00:00,KXBTC15M-26MAY040145-45,100,7.74,2.8674,2026-05-04,3.564,7.74,4.04,KXBTC15M
KXBTCD-26MAY0401,0.0622,yes,2.31,0.2772,0,2026-05-04 05:03:11.589881+00:00,KXBTCD-26MAY0401-T80299.99,100,2.31,0.6006,2026-05-04,0.8778,2.31,1.3699999999999999,KXBTCD
KXBTC15M-26MAY040045,0.5532,no,16.77,10.9005,0,2026-05-04 04:45:11.504202+00:00,KXBTC15M-26MAY040045-45,0,16.77,6.6363,2026-05-04,17.5368,16.77,-1.3199999999999998,KXBTC15M
KXBTC15M-26MAY040030,0.2146,no,4.38,0.3504,0,2026-05-04 04:30:11.498933+00:00,KXBTC15M-26MAY040030-30,0,10.87,4.995,2026-05-04,5.3454,4.38,-1.1799999999999997,KXBTC15M
KXBTC15M-26MAY040015,0.0532,yes,0.0,0.0,314,2026-05-04 04:15:11.504545+00:00,KXBTC15M-26MAY040015-15,100,3.14,1.9468,2026-05-04,1.9468,3.14,1.1400000000000001,KXBTC15M
KXBTCD-26MAY0400,0.0844,yes,3.22,0.161,0,2026-05-04 04:02:51.732473+00:00,KXBTCD-26MAY0400-T79999.99,100,3.22,1.4846,2026-05-04,1.6456,3.22,1.4900000000000002,KXBTCD
KXBTC15M-26MAY032345,0.20842,no,8.56,8.02928,0,2026-05-04 03:45:11.533742+00:00,KXBTC15M-26MAY032345-45,0,8.56,3.7723,2026-05-04,11.80158,8.56,-3.449999999999999,KXBTC15M
KXBTC15M-26MAY032330,0.3023,no,0.0,0.0,0,2026-05-04 03:30:11.607648+00:00,KXBTC15M-26MAY032330-30,0,17.97,6.6877,2026-05-04,6.6877,0.0,-6.99,KXBTC15M
KXBTC15M-26MAY032315,0.2387,yes,13.63,5.8413,0,2026-05-04 03:15:11.515397+00:00,KXBTC15M-26MAY032315-15,100,0.0,0.0,2026-05-04,5.8413,0.0,-6.08,KXBTC15M
KXBTCD-26MAY0323,0.58,yes,32.8,8.528,0,2026-05-04 03:03:21.638403+00:00,KXBTCD-26MAY0323-T79999.99,100,32.8,30.832,2026-05-04,39.36,32.8,-7.140000000000002,KXBTCD
KXBTC15M-26MAY032300,0.5232,yes,18.09,9.6739,0,2026-05-04 03:00:11.506350+00:00,KXBTC15M-26MAY032300-00,100,18.09,14.6529,2026-05-04,24.3268,18.09,-6.759999999999999,KXBTC15M
KXBTC15M-26MAY032230,0.0734,no,3.93,2.4366,393,2026-05-04 02:30:11.585769+00:00,KXBTC15M-26MAY032230-30,0,0.0,0.0,2026-05-04,2.4366,3.93,1.4200000000000004,KXBTC15M
KXBTC15M-26MAY032215,0.3149,yes,0.0,0.0,1955,2026-05-04 02:15:11.516348+00:00,KXBTC15M-26MAY032215-15,100,19.55,10.7751,2026-05-04,10.7751,19.55,8.46,KXBTC15M
KXBTCD-26MAY0320,0.2361,no,10.77,9.1545,0,2026-05-04 00:06:01.646671+00:00,KXBTCD-26MAY0320-T78599.99,0,10.77,2.3694,2026-05-04,11.523900000000001,10.77,-0.9900000000000015,KXBTCD
KXBTC15M-26MAY031915,0.0892,no,5.08,2.5908,508,2026-05-03 23:15:11.506453+00:00,KXBTC15M-26MAY031915-15,0,0.0,0.0,2026-05-03,2.5908,5.08,2.4,KXBTC15M
KXF1RACE-MIAGP26,0.3642,no,24.64,23.408,0,2026-05-03 22:34:01.637031+00:00,KXF1RACE-MIAGP26-VER,0,24.64,4.9178,2026-05-03,28.3258,24.64,-4.050000000000001,KXF1RACE
KXF1RACE-MIAGP26,0.4013,no,13.33,9.9975,0,2026-05-03 22:34:01.637031+00:00,KXF1RACE-MIAGP26-NOR,0,13.33,8.5312,2026-05-03,18.5287,13.33,-5.6000000000000005,KXF1RACE
KXF1RACE-MIAGP26,0.4484,yes,12.88,7.8568,0,2026-05-03 22:34:01.637031+00:00,KXF1RACE-MIAGP26-ANT,100,12.88,5.9248,2026-05-03,13.781600000000001,12.88,-1.35,KXF1RACE
KXBTC15M-26MAY031530,0.1494,no,7.66,4.2306,766,2026-05-03 19:30:11.508532+00:00,KXBTC15M-26MAY031530-30,0,0.0,0.0,2026-05-03,4.2306,7.66,3.2800000000000002,KXBTC15M
KXBTC15M-26MAY031515,0.2516,no,14.4,6.8284,1440,2026-05-03 19:15:11.502655+00:00,KXBTC15M-26MAY031515-15,0,0.0,0.0,2026-05-03,6.8284,14.4,7.32,KXBTC15M
KXBTC15M-26MAY031500,0.1188,yes,12.22,2.0012,0,2026-05-03 19:00:11.494160+00:00,KXBTC15M-26MAY031500-00,100,0.0,0.0,2026-05-03,2.0012,0.0,-2.1199999999999997,KXBTC15M
KXBTC15M-26MAY030945,0.102,no,6.35,1.905,0,2026-05-03 13:45:11.499639+00:00,KXBTC15M-26MAY030945-45,0,6.35,1.143,2026-05-03,3.048,6.35,3.1999999999999997,KXBTC15M
KXBTC15M-26MAY030915,0.0532,yes,2.92,1.5768,0,2026-05-03 13:15:11.500863+00:00,KXBTC15M-26MAY030915-15,100,0.0,0.0,2026-05-03,1.5768,0.0,-1.63,KXBTC15M
KXBTC15M-26MAY030900,0.0991,no,5.63,2.4209,563,2026-05-03 13:00:11.498830+00:00,KXBTC15M-26MAY030900-00,0,0.0,0.0,2026-05-03,2.4209,5.63,3.11,KXBTC15M
KXBTC15M-26MAY030845,0.16896,no,9.42,6.5226,550,2026-05-03 12:45:11.547921+00:00,KXBTC15M-26MAY030845-45,0,3.92,0.31844,2026-05-03,6.84104,9.42,2.41,KXBTC15M
KXBTC15M-26MAY030500,0.0889,no,5.09,1.9011,509,2026-05-03 09:00:11.495157+00:00,KXBTC15M-26MAY030500-00,0,0.0,0.0,2026-05-03,1.9011,5.09,3.0999999999999996,KXBTC15M
KXBTC15M-26MAY030445,0.086,yes,4.84,2.904,0,2026-05-03 08:45:11.497567+00:00,KXBTC15M-26MAY030445-45,100,0.0,0.0,2026-05-03,2.904,0.0,-2.9899999999999998,KXBTC15M
KXBTC15M-26MAY030400,0.7511,no,0.0,0.0,0,2026-05-03 08:00:11.494596+00:00,KXBTC15M-26MAY030400-00,0,57.4,14.4489,2026-05-03,14.4489,0.0,-15.2,KXBTC15M
KXBTC15M-26MAY030345,0.072,no,4.2,2.888,420,2026-05-03 07:45:11.497924+00:00,KXBTC15M-26MAY030345-45,0,0.0,0.0,2026-05-03,2.888,4.2,1.2400000000000002,KXBTC15M
KXBTC15M-26MAY030330,0.3254,yes,11.58,6.369,0,2026-05-03 07:30:11.495936+00:00,KXBTC15M-26MAY030330-30,100,11.58,9.4956,2026-05-03,15.8646,11.58,-4.609999999999999,KXBTC15M
KXBTCD-26MAY0303,0.4852,no,16.38,11.1384,0,2026-05-03 07:07:41.479201+00:00,KXBTCD-26MAY0303-T78299.99,0,16.38,4.5764,2026-05-03,15.7148,16.38,0.17999999999999866,KXBTCD
KXBTC15M-26MAY030230,0.2778,no,10.54,9.0644,0,2026-05-03 06:30:11.501812+00:00,KXBTC15M-26MAY030230-30,0,10.54,6.0078,2026-05-03,15.072199999999999,10.54,-4.81,KXBTC15M
KXBTC15M-26MAY030100,0.5571,no,17.67,12.0979,0,2026-05-03 05:00:11.503040+00:00,KXBTC15M-26MAY030100-00,0,17.67,8.835,2026-05-03,20.9329,17.67,-3.8199999999999985,KXBTC15M
KXBTC15M-26MAY030045,0.2056,no,11.52,6.7968,0,2026-05-03 04:45:11.554936+00:00,KXBTC15M-26MAY030045-45,0,11.52,1.4976,2026-05-03,8.2944,11.52,3.02,KXBTC15M
KXBTC15M-26MAY030015,0.1578,no,0.0,0.0,0,2026-05-03 04:15:11.506013+00:00,KXBTC15M-26MAY030015-15,0,12.17,2.6722,2026-05-03,2.6722,0.0,-2.83,KXBTC15M
KXBTC15M-26MAY022330,0.6572,no,18.82,8.6572,0,2026-05-03 03:30:11.515721+00:00,KXBTC15M-26MAY022330-30,0,18.82,10.9156,2026-05-03,19.5728,18.82,-1.4100000000000006,KXBTC15M
KXBTC15M-26MAY022315,0.33084,no,14.07,12.77556,0,2026-05-03 03:15:15.359491+00:00,KXBTC15M-26MAY022315-15,0,14.07,6.7536,2026-05-03,19.52916,14.07,-5.790000000000001,KXBTC15M
KXBTC15M-26MAY022300,0.17105,yes,9.15,0.11895,0,2026-05-03 03:00:15.303828+00:00,KXBTC15M-26MAY022300-00,100,9.15,5.22,2026-05-03,5.33895,9.15,3.6400000000000006,KXBTC15M
KXBTC15M-26MAY022245,0.0582,yes,0.0,0.0,338,2026-05-03 02:45:15.356219+00:00,KXBTC15M-26MAY022245-45,100,3.38,2.0618,2026-05-03,2.0618,3.38,1.26,KXBTC15M
KXBTC15M-26MAY022200,0.569,yes,17.66,5.298,0,2026-05-03 02:00:15.304417+00:00,KXBTC15M-26MAY022200-00,100,17.66,9.663,2026-05-03,14.961,17.66,2.13,KXBTC15M
KXBTC15M-26MAY022030,0.112,yes,6.6,2.508,0,2026-05-03 00:30:15.303688+00:00,KXBTC15M-26MAY022030-30,100,0.0,0.0,2026-05-03,2.508,0.0,-2.62,KXBTC15M
KXBTC15M-26MAY022000,0.0,no,0.0,0.0,0,2026-05-03 00:00:15.304724+00:00,KXBTC15M-26MAY022000-00,0,0.0,0.0,2026-05-03,0.0,0.0,0.0,KXBTC15M
KXBTC15M-26MAY021945,0.4614,no,26.52,14.7086,52,2026-05-02 23:45:15.300160+00:00,KXBTC15M-26MAY021945-45,0,26.0,3.9,2026-05-02,18.6086,26.52,7.45,KXBTC15M
KXBTC15M-26MAY021930,0.1996,yes,11.44,4.6904,0,2026-05-02 23:30:15.299327+00:00,KXBTC15M-26MAY021930-30,100,0.0,0.0,2026-05-02,4.6904,0.0,-4.890000000000001,KXBTC15M
KXBTC15M-26MAY021915,0.1644,no,10.48,7.1264,0,2026-05-02 23:15:15.305219+00:00,KXBTC15M-26MAY021915-15,0,10.48,0.4192,2026-05-02,7.5456,10.48,2.77,KXBTC15M
KXBTC15M-26MAY021845,0.74576,yes,44.44,12.8196,0,2026-05-02 22:45:15.303231+00:00,KXBTC15M-26MAY021845-45,100,44.44,42.48464,2026-05-02,55.30424,44.44,-11.610000000000003,KXBTC15M
KXBTCD-26MAY0218,0.9644,no,35.23,19.3765,0,2026-05-02 22:02:45.444015+00:00,KXBTCD-26MAY0218-T78799.99,0,35.23,5.9891,2026-05-02,25.3656,35.23,8.899999999999997,KXBTCD
KXBTC15M-26MAY021745,0.5736,yes,62.07,9.4764,0,2026-05-02 21:45:15.351633+00:00,KXBTC15M-26MAY021745-45,100,0.0,0.0,2026-05-02,9.4764,0.0,-10.05,KXBTC15M
KXBTC15M-26MAY021700,0.1251,yes,22.15,1.9049,0,2026-05-02 21:00:15.359935+00:00,KXBTC15M-26MAY021700-00,100,0.0,0.0,2026-05-02,1.9049,0.0,-2.0300000000000002,KXBTC15M
KXBTC15M-26MAY021645,0.22,yes,7.5,6.3,0,2026-05-02 20:45:15.300651+00:00,KXBTC15M-26MAY021645-45,100,7.5,3.9,2026-05-02,10.2,7.5,-2.9199999999999995,KXBTC15M
KXBTC15M-26MAY021615,0.2225,no,0.0,0.0,0,2026-05-02 20:15:15.303631+00:00,KXBTC15M-26MAY021615-15,0,13.65,4.7775,2026-05-02,4.7775,0.0,-5.0,KXBTC15M
KXBTCD-26MAY0216,0.492,no,0.0,0.0,0,2026-05-02 20:02:45.429912+00:00,KXBTCD-26MAY0216-T78499.99,0,28.97,11.588,2026-05-02,11.588,0.0,-12.079999999999998,KXBTCD
KXBTC15M-26MAY021545,0.4144,yes,23.97,1.9176,0,2026-05-02 19:45:15.303636+00:00,KXBTC15M-26MAY021545-45,100,23.97,9.588,2026-05-02,11.5056,23.97,12.049999999999999,KXBTC15M
KXBTC15M-26MAY021515,0.4015,yes,22.55,10.5985,0,2026-05-02 19:15:15.304409+00:00,KXBTC15M-26MAY021515-15,100,0.0,0.0,2026-05-02,10.5985,0.0,-11.0,KXBTC15M
KXBTCD-26MAY0215,0.6315,yes,55.59,9.4503,0,2026-05-02 19:02:45.435082+00:00,KXBTCD-26MAY0215-T78399.99,100,55.59,54.4782,2026-05-02,63.9285,55.59,-8.969999999999995,KXBTCD
KXBTC15M-26MAY021415,0.3756,no,0.0,0.0,0,2026-05-02 18:15:15.306998+00:00,KXBTC15M-26MAY021415-15,0,30.28,6.9644,2026-05-02,6.9644,0.0,-7.340000000000001,KXBTC15M
KXBTC15M-26MAY021345,0.15903,no,12.71,2.2878,0,2026-05-02 17:45:15.299842+00:00,KXBTC15M-26MAY021345-45,0,12.71,0.34317,2026-05-02,2.6309699999999996,12.71,9.920000000000002,KXBTC15M
KXBTC15M-26MAY021330,1.2843,yes,28.3,12.3178,1742,2026-05-02 17:30:55.300175+00:00,KXBTC15M-26MAY021330-30,100,45.72,19.7379,2026-05-02,32.0557,45.72,12.379999999999997,KXBTC15M
KXBTC15M-26MAY021315,0.7152,no,0.0,0.0,0,2026-05-02 17:15:15.305705+00:00,KXBTC15M-26MAY021315-15,0,73.52,12.2848,2026-05-02,12.2848,0.0,-13.0,KXBTC15M
KXBTC15M-26MAY020600,0.2167,no,0.0,0.0,0,2026-05-02 10:00:15.291046+00:00,KXBTC15M-26MAY020600-00,0,12.53,4.9233,2026-05-02,4.9233,0.0,-5.140000000000001,KXBTC15M
KXBTC15M-26MAY020545,0.4634,yes,16.47,3.1293,0,2026-05-02 09:45:15.296196+00:00,KXBTC15M-26MAY020545-45,100,16.47,9.7173,2026-05-02,12.8466,16.47,3.1599999999999984,KXBTC15M
KXBTC15M-26MAY020515,0.406,no,0.0,0.0,0,2026-05-02 09:15:15.300932+00:00,KXBTC15M-26MAY020515-15,0,23.2,10.904,2026-05-02,10.904,0.0,-11.31,KXBTC15M
KXBTCD-26MAY0205,0.9006,no,78.49,73.7806,0,2026-05-02 09:02:45.418466+00:00,KXBTCD-26MAY0205-T78399.99,0,78.49,9.4188,2026-05-02,83.19940000000001,78.49,-5.610000000000016,KXBTCD
KXBTC15M-26MAY020500,0.83956,no,38.42,15.4854,0,2026-05-02 09:00:15.299863+00:00,KXBTC15M-26MAY020500-00,0,38.42,5.17504,2026-05-02,20.66044,38.42,16.92,KXBTC15M
KXBTC15M-26MAY020430,2.8423,yes,98.88,41.6884,0,2026-05-02 08:30:15.295623+00:00,KXBTC15M-26MAY020430-30,100,68.38,29.1393,2026-05-02,70.8277,68.38,-5.289999999999997,KXBTC15M
KXBTC15M-26MAY020415,0.4299,yes,29.07,3.7791,0,2026-05-02 08:15:15.298311+00:00,KXBTC15M-26MAY020415-15,100,29.07,8.721,2026-05-02,12.5001,29.07,16.14,KXBTC15M
KXBTC15M-26MAY020400,0.3892,no,21.54,8.8314,0,2026-05-02 08:00:15.299924+00:00,KXBTC15M-26MAY020400-00,0,21.54,2.3694,2026-05-02,11.200800000000001,21.54,9.949999999999998,KXBTC15M
KXBTC15M-26MAY020330,0.3603,yes,20.0,1.4,49,2026-05-02 07:30:15.296568+00:00,KXBTC15M-26MAY020330-30,100,20.49,9.8597,2026-05-02,11.2597,20.49,8.869999999999997,KXBTC15M
KXBTC15M-26MAY020315,0.268,no,15.73,6.292,173,2026-05-02 07:15:15.301190+00:00,KXBTC15M-26MAY020315-15,0,14.0,1.4,2026-05-02,7.692,15.73,7.7700000000000005,KXBTC15M
KXBTC15M-26MAY020300,0.237,yes,13.62,1.0896,0,2026-05-02 07:07:21.249830+00:00,KXBTC15M-26MAY020300-00,100,13.62,7.7634,2026-05-02,8.853,13.62,4.529999999999999,KXBTC15M
KXBTC15M-26MAY020245,0.7992,yes,63.28,15.9008,0,2026-05-02 06:45:15.301003+00:00,KXBTC15M-26MAY020245-45,100,0.0,0.0,2026-05-02,15.9008,0.0,-16.7,KXBTC15M
KXBTC15M-26MAY020230,0.3816,no,21.83,10.5584,83,2026-05-02 06:30:16.800083+00:00,KXBTC15M-26MAY020230-30,0,21.0,2.1,2026-05-02,12.6584,21.83,8.789999999999997,KXBTC15M
KXBTC15M-26MAY020215,0.136,yes,10.8,1.0584,0,2026-05-02 06:15:06.799046+00:00,KXBTC15M-26MAY020215-15,100,10.8,9.7956,2026-05-02,10.854000000000001,10.8,-0.19000000000000028,KXBTC15M
KXBTCD-26MAY0202,0.2004,yes,11.72,0.586,0,2026-05-02 06:02:37.491133+00:00,KXBTCD-26MAY0202-T78199.99,100,11.72,4.4536,2026-05-02,5.0396,11.72,6.48,KXBTCD
KXBTC15M-26MAY020130,1.2948,yes,43.92,19.783,0,2026-05-02 05:30:06.800276+00:00,KXBTC15M-26MAY020130-30,100,43.92,13.1922,2026-05-02,32.9752,43.92,9.65,KXBTC15M
KXBTC15M-26MAY020115,0.8588,no,0.0,0.0,0,2026-05-02 05:15:06.851343+00:00,KXBTC15M-26MAY020115-15,0,53.01,19.1412,2026-05-02,19.1412,0.0,-20.0,KXBTC15M
KXBTCD-26MAY0201,0.8518,no,0.0,0.0,0,2026-05-02 05:02:36.940186+00:00,KXBTCD-26MAY0201-T78199.99,0,52.52,21.7982,2026-05-02,21.7982,0.0,-22.650000000000002,KXBTCD
KXBTC15M-26MAY020045,2.30591,no,84.38,39.4035,0,2026-05-02 04:45:06.807696+00:00,KXBTC15M-26MAY020045-45,0,84.38,24.05059,2026-05-02,63.45409,84.38,18.619999999999994,KXBTC15M
KXBTC15M-26MAY020030,0.6844,no,0.0,0.0,0,2026-05-02 04:30:16.801311+00:00,KXBTC15M-26MAY020030-30,0,46.72,15.3156,2026-05-02,15.3156,0.0,-16.0,KXBTC15M
KXBTCD-26MAY0200,0.6801,yes,38.49,19.6199,0,2026-05-02 04:03:16.955449+00:00,KXBTCD-26MAY0200-T78399.99,100,0.0,0.0,2026-05-02,19.6199,0.0,-20.3,KXBTCD
KXBTC15M-26MAY012330,0.7413,yes,36.91,1.4764,0,2026-05-02 03:30:16.805227+00:00,KXBTC15M-26MAY012330-30,100,36.91,16.4623,2026-05-02,17.938699999999997,36.91,18.23,KXBTC15M
KXBTC15M-26MAY012315,0.328,no,13.5,5.67,0,2026-05-02 03:15:06.806259+00:00,KXBTC15M-26MAY012315-15,0,13.5,1.312,2026-05-02,6.982,13.5,6.1899999999999995,KXBTC15M
KXBTCD-26MAY0123,0.2067,no,12.61,4.4135,0,2026-05-02 03:02:44.512599+00:00,KXBTCD-26MAY0123-T78399.99,0,12.61,2.2698,2026-05-02,6.6833,12.61,5.72,KXBTCD
KXBTC15M-26MAY012300,0.2832,no,20.16,14.7168,2016,2026-05-02 03:00:16.855096+00:00,KXBTC15M-26MAY012300-00,0,0.0,0.0,2026-05-02,14.7168,20.16,5.160000000000001,KXBTC15M
KXBTC15M-26MAY012215,0.7033,no,24.47,9.5738,0,2026-05-02 02:15:16.807670+00:00,KXBTC15M-26MAY012215-15,0,33.68,24.1729,2026-05-02,33.7467,24.47,-9.979999999999999,KXBTC15M
KXBTC15M-26MAY012200,0.5517,no,0.0,0.0,0,2026-05-02 02:00:16.861573+00:00,KXBTC15M-26MAY012200-00,0,32.37,14.8383,2026-05-02,14.8383,0.0,-15.39,KXBTC15M
KXBTC15M-26MAY012145,1.23548,no,62.99,33.25247,0,2026-05-02 01:45:17.001810+00:00,KXBTC15M-26MAY012145-45,0,62.99,18.10205,2026-05-02,51.35452,62.99,10.400000000000002,KXBTC15M
KXBTC15M-26MAY012130,0.1324,no,0.0,0.0,0,2026-05-02 01:30:16.899142+00:00,KXBTC15M-26MAY012130-30,0,7.24,3.5476,2026-05-02,3.5476,0.0,-3.68,KXBTC15M
KXBTC15M-26MAY012115,0.27864,yes,14.21,0.48156,0,2026-05-02 01:15:16.799577+00:00,KXBTC15M-26MAY012115-15,100,14.21,5.3398,2026-05-02,5.82136,14.21,8.110000000000001,KXBTC15M
KXBTC15M-26MAY012100,0.3342,yes,0.0,0.0,2051,2026-05-02 01:00:16.851033+00:00,KXBTC15M-26MAY012100-00,100,20.51,10.2058,2026-05-02,10.2058,20.51,9.970000000000002,KXBTC15M
KXBTC15M-26MAY012045,0.7913,yes,0.0,0.0,4560,2026-05-02 00:45:16.851346+00:00,KXBTC15M-26MAY012045-45,100,45.6,24.8687,2026-05-02,24.8687,45.6,19.94,KXBTC15M
KXBTC15M-26MAY012030,1.52922,yes,82.61,48.5382,0,2026-05-02 00:30:16.808652+00:00,KXBTC15M-26MAY012030-30,100,82.61,80.79258,2026-05-02,129.33078,82.61,-48.25000000000001,KXBTC15M
KXBTC15M-26MAY012015,1.7478,no,33.24,13.7478,0,2026-05-02 00:15:16.804288+00:00,KXBTC15M-26MAY012015-15,0,89.65,67.0544,2026-05-02,80.8022,33.24,-49.309999999999995,KXBTC15M
KXBTC15M-26MAY012000,2.4576,yes,58.15,19.1895,4932,2026-05-02 00:00:26.802006+00:00,KXBTC15M-26MAY012000-00,100,107.47,76.6029,2026-05-02,95.7924,107.47,9.219999999999999,KXBTC15M
KXBTC15M-26MAY011945,1.08201,yes,91.87,24.81799,0,2026-05-01 23:45:16.804396+00:00,KXBTC15M-26MAY011945-45,100,0.0,0.0,2026-05-01,24.81799,0.0,-25.900000000000002,KXBTC15M
KXBTC15M-26MAY011930,0.7808,no,37.69,23.3678,0,2026-05-01 23:30:16.802796+00:00,KXBTC15M-26MAY011930-30,0,37.69,2.2614,2026-05-01,25.629199999999997,37.69,11.280000000000001,KXBTC15M
KXBTC15M-26MAY011915,1.57939,no,62.02,53.12031,0,2026-05-01 23:15:16.853914+00:00,KXBTC15M-26MAY011915-15,0,62.02,31.7303,2026-05-01,84.85061,62.02,-24.41,KXBTC15M
KXBTC15M-26MAY011900,0.5612,no,24.23,17.7598,1113,2026-05-01 23:00:16.855159+00:00,KXBTC15M-26MAY011900-00,0,13.1,5.109,2026-05-01,22.8688,24.23,0.8000000000000002,KXBTC15M
KXBTC15M-26MAY011815,0.19176,yes,10.52,0.16984,0,2026-05-01 22:15:16.819214+00:00,KXBTC15M-26MAY011815-15,100,10.52,7.0484,2026-05-01,7.21824,10.52,3.11,KXBTC15M
KXBTC15M-26MAY011800,0.38,yes,14.75,5.31,0,2026-05-01 22:00:16.853668+00:00,KXBTC15M-26MAY011800-00,100,14.75,12.39,2026-05-01,17.7,14.75,-3.329999999999999,KXBTC15M
KXBTCD-26MAY0117,0.5332,no,29.63,29.0374,0,2026-05-01 21:03:16.943412+00:00,KXBTCD-26MAY0117-T77999.99,0,29.63,11.2594,2026-05-01,40.296800000000005,29.63,-11.200000000000006,KXBTCD
KXBTC15M-26MAY011645,0.54868,no,25.02,23.16852,0,2026-05-01 20:45:16.846420+00:00,KXBTC15M-26MAY011645-45,0,25.02,10.9528,2026-05-01,34.12132,25.02,-9.649999999999997,KXBTC15M
KXBTC15M-26MAY011630,0.1508,no,6.9,4.14,0,2026-05-01 20:30:16.845626+00:00,KXBTC15M-26MAY011630-30,0,6.9,0.4692,2026-05-01,4.6091999999999995,6.9,2.140000000000001,KXBTC15M
KXBTC15M-26MAY011615,0.70181,no,57.92,56.57086,0,2026-05-01 20:15:16.805258+00:00,KXBTC15M-26MAY011615-15,0,57.92,11.38733,2026-05-01,67.95819,57.92,-10.74,KXBTC15M
KXBTCD-26MAY0116,0.4838,yes,27.02,13.6662,0,2026-05-01 20:02:56.872221+00:00,KXBTCD-26MAY0116-T78399.99,100,0.0,0.0,2026-05-01,13.6662,0.0,-14.15,KXBTCD
KXBTCD-26MAY0115,0.5092,no,0.0,0.0,0,2026-05-01 19:02:46.836035+00:00,KXBTCD-26MAY0115-T78499.99,0,38.37,9.4308,2026-05-01,9.4308,0.0,-9.94,KXBTCD
KXBTCD-26MAY0115,0.85,yes,0.0,0.0,4830,2026-05-01 19:02:46.836035+00:00,KXBTCD-26MAY0115-T78399.99,100,48.3,24.14,2026-05-01,24.14,48.3,23.309999999999995,KXBTCD
KXBTC15M-26MAY011500,0.52902,no,27.02,26.18238,0,2026-05-01 19:00:16.752781+00:00,KXBTC15M-26MAY011500-00,0,27.02,11.6186,2026-05-01,37.800979999999996,27.02,-11.309999999999995,KXBTC15M
KXBTC15M-26MAY011445,0.3802,no,21.86,9.3998,2186,2026-05-01 18:45:16.703762+00:00,KXBTC15M-26MAY011445-45,0,0.0,0.0,2026-05-01,9.3998,21.86,12.079999999999998,KXBTC15M
KXBTC15M-26MAY011430,1.7269,yes,114.07,38.2631,0,2026-05-01 18:30:16.704324+00:00,KXBTC15M-26MAY011430-30,100,0.0,0.0,2026-05-01,38.2631,0.0,-39.99,KXBTC15M
KXBTC15M-26MAY011415,0.4814,no,0.0,0.0,0,2026-05-01 18:15:16.754665+00:00,KXBTC15M-26MAY011415-15,0,32.62,9.5286,2026-05-01,9.5286,0.0,-10.010000000000002,KXBTC15M
KXBTC15M-26MAY011330,0.5201,no,0.0,0.0,0,2026-05-01 17:30:16.700877+00:00,KXBTC15M-26MAY011330-30,0,34.19,12.3899,2026-05-01,12.3899,0.0,-12.91,KXBTC15M
KXBTC15M-26MAY011315,1.3669,yes,0.0,0.0,8792,2026-05-01 17:15:16.752841+00:00,KXBTC15M-26MAY011315-15,100,87.92,31.8531,2026-05-01,31.8531,87.92,54.7,KXBTC15M
KXBTC15M-26MAY011300,0.3799,no,23.19,11.4801,2319,2026-05-01 17:00:16.750819+00:00,KXBTC15M-26MAY011300-00,0,0.0,0.0,2026-05-01,11.4801,23.19,11.330000000000002,KXBTC15M
KXBTC15M-26MAY010715,0.297,yes,0.0,0.0,1687,2026-05-01 11:15:16.695200+00:00,KXBTC15M-26MAY010715-15,100,16.87,9.693,2026-05-01,9.693,16.87,6.880000000000002,KXBTC15M
KXBTC15M-26MAY010700,0.2344,yes,12.97,6.2256,0,2026-05-01 11:00:06.695861+00:00,KXBTC15M-26MAY010700-00,100,0.0,0.0,2026-05-01,6.2256,0.0,-6.46,KXBTC15M
KXBTC15M-26MAY010645,0.2075,no,11.46,6.7525,1146,2026-05-01 10:45:06.701751+00:00,KXBTC15M-26MAY010645-45,0,0.0,0.0,2026-05-01,6.7525,11.46,4.500000000000001,KXBTC15M
KXBTC15M-26MAY010630,0.2048,yes,0.0,0.0,1196,2026-05-01 10:30:06.696612+00:00,KXBTC15M-26MAY010630-30,100,11.96,7.4152,2026-05-01,7.4152,11.96,4.340000000000002,KXBTC15M
KXBTC15M-26MAY010615,0.3042,no,17.62,10.3958,1762,2026-05-01 10:15:06.693569+00:00,KXBTC15M-26MAY010615-15,0,0.0,0.0,2026-05-01,10.3958,17.62,6.920000000000002,KXBTC15M
KXBTCD-26MAY0106,0.3738,no,15.86,13.7982,0,2026-05-01 10:02:56.778257+00:00,KXBTCD-26MAY0106-T77299.99,0,15.86,4.758,2026-05-01,18.5562,15.86,-3.070000000000001,KXBTCD
KXBTCD-26MAY0106,0.4018,yes,25.34,6.5884,0,2026-05-01 10:02:56.778257+00:00,KXBTCD-26MAY0106-T77199.99,100,25.34,24.5798,2026-05-01,31.1682,25.34,-6.229999999999999,KXBTCD
KXBTC15M-26MAY010600,0.0,no,0.0,0.0,0,2026-05-01 10:00:16.694103+00:00,KXBTC15M-26MAY010600-00,0,0.0,0.0,2026-05-01,0.0,0.0,0.0,KXBTC15M
KXBTC15M-26MAY010530,1.1205,yes,37.72,15.6459,0,2026-05-01 09:30:16.697599+00:00,KXBTC15M-26MAY010530-30,100,26.3,12.9136,2026-05-01,28.5595,26.3,-3.379999999999999,KXBTC15M
KXBTCD-26MAY0105,0.6142,no,35.38,14.5058,3538,2026-05-01 09:02:36.808370+00:00,KXBTCD-26MAY0105-T77399.99,0,0.0,0.0,2026-05-01,14.5058,35.38,20.26,KXBTCD
KXBTC15M-26MAY010500,0.192,yes,10.7,5.618,0,2026-05-01 09:00:16.700542+00:00,KXBTC15M-26MAY010500-00,100,0.0,0.0,2026-05-01,5.618,0.0,-5.8100000000000005,KXBTC15M
KXBTC15M-26MAY010445,0.16,no,8.8,4.84,880,2026-05-01 08:45:06.743521+00:00,KXBTC15M-26MAY010445-45,0,0.0,0.0,2026-05-01,4.84,8.8,3.8000000000000007,KXBTC15M
KXBTC15M-26MAY010430,0.40381,yes,16.87,1.63639,0,2026-05-01 08:30:16.696796+00:00,KXBTC15M-26MAY010430-30,100,16.87,9.1098,2026-05-01,10.74619,16.87,5.720000000000001,KXBTC15M
KXBTCD-26MAY0104,0.6304,yes,38.01,9.3101,0,2026-05-01 08:02:56.870363+00:00,KXBTCD-26MAY0104-T76999.99,100,38.01,36.1095,2026-05-01,45.419599999999996,38.01,-8.039999999999997,KXBTCD
KXBTCD-26MAY0104,0.46,yes,26.08,13.04,0,2026-05-01 08:02:56.870280+00:00,KXBTCD-26MAY0104-T77099.99,100,0.0,0.0,2026-05-01,13.04,0.0,-13.5,KXBTCD
KXBTC15M-26MAY010400,0.5297,yes,23.7,9.5856,0,2026-05-01 08:00:16.746198+00:00,KXBTC15M-26MAY010400-00,100,23.7,22.0647,2026-05-01,31.650299999999998,23.7,-8.479999999999999,KXBTC15M
KXBTC15M-26MAY010345,0.6714,yes,26.74,11.7486,0,2026-05-01 07:45:16.699704+00:00,KXBTC15M-26MAY010345-45,100,12.0,6.36,2026-05-01,18.1086,12.0,-6.779999999999999,KXBTC15M
KXBTC15M-26MAY010330,0.9759,no,48.03,46.0998,0,2026-05-01 07:30:16.698304+00:00,KXBTC15M-26MAY010330-30,0,48.03,24.1543,2026-05-01,70.2541,48.03,-23.199999999999992,KXBTC15M
KXBTC15M-26MAY010315,0.6344,yes,39.22,19.6456,0,2026-05-01 07:15:06.698830+00:00,KXBTC15M-26MAY010315-15,100,0.0,0.0,2026-05-01,19.6456,0.0,-20.28,KXBTC15M
KXBTCD-26MAY0103,2.165,yes,90.5,9.61,0,2026-05-01 07:07:22.504309+00:00,KXBTCD-26MAY0103-T76999.99,100,90.5,51.585,2026-05-01,61.195,90.5,27.14,KXBTCD
KXBTC15M-26MAY010245,0.90959,no,44.93,19.208,0,2026-05-01 06:45:06.699262+00:00,KXBTC15M-26MAY010245-45,0,44.93,1.66241,2026-05-01,20.87041,44.93,23.15,KXBTC15M
KXBTC15M-26MAY010230,1.312,yes,56.21,17.2555,0,2026-05-01 06:30:16.700392+00:00,KXBTC15M-26MAY010230-30,100,28.55,9.9925,2026-05-01,27.248,28.55,-0.010000000000000453,KXBTC15M
KXBTC15M-26MAY010215,0.3733,no,0.0,0.0,0,2026-05-01 06:15:06.699038+00:00,KXBTC15M-26MAY010215-15,0,22.01,9.3267,2026-05-01,9.3267,0.0,-9.700000000000001,KXBTC15M
KXBTCD-26MAY0102,0.1387,yes,9.23,2.8613,0,2026-05-01 06:02:46.827745+00:00,KXBTCD-26MAY0102-T77099.99,100,0.0,0.0,2026-05-01,2.8613,0.0,-3.0,KXBTCD
KXBTC15M-26MAY010200,0.1825,yes,9.99,4.8375,0,2026-05-01 06:00:16.747867+00:00,KXBTC15M-26MAY010200-00,100,0.0,0.0,2026-05-01,4.8375,0.0,-5.0200000000000005,KXBTC15M
KXBTC15M-26MAY010145,0.084,yes,0.0,0.0,502,2026-05-01 05:45:06.697815+00:00,KXBTC15M-26MAY010145-45,100,5.02,3.206,2026-05-01,3.206,5.02,1.7299999999999995,KXBTC15M
KXBTC15M-26MAY010130,0.0,no,0.0,0.0,0,2026-05-01 05:30:16.750317+00:00,KXBTC15M-26MAY010130-30,0,0.0,0.0,2026-05-01,0.0,0.0,0.0,KXBTC15M
KXBTC15M-26MAY010115,0.09145,yes,3.65,0.35405,0,2026-05-01 05:15:16.754041+00:00,KXBTC15M-26MAY010115-15,100,3.65,1.9345,2026-05-01,2.28855,3.65,1.27,KXBTC15M
KXBTCD-26MAY0101,0.3865,yes,34.05,7.8335,0,2026-05-01 05:02:36.885690+00:00,KXBTCD-26MAY0101-T76999.99,100,0.0,0.0,2026-05-01,7.8335,0.0,-8.22,KXBTCD
KXBTC15M-26MAY010045,0.0725,yes,0.0,0.0,425,2026-05-01 04:45:06.702756+00:00,KXBTC15M-26MAY010045-45,100,4.25,2.5075,2026-05-01,2.5075,4.25,1.6700000000000002,KXBTC15M
KXBTC15M-26MAY010030,0.2064,no,11.56,6.4736,1156,2026-05-01 04:30:16.749818+00:00,KXBTC15M-26MAY010030-30,0,0.0,0.0,2026-05-01,6.4736,11.56,4.88,KXBTC15M
KXBTC15M-26APR302245,0.1309,no,6.7,3.8691,670,2026-05-01 02:45:16.806367+00:00,KXBTC15M-26APR302245-45,0,0.0,0.0,2026-05-01,3.8691,6.7,2.7,KXBTC15M
KXBTC15M-26APR302130,0.1768,no,0.0,0.0,0,2026-05-01 01:30:16.754373+00:00,KXBTC15M-26APR302130-30,0,10.04,5.8232,2026-05-01,5.8232,0.0,-6.0,KXBTC15M
KXBTC15M-26APR302115,0.9313,yes,63.49,19.0687,0,2026-05-01 01:15:16.751728+00:00,KXBTC15M-26APR302115-15,100,0.0,0.0,2026-05-01,19.0687,0.0,-20.0,KXBTC15M
KXBTC15M-26APR302045,0.7058,yes,39.61,17.2942,0,2026-05-01 00:45:16.750607+00:00,KXBTC15M-26APR302045-45,100,0.0,0.0,2026-05-01,17.2942,0.0,-18.0,KXBTC15M
KXBTC15M-26APR302030,0.5018,yes,36.32,11.4982,0,2026-05-01 00:30:16.747241+00:00,KXBTC15M-26APR302030-30,100,0.0,0.0,2026-05-01,11.4982,0.0,-12.0,KXBTC15M
KXBTC15M-26APR301715,0.0808,no,0.0,0.0,0,2026-04-30 21:15:06.757206+00:00,KXBTC15M-26APR301715-15,0,8.37,1.3392,2026-04-30,1.3392,0.0,-1.42,KXBTC15M
KXBTCD-26APR3017,0.6455,no,39.05,14.4945,3905,2026-04-30 21:02:36.897221+00:00,KXBTCD-26APR3017-T76499.99,0,0.0,0.0,2026-04-30,14.4945,39.05,23.909999999999997,KXBTCD
KXBTC15M-26APR301700,0.302,no,17.36,9.548,1736,2026-04-30 21:00:16.750991+00:00,KXBTC15M-26APR301700-00,0,0.0,0.0,2026-04-30,9.548,17.36,7.51,KXBTC15M
KXBTC15M-26APR301630,0.2301,yes,16.37,4.4199,0,2026-04-30 20:30:16.747073+00:00,KXBTC15M-26APR301630-30,100,0.0,0.0,2026-04-30,4.4199,0.0,-4.65,KXBTC15M
KXBTC15M-26APR301615,0.261,yes,0.0,0.0,1465,2026-04-30 20:15:06.704579+00:00,KXBTC15M-26APR301615-15,100,14.65,6.739,2026-04-30,6.739,14.65,7.65,KXBTC15M
KXBTC15M-26APR301600,0.1136,no,0.0,0.0,0,2026-04-30 20:00:16.748536+00:00,KXBTC15M-26APR301600-00,0,6.56,2.8864,2026-04-30,2.8864,0.0,-3.0,KXBTC15M
KXBTC15M-26APR301515,0.1108,yes,6.02,2.7692,0,2026-04-30 19:15:16.801969+00:00,KXBTC15M-26APR301515-15,100,0.0,0.0,2026-04-30,2.7692,0.0,-2.88,KXBTC15M
KXBTC15M-26APR301500,0.5604,no,32.73,19.3796,3273,2026-04-30 19:00:16.748985+00:00,KXBTC15M-26APR301500-00,0,0.0,0.0,2026-04-30,19.3796,32.73,12.789999999999997,KXBTC15M
KXBTC15M-26APR301445,0.5454,yes,31.14,18.4946,0,2026-04-30 18:45:16.702513+00:00,KXBTC15M-26APR301445-45,100,0.0,0.0,2026-04-30,18.4946,0.0,-19.04,KXBTC15M
KXBTC15M-26APR301415,0.172,no,11.16,3.348,1116,2026-04-30 18:15:16.755269+00:00,KXBTC15M-26APR301415-15,0,0.0,0.0,2026-04-30,3.348,11.16,7.640000000000001,KXBTC15M
KXBTC15M-26APR301400,0.0,yes,0.0,0.0,0,2026-04-30 18:00:16.746870+00:00,KXBTC15M-26APR301400-00,100,0.0,0.0,2026-04-30,0.0,0.0,0.0,KXBTC15M
KXBTC15M-26APR301345,0.2011,yes,0.0,0.0,1149,2026-04-30 17:45:16.698061+00:00,KXBTC15M-26APR301345-45,100,11.49,7.0089,2026-04-30,7.0089,11.49,4.28,KXBTC15M
KXBTC15M-26APR301300,0.3158,no,17.21,9.3042,1721,2026-04-30 17:00:16.701359+00:00,KXBTC15M-26APR301300-00,0,0.0,0.0,2026-04-30,9.3042,17.21,7.590000000000001,KXBTC15M
KXBTC15M-26APR301245,0.1116,yes,0.0,0.0,759,2026-04-30 16:45:06.701436+00:00,KXBTC15M-26APR301245-45,100,7.59,5.4084,2026-04-30,5.4084,7.59,2.0699999999999994,KXBTC15M
KXBTC15M-26APR301145,0.1335,no,7.55,3.2465,755,2026-04-30 15:45:16.702486+00:00,KXBTC15M-26APR301145-45,0,0.0,0.0,2026-04-30,3.2465,7.55,4.17,KXBTC15M
KXBTC15M-26APR300145,0.0,yes,0.0,0.0,0,2026-04-30 05:45:13.968702+00:00,KXBTC15M-26APR300145-45,100,0.0,0.0,2026-04-30,0.0,0.0,0.0,KXBTC15M
KXBTC15M-26APR300130,0.8612,no,40.12,36.5092,0,2026-04-30 05:30:13.970753+00:00,KXBTC15M-26APR300130-30,0,40.12,13.2396,2026-04-30,49.7488,40.12,-10.490000000000006,KXBTC15M
KXBTCD-26APR3000,1.0779,yes,55.26,24.8625,0,2026-04-30 04:03:24.162797+00:00,KXBTCD-26APR3000-T75899.99,100,55.26,52.7196,2026-04-30,77.5821,55.26,-23.4,KXBTCD
KXBTC15M-26APR300000,1.0341,no,41.77,30.1381,0,2026-04-30 04:00:19.660137+00:00,KXBTC15M-26APR300000-00,0,41.77,29.1178,2026-04-30,59.2559,41.77,-18.519999999999992,KXBTC15M
KXBTC15M-26APR292330,0.3484,yes,0.0,0.0,2079,2026-04-30 03:30:16.199276+00:00,KXBTC15M-26APR292330-30,100,20.79,7.4116,2026-04-30,7.4116,20.79,13.03,KXBTC15M
KXBTC15M-26APR291245,0.4913,yes,0.0,0.0,2776,2026-04-29 16:45:13.919191+00:00,KXBTC15M-26APR291245-45,100,27.76,13.5287,2026-04-29,13.5287,27.76,13.74,KXBTC15M
KXBTC15M-26APR290500,0.1641,no,0.0,0.0,0,2026-04-29 09:00:13.916459+00:00,KXBTC15M-26APR290500-00,0,9.22,5.3459,2026-04-29,5.3459,0.0,-5.510000000000001,KXBTC15M
KXBTC15M-26APR290415,0.6712,no,14.02,8.2718,0,2026-04-29 08:15:13.917430+00:00,KXBTC15M-26APR290415-15,0,27.64,14.557,2026-04-29,22.8288,14.02,-9.480000000000002,KXBTC15M
KXBTC15M-26APR290330,0.554,no,0.0,0.0,0,2026-04-29 07:30:13.971527+00:00,KXBTC15M-26APR290330-30,0,31.22,15.076,2026-04-29,15.076,0.0,-15.63,KXBTC15M
KXBTC15M-26APR290315,0.4905,yes,0.0,0.0,3063,2026-04-29 07:15:13.916021+00:00,KXBTC15M-26APR290315-15,100,30.63,19.9095,2026-04-29,19.9095,30.63,10.229999999999997,KXBTC15M
KXBTC15M-26APR290300,0.6284,no,0.0,0.0,0,2026-04-29 07:07:59.567655+00:00,KXBTC15M-26APR290300-00,0,38.81,13.9716,2026-04-29,13.9716,0.0,-14.6,KXBTC15M
KXBTC15M-26APR290245,0.9676,no,0.0,0.0,0,2026-04-29 06:45:13.919758+00:00,KXBTC15M-26APR290245-45,0,66.86,24.9224,2026-04-29,24.9224,0.0,-25.89,KXBTC15M
KXBTC15M-26APR290230,0.819,no,43.65,42.6897,0,2026-04-29 06:30:13.920963+00:00,KXBTC15M-26APR290230-30,0,43.65,21.5613,2026-04-29,64.251,43.65,-21.420000000000005,KXBTC15M
KXBTCD-26APR2902,0.7295,no,41.89,18.8505,4189,2026-04-29 06:02:34.376486+00:00,KXBTCD-26APR2902-T77299.99,0,0.0,0.0,2026-04-29,18.8505,41.89,22.31,KXBTCD
KXBTCD-26APR2902,0.46,yes,40.7,8.14,0,2026-04-29 06:02:34.376486+00:00,KXBTCD-26APR2902-T77199.99,100,0.0,0.0,2026-04-29,8.14,0.0,-8.600000000000001,KXBTCD
KXBTC15M-26APR290200,0.4531,yes,28.93,9.5469,0,2026-04-29 06:00:13.977915+00:00,KXBTC15M-26APR290200-00,100,0.0,0.0,2026-04-29,9.5469,0.0,-10.0,KXBTC15M
KXBTC15M-26APR290145,0.3332,no,18.59,9.6668,1859,2026-04-29 05:45:14.022765+00:00,KXBTC15M-26APR290145-45,0,0.0,0.0,2026-04-29,9.6668,18.59,8.59,KXBTC15M
KXBTC15M-26APR290130,0.6844,yes,39.14,18.7156,0,2026-04-29 05:30:13.970494+00:00,KXBTC15M-26APR290130-30,100,0.0,0.0,2026-04-29,18.7156,0.0,-19.4,KXBTC15M
KXBTC15M-26APR290115,0.3437,no,19.41,10.6863,1941,2026-04-29 05:15:13.979995+00:00,KXBTC15M-26APR290115-15,0,0.0,0.0,2026-04-29,10.6863,19.41,8.38,KXBTC15M
KXBTCD-26APR2901,0.4606,no,30.09,9.3394,3009,2026-04-29 05:02:44.316470+00:00,KXBTCD-26APR2901-T77299.99,0,0.0,0.0,2026-04-29,9.3394,30.09,20.29,KXBTCD
KXBTC15M-26APR290100,0.5496,no,30.73,15.4804,3073,2026-04-29 05:00:13.982143+00:00,KXBTC15M-26APR290100-00,0,0.0,0.0,2026-04-29,15.4804,30.73,14.700000000000001,KXBTC15M
KXBTC15M-26APR290045,0.9751,yes,93.43,19.08606,0,2026-04-29 04:45:13.975511+00:00,KXBTC15M-26APR290045-45,100,93.43,92.30884,2026-04-29,111.3949,93.43,-18.94,KXBTC15M
KXBTC15M-26APR290015,0.2635,no,14.97,6.7365,1497,2026-04-29 04:15:13.973680+00:00,KXBTC15M-26APR290015-15,0,0.0,0.0,2026-04-29,6.7365,14.97,7.97,KXBTC15M
KXBTC15M-26APR290000,0.1133,no,7.01,4.6967,701,2026-04-29 04:00:26.223878+00:00,KXBTC15M-26APR290000-00,0,0.0,0.0,2026-04-29,4.6967,7.01,2.1999999999999997,KXBTC15M
KXBTC15M-26APR282015,0.9605,no,54.79,28.8195,5479,2026-04-29 00:15:09.526595+00:00,KXBTC15M-26APR282015-15,0,0.0,0.0,2026-04-29,28.8195,54.79,25.009999999999998,KXBTC15M
KXBTC15M-26APR281800,0.52,yes,0.0,0.0,2980,2026-04-28 22:00:09.115848+00:00,KXBTC15M-26APR281800-00,100,29.8,13.41,2026-04-28,13.41,29.8,15.870000000000001,KXBTC15M
KXBTC15M-26APR281745,0.25248,yes,13.96,0.02792,0,2026-04-28 21:45:08.794667+00:00,KXBTC15M-26APR281745-45,100,13.96,7.1196,2026-04-28,7.14752,13.96,6.5600000000000005,KXBTC15M
KXBTC15M-26APR281730,1.5073,no,87.37,38.4927,8737,2026-04-28 21:30:08.774117+00:00,KXBTC15M-26APR281730-30,0,0.0,0.0,2026-04-28,38.4927,87.37,47.370000000000005,KXBTC15M
KXBTC15M-26APR281715,0.45,no,0.0,0.0,0,2026-04-28 21:15:08.728586+00:00,KXBTC15M-26APR281715-15,0,25.62,12.81,2026-04-28,12.81,0.0,-13.26,KXBTC15M
KXBTC15M-26APR281530,0.41072,yes,23.28,0.02328,0,2026-04-28 19:30:08.725467+00:00,KXBTC15M-26APR281530-30,100,23.28,10.476,2026-04-28,10.49928,23.28,12.370000000000001,KXBTC15M
KXBTC15M-26APR281500,0.456,yes,22.0,1.034,0,2026-04-28 19:00:08.725627+00:00,KXBTC15M-26APR281500-00,100,22.0,12.32,2026-04-28,13.354000000000001,22.0,8.19,KXBTC15M
KXBTC15M-26APR281400,0.9567,no,62.63,41.9733,6263,2026-04-28 18:00:08.728033+00:00,KXBTC15M-26APR281400-00,0,0.0,0.0,2026-04-28,41.9733,62.63,19.7,KXBTC15M
KXBTC15M-26APR281330,0.142,yes,9.26,2.778,0,2026-04-28 17:30:08.718903+00:00,KXBTC15M-26APR281330-30,100,0.0,0.0,2026-04-28,2.778,0.0,-2.92,KXBTC15M
KXBTC15M-26APR281315,0.83078,no,42.19,19.3479,0,2026-04-28 17:15:08.721658+00:00,KXBTC15M-26APR281315-15,0,42.19,1.18132,2026-04-28,20.52922,42.19,20.83,KXBTC15M
KXBTC15M-26APR281300,0.4775,yes,25.5,0.3825,0,2026-04-28 17:00:08.723871+00:00,KXBTC15M-26APR281300-00,100,25.5,12.24,2026-04-28,12.6225,25.5,12.4,KXBTC15M
KXBTC15M-26APR281245,1.3464,no,102.24,77.7024,0,2026-04-28 16:45:08.723896+00:00,KXBTC15M-26APR281245-45,0,102.24,0.5112,2026-04-28,78.2136,102.24,22.679999999999996,KXBTC15M
KXBTC15M-26APR280530,1.0649,no,0.0,0.0,0,2026-04-28 09:30:08.717592+00:00,KXBTC15M-26APR280530-30,0,65.8,23.9351,2026-04-28,23.9351,0.0,-25.0,KXBTC15M
KXBTC15M-26APR280515,0.5215,no,0.0,0.0,0,2026-04-28 09:15:08.720224+00:00,KXBTC15M-26APR280515-15,0,31.19,12.2285,2026-04-28,12.2285,0.0,-12.75,KXBTC15M
KXBTC15M-26APR280400,0.8494,yes,0.0,0.0,5775,2026-04-28 08:00:08.719635+00:00,KXBTC15M-26APR280400-00,100,57.75,17.2406,2026-04-28,17.2406,57.75,39.66,KXBTC15M
KXBTC15M-26APR280330,0.4428,yes,0.0,0.0,2808,2026-04-28 07:30:08.721851+00:00,KXBTC15M-26APR280330-30,100,28.08,9.5472,2026-04-28,9.5472,28.08,18.09,KXBTC15M
KXBTC15M-26APR280315,0.4904,no,0.0,0.0,0,2026-04-28 07:15:08.723949+00:00,KXBTC15M-26APR280315-15,0,29.86,10.7496,2026-04-28,10.7496,0.0,-11.239999999999998,KXBTC15M
KXBTC15M-26APR280245,0.3428,no,21.02,7.5672,2102,2026-04-28 06:45:08.769721+00:00,KXBTC15M-26APR280245-45,0,0.0,0.0,2026-04-28,7.5672,21.02,13.11,KXBTC15M
KXBTC15M-26APR280100,0.14,yes,0.0,0.0,810,2026-04-28 05:00:08.783741+00:00,KXBTC15M-26APR280100-00,100,8.1,4.83,2026-04-28,4.83,8.1,3.1299999999999994,KXBTC15M
KXBTC15M-26APR280030,0.3815,no,0.0,0.0,0,2026-04-28 04:30:08.777411+00:00,KXBTC15M-26APR280030-30,0,34.03,6.6485,2026-04-28,6.6485,0.0,-7.03,KXBTC15M
KXBTC15M-26APR280015,0.1226,yes,0.0,0.0,703,2026-04-28 04:15:08.769574+00:00,KXBTC15M-26APR280015-15,100,7.03,4.0774,2026-04-28,4.0774,7.03,2.8300000000000005,KXBTC15M
KXBTC15M-26APR280000,0.34,yes,0.0,0.0,1920,2026-04-28 04:00:08.771311+00:00,KXBTC15M-26APR280000-00,100,19.2,9.6,2026-04-28,9.6,19.2,9.26,KXBTC15M
KXBTC15M-26APR272300,0.3506,yes,0.0,0.0,1994,2026-04-28 03:00:08.719732+00:00,KXBTC15M-26APR272300-00,100,19.94,10.1694,2026-04-28,10.1694,19.94,9.420000000000002,KXBTC15M
KXBTC15M-26APR272245,0.8284,no,0.0,0.0,0,2026-04-28 02:45:08.778303+00:00,KXBTC15M-26APR272245-45,0,50.68,18.7516,2026-04-28,18.7516,0.0,-19.58,KXBTC15M
KXBTC15M-26APR272230,0.42,no,0.0,0.0,0,2026-04-28 02:30:08.723483+00:00,KXBTC15M-26APR272230-30,0,23.94,11.87,2026-04-28,11.87,0.0,-12.29,KXBTC15M
KXBTC15M-26APR272015,0.331,no,22.23,6.669,2223,2026-04-28 00:15:08.729488+00:00,KXBTC15M-26APR272015-15,0,0.0,0.0,2026-04-28,6.669,22.23,15.23,KXBTC15M
KXBTC15M-26APR272000,0.8828,yes,0.0,0.0,5526,2026-04-28 00:00:18.772487+00:00,KXBTC15M-26APR272000-00,100,55.26,36.1272,2026-04-28,36.1272,55.26,18.249999999999996,KXBTC15M
KXBTC15M-26APR271915,1.2009,no,0.0,0.0,0,2026-04-27 23:15:08.721026+00:00,KXBTC15M-26APR271915-15,0,71.19,35.6991,2026-04-27,35.6991,0.0,-36.9,KXBTC15M
KXBTC15M-26APR271900,2.6064,yes,105.67,32.1437,0,2026-04-27 23:00:14.217464+00:00,KXBTC15M-26APR271900-00,100,105.67,84.0099,2026-04-27,116.15360000000001,105.67,-13.09000000000001,KXBTC15M
KXBTC15M-26APR271830,1.6021,yes,90.49,48.4179,0,2026-04-27 22:30:14.221189+00:00,KXBTC15M-26APR271830-30,100,0.0,0.0,2026-04-27,48.4179,0.0,-50.02,KXBTC15M
KXBTC15M-26APR271815,1.7723,yes,111.86,41.0577,0,2026-04-27 22:15:25.220725+00:00,KXBTC15M-26APR271815-15,100,0.0,0.0,2026-04-27,41.0577,0.0,-42.83,KXBTC15M
KXBTC15M-26APR271800,0.99488,no,53.77,24.4148,0,2026-04-27 22:00:09.874626+00:00,KXBTC15M-26APR271800-00,0,53.77,0.86032,2026-04-27,25.27512,53.77,27.500000000000004,KXBTC15M
KXBTC15M-26APR271745,0.471,no,55.35,7.749,5535,2026-04-27 21:45:09.869166+00:00,KXBTC15M-26APR271745-45,0,0.0,0.0,2026-04-27,7.749,55.35,47.13,KXBTC15M
KXBTC15M-26APR271730,0.9682,yes,0.0,0.0,5822,2026-04-27 21:30:09.917046+00:00,KXBTC15M-26APR271730-30,100,58.22,33.0418,2026-04-27,33.0418,58.22,24.209999999999997,KXBTC15M
KXBTC15M-26APR271700,2.4504,yes,140.23,72.9196,0,2026-04-27 21:00:09.920637+00:00,KXBTC15M-26APR271700-00,100,0.0,0.0,2026-04-27,72.9196,0.0,-75.37,KXBTC15M
KXBTC15M-26APR271645,0.2714,no,15.38,7.2286,1538,2026-04-27 20:45:09.871339+00:00,KXBTC15M-26APR271645-45,0,0.0,0.0,2026-04-27,7.2286,15.38,7.880000000000001,KXBTC15M
KXBTC15M-26APR271630,0.3143,yes,0.0,0.0,1749,2026-04-27 20:30:09.868270+00:00,KXBTC15M-26APR271630-30,100,17.49,9.6857,2026-04-27,9.6857,17.49,7.4899999999999975,KXBTC15M
KXBTC15M-26APR271430,0.2828,no,0.0,0.0,0,2026-04-27 18:30:09.920666+00:00,KXBTC15M-26APR271430-30,0,17.48,11.1872,2026-04-27,11.1872,0.0,-11.47,KXBTC15M
KXBTC15M-26APR271415,0.4042,yes,0.0,0.0,2648,2026-04-27 18:15:09.865901+00:00,KXBTC15M-26APR271415-15,100,26.48,11.5058,2026-04-27,11.5058,26.48,14.57,KXBTC15M
KXBTC-26APR2714,0.7628,yes,0.0,0.0,4842,2026-04-27 18:02:30.009000+00:00,KXBTC-26APR2714-B76750,100,48.42,31.9572,2026-04-27,31.9572,48.42,15.700000000000001,KXBTC
KXBTCD-26APR2714,0.4708,no,21.68,20.3792,0,2026-04-27 18:02:30.005098+00:00,KXBTCD-26APR2714-T76799.99,0,21.68,10.84,2026-04-27,31.2192,21.68,-10.010000000000002,KXBTCD
KXBTC15M-26APR271345,0.93604,yes,28.77,11.508,1944,2026-04-27 17:45:09.870530+00:00,KXBTC15M-26APR271345-45,100,48.21,8.56596,2026-04-27,20.07396,48.21,27.200000000000003,KXBTC15M
KXBTC15M-26APR271330,0.3466,yes,18.35,8.7934,0,2026-04-27 17:30:09.870999+00:00,KXBTC15M-26APR271330-30,100,0.0,0.0,2026-04-27,8.7934,0.0,-9.14,KXBTC15M
KXBTC15M-26APR271300,0.0802,no,0.0,0.0,0,2026-04-27 17:00:09.871567+00:00,KXBTC15M-26APR271300-00,0,4.14,2.3598,2026-04-27,2.3598,0.0,-2.44,KXBTC15M
KXBTC15M-26APR270445,0.2362,yes,15.57,5.1438,0,2026-04-27 08:45:09.867671+00:00,KXBTC15M-26APR270445-45,100,0.0,0.0,2026-04-27,5.1438,0.0,-5.38,KXBTC15M
KXBTC15M-26APR270430,0.46192,no,22.06,21.01718,0,2026-04-27 08:30:09.866827+00:00,KXBTC15M-26APR270430-30,0,22.06,9.0009,2026-04-27,30.018079999999998,22.06,-8.419999999999998,KXBTC15M
KXBTC15M-26APR270415,0.2439,yes,0.0,0.0,1339,2026-04-27 08:15:09.861626+00:00,KXBTC15M-26APR270415-15,100,13.39,7.2161,2026-04-27,7.2161,13.39,5.930000000000001,KXBTC15M
KXBTC15M-26APR270400,0.5348,no,21.87,12.7292,895,2026-04-27 08:00:09.861249+00:00,KXBTC15M-26APR270400-00,0,12.92,10.336,2026-04-27,23.0652,21.87,-1.73,KXBTC15M
KXBTC15M-26APR270345,0.4788,no,19.33,17.0104,0,2026-04-27 07:45:09.870866+00:00,KXBTC15M-26APR270345-45,0,19.33,7.7908,2026-04-27,24.8012,19.33,-5.950000000000003,KXBTC15M
KXBTC15M-26APR270330,0.3379,yes,0.0,0.0,1915,2026-04-27 07:30:09.867929+00:00,KXBTC15M-26APR270330-30,100,19.15,8.6921,2026-04-27,8.6921,19.15,10.12,KXBTC15M
KXBTC15M-26APR242230,0.0415,yes,4.55,3.9585,0,2026-04-25 02:30:09.866717+00:00,KXBTC15M-26APR242230-30,100,0.0,0.0,2026-04-25,3.9585,0.0,-4.0,KXBTC15M
KXBTC15M-26APR242215,0.1628,yes,4.57,1.8505,0,2026-04-25 02:15:09.868645+00:00,KXBTC15M-26APR242215-15,100,4.57,1.4167,2026-04-25,3.2672,4.57,1.1400000000000003,KXBTC15M
KXBTC15M-26APR242200,0.1509,no,6.21,4.6719,292,2026-04-25 02:00:19.871493+00:00,KXBTC15M-26APR242200-00,0,3.29,1.6472,2026-04-25,6.3191,6.21,-0.2599999999999998,KXBTC15M
KXBTC15M-26APR242015,0.0456,no,1.06,0.4558,0,2026-04-25 00:15:09.876286+00:00,KXBTC15M-26APR242015-15,0,1.06,0.8586,2026-04-25,1.3144,1.06,-0.29999999999999993,KXBTC15M
KXBTC15M-26APR242000,0.0952,no,3.39,2.8476,0,2026-04-25 00:00:09.868833+00:00,KXBTC15M-26APR242000-00,0,3.39,1.6272,2026-04-25,4.4748,3.39,-1.18,KXBTC15M
KXBTC15M-26APR241945,0.373,yes,9.3,4.836,269,2026-04-24 23:45:09.869829+00:00,KXBTC15M-26APR241945-45,100,11.99,7.101,2026-04-24,11.937000000000001,11.99,-0.32000000000000095,KXBTC15M
KXBTC15M-26APR241930,0.1479,yes,8.08,4.1821,0,2026-04-24 23:30:09.873127+00:00,KXBTC15M-26APR241930-30,100,0.0,0.0,2026-04-24,4.1821,0.0,-4.33,KXBTC15M
KXBTC15M-26APR241915,0.0456,yes,0.0,0.0,302,2026-04-24 23:15:09.870311+00:00,KXBTC15M-26APR241915-15,100,3.02,2.1744,2026-04-24,2.1744,3.02,0.8000000000000002,KXBTC15M
KXBTC15M-26APR241900,0.0304,yes,0.0,0.0,154,2026-04-24 23:00:09.870851+00:00,KXBTC15M-26APR241900-00,100,1.54,1.1396,2026-04-24,1.1396,1.54,0.3700000000000001,KXBTC15M
KXBTC15M-26APR241845,0.15275,no,7.17,6.99075,0,2026-04-24 22:45:09.872587+00:00,KXBTC15M-26APR241845-45,0,7.17,3.2265,2026-04-24,10.21725,7.17,-3.2,KXBTC15M
KXBTC15M-26APR241830,0.17539,no,7.49,7.10801,0,2026-04-24 22:30:09.870781+00:00,KXBTC15M-26APR241830-30,0,7.49,3.2766,2026-04-24,10.38461,7.49,-3.0700000000000003,KXBTC15M
KXBTC15M-26APR241745,0.1396,no,5.8,5.3244,0,2026-04-24 21:45:09.870153+00:00,KXBTC15M-26APR241745-45,0,5.8,2.436,2026-04-24,7.7604,5.8,-2.1,KXBTC15M
KXBTC15M-26APR241730,0.1899,no,10.52,5.8001,1052,2026-04-24 21:30:09.872565+00:00,KXBTC15M-26APR241730-30,0,0.0,0.0,2026-04-24,5.8001,10.52,4.53,KXBTC15M
KXBTC15M-26APR241715,0.1943,no,0.0,0.0,0,2026-04-24 21:15:09.869902+00:00,KXBTC15M-26APR241715-15,0,10.21,4.6657,2026-04-24,4.6657,0.0,-4.86,KXBTC15M
KXBTC15M-26APR241700,0.0719,yes,0.0,0.0,387,2026-04-24 21:00:09.872857+00:00,KXBTC15M-26APR241700-00,100,3.87,2.4381,2026-04-24,2.4381,3.87,1.36,KXBTC15M
KXBTC15M-26APR241645,0.1046,yes,0.0,0.0,551,2026-04-24 20:45:14.067807+00:00,KXBTC15M-26APR241645-45,100,5.51,2.9754,2026-04-24,2.9754,5.51,2.4299999999999997,KXBTC15M
KXBTC15M-26APR241630,0.0744,no,0.0,0.0,0,2026-04-24 20:30:14.117622+00:00,KXBTC15M-26APR241630-30,0,4.01,2.2456,2026-04-24,2.2456,0.0,-2.32,KXBTC15M
KXBTC15M-26APR241615,0.0771,no,4.31,2.5429,431,2026-04-24 20:15:14.071075+00:00,KXBTC15M-26APR241615-15,0,0.0,0.0,2026-04-24,2.5429,4.31,1.6899999999999997,KXBTC15M
KXBTC15M-26APR241600,0.0826,no,4.71,3.1574,471,2026-04-24 20:00:14.124303+00:00,KXBTC15M-26APR241600-00,0,0.0,0.0,2026-04-24,3.1574,4.71,1.47,KXBTC15M
KXBTC15M-26APR241545,0.15749,yes,6.59,0.32291,0,2026-04-24 19:45:14.120587+00:00,KXBTC15M-26APR241545-45,100,6.59,3.6196,2026-04-24,3.94251,6.59,2.4899999999999998,KXBTC15M
KXBTC15M-26APR241530,0.0445,no,2.73,0.9555,273,2026-04-24 19:30:14.072255+00:00,KXBTC15M-26APR241530-30,0,0.0,0.0,2026-04-24,0.9555,2.73,1.73,KXBTC15M
KXBTC15M-26APR241515,0.1172,no,0.0,0.0,0,2026-04-24 19:15:14.123613+00:00,KXBTC15M-26APR241515-15,0,6.28,3.4828,2026-04-24,3.4828,0.0,-3.6,KXBTC15M
KXBTC15M-26APR241415,0.0945,no,0.0,0.0,0,2026-04-24 18:15:14.123919+00:00,KXBTC15M-26APR241415-15,0,5.19,2.3355,2026-04-24,2.3355,0.0,-2.43,KXBTC15M
KXBTC15M-26APR240545,0.136,yes,6.97,3.494,0,2026-04-24 09:45:14.067381+00:00,KXBTC15M-26APR240545-45,100,0.0,0.0,2026-04-24,3.494,0.0,-3.6300000000000003,KXBTC15M
KXBTC15M-26APR240530,0.1441,yes,0.0,0.0,868,2026-04-24 09:30:14.069994+00:00,KXBTC15M-26APR240530-30,100,8.68,5.3959,2026-04-24,5.3959,8.68,3.1399999999999997,KXBTC15M
KXBTC15M-26APR240500,0.0088,yes,0.0,0.0,54,2026-04-24 09:00:14.066488+00:00,KXBTC15M-26APR240500-00,100,0.54,0.4212,2026-04-24,0.4212,0.54,0.11000000000000001,KXBTC15M
KXBTC15M-26APR240445,0.102,no,6.4,4.288,640,2026-04-24 08:45:14.069459+00:00,KXBTC15M-26APR240445-45,0,0.0,0.0,2026-04-24,4.288,6.4,2.0100000000000002,KXBTC15M
KXBTC15M-26APR240415,0.35389,yes,17.79,7.8997,0,2026-04-24 08:15:14.067929+00:00,KXBTC15M-26APR240415-15,100,17.79,17.41641,2026-04-24,25.31611,17.79,-7.879999999999999,KXBTC15M
KXBTC15M-26APR240400,0.3668,no,13.42,5.5304,0,2026-04-24 08:00:14.071524+00:00,KXBTC15M-26APR240400-00,0,13.42,11.2728,2026-04-24,16.8032,13.42,-3.7500000000000004,KXBTC15M
KXBTC15M-26APR240345,0.4706,no,0.0,0.0,0,2026-04-24 07:45:14.068302+00:00,KXBTC15M-26APR240345-45,0,27.59,10.7694,2026-04-24,10.7694,0.0,-11.239999999999998,KXBTC15M
KXBTC15M-26APR240315,0.4618,no,15.57,3.114,0,2026-04-24 07:15:14.072526+00:00,KXBTC15M-26APR240315-15,0,15.57,6.8942,2026-04-24,10.008199999999999,15.57,5.100000000000001,KXBTC15M
KXBTC15M-26APR240300,0.3296,no,12.11,1.8065,0,2026-04-24 07:07:52.166979+00:00,KXBTC15M-26APR240300-00,0,12.11,5.9339,2026-04-24,7.7404,12.11,4.039999999999999,KXBTC15M
KXBTC15M-26APR240245,0.3954,yes,22.06,10.5046,0,2026-04-24 06:45:14.071534+00:00,KXBTC15M-26APR240245-45,100,0.0,0.0,2026-04-24,10.5046,0.0,-10.9,KXBTC15M
KXBTC15M-26APR240230,0.4375,no,0.0,0.0,0,2026-04-24 06:30:14.073074+00:00,KXBTC15M-26APR240230-30,0,25.59,12.4925,2026-04-24,12.4925,0.0,-12.93,KXBTC15M
KXBTC15M-26APR240100,0.03163,yes,4.21,0.40837,0,2026-04-24 05:00:14.071570+00:00,KXBTC15M-26APR240100-00,100,0.0,0.0,2026-04-24,0.40837,0.0,-0.44,KXBTC15M
KXBTC15M-26APR240045,0.24156,no,12.36,11.97684,0,2026-04-24 04:45:15.576797+00:00,KXBTC15M-26APR240045-45,0,12.36,4.8916,2026-04-24,16.86844,12.36,-4.75,KXBTC15M
KXBTC15M-26APR240030,0.103,no,5.3,0.159,0,2026-04-24 04:30:14.623723+00:00,KXBTC15M-26APR240030-30,0,5.3,1.908,2026-04-24,2.0669999999999997,5.3,3.13,KXBTC15M
KXBTC15M-26APR240015,0.405,no,13.69,9.2041,198,2026-04-24 04:15:14.071334+00:00,KXBTC15M-26APR240015-15,0,11.71,7.8509,2026-04-24,17.055,13.69,-3.7700000000000005,KXBTC15M
KXBTC15M-26APR232315,0.1088,yes,0.0,0.0,576,2026-04-24 03:17:14.225933+00:00,KXBTC15M-26APR232315-15,100,5.76,2.9112,2026-04-24,2.9112,5.76,2.7399999999999998,KXBTC15M
KXBTC15M-26APR232245,0.0559,yes,0.0,0.0,307,2026-04-24 02:45:14.095410+00:00,KXBTC15M-26APR232245-45,100,3.07,1.9341,2026-04-24,1.9341,3.07,1.0799999999999998,KXBTC15M
KXBTC15M-26APR232230,0.082,no,0.0,0.0,0,2026-04-24 02:30:14.221571+00:00,KXBTC15M-26APR232230-30,0,4.77,1.908,2026-04-24,1.908,0.0,-1.99,KXBTC15M
KXBTC15M-26APR232215,0.1764,no,0.0,0.0,0,2026-04-24 02:15:15.124185+00:00,KXBTC15M-26APR232215-15,0,16.12,4.4536,2026-04-24,4.4536,0.0,-4.63,KXBTC15M
KXBTC15M-26APR232145,0.2898,no,19.19,13.8157,834,2026-04-24 01:45:14.771167+00:00,KXBTC15M-26APR232145-45,0,10.85,10.5245,2026-04-24,24.3402,19.19,-5.439999999999998,KXBTC15M
KXBTC15M-26APR231445,0.0752,yes,0.0,0.0,407,2026-04-23 18:45:14.270167+00:00,KXBTC15M-26APR231445-45,100,4.07,2.6048,2026-04-23,2.6048,4.07,1.3900000000000003,KXBTC15M
KXBTC15M-26APR231030,0.12936,yes,5.78,0.10404,0,2026-04-23 14:30:14.677701+00:00,KXBTC15M-26APR231030-30,100,5.78,2.8666,2026-04-23,2.97064,5.78,2.68,KXBTC15M
KXBTC15M-26APR231015,0.2148,no,0.0,0.0,0,2026-04-23 14:15:14.223274+00:00,KXBTC15M-26APR231015-15,0,11.31,5.8252,2026-04-23,5.8252,0.0,-6.04,KXBTC15M
KXBTC15M-26APR231000,0.6888,no,22.87,17.5072,0,2026-04-23 14:00:14.173184+00:00,KXBTC15M-26APR231000-00,0,22.87,11.624,2026-04-23,29.1312,22.87,-6.949999999999998,KXBTC15M
KXBTC15M-26APR230945,0.6296,no,36.35,30.0532,2253,2026-04-23 13:45:14.621778+00:00,KXBTC15M-26APR230945-45,0,13.82,7.4772,2026-04-23,37.5304,36.35,-1.8099999999999987,KXBTC15M
KXBTC15M-26APR230930,1.2089,no,35.67,22.2141,0,2026-04-23 13:30:14.071460+00:00,KXBTC15M-26APR230930-30,0,35.67,17.307,2026-04-23,39.5211,35.67,-5.059999999999995,KXBTC15M
KXBTC15M-26APR230915,0.379,no,17.85,16.9218,0,2026-04-23 13:15:14.173970+00:00,KXBTC15M-26APR230915-15,0,17.85,7.4492,2026-04-23,24.371000000000002,17.85,-6.9,KXBTC15M
KXBTC15M-26APR230900,0.6536,yes,13.94,6.6912,2617,2026-04-23 13:00:14.171875+00:00,KXBTC15M-26APR230900-00,100,40.11,32.9452,2026-04-23,39.6364,40.11,-0.18000000000000238,KXBTC15M
KXBTC15M-26APR230845,0.1465,yes,0.0,0.0,794,2026-04-23 12:45:14.068976+00:00,KXBTC15M-26APR230845-45,100,7.94,3.9235,2026-04-23,3.9235,7.94,3.8700000000000006,KXBTC15M
KXBTC15M-26APR230830,0.2404,no,15.02,10.0296,1502,2026-04-23 12:30:14.770912+00:00,KXBTC15M-26APR230830-30,0,0.0,0.0,2026-04-23,10.0296,15.02,4.749999999999999,KXBTC15M
KXBTC15M-26APR230815,0.1523,yes,0.0,0.0,814,2026-04-23 12:15:14.426459+00:00,KXBTC15M-26APR230815-15,100,8.14,4.6977,2026-04-23,4.6977,8.14,3.2900000000000005,KXBTC15M
KXBTC15M-26APR230800,0.1194,yes,0.0,0.0,702,2026-04-23 12:00:14.068819+00:00,KXBTC15M-26APR230800-00,100,7.02,4.3406,2026-04-23,4.3406,7.02,2.559999999999999,KXBTC15M
KXBTC15M-26APR230745,0.1434,yes,0.0,0.0,748,2026-04-23 11:45:14.066133+00:00,KXBTC15M-26APR230745-45,100,7.48,3.2066,2026-04-23,3.2066,7.48,4.130000000000001,KXBTC15M
KXBTC15M-26APR230730,0.2182,yes,0.0,0.0,1217,2026-04-23 11:30:14.064392+00:00,KXBTC15M-26APR230730-30,100,12.17,6.5718,2026-04-23,6.5718,12.17,5.38,KXBTC15M
KXBTC15M-26APR230715,0.164,yes,4.8,1.776,0,2026-04-23 11:15:14.070565+00:00,KXBTC15M-26APR230715-15,100,4.8,3.36,2026-04-23,5.136,4.8,-0.5000000000000003,KXBTC15M
KXBTC15M-26APR230700,0.571,yes,24.73,9.8979,0,2026-04-23 11:00:14.068280+00:00,KXBTC15M-26APR230700-00,100,24.73,12.7811,2026-04-23,22.679000000000002,24.73,1.4799999999999984,KXBTC15M
KXBTC15M-26APR230645,0.3263,no,9.16,5.038,0,2026-04-23 10:45:14.064298+00:00,KXBTC15M-26APR230645-45,0,9.16,5.1057,2026-04-23,10.143699999999999,9.16,-1.309999999999999,KXBTC15M
KXBTC15M-26APR230630,0.07,yes,0.0,0.0,425,2026-04-23 10:30:14.066935+00:00,KXBTC15M-26APR230630-30,100,4.25,2.89,2026-04-23,2.89,4.25,1.2899999999999998,KXBTC15M
KXBTC15M-26APR230145,0.4362,no,40.34,32.8638,4034,2026-04-23 05:45:13.076338+00:00,KXBTC15M-26APR230145-45,0,0.0,0.0,2026-04-23,32.8638,40.34,7.040000000000005,KXBTC15M
KXBTC15M-26APR230130,0.8774,no,41.51,22.3998,3043,2026-04-23 05:30:13.471241+00:00,KXBTC15M-26APR230130-30,0,11.08,5.0028,2026-04-23,27.4026,41.51,13.229999999999999,KXBTC15M
KXBTC15M-26APR230115,0.2602,yes,0.0,0.0,1521,2026-04-23 05:15:13.377863+00:00,KXBTC15M-26APR230115-15,100,15.21,5.9998,2026-04-23,5.9998,15.21,8.950000000000001,KXBTC15M
KXBTC15M-26APR230100,0.58215,yes,13.19,5.6817,2406,2026-04-23 05:00:13.771203+00:00,KXBTC15M-26APR230100-00,100,37.25,31.66615,2026-04-23,37.34785,37.25,-0.680000000000001,KXBTC15M
KXBTC15M-26APR230045,0.2084,yes,0.0,0.0,1161,2026-04-23 04:45:12.975789+00:00,KXBTC15M-26APR230045-45,100,11.61,6.5016,2026-04-23,6.5016,11.61,4.8999999999999995,KXBTC15M
KXBTC15M-26APR230030,0.83674,no,39.97,37.87386,0,2026-04-23 04:30:12.978290+00:00,KXBTC15M-26APR230030-30,0,39.97,18.6194,2026-04-23,56.49326,39.97,-17.36,KXBTC15M
KXBTC15M-26APR230015,0.36096,yes,18.72,9.7396,0,2026-04-23 04:15:13.175343+00:00,KXBTC15M-26APR230015-15,100,18.72,18.28944,2026-04-23,28.02904,18.72,-9.67,KXBTC15M
KXBTC15M-26APR230000,0.345,yes,0.0,0.0,2006,2026-04-23 04:00:23.670176+00:00,KXBTC15M-26APR230000-00,100,20.06,10.485,2026-04-23,10.485,20.06,9.229999999999999,KXBTC15M
KXBTC15M-26APR222345,0.7543,no,32.5,29.4775,0,2026-04-23 03:45:13.327467+00:00,KXBTC15M-26APR222345-45,0,32.5,14.8082,2026-04-23,44.2857,32.5,-12.54,KXBTC15M
KXBTC15M-26APR222330,0.903,no,42.4,39.856,0,2026-04-23 03:30:13.932587+00:00,KXBTC15M-26APR222330-30,0,42.4,18.271,2026-04-23,58.127,42.4,-16.630000000000003,KXBTC15M
KXBTC15M-26APR222315,0.7605,no,0.0,0.0,0,2026-04-23 03:15:13.231227+00:00,KXBTC15M-26APR222315-15,0,43.58,24.2395,2026-04-23,24.2395,0.0,-25.0,KXBTC15M
KXBTC15M-26APR222300,0.7415,yes,46.63,17.8885,0,2026-04-23 03:00:13.428378+00:00,KXBTC15M-26APR222300-00,100,0.0,0.0,2026-04-23,17.8885,0.0,-18.63,KXBTC15M
KXBTC15M-26APR222045,0.3875,yes,0.0,0.0,2263,2026-04-23 00:45:12.925136+00:00,KXBTC15M-26APR222045-45,100,22.63,12.7325,2026-04-23,12.7325,22.63,9.51,KXBTC15M
KXBTC15M-26APR222030,0.3692,yes,14.28,1.8564,0,2026-04-23 00:30:12.977078+00:00,KXBTC15M-26APR222030-30,100,14.28,6.8544,2026-04-23,8.7108,14.28,5.199999999999998,KXBTC15M
KXBTCD-26APR2220,0.3,yes,0.0,0.0,7500,2026-04-23 00:03:23.191019+00:00,KXBTCD-26APR2220-T78199.99,100,75.0,70.5,2026-04-23,70.5,75.0,4.2,KXBTCD
KXBTC15M-26APR222000,0.6044,no,0.0,0.0,0,2026-04-23 00:00:12.925153+00:00,KXBTC15M-26APR222000-00,0,42.52,11.9056,2026-04-23,11.9056,0.0,-12.51,KXBTC15M
KXBTC15M-26APR221630,0.17045,no,8.55,8.30205,0,2026-04-22 20:30:12.970737+00:00,KXBTC15M-26APR221630-30,0,8.55,3.8475,2026-04-22,12.14955,8.55,-3.7699999999999987,KXBTC15M
KXBTC15M-26APR221615,0.1244,no,0.0,0.0,0,2026-04-22 20:15:12.975291+00:00,KXBTC15M-26APR221615-15,0,7.71,2.7756,2026-04-22,2.7756,0.0,-2.9,KXBTC15M
KXBTC15M-26APR221600,0.2184,yes,0.0,0.0,1190,2026-04-22 20:00:12.976142+00:00,KXBTC15M-26APR221600-00,100,11.9,5.5216,2026-04-22,5.5216,11.9,6.16,KXBTC15M
KXBTC15M-26APR221545,0.64333,no,32.83,32.12557,0,2026-04-22 19:45:12.974858+00:00,KXBTC15M-26APR221545-45,0,32.83,18.2211,2026-04-22,50.34667,32.83,-18.160000000000004,KXBTC15M
KXBTC15M-26APR221530,0.302,yes,0.0,0.0,1690,2026-04-22 19:30:12.972596+00:00,KXBTC15M-26APR221530-30,100,16.9,8.788,2026-04-22,8.788,16.9,7.809999999999999,KXBTC15M
KXBTC15M-26APR221515,0.02436,no,19.08,18.75564,1908,2026-04-22 19:15:12.987220+00:00,KXBTC15M-26APR221515-15,0,0.0,0.0,2026-04-22,18.75564,19.08,0.29999999999999866,KXBTC15M
KXBTC15M-26APR221500,2.07265,yes,97.88,48.69,0,2026-04-22 19:00:12.971872+00:00,KXBTC15M-26APR221500-00,100,97.88,92.74735,2026-04-22,141.43734999999998,97.88,-45.62999999999999,KXBTC15M
KXBTC15M-26APR221445,2.2326,yes,91.37,47.7481,0,2026-04-22 18:45:12.921720+00:00,KXBTC15M-26APR221445-45,100,91.37,81.3193,2026-04-22,129.0674,91.37,-39.929999999999986,KXBTC15M
KXBTC15M-26APR221430,1.959,no,93.18,88.511,0,2026-04-22 18:30:12.976145+00:00,KXBTC15M-26APR221430-30,0,93.18,45.91,2026-04-22,134.421,93.18,-43.19999999999999,KXBTC15M
KXBTC15M-26APR221415,0.015,yes,0.0,0.0,53,2026-04-22 18:15:12.976557+00:00,KXBTC15M-26APR221415-15,100,0.53,0.265,2026-04-22,0.265,0.53,0.25,KXBTC15M
KXBTCD-26APR2214,0.0406,yes,2.34,0.9594,0,2026-04-22 18:03:33.065285+00:00,KXBTCD-26APR2214-T78899.99,100,0.0,0.0,2026-04-22,0.9594,0.0,-1.0,KXBTCD
KXBTC15M-26APR221400,0.20584,yes,9.52,4.8288,0,2026-04-22 18:00:12.919339+00:00,KXBTC15M-26APR221400-00,100,9.52,9.21536,2026-04-22,14.044160000000002,9.52,-4.730000000000002,KXBTC15M
KXBTC15M-26APR221345,0.5034,no,0.0,0.0,0,2026-04-22 17:45:12.928475+00:00,KXBTC15M-26APR221345-45,0,29.41,13.7666,2026-04-22,13.7666,0.0,-14.27,KXBTC15M
KXBTC15M-26APR221300,0.3748,no,20.06,19.7394,0,2026-04-22 17:00:12.972518+00:00,KXBTC15M-26APR221300-00,0,20.06,8.6258,2026-04-22,28.3652,20.06,-8.680000000000003,KXBTC15M
KXBTC15M-26APR221245,0.4068,no,22.96,12.9032,2296,2026-04-22 16:45:12.971100+00:00,KXBTC15M-26APR221245-45,0,0.0,0.0,2026-04-22,12.9032,22.96,9.65,KXBTC15M
KXBTC15M-26APR221230,0.19144,no,9.57,5.5206,0,2026-04-22 16:30:13.073842+00:00,KXBTC15M-26APR221230-30,0,9.57,0.26796,2026-04-22,5.78856,9.57,3.59,KXBTC15M
KXBTC15M-26APR221215,0.8511,no,0.0,0.0,0,2026-04-22 16:15:12.974795+00:00,KXBTC15M-26APR221215-15,0,50.66,23.7089,2026-04-22,23.7089,0.0,-24.56,KXBTC15M
KXBTCD-26APR2212,0.49,no,0.0,0.0,0,2026-04-22 16:03:33.060505+00:00,KXBTCD-26APR2212-T79399.99,0,35.76,26.5,2026-04-22,26.5,0.0,-26.99,KXBTCD
KXBTC15M-26APR221200,0.46396,yes,23.09,0.74614,0,2026-04-22 16:00:12.978303+00:00,KXBTC15M-26APR221200-00,100,23.09,11.7999,2026-04-22,12.54604,23.09,10.08,KXBTC15M
KXBTC15M-26APR220445,0.2994,no,17.06,8.7006,1706,2026-04-22 08:45:12.917385+00:00,KXBTC15M-26APR220445-45,0,0.0,0.0,2026-04-22,8.7006,17.06,8.059999999999999,KXBTC15M
KXBTC15M-26APR220430,0.503,no,0.0,0.0,0,2026-04-22 08:30:12.925627+00:00,KXBTC15M-26APR220430-30,0,32.84,14.487,2026-04-22,14.487,0.0,-14.99,KXBTC15M
KXBTC15M-26APR220415,0.0,yes,0.0,0.0,0,2026-04-22 08:15:12.917537+00:00,KXBTC15M-26APR220415-15,100,0.0,0.0,2026-04-22,0.0,0.0,0.0,KXBTC15M
KXBTC15M-26APR220400,0.3803,no,0.0,0.0,0,2026-04-22 08:00:12.922804+00:00,KXBTC15M-26APR220400-00,0,21.51,10.5897,2026-04-22,10.5897,0.0,-10.97,KXBTC15M
KXBTC15M-26APR220315,0.4516,yes,0.0,0.0,2498,2026-04-22 07:15:12.923463+00:00,KXBTC15M-26APR220315-15,100,24.98,13.0384,2026-04-22,13.0384,24.98,11.490000000000002,KXBTC15M
KXBTC-26APR2203,1.1406,no,58.66,50.8208,0,2026-04-22 07:08:03.122058+00:00,KXBTC-26APR2203-B77950,0,58.66,11.8186,2026-04-22,62.639399999999995,58.66,-5.119999999999998,KXBTC
KXBTCD-26APR2203,0.0765,yes,0.0,0.0,1115,2026-04-22 07:08:03.113162+00:00,KXBTCD-26APR2203-T77999.99,100,11.15,9.9235,2026-04-22,9.9235,11.15,1.1499999999999997,KXBTCD
KXBTC15M-26APR220300,0.335,yes,0.0,0.0,2215,2026-04-22 07:08:03.073945+00:00,KXBTC15M-26APR220300-00,100,22.15,15.505,2026-04-22,15.505,22.15,6.309999999999998,KXBTC15M
KXBTC15M-26APR220245,0.8194,yes,16.21,5.8356,1602,2026-04-22 06:45:12.974218+00:00,KXBTC15M-26APR220245-45,100,32.23,16.935,2026-04-22,22.770599999999998,32.23,8.639999999999999,KXBTC15M
KXBTC15M-26APR220230,0.4824,no,27.38,14.2376,2738,2026-04-22 06:30:12.976512+00:00,KXBTC15M-26APR220230-30,0,0.0,0.0,2026-04-22,14.2376,27.38,12.659999999999998,KXBTC15M
KXBTC15M-26APR220215,1.2795,yes,101.21,87.0406,0,2026-04-22 06:15:13.029054+00:00,KXBTC15M-26APR220215-15,100,101.21,94.8999,2026-04-22,181.9405,101.21,-82.00999999999999,KXBTC15M
KXBTC15M-26APR220200,5.6093,no,281.8,236.889,6290,2026-04-22 06:00:12.922171+00:00,KXBTC15M-26APR220200-00,0,218.9,96.2217,2026-04-22,333.1107,281.8,-56.919999999999995,KXBTC15M
KXBTC15M-26APR220145,4.7835,no,0.0,0.0,0,2026-04-22 05:45:12.923331+00:00,KXBTC15M-26APR220145-45,0,275.75,147.4865,2026-04-22,147.4865,0.0,-152.27,KXBTC15M
KXBTC15M-26APR220115,16.53128,yes,591.17,239.2128,0,2026-04-22 05:15:12.974353+00:00,KXBTC15M-26APR220115-15,100,591.17,433.43592,2026-04-22,672.64872,591.17,-98.01000000000006,KXBTC15M
KXBTCD-26APR2201,3.0452,no,5.0,4.7,0,2026-04-22 05:02:43.260220+00:00,KXBTCD-26APR2201-T77499.99,0,184.96,116.5248,2026-04-22,121.2248,5.0,-119.27,KXBTCD
KXBTC15M-26APR220100,0.0,no,0.0,0.0,0,2026-04-22 05:00:12.923291+00:00,KXBTC15M-26APR220100-00,0,0.0,0.0,2026-04-22,0.0,0.0,0.0,KXBTC15M
KXBTC15M-26APR220045,3.8563,yes,0.0,0.0,21955,2026-04-22 04:45:12.975812+00:00,KXBTC15M-26APR220045-45,100,219.55,111.8737,2026-04-22,111.8737,219.55,103.82000000000001,KXBTC15M
KXBTC15M-26APR220030,3.7662,no,215.46,114.1938,21546,2026-04-22 04:30:12.985676+00:00,KXBTC15M-26APR220030-30,0,0.0,0.0,2026-04-22,114.1938,215.46,97.50000000000001,KXBTC15M
KXBTC15M-26APR220015,5.2759,no,163.77,144.8453,0,2026-04-22 04:15:12.985591+00:00,KXBTC15M-26APR220015-15,0,238.84,136.1388,2026-04-22,280.9841,163.77,-122.49000000000001,KXBTC15M
KXBTCD-26APR2200,0.0,no,0.0,0.0,0,2026-04-22 04:02:43.336848+00:00,KXBTCD-26APR2200-T77599.99,0,0.0,0.0,2026-04-22,0.0,0.0,0.0,KXBTCD
KXBTC15M-26APR220000,1.9926,no,0.0,0.0,0,2026-04-22 04:00:25.024017+00:00,KXBTC15M-26APR220000-00,0,113.74,58.0074,2026-04-22,58.0074,0.0,-60.0,KXBTC15M
KXBTC15M-26APR212345,1.198,yes,75.08,48.802,0,2026-04-22 03:45:12.926265+00:00,KXBTC15M-26APR212345-45,100,0.0,0.0,2026-04-22,48.802,0.0,-50.0,KXBTC15M
KXBTC15M-26APR212215,3.4987,yes,0.0,0.0,20572,2026-04-22 02:15:13.082705+00:00,KXBTC15M-26APR212215-15,100,205.72,103.6113,2026-04-22,103.6113,205.72,98.61,KXBTC15M
KXBTCD-26APR2122,2.0849,yes,111.42,48.0435,0,2026-04-22 02:03:13.117522+00:00,KXBTCD-26APR2122-T76299.99,100,111.42,109.1916,2026-04-22,157.2351,111.42,-47.899999999999984,KXBTCD
KXBTC15M-26APR212200,0.712,yes,42.32,16.928,0,2026-04-22 02:00:12.928778+00:00,KXBTC15M-26APR212200-00,100,0.0,0.0,2026-04-22,16.928,0.0,-17.64,KXBTC15M
KXBTC15M-26APR212115,1.877,yes,0.0,0.0,13650,2026-04-22 01:15:12.979674+00:00,KXBTC15M-26APR212115-15,100,136.5,100.083,2026-04-22,100.083,136.5,34.54,KXBTC15M
KXBTCD-26APR2121,1.038,yes,0.0,0.0,12220,2026-04-22 01:04:04.005280+00:00,KXBTCD-26APR2121-T76299.99,100,122.2,105.092,2026-04-22,105.092,122.2,16.070000000000004,KXBTCD
KXBTC15M-26APR212045,2.9322,yes,0.0,0.0,16704,2026-04-22 00:45:13.027073+00:00,KXBTC15M-26APR212045-45,100,167.04,88.3878,2026-04-22,88.3878,167.04,75.72,KXBTC15M
KXSOL15M-26APR212030,1.9661,yes,124.69,72.9839,0,2026-04-22 00:30:13.713022+00:00,KXSOL15M-26APR212030-30,100,0.0,0.0,2026-04-22,72.9839,0.0,-74.95,KXSOL15M
KXBTCD-26APR2119,5.5656,yes,0.0,0.0,36533,2026-04-21 23:03:33.903031+00:00,KXBTCD-26APR2119-T75599.99,100,365.33,248.4244,2026-04-21,248.4244,365.33,111.33999999999999,KXBTCD
KXBTC15M-26APR211900,4.03585,yes,186.78,96.7256,0,2026-04-21 23:00:13.621702+00:00,KXBTC15M-26APR211900-00,100,186.78,175.27855,2026-04-21,272.00415,186.78,-89.25999999999998,KXBTC15M
KXBTC15M-26APR211845,1.4323,yes,0.0,0.0,8393,2026-04-21 22:45:12.927633+00:00,KXBTC15M-26APR211845-45,100,83.93,38.9677,2026-04-21,38.9677,83.93,43.53000000000001,KXBTC15M
KXBTC15M-26APR211815,0.6765,yes,38.77,21.3235,0,2026-04-21 22:15:13.083426+00:00,KXBTC15M-26APR211815-15,100,0.0,0.0,2026-04-21,21.3235,0.0,-22.0,KXBTC15M
KXBTC15M-26APR211730,1.5456,no,119.94,91.0044,11994,2026-04-21 21:30:13.176142+00:00,KXBTC15M-26APR211730-30,0,0.0,0.0,2026-04-21,91.0044,119.94,27.389999999999993,KXBTC15M
KXBTC15M-26APR211645,1.4107,yes,0.0,0.0,14449,2026-04-21 20:45:13.931973+00:00,KXBTC15M-26APR211645-45,100,144.49,120.3193,2026-04-21,120.3193,144.49,22.760000000000012,KXBTC15M
KXBTCD-26APR2116,3.057,yes,0.0,0.0,18250,2026-04-21 20:02:43.174304+00:00,KXBTCD-26APR2116-T74999.99,100,182.5,81.713,2026-04-21,81.713,182.5,97.73,KXBTCD
KXBTC15M-26APR211545,0.7725,no,44.05,24.2275,4405,2026-04-21 19:45:13.021874+00:00,KXBTC15M-26APR211545-45,0,0.0,0.0,2026-04-21,24.2275,44.05,19.049999999999997,KXBTC15M
KXBTC15M-26APR211530,2.4924,yes,0.0,0.0,15416,2026-04-21 19:30:12.924988+00:00,KXBTC15M-26APR211530-30,100,154.16,55.4976,2026-04-21,55.4976,154.16,96.16999999999999,KXBTC15M
KXBTCD-26APR2115,5.8913,yes,188.14,89.4727,0,2026-04-21 19:03:03.180355+00:00,KXBTCD-26APR2115-T75599.99,100,188.14,137.206,2026-04-21,226.6787,188.14,-44.43000000000001,KXBTCD
KXBTCD-26APR2115,3.9291,yes,214.31,87.8671,0,2026-04-21 19:03:03.180355+00:00,KXBTCD-26APR2115-T75499.99,100,214.31,210.0238,2026-04-21,297.8909,214.31,-87.50999999999999,KXBTCD
KXBTC15M-26APR211430,1.3293,no,50.0,46.25,0,2026-04-21 18:30:12.925975+00:00,KXBTC15M-26APR211430-30,0,73.69,22.1307,2026-04-21,68.3807,50.0,-19.710000000000004,KXBTC15M
KXBTC15M-26APR211415,3.6888,yes,0.0,0.0,21094,2026-04-21 18:15:13.277486+00:00,KXBTC15M-26APR211415-15,100,210.94,111.1812,2026-04-21,111.1812,210.94,96.07,KXBTC15M
KXBTCD-26APR2114,3.7778,no,175.69,160.4337,0,2026-04-21 18:02:53.067804+00:00,KXBTCD-26APR2114-T75599.99,0,175.69,114.1985,2026-04-21,274.6322,175.69,-102.72000000000001,KXBTCD
KXBTC15M-26APR211400,2.722,no,98.77,80.9914,0,2026-04-21 18:00:13.022895+00:00,KXBTC15M-26APR211400-00,0,98.77,57.2866,2026-04-21,138.278,98.77,-42.23,KXBTC15M
KXBTC15M-26APR210530,0.2733,no,0.0,0.0,0,2026-04-21 09:30:13.013207+00:00,KXBTC15M-26APR210530-30,0,15.74,9.1967,2026-04-21,9.1967,0.0,-9.47,KXBTC15M
KXBTC15M-26APR210515,0.76356,no,48.72,43.94544,0,2026-04-21 09:15:12.918700+00:00,KXBTC15M-26APR210515-15,0,48.72,7.381,2026-04-21,51.32644,48.72,-3.369999999999999,KXBTC15M
KXBTCD-26APR2105,2.812,no,163.6,70.348,16360,2026-04-21 09:03:13.048415+00:00,KXBTCD-26APR2105-T76599.99,0,0.0,0.0,2026-04-21,70.348,163.6,90.44,KXBTCD
KXBTC15M-26APR210500,1.08684,yes,46.84,4.63716,0,2026-04-21 09:00:12.924289+00:00,KXBTC15M-26APR210500-00,100,46.84,18.736,2026-04-21,23.37316,46.84,22.380000000000006,KXBTC15M
KXBTC15M-26APR210445,0.1956,yes,11.24,6.2944,0,2026-04-21 08:45:13.070087+00:00,KXBTC15M-26APR210445-45,100,0.0,0.0,2026-04-21,6.2944,0.0,-6.49,KXBTC15M
KXBTC15M-26APR210430,0.73721,yes,69.87,14.74566,0,2026-04-21 08:30:12.921137+00:00,KXBTC15M-26APR210430-30,100,69.87,69.04713,2026-04-21,83.79279,69.87,-14.659999999999991,KXBTC15M
KXBTC15M-26APR210415,0.4871,yes,0.0,0.0,2911,2026-04-21 08:15:12.921470+00:00,KXBTC15M-26APR210415-15,100,29.11,11.3529,2026-04-21,11.3529,29.11,17.27,KXBTC15M
KXBTC15M-26APR210400,1.20336,no,62.79,31.395,0,2026-04-21 08:00:13.020070+00:00,KXBTC15M-26APR210400-00,0,62.79,1.32164,2026-04-21,32.71664,62.79,28.87,KXBTC15M
KXBTC15M-26APR210345,0.8056,yes,0.0,0.0,5803,2026-04-21 07:45:12.921893+00:00,KXBTC15M-26APR210345-45,100,58.03,21.9544,2026-04-21,21.9544,58.03,35.27,KXBTC15M
KXBTC15M-26APR210330,0.826,yes,33.7,3.707,0,2026-04-21 07:30:13.026465+00:00,KXBTC15M-26APR210330-30,100,33.7,17.187,2026-04-21,20.894000000000002,33.7,11.98,KXBTC15M
KXBTC15M-26APR210315,1.6471,no,60.87,31.0437,0,2026-04-21 07:15:13.027093+00:00,KXBTC15M-26APR210315-15,0,60.87,9.7392,2026-04-21,40.7829,60.87,18.439999999999998,KXBTC15M
KXBTC15M-26APR210300,5.7907,no,261.52,184.5178,13548,2026-04-21 07:08:02.123581+00:00,KXBTC15M-26APR210300-00,0,126.04,73.9715,2026-04-21,258.4893,261.52,-2.7600000000000326,KXBTC15M
KXBTC15M-26APR210230,1.57468,no,211.56,198.59892,17076,2026-04-21 06:30:13.073088+00:00,KXBTC15M-26APR210230-30,0,40.8,21.6264,2026-04-21,220.22531999999998,211.56,-10.23999999999998,KXBTC15M
KXBTC15M-26APR210215,0.2162,no,12.34,7.0338,1234,2026-04-21 06:15:13.020839+00:00,KXBTC15M-26APR210215-15,0,0.0,0.0,2026-04-21,7.0338,12.34,5.09,KXBTC15M
KXBTC15M-26APR210200,0.5747,no,36.59,24.3653,3659,2026-04-21 06:00:13.023774+00:00,KXBTC15M-26APR210200-00,0,0.0,0.0,2026-04-21,24.3653,36.59,11.650000000000002,KXBTC15M
KXBTC15M-26APR210145,1.1256,no,64.84,36.4944,6484,2026-04-21 05:45:12.925600+00:00,KXBTC15M-26APR210145-45,0,0.0,0.0,2026-04-21,36.4944,64.84,27.220000000000006,KXBTC15M
KXBTC15M-26APR210130,2.70239,yes,129.8,62.9016,8659,2026-04-21 05:30:13.024463+00:00,KXBTC15M-26APR210130-30,100,216.39,205.65601,2026-04-21,268.55761,216.39,-54.870000000000026,KXBTC15M
KXBTC15M-26APR210115,0.9469,yes,34.39,5.8463,0,2026-04-21 05:15:12.922601+00:00,KXBTC15M-26APR210115-15,100,34.39,18.6668,2026-04-21,24.513099999999998,34.39,8.930000000000003,KXBTC15M
KXBTC15M-26APR210045,1.5705,yes,43.21,19.7608,3405,2026-04-21 04:45:12.924791+00:00,KXBTC15M-26APR210045-45,100,77.26,62.1087,2026-04-21,81.8695,77.26,-6.179999999999997,KXBTC15M
KXBTC15M-26APR210030,1.3862,yes,43.22,22.3622,0,2026-04-21 04:30:12.925559+00:00,KXBTC15M-26APR210030-30,100,43.22,12.1016,2026-04-21,34.4638,43.22,7.369999999999999,KXBTC15M
KXBTC15M-26APR210015,1.08246,no,48.64,45.28384,0,2026-04-21 04:15:13.122540+00:00,KXBTC15M-26APR210015-15,0,48.64,24.3137,2026-04-21,69.59754,48.64,-22.039999999999996,KXBTC15M
KXBTC15M-26APR210000,0.7919,yes,33.36,3.0024,0,2026-04-21 04:00:48.825611+00:00,KXBTC15M-26APR210000-00,100,33.36,18.0957,2026-04-21,21.098100000000002,33.36,11.469999999999997,KXBTC15M
KXBTC15M-26APR202345,0.94452,no,47.66,14.298,0,2026-04-21 03:45:12.925787+00:00,KXBTC15M-26APR202345-45,0,47.66,3.71748,2026-04-21,18.01548,47.66,28.699999999999996,KXBTC15M
KXBTC15M-26APR202330,0.7284,yes,50.46,14.8716,0,2026-04-21 03:30:12.924872+00:00,KXBTC15M-26APR202330-30,100,0.0,0.0,2026-04-21,14.8716,0.0,-15.600000000000001,KXBTC15M
KXBTC15M-26APR202315,1.4346,no,76.78,42.8857,6009,2026-04-21 03:15:13.677397+00:00,KXBTC15M-26APR202315-15,0,16.69,2.1597,2026-04-21,45.0454,76.78,30.3,KXBTC15M
KXBTC15M-26APR202300,1.09174,no,52.87,29.0785,0,2026-04-21 03:00:13.077866+00:00,KXBTC15M-26APR202300-00,0,52.87,2.50976,2026-04-21,31.58826,52.87,20.189999999999998,KXBTC15M
KXBTC15M-26APR201745,3.4815,no,160.6,128.2832,0,2026-04-20 21:45:13.026714+00:00,KXBTC15M-26APR201745-45,0,160.6,28.8253,2026-04-20,157.1085,160.6,0.010000000000002007,KXBTC15M
KXBTC15M-26APR201730,4.6361,no,222.73,209.3662,0,2026-04-20 21:30:23.671592+00:00,KXBTC15M-26APR201730-30,0,222.73,113.8377,2026-04-20,323.2039,222.73,-105.10999999999999,KXBTC15M
KXBTC15M-26APR201715,0.9402,no,0.0,0.0,0,2026-04-20 21:15:13.023191+00:00,KXBTC15M-26APR201715-15,0,53.39,27.2098,2026-04-20,27.2098,0.0,-28.150000000000002,KXBTC15M
KXBTC15M-26APR201700,1.0088,yes,31.88,16.2588,0,2026-04-20 21:00:13.024492+00:00,KXBTC15M-26APR201700-00,100,31.88,23.2724,2026-04-20,39.5312,31.88,-8.66,KXBTC15M
KXBTC15M-26APR201645,1.3662,no,88.54,82.2712,0,2026-04-20 20:45:13.024354+00:00,KXBTC15M-26APR201645-45,0,88.54,16.8226,2026-04-20,99.09379999999999,88.54,-11.91999999999998,KXBTC15M
KXBTC15M-26APR201630,0.719,no,0.0,0.0,0,2026-04-20 20:30:13.428700+00:00,KXBTC15M-26APR201630-30,0,41.62,17.611,2026-04-20,17.611,0.0,-18.330000000000002,KXBTC15M
KXBTC15M-26APR201615,0.96339,yes,43.59,24.4874,0,2026-04-20 20:15:12.927005+00:00,KXBTC15M-26APR201615-15,100,43.59,40.05921,2026-04-20,64.54661,43.59,-21.919999999999998,KXBTC15M
KXBTC15M-26APR201600,0.5897,yes,30.85,0.5553,0,2026-04-20 20:00:12.925888+00:00,KXBTC15M-26APR201600-00,100,30.85,15.425,2026-04-20,15.980300000000002,30.85,14.28,KXBTC15M
KXBTC15M-26APR201545,0.39444,yes,18.07,9.5752,0,2026-04-20 19:45:13.376323+00:00,KXBTC15M-26APR201545-45,100,18.07,17.13036,2026-04-20,26.70556,18.07,-9.029999999999998,KXBTC15M
KXBTC15M-26APR201515,0.377,no,0.0,0.0,0,2026-04-20 19:15:13.428622+00:00,KXBTC15M-26APR201515-15,0,21.63,8.773,2026-04-20,8.773,0.0,-9.15,KXBTC15M
KXBTC15M-26APR201500,0.583,yes,0.0,0.0,3406,2026-04-20 19:00:13.022072+00:00,KXBTC15M-26APR201500-00,100,34.06,14.417,2026-04-20,14.417,34.06,19.060000000000002,KXBTC15M
KXBTC15M-26APR201445,0.5055,yes,28.45,14.5445,0,2026-04-20 18:45:13.073683+00:00,KXBTC15M-26APR201445-45,100,0.0,0.0,2026-04-20,14.5445,0.0,-15.049999999999999,KXBTC15M
KXBTC15M-26APR201415,0.1802,yes,0.0,0.0,987,2026-04-20 18:15:13.281110+00:00,KXBTC15M-26APR201415-15,100,9.87,5.3298,2026-04-20,5.3298,9.87,4.359999999999999,KXBTC15M
KXBTC15M-26APR201400,0.62741,yes,33.53,10.3238,0,2026-04-20 18:00:13.030089+00:00,KXBTC15M-26APR201400-00,100,33.53,31.61879,2026-04-20,41.94259,33.53,-9.040000000000001,KXBTC15M
KXBTC15M-26APR200445,0.3518,yes,0.0,0.0,1982,2026-04-20 08:45:14.269612+00:00,KXBTC15M-26APR200445-45,100,19.82,10.1082,2026-04-20,10.1082,19.82,9.36,KXBTC15M
KXBTC15M-26APR200430,0.20512,no,10.24,9.85088,0,2026-04-20 08:30:14.273793+00:00,KXBTC15M-26APR200430-30,0,10.24,6.144,2026-04-20,15.99488,10.24,-5.96,KXBTC15M
KXBTC15M-26APR200400,0.51115,no,22.75,9.5221,0,2026-04-20 08:00:14.369510+00:00,KXBTC15M-26APR200400-00,0,22.75,1.29675,2026-04-20,10.81885,22.75,11.42,KXBTC15M
KXBTC15M-26APR200330,0.168,yes,9.64,5.302,0,2026-04-20 07:30:14.273261+00:00,KXBTC15M-26APR200330-30,100,0.0,0.0,2026-04-20,5.302,0.0,-5.47,KXBTC15M
KXBTC15M-26APR200315,0.6548,yes,31.72,1.2688,0,2026-04-20 07:15:14.869602+00:00,KXBTC15M-26APR200315-15,100,31.72,15.3764,2026-04-20,16.6452,31.72,14.42,KXBTC15M
KXBTC15M-26APR200300,0.4915,yes,28.41,12.4485,0,2026-04-20 07:07:41.821541+00:00,KXBTC15M-26APR200300-00,100,0.0,0.0,2026-04-20,12.4485,0.0,-12.94,KXBTC15M
KXBTC15M-26APR200230,0.1176,yes,0.0,0.0,899,2026-04-20 06:30:14.270160+00:00,KXBTC15M-26APR200230-30,100,8.99,6.8324,2026-04-20,6.8324,8.99,2.0400000000000005,KXBTC15M
KXBTC15M-26APR200030,0.6348,no,36.95,21.4252,3695,2026-04-20 04:30:14.432789+00:00,KXBTC15M-26APR200030-30,0,0.0,0.0,2026-04-20,21.4252,36.95,14.890000000000002,KXBTC15M
KXBTC15M-26APR200015,0.438,no,16.92,14.7204,0,2026-04-20 04:15:14.375069+00:00,KXBTC15M-26APR200015-15,0,16.92,8.1216,2026-04-20,22.842,16.92,-6.359999999999997,KXBTC15M
KXBTC15M-26APR192345,0.2473,yes,0.0,0.0,1442,2026-04-20 03:45:14.774794+00:00,KXBTC15M-26APR192345-45,100,14.42,6.1727,2026-04-20,6.1727,14.42,7.999999999999999,KXBTC15M
KXBTC15M-26APR192330,0.4952,yes,0.0,0.0,3032,2026-04-20 03:30:14.377870+00:00,KXBTC15M-26APR192330-30,100,30.32,19.4048,2026-04-20,19.4048,30.32,10.419999999999998,KXBTC15M
KXBTC15M-26APR191730,0.2484,yes,13.52,6.1016,0,2026-04-19 21:30:14.333878+00:00,KXBTC15M-26APR191730-30,100,0.0,0.0,2026-04-19,6.1016,0.0,-6.3500000000000005,KXBTC15M
KXBTC15M-26APR191700,0.4075,yes,0.0,0.0,3635,2026-04-19 21:00:14.332580+00:00,KXBTC15M-26APR191700-00,100,36.35,7.2725,2026-04-19,7.2725,36.35,28.67,KXBTC15M
KXBTC15M-26APR191645,0.5265,no,42.68,11.2335,4268,2026-04-19 20:45:14.328320+00:00,KXBTC15M-26APR191645-45,0,0.0,0.0,2026-04-19,11.2335,42.68,30.92,KXBTC15M
KXBTC15M-26APR191600,0.5133,no,31.76,20.6667,3176,2026-04-19 20:00:14.526442+00:00,KXBTC15M-26APR191600-00,0,0.0,0.0,2026-04-19,20.6667,31.76,10.580000000000004,KXBTC15M
KXBTCD-26APR1904,2.5337,yes,179.75,36.1063,0,2026-04-19 08:03:04.436506+00:00,KXBTCD-26APR1904-T74999.99,100,179.75,172.17,2026-04-19,208.2763,179.75,-31.05999999999999,KXBTCD
KXBTC15M-26APR190400,1.6422,yes,0.0,0.0,9609,2026-04-19 08:00:14.269229+00:00,KXBTC15M-26APR190400-00,100,96.09,40.3578,2026-04-19,40.3578,96.09,54.09,KXBTC15M
KXBTC15M-26APR190345,1.03972,yes,54.24,18.4862,0,2026-04-19 07:45:14.665630+00:00,KXBTC15M-26APR190345-45,100,54.24,51.09408,2026-04-19,69.58028,54.24,-16.38,KXBTC15M
KXBTC15M-26APR190315,1.01945,no,52.55,51.23025,0,2026-04-19 07:15:14.671971+00:00,KXBTC15M-26APR190315-15,0,52.55,23.7803,2026-04-19,75.01055,52.55,-23.479999999999997,KXBTC15M
KXBTC15M-26APR190300,0.6677,no,37.99,19.2423,3799,2026-04-19 07:07:42.082769+00:00,KXBTC15M-26APR190300-00,0,0.0,0.0,2026-04-19,19.2423,37.99,18.080000000000002,KXBTC15M
KXBTC15M-26APR190230,0.8505,no,49.65,24.7095,4965,2026-04-19 06:30:14.930645+00:00,KXBTC15M-26APR190230-30,0,0.0,0.0,2026-04-19,24.7095,49.65,24.09,KXBTC15M
KXBTC15M-26APR181330,1.1806,yes,0.0,0.0,7078,2026-04-18 17:30:14.328688+00:00,KXBTC15M-26APR181330-30,100,70.78,40.1194,2026-04-18,40.1194,70.78,29.480000000000004,KXBTC15M
KXBTC15M-26APR181315,0.3559,no,21.31,13.4941,2131,2026-04-18 17:15:14.273334+00:00,KXBTC15M-26APR181315-15,0,0.0,0.0,2026-04-18,13.4941,21.31,7.459999999999999,KXBTC15M
KXBTC15M-26APR181245,0.5774,no,30.75,29.8275,0,2026-04-18 16:45:14.276303+00:00,KXBTC15M-26APR181245-45,0,30.75,13.1051,2026-04-18,42.9326,30.75,-12.760000000000002,KXBTC15M
KXBTC15M-26APR181230,0.0,no,0.0,0.0,0,2026-04-18 16:30:14.269675+00:00,KXBTC15M-26APR181230-30,0,0.0,0.0,2026-04-18,0.0,0.0,0.0,KXBTC15M
KXBTC15M-26APR181200,0.223,yes,0.0,0.0,1405,2026-04-18 16:00:14.276188+00:00,KXBTC15M-26APR181200-00,100,14.05,4.777,2026-04-18,4.777,14.05,9.049999999999999,KXBTC15M
KXBTC15M-26APR180445,0.3995,no,18.75,10.333,0,2026-04-18 08:45:14.270938+00:00,KXBTC15M-26APR180445-45,0,18.75,1.0875,2026-04-18,11.4205,18.75,6.93,KXBTC15M
KXBTC15M-26APR180430,1.21438,no,55.77,35.7594,0,2026-04-18 08:30:14.283632+00:00,KXBTC15M-26APR180430-30,0,55.77,4.79622,2026-04-18,40.55562,55.77,14.000000000000005,KXBTC15M
KXBTC15M-26APR180415,2.68175,no,128.13,83.2854,0,2026-04-18 08:15:14.270516+00:00,KXBTC15M-26APR180415-15,0,128.13,25.50285,2026-04-18,108.78824999999999,128.13,16.660000000000004,KXBTC15M
KXBTC15M-26APR180400,0.6392,yes,37.24,15.6408,0,2026-04-18 08:00:14.268246+00:00,KXBTC15M-26APR180400-00,100,0.0,0.0,2026-04-18,15.6408,0.0,-16.28,KXBTC15M
KXBTC15M-26APR180345,0.966,no,55.28,30.404,5528,2026-04-18 07:45:14.315339+00:00,KXBTC15M-26APR180345-45,0,0.0,0.0,2026-04-18,30.404,55.28,23.91,KXBTC15M
KXBTC15M-26APR180330,3.1236,yes,59.96,31.1792,7224,2026-04-18 07:30:14.324826+00:00,KXBTC15M-26APR180330-30,100,132.2,87.7572,2026-04-18,118.93639999999999,132.2,10.139999999999997,KXBTC15M
KXBTC15M-26APR180315,2.0886,no,101.78,78.3756,4964,2026-04-18 07:15:14.321846+00:00,KXBTC15M-26APR180315-15,0,52.14,24.3858,2026-04-18,102.76140000000001,101.78,-3.070000000000008,KXBTC15M
KXBTC15M-26APR180300,1.2336,no,51.43,45.7727,0,2026-04-18 07:07:41.917882+00:00,KXBTC15M-26APR180300-00,0,51.43,22.8237,2026-04-18,68.5964,51.43,-18.400000000000002,KXBTC15M
KXBTC15M-26APR180245,0.6198,yes,24.18,12.5736,0,2026-04-18 06:45:14.271613+00:00,KXBTC15M-26APR180245-45,100,24.18,21.0366,2026-04-18,33.6102,24.18,-10.049999999999999,KXBTC15M
KXBTC15M-26APR180230,0.2119,no,11.68,6.7881,1168,2026-04-18 06:30:14.320652+00:00,KXBTC15M-26APR180230-30,0,0.0,0.0,2026-04-18,6.7881,11.68,4.68,KXBTC15M
KXBTC15M-26APR180215,0.8436,yes,0.0,0.0,4904,2026-04-18 06:15:14.317931+00:00,KXBTC15M-26APR180215-15,100,49.04,23.4864,2026-04-18,23.4864,49.04,24.71,KXBTC15M
KXBTCD-26APR1802,0.933,no,61.55,57.857,0,2026-04-18 06:02:34.452407+00:00,KXBTCD-26APR1802-T77399.99,0,61.55,12.31,2026-04-18,70.167,61.55,-9.550000000000004,KXBTCD
KXBTCD-26APR1802,0.9725,no,36.75,30.135,0,2026-04-18 06:02:34.452407+00:00,KXBTCD-26APR1802-T77199.99,0,36.75,12.8625,2026-04-18,42.9975,36.75,-7.220000000000002,KXBTCD
KXBTC15M-26APR180200,0.46,no,34.36,25.77,3436,2026-04-18 06:00:14.369136+00:00,KXBTC15M-26APR180200-00,0,0.0,0.0,2026-04-18,25.77,34.36,8.129999999999999,KXBTC15M
KXBTCD-26APR1801,1.3619,yes,92.11,29.6181,0,2026-04-18 05:02:34.574395+00:00,KXBTCD-26APR1801-T76999.99,100,0.0,0.0,2026-04-18,29.6181,0.0,-30.979999999999997,KXBTCD
KXBTCD-26APR1800,0.4549,no,33.98,8.7051,3398,2026-04-18 04:02:54.389854+00:00,KXBTCD-26APR1800-T77199.99,0,0.0,0.0,2026-04-18,8.7051,33.98,24.819999999999997,KXBTCD
KXBTC15M-26APR172345,0.3422,no,18.96,9.4578,1896,2026-04-18 03:45:14.380040+00:00,KXBTC15M-26APR172345-45,0,0.0,0.0,2026-04-18,9.4578,18.96,9.16,KXBTC15M
KXBTC15M-26APR172315,0.2812,no,0.0,0.0,0,2026-04-18 03:15:14.323983+00:00,KXBTC15M-26APR172315-15,0,17.93,5.9288,2026-04-18,5.9288,0.0,-6.21,KXBTC15M
KXBTC15M-26APR172245,0.2797,no,16.21,6.9703,1621,2026-04-18 02:45:14.330900+00:00,KXBTC15M-26APR172245-45,0,0.0,0.0,2026-04-18,6.9703,16.21,8.96,KXBTC15M
KXBTC15M-26APR172200,0.2184,no,12.21,5.6916,1221,2026-04-18 02:00:14.327262+00:00,KXBTC15M-26APR172200-00,0,0.0,0.0,2026-04-18,5.6916,12.21,6.300000000000001,KXBTC15M
KXBTC15M-26APR172145,0.195,no,10.95,5.475,1095,2026-04-18 01:45:14.278863+00:00,KXBTC15M-26APR172145-45,0,0.0,0.0,2026-04-18,5.475,10.95,5.279999999999999,KXBTC15M
KXBTC15M-26APR172130,0.1864,no,0.0,0.0,0,2026-04-18 01:30:14.322289+00:00,KXBTC15M-26APR172130-30,0,10.69,4.7036,2026-04-18,4.7036,0.0,-4.89,KXBTC15M
KXBTC15M-26APR172115,0.41772,yes,20.78,10.071,0,2026-04-18 01:15:14.677489+00:00,KXBTC15M-26APR172115-15,100,20.78,20.28128,2026-04-18,30.35228,20.78,-9.989999999999998,KXBTC15M
KXBTCD-26APR1721,1.1221,no,140.11,121.8379,14011,2026-04-18 01:03:14.496058+00:00,KXBTCD-26APR1721-T77199.99,0,0.0,0.0,2026-04-18,121.8379,140.11,17.15000000000001,KXBTCD
KXBTC15M-26APR172100,1.18318,yes,70.53,24.9325,0,2026-04-18 01:00:14.926921+00:00,KXBTC15M-26APR172100-00,100,70.53,69.02432,2026-04-18,93.95682000000001,70.53,-24.610000000000007,KXBTC15M
KXBTC15M-26APR172045,0.78466,no,0.0,0.0,0,2026-04-18 00:45:14.373282+00:00,KXBTC15M-26APR172045-45,0,93.46,18.81534,2026-04-18,18.81534,0.0,-19.599999999999998,KXBTC15M
KXBTC15M-26APR172015,0.8479,no,52.13,23.9621,5213,2026-04-18 00:15:14.876586+00:00,KXBTC15M-26APR172015-15,0,0.0,0.0,2026-04-18,23.9621,52.13,27.320000000000004,KXBTC15M
KXBTC15M-26APR172000,0.8794,yes,37.44,13.4134,0,2026-04-18 00:00:14.422225+00:00,KXBTC15M-26APR172000-00,100,37.44,32.9472,2026-04-18,46.360600000000005,37.44,-9.800000000000008,KXBTC15M
KXBTC15M-26APR171945,0.2992,no,0.0,0.0,0,2026-04-17 23:45:14.275245+00:00,KXBTC15M-26APR171945-45,0,17.05,9.6108,2026-04-17,9.6108,0.0,-9.91,KXBTC15M
KXBTC15M-26APR171800,0.3146,yes,0.0,0.0,1763,2026-04-17 22:00:14.372933+00:00,KXBTC15M-26APR171800-00,100,17.63,9.7554,2026-04-17,9.7554,17.63,7.559999999999999,KXBTC15M
KXBTC15M-26APR171330,0.294,no,0.0,0.0,0,2026-04-17 17:30:14.673758+00:00,KXBTC15M-26APR171330-30,0,16.8,9.576,2026-04-17,9.576,0.0,-9.870000000000001,KXBTC15M
KXBTC15M-26APR171315,0.4103,no,18.09,12.8797,994,2026-04-17 17:15:14.371288+00:00,KXBTC15M-26APR171315-15,0,8.15,3.26,2026-04-17,16.139699999999998,18.09,1.5400000000000023,KXBTC15M
KXBTC15M-26APR171300,0.3052,no,10.52,5.786,0,2026-04-17 17:00:14.373819+00:00,KXBTC15M-26APR171300-00,0,10.52,1.9988,2026-04-17,7.7848,10.52,2.4299999999999997,KXBTC15M
KXBTC15M-26APR171245,0.226,no,10.05,9.4269,0,2026-04-17 16:45:14.272292+00:00,KXBTC15M-26APR171245-45,0,10.05,4.6071,2026-04-17,14.033999999999999,10.05,-4.209999999999998,KXBTC15M
KXBTC15M-26APR171230,0.3509,yes,22.69,9.9391,0,2026-04-17 16:30:14.277258+00:00,KXBTC15M-26APR171230-30,100,0.0,0.0,2026-04-17,9.9391,0.0,-10.29,KXBTC15M
KXBTC15M-26APR171215,0.3027,yes,9.87,2.2701,0,2026-04-17 16:15:14.371862+00:00,KXBTC15M-26APR171215-15,100,9.87,5.5272,2026-04-17,7.7973,9.87,1.7699999999999994,KXBTC15M
KXBTC15M-26APR170815,0.3119,yes,0.0,0.0,1870,2026-04-17 12:15:14.366520+00:00,KXBTC15M-26APR170815-15,100,18.7,7.8681,2026-04-17,7.8681,18.7,10.52,KXBTC15M
KXBTC15M-26APR170800,0.5502,yes,36.33,11.6798,0,2026-04-17 12:00:14.267581+00:00,KXBTC15M-26APR170800-00,100,0.0,0.0,2026-04-17,11.6798,0.0,-12.23,KXBTC15M
KXBTC15M-26APR170745,0.7984,no,28.84,23.2804,0,2026-04-17 11:45:14.374171+00:00,KXBTC15M-26APR170745-45,0,28.84,15.7812,2026-04-17,39.0616,28.84,-11.02,KXBTC15M
KXBTC15M-26APR170730,0.1862,yes,0.0,0.0,1143,2026-04-17 11:30:14.270001+00:00,KXBTC15M-26APR170730-30,100,11.43,7.5438,2026-04-17,7.5438,11.43,3.6999999999999997,KXBTC15M
KXBTC15M-26APR170700,0.5408,yes,22.57,12.2862,0,2026-04-17 11:00:14.417584+00:00,KXBTC15M-26APR170700-00,100,22.57,20.313,2026-04-17,32.599199999999996,22.57,-10.569999999999997,KXBTC15M
KXBTC15M-26APR170615,0.4181,no,23.22,12.0219,2322,2026-04-17 10:15:14.365616+00:00,KXBTC15M-26APR170615-15,0,0.0,0.0,2026-04-17,12.0219,23.22,10.779999999999998,KXBTC15M
KXBTC15M-26APR170600,0.3061,yes,0.0,0.0,1748,2026-04-17 10:00:14.369940+00:00,KXBTC15M-26APR170600-00,100,17.48,9.8739,2026-04-17,9.8739,17.48,7.3,KXBTC15M
KXBTC15M-26APR170530,0.1944,yes,0.0,0.0,1018,2026-04-17 09:30:14.372735+00:00,KXBTC15M-26APR170530-30,100,10.18,5.2656,2026-04-17,5.2656,10.18,4.72,KXBTC15M
KXBTC15M-26APR170515,0.3221,yes,0.0,0.0,2042,2026-04-17 09:15:14.271250+00:00,KXBTC15M-26APR170515-15,100,20.42,7.0679,2026-04-17,7.0679,20.42,13.030000000000001,KXBTC15M
KXBTC15M-26APR170500,0.4044,yes,0.0,0.0,2244,2026-04-17 09:00:14.520082+00:00,KXBTC15M-26APR170500-00,100,22.44,10.9956,2026-04-17,10.9956,22.44,11.040000000000001,KXBTC15M
KXBTC15M-26APR170430,0.2494,yes,0.0,0.0,1643,2026-04-17 08:30:14.272046+00:00,KXBTC15M-26APR170430-30,100,16.43,5.6406,2026-04-17,5.6406,16.43,10.540000000000001,KXBTC15M
KXBTC15M-26APR170415,0.3621,yes,0.0,0.0,2089,2026-04-17 08:15:14.370180+00:00,KXBTC15M-26APR170415-15,100,20.89,9.2279,2026-04-17,9.2279,20.89,11.3,KXBTC15M
KXBTC15M-26APR170400,0.4088,yes,0.0,0.0,2458,2026-04-17 08:00:14.370944+00:00,KXBTC15M-26APR170400-00,100,24.58,15.7312,2026-04-17,15.7312,24.58,8.44,KXBTC15M
KXBTC15M-26APR170345,0.7044,yes,0.0,0.0,4105,2026-04-17 07:45:14.276737+00:00,KXBTC15M-26APR170345-45,100,41.05,23.3356,2026-04-17,23.3356,41.05,17.009999999999998,KXBTC15M
KXBTC15M-26APR170330,1.087,no,43.57,37.2914,0,2026-04-17 07:30:14.268418+00:00,KXBTC15M-26APR170330-30,0,43.57,16.0716,2026-04-17,53.363,43.57,-10.879999999999999,KXBTC15M
KXBTC15M-26APR170315,0.053,yes,0.0,0.0,295,2026-04-17 07:15:14.368581+00:00,KXBTC15M-26APR170315-15,100,2.95,1.947,2026-04-17,1.947,2.95,0.9500000000000001,KXBTC15M
KXBTC15M-26APR170300,0.66392,yes,34.97,0.83928,0,2026-04-17 07:07:59.274336+00:00,KXBTC15M-26APR170300-00,100,34.97,15.3868,2026-04-17,16.22608,34.97,18.08,KXBTC15M
KXBTC15M-26APR170245,0.34596,yes,15.88,8.918,0,2026-04-17 06:45:14.369808+00:00,KXBTC15M-26APR170245-45,100,15.88,14.81604,2026-04-17,23.73404,15.88,-8.2,KXBTC15M
KXBTC15M-26APR170230,0.1465,yes,0.0,0.0,919,2026-04-17 06:30:14.720142+00:00,KXBTC15M-26APR170230-30,100,9.19,5.9735,2026-04-17,5.9735,9.19,3.07,KXBTC15M
KXBTC15M-26APR170215,0.7295,yes,37.0,1.073,0,2026-04-17 06:15:14.273741+00:00,KXBTC15M-26APR170215-15,100,37.0,19.2375,2026-04-17,20.3105,37.0,15.959999999999999,KXBTC15M
KXBTC15M-26APR170200,0.18296,no,9.44,9.26064,0,2026-04-17 06:00:14.375072+00:00,KXBTC15M-26APR170200-00,0,9.44,5.2864,2026-04-17,14.54704,9.44,-5.290000000000001,KXBTC15M
KXBTC15M-26APR170145,0.3008,no,0.0,0.0,0,2026-04-17 05:45:14.271205+00:00,KXBTC15M-26APR170145-45,0,17.32,9.6992,2026-04-17,9.6992,0.0,-10.0,KXBTC15M
KXBTC15M-26APR170100,0.1036,no,3.46,2.9756,0,2026-04-17 05:00:14.275421+00:00,KXBTC15M-26APR170100-00,0,3.46,1.6608,2026-04-17,4.6364,3.46,-1.28,KXBTC15M
KXBTC15M-26APR170045,0.28108,yes,12.31,0.76322,0,2026-04-17 04:45:14.569328+00:00,KXBTC15M-26APR170045-45,100,12.31,5.7857,2026-04-17,6.548920000000001,12.31,5.4799999999999995,KXBTC15M
KXBTC15M-26APR170030,0.1066,yes,0.0,0.0,618,2026-04-17 04:30:14.424281+00:00,KXBTC15M-26APR170030-30,100,6.18,3.8934,2026-04-17,3.8934,6.18,2.1799999999999997,KXBTC15M
KXBTC15M-26APR170015,0.7012,yes,25.46,11.457,0,2026-04-17 04:15:14.373542+00:00,KXBTC15M-26APR170015-15,100,25.46,21.1318,2026-04-17,32.5888,25.46,-7.829999999999998,KXBTC15M
KXBTC15M-26APR170000,0.4251,no,16.91,15.0499,0,2026-04-17 04:01:20.991654+00:00,KXBTC15M-26APR170000-00,0,16.91,8.455,2026-04-17,23.5049,16.91,-7.019999999999999,KXBTC15M
KXBTC15M-26APR162330,0.3652,yes,0.0,0.0,2088,2026-04-17 03:30:14.726693+00:00,KXBTC15M-26APR162330-30,100,20.88,11.6248,2026-04-17,11.6248,20.88,8.889999999999999,KXBTC15M
KXBTC15M-26APR161900,0.018,no,0.0,0.0,0,2026-04-16 23:00:14.272502+00:00,KXBTC15M-26APR161900-00,0,1.16,0.812,2026-04-16,0.812,0.0,-0.8300000000000001,KXBTC15M
KXBTC15M-26APR161845,0.0456,no,1.35,1.188,0,2026-04-16 22:45:14.371438+00:00,KXBTC15M-26APR161845-45,0,1.35,0.6864,2026-04-16,1.8744,1.35,-0.57,KXBTC15M
KXBTC15M-26APR161830,0.0271,no,1.41,0.9729,141,2026-04-16 22:30:14.273267+00:00,KXBTC15M-26APR161830-30,0,0.0,0.0,2026-04-16,0.9729,1.41,0.4099999999999999,KXBTC15M
KXBTC15M-26APR161800,0.038,no,0.0,0.0,0,2026-04-16 22:00:14.527645+00:00,KXBTC15M-26APR161800-00,0,1.69,0.942,2026-04-16,0.942,0.0,-0.98,KXBTC15M
KXBTC15M-26APR161745,0.132,yes,4.8,2.406,0,2026-04-16 21:45:14.374219+00:00,KXBTC15M-26APR161745-45,100,4.8,4.262,2026-04-16,6.667999999999999,4.8,-1.9999999999999996,KXBTC15M
KXBTC15M-26APR161730,0.035,no,1.89,0.945,189,2026-04-16 21:30:14.371462+00:00,KXBTC15M-26APR161730-30,0,0.0,0.0,2026-04-16,0.945,1.89,0.9099999999999999,KXBTC15M
KXBTC15M-26APR161715,0.0444,no,0.0,0.0,0,2026-04-16 21:15:14.274999+00:00,KXBTC15M-26APR161715-15,0,2.07,1.0356,2026-04-16,1.0356,0.0,-1.08,KXBTC15M
KXBTC15M-26APR161700,0.0421,yes,1.23,0.0492,0,2026-04-16 21:00:14.367498+00:00,KXBTC15M-26APR161700-00,100,1.23,0.6887,2026-04-16,0.7379,1.23,0.44999999999999996,KXBTC15M
KXBTC15M-26APR161645,0.0264,no,1.22,0.7336,122,2026-04-16 20:45:14.374638+00:00,KXBTC15M-26APR161645-45,0,0.0,0.0,2026-04-16,0.7336,1.22,0.45999999999999996,KXBTC15M
KXBTC15M-26APR161615,0.43631,yes,20.45,18.64963,307,2026-04-16 20:15:14.376338+00:00,KXBTC15M-26APR161615-15,100,23.52,14.37406,2026-04-16,33.02369,23.52,-9.940000000000003,KXBTC15M
KXBTC15M-26APR161600,0.1321,yes,0.0,0.0,710,2026-04-16 20:00:14.278576+00:00,KXBTC15M-26APR161600-00,100,7.1,4.1079,2026-04-16,4.1079,7.1,2.86,KXBTC15M
KXBTC15M-26APR161545,0.2279,yes,7.45,3.0381,1025,2026-04-16 19:45:14.369543+00:00,KXBTC15M-26APR161545-45,100,17.7,16.284,2026-04-16,19.3221,17.7,-1.8499999999999996,KXBTC15M
KXBTC15M-26APR161530,0.0749,yes,0.0,0.0,417,2026-04-16 19:30:14.276587+00:00,KXBTC15M-26APR161530-30,100,4.17,2.4851,2026-04-16,2.4851,4.17,1.6099999999999999,KXBTC15M
KXBTC15M-26APR161515,0.046,no,1.69,0.9295,0,2026-04-16 19:15:14.570301+00:00,KXBTC15M-26APR161515-15,0,1.69,0.0845,2026-04-16,1.014,1.69,0.6299999999999999,KXBTC15M
KXBTC15M-26APR161445,0.0716,yes,0.0,0.0,392,2026-04-16 18:45:14.270889+00:00,KXBTC15M-26APR161445-45,100,3.92,2.0384,2026-04-16,2.0384,3.92,1.8099999999999996,KXBTC15M
KXBTC15M-26APR161430,0.09796,no,3.72,3.56004,0,2026-04-16 18:30:14.373013+00:00,KXBTC15M-26APR161430-30,0,3.72,1.942,2026-04-16,5.50204,3.72,-1.88,KXBTC15M
KXBTC15M-26APR161415,0.0834,yes,0.0,0.0,498,2026-04-16 18:15:14.324865+00:00,KXBTC15M-26APR161415-15,100,4.98,3.4966,2026-04-16,3.4966,4.98,1.4000000000000006,KXBTC15M
KXBTC15M-26APR161400,0.3639,no,12.61,9.2381,0,2026-04-16 18:00:14.372983+00:00,KXBTC15M-26APR161400-00,0,12.61,7.348,2026-04-16,16.5861,12.61,-4.339999999999999,KXBTC15M
KXBTC15M-26APR161345,0.0913,yes,0.0,0.0,489,2026-04-16 17:45:14.380866+00:00,KXBTC15M-26APR161345-45,100,4.89,2.5687,2026-04-16,2.5687,4.89,2.2299999999999995,KXBTC15M
KXBTC15M-26APR161330,0.0398,yes,1.19,0.6418,0,2026-04-16 17:30:14.324096+00:00,KXBTC15M-26APR161330-30,100,0.72,0.6984,2026-04-16,1.3402,0.72,-0.6600000000000001,KXBTC15M
KXBTC15M-26APR161315,0.0094,no,0.39,0.2106,39,2026-04-16 17:15:14.375508+00:00,KXBTC15M-26APR161315-15,0,0.0,0.0,2026-04-16,0.2106,0.39,0.17,KXBTC15M
KXBTC15M-26APR161300,0.0975,no,2.55,1.5572,0,2026-04-16 17:00:14.275086+00:00,KXBTC15M-26APR161300-00,0,2.55,1.6153,2026-04-16,3.1725,2.55,-0.7200000000000001,KXBTC15M
KXBTC15M-26APR161245,0.0158,no,0.54,0.3942,54,2026-04-16 16:45:14.370627+00:00,KXBTC15M-26APR161245-45,0,0.0,0.0,2026-04-16,0.3942,0.54,0.13000000000000003,KXBTC15M
KXBTC15M-26APR160900,0.0295,no,0.85,0.4845,0,2026-04-16 13:00:14.667263+00:00,KXBTC15M-26APR160900-00,0,0.85,0.306,2026-04-16,0.7905,0.85,0.03,KXBTC15M
KXBTC15M-26APR160200,1.675,no,81.23,77.8458,0,2026-04-16 06:01:19.984187+00:00,KXBTC15M-26APR160200-00,0,81.23,39.4392,2026-04-16,117.285,81.23,-37.72999999999999,KXBTC15M
KXBTC15M-26APR160145,1.1338,no,47.82,43.038,0,2026-04-16 05:45:10.279857+00:00,KXBTC15M-26APR160145-45,0,47.82,27.1482,2026-04-16,70.1862,47.82,-23.5,KXBTC15M
KXBTC15M-26APR160115,0.3542,no,19.99,9.1458,1999,2026-04-16 05:15:10.008132+00:00,KXBTC15M-26APR160115-15,0,0.0,0.0,2026-04-16,9.1458,19.99,10.489999999999998,KXBTC15M
KXBTC15M-26APR160045,0.8266,yes,38.25,19.1709,0,2026-04-16 04:45:09.989872+00:00,KXBTC15M-26APR160045-45,100,38.25,35.5725,2026-04-16,54.743399999999994,38.25,-17.319999999999993,KXBTC15M
KXBTC15M-26APR160030,0.54476,no,26.12,12.5776,0,2026-04-16 04:30:10.289066+00:00,KXBTC15M-26APR160030-30,0,26.12,1.22764,2026-04-16,13.805240000000001,26.12,11.77,KXBTC15M
KXBTC15M-26APR160015,0.34159,yes,21.01,7.64992,0,2026-04-16 04:15:09.983198+00:00,KXBTC15M-26APR160015-15,100,21.01,19.93849,2026-04-16,27.588410000000003,21.01,-6.920000000000002,KXBTC15M
KXBTC15M-26APR160000,0.0874,no,4.97,2.8826,497,2026-04-16 04:01:14.483548+00:00,KXBTC15M-26APR160000-00,0,0.0,0.0,2026-04-16,2.8826,4.97,1.9999999999999998,KXBTC15M
KXBTC15M-26APR152345,1.5744,no,79.77,60.8977,4742,2026-04-16 03:45:09.882478+00:00,KXBTC15M-26APR152345-45,0,32.35,15.5379,2026-04-16,76.4356,79.77,1.7600000000000022,KXBTC15M
KXBTC15M-26APR152330,0.7328,yes,31.19,11.9581,0,2026-04-16 03:30:09.895026+00:00,KXBTC15M-26APR152330-30,100,31.19,27.7591,2026-04-16,39.7172,31.19,-9.259999999999996,KXBTC15M
KXBTC15M-26APR152315,1.058,yes,35.18,10.4722,0,2026-04-16 03:15:09.887518+00:00,KXBTC15M-26APR152315-15,100,35.18,16.2198,2026-04-16,26.692,35.18,7.43,KXBTC15M
KXBTCD-26APR1523,1.16,yes,62.0,1.24,0,2026-04-16 03:03:00.563647+00:00,KXBTCD-26APR1523-T74899.99,100,62.0,35.34,2026-04-16,36.580000000000005,62.0,24.259999999999994,KXBTCD
KXBTC15M-26APR152300,0.62912,no,39.83,38.07748,0,2026-04-16 03:00:09.984578+00:00,KXBTC15M-26APR152300-00,0,39.83,13.4834,2026-04-16,51.56088,39.83,-12.36,KXBTC15M
KXBTC15M-26APR151930,0.3416,yes,10.01,4.7047,0,2026-04-15 23:30:29.886096+00:00,KXBTC15M-26APR151930-30,100,10.01,3.7037,2026-04-15,8.4084,10.01,1.2599999999999993,KXBTC15M
KXBTC15M-26APR151900,0.6476,no,18.73,7.6793,0,2026-04-15 23:00:09.984549+00:00,KXBTC15M-26APR151900-00,0,18.73,8.8031,2026-04-15,16.4824,18.73,1.600000000000002,KXBTC15M
KXBTC15M-26APR151830,0.2296,no,9.32,5.6852,0,2026-04-15 22:30:09.983318+00:00,KXBTC15M-26APR151830-30,0,9.32,1.0252,2026-04-15,6.7104,9.32,2.3800000000000003,KXBTC15M
KXBTC15M-26APR151745,0.7852,yes,58.98,38.0148,0,2026-04-15 21:45:09.887748+00:00,KXBTC15M-26APR151745-45,100,0.0,0.0,2026-04-15,38.0148,0.0,-38.800000000000004,KXBTC15M
KXBTC15M-26APR151730,0.0537,no,2.89,1.9363,289,2026-04-15 21:30:09.884674+00:00,KXBTC15M-26APR151730-30,0,0.0,0.0,2026-04-15,1.9363,2.89,0.9000000000000002,KXBTC15M
KXBTC15M-26APR151530,0.7888,yes,16.85,11.6265,1377,2026-04-15 21:20:59.974625+00:00,KXBTC15M-26APR151530-30,100,30.62,16.3047,2026-04-15,27.9312,30.62,1.9000000000000006,KXBTC15M
KXBTC15M-26APR151515,1.38324,yes,186.76,28.04636,0,2026-04-15 19:15:10.179529+00:00,KXBTC15M-26APR151515-15,100,186.76,184.8904,2026-04-15,212.93676,186.76,-27.560000000000002,KXBTC15M
KXBTC15M-26APR151500,0.4133,yes,21.0,0.63,0,2026-04-15 19:00:09.880334+00:00,KXBTC15M-26APR151500-00,100,21.0,11.7367,2026-04-15,12.366700000000002,21.0,8.219999999999999,KXBTC15M
KXBTC15M-26APR151445,0.5596,yes,35.05,2.4554,0,2026-04-15 18:45:10.135004+00:00,KXBTC15M-26APR151445-45,100,35.05,27.505,2026-04-15,29.9604,35.05,4.529999999999998,KXBTC15M
KXBTC15M-26APR151430,0.76755,no,34.23,31.66275,0,2026-04-15 18:30:09.881149+00:00,KXBTC15M-26APR151430-30,0,34.23,17.3197,2026-04-15,48.98245,34.23,-15.520000000000003,KXBTC15M
KXBTC15M-26APR151015,1.5928,no,52.94,33.9834,0,2026-04-15 14:15:09.884663+00:00,KXBTC15M-26APR151015-15,0,52.94,14.2938,2026-04-15,48.2772,52.94,3.069999999999997,KXBTC15M
KXBTC15M-26APR151000,0.4149,yes,24.13,10.7751,0,2026-04-15 14:00:09.929944+00:00,KXBTC15M-26APR151000-00,100,0.0,0.0,2026-04-15,10.7751,0.0,-11.19,KXBTC15M
KXBTC15M-26APR150945,0.2539,no,15.01,9.1561,1501,2026-04-15 13:45:10.127894+00:00,KXBTC15M-26APR150945-45,0,0.0,0.0,2026-04-15,9.1561,15.01,5.6,KXBTC15M
KXBTC15M-26APR150930,0.28696,yes,13.48,7.414,0,2026-04-15 13:30:09.880999+00:00,KXBTC15M-26APR150930-30,100,13.48,12.77904,2026-04-15,20.19304,13.48,-6.999999999999999,KXBTC15M
KXBTC15M-26APR150915,0.8368,yes,0.0,0.0,5458,2026-04-15 13:15:09.926095+00:00,KXBTC15M-26APR150915-15,100,54.58,18.2632,2026-04-15,18.2632,54.58,35.480000000000004,KXBTC15M
KXBTC15M-26APR150900,0.9036,no,28.66,21.2084,0,2026-04-15 13:00:09.880405+00:00,KXBTC15M-26APR150900-00,0,28.66,14.508,2026-04-15,35.7164,28.66,-7.96,KXBTC15M
KXBTC15M-26APR150845,0.66497,yes,27.99,2.71503,0,2026-04-15 12:45:09.925965+00:00,KXBTC15M-26APR150845-45,100,27.99,16.33,2026-04-15,19.045029999999997,27.99,8.280000000000001,KXBTC15M
KXBTC15M-26APR150830,0.98074,no,47.37,45.38046,0,2026-04-15 12:30:09.928659+00:00,KXBTC15M-26APR150830-30,0,47.37,24.2088,2026-04-15,69.58926,47.37,-23.2,KXBTC15M
KXBTC15M-26APR150815,0.496,yes,28.0,15.734,0,2026-04-15 12:15:09.931708+00:00,KXBTC15M-26APR150815-15,100,0.0,0.0,2026-04-15,15.734,0.0,-16.23,KXBTC15M
KXBTC15M-26APR150800,0.192,yes,0.0,0.0,1118,2026-04-15 12:00:09.876376+00:00,KXBTC15M-26APR150800-00,100,11.18,6.708,2026-04-15,6.708,11.18,4.279999999999999,KXBTC15M
KXBTC15M-26APR150745,0.3881,yes,0.0,0.0,2196,2026-04-15 11:45:09.928876+00:00,KXBTC15M-26APR150745-45,100,21.96,12.8119,2026-04-15,12.8119,21.96,8.760000000000002,KXBTC15M
KXBTC15M-26APR150715,0.3696,yes,0.0,0.0,2286,2026-04-15 11:15:09.975780+00:00,KXBTC15M-26APR150715-15,100,22.86,14.6304,2026-04-15,14.6304,22.86,7.859999999999999,KXBTC15M
KXBTC15M-26APR150700,0.3408,no,19.68,8.6592,1968,2026-04-15 11:00:10.126644+00:00,KXBTC15M-26APR150700-00,0,0.0,0.0,2026-04-15,8.6592,19.68,10.68,KXBTC15M
KXBTC15M-26APR150645,1.6803,yes,82.0,61.9182,0,2026-04-15 10:45:09.876535+00:00,KXBTC15M-26APR150645-45,100,82.0,51.1715,2026-04-15,113.0897,82.0,-32.769999999999996,KXBTC15M
KXBTC15M-26APR150630,0.606,no,21.52,11.4056,0,2026-04-15 10:30:09.875945+00:00,KXBTC15M-26APR150630-30,0,21.52,3.6584,2026-04-15,15.064,21.52,5.85,KXBTC15M
KXBTC15M-26APR150615,1.5669,yes,62.25,28.7831,3230,2026-04-15 10:15:09.873556+00:00,KXBTC15M-26APR150615-15,100,94.55,86.71,2026-04-15,115.4931,94.55,-22.51,KXBTC15M
KXBTC15M-26APR150600,0.6206,yes,35.49,19.7594,0,2026-04-15 10:00:09.923139+00:00,KXBTC15M-26APR150600-00,100,0.0,0.0,2026-04-15,19.7594,0.0,-20.38,KXBTC15M
KXBTC15M-26APR150545,1.4294,yes,32.86,19.2076,2685,2026-04-15 09:45:09.929726+00:00,KXBTC15M-26APR150545-45,100,59.71,38.673,2026-04-15,57.8806,59.71,0.3999999999999997,KXBTC15M
KXBTC15M-26APR150530,0.6344,no,0.0,0.0,0,2026-04-15 09:30:09.928878+00:00,KXBTC15M-26APR150530-30,0,35.84,18.8456,2026-04-15,18.8456,0.0,-19.48,KXBTC15M
KXBTC15M-26APR150515,1.152,no,51.2,47.0528,0,2026-04-15 09:15:09.878494+00:00,KXBTC15M-26APR150515-15,0,51.2,24.3452,2026-04-15,71.398,51.2,-21.349999999999994,KXBTC15M
KXBTC15M-26APR150500,0.4017,yes,25.18,9.1319,0,2026-04-15 09:00:09.877455+00:00,KXBTC15M-26APR150500-00,100,25.18,24.6764,2026-04-15,33.8083,25.18,-9.030000000000003,KXBTC15M
KXBTC15M-26APR150445,0.7766,yes,0.0,0.0,4477,2026-04-15 08:45:09.879592+00:00,KXBTC15M-26APR150445-45,100,44.77,19.9234,2026-04-15,19.9234,44.77,24.070000000000004,KXBTC15M
KXBTC15M-26APR150430,0.7692,yes,0.0,0.0,5043,2026-04-15 08:30:09.928239+00:00,KXBTC15M-26APR150430-30,100,50.43,34.0808,2026-04-15,34.0808,50.43,15.579999999999997,KXBTC15M
KXBTC15M-26APR150415,0.8871,yes,0.0,0.0,5378,2026-04-15 08:15:09.880238+00:00,KXBTC15M-26APR150415-15,100,53.78,20.9129,2026-04-15,20.9129,53.78,31.98,KXBTC15M
KXBTC15M-26APR150400,1.1809,yes,55.57,27.2433,0,2026-04-15 08:00:09.924889+00:00,KXBTC15M-26APR150400-00,100,55.57,52.1158,2026-04-15,79.3591,55.57,-24.97,KXBTC15M
KXBTC15M-26APR150345,1.76172,no,72.62,64.29808,0,2026-04-15 07:45:09.878611+00:00,KXBTC15M-26APR150345-45,0,72.62,30.5802,2026-04-15,94.87828,72.62,-24.02,KXBTC15M
KXBTC15M-26APR150300,0.5476,no,31.44,14.4624,3144,2026-04-15 07:08:12.427086+00:00,KXBTC15M-26APR150300-00,0,0.0,0.0,2026-04-15,14.4624,31.44,16.430000000000003,KXBTC15M
KXBTC15M-26APR150245,0.41716,yes,20.27,10.7431,0,2026-04-15 06:45:09.931107+00:00,KXBTC15M-26APR150245-45,100,20.27,19.49974,2026-04-15,30.24284,20.27,-10.39,KXBTC15M
KXBTC15M-26APR150230,0.5534,no,31.04,16.2466,3104,2026-04-15 06:30:09.933071+00:00,KXBTC15M-26APR150230-30,0,0.0,0.0,2026-04-15,16.2466,31.04,14.239999999999998,KXBTC15M
KXBTC15M-26APR150215,0.6192,no,25.37,17.5053,0,2026-04-15 06:15:09.982218+00:00,KXBTC15M-26APR150215-15,0,25.37,3.8055,2026-04-15,21.310799999999997,25.37,3.440000000000004,KXBTC15M
KXBTC15M-26APR150115,0.9451,no,47.96,44.6028,0,2026-04-15 05:15:10.134874+00:00,KXBTC15M-26APR150115-15,0,47.96,21.0921,2026-04-15,65.6949,47.96,-18.680000000000003,KXBTC15M
KXBTC15M-26APR150100,1.94166,no,115.17,96.1109,0,2026-04-15 05:00:09.931681+00:00,KXBTC15M-26APR150100-00,0,115.17,17.17744,2026-04-15,113.28834,115.17,-0.060000000000003384,KXBTC15M
KXBTC15M-26APR150045,0.97912,yes,35.3,12.708,5551,2026-04-15 04:45:09.880983+00:00,KXBTC15M-26APR150045-45,100,90.81,84.63288,2026-04-15,97.34088,90.81,-7.509999999999996,KXBTC15M
KXBTC15M-26APR150030,0.09833,no,23.87,22.46167,2387,2026-04-15 04:30:09.883186+00:00,KXBTC15M-26APR150030-30,0,0.0,0.0,2026-04-15,22.46167,23.87,1.3099999999999994,KXBTC15M
KXBTC15M-26APR142345,1.24071,no,59.11,56.09539,0,2026-04-15 03:45:09.934722+00:00,KXBTC15M-26APR142345-45,0,59.11,28.9639,2026-04-15,85.05929,59.11,-27.190000000000005,KXBTC15M
KXBTC15M-26APR142330,0.4304,yes,25.12,14.4696,0,2026-04-15 03:30:09.929990+00:00,KXBTC15M-26APR142330-30,100,0.0,0.0,2026-04-15,14.4696,0.0,-14.9,KXBTC15M
KXBTC15M-26APR142315,0.8562,no,42.66,31.2093,0,2026-04-15 03:15:10.091440+00:00,KXBTC15M-26APR142315-15,0,42.66,5.4945,2026-04-15,36.7038,42.66,5.099999999999995,KXBTC15M
KXBTC15M-26APR142300,0.45104,yes,20.09,10.6477,1339,2026-04-15 03:00:10.165634+00:00,KXBTC15M-26APR142300-00,100,33.48,32.24126,2026-04-15,42.88896,33.48,-9.860000000000001,KXBTC15M
KXBTC15M-26APR141845,0.518,yes,20.85,2.502,0,2026-04-14 22:45:19.934049+00:00,KXBTC15M-26APR141845-45,100,20.85,12.51,2026-04-14,15.012,20.85,5.320000000000001,KXBTC15M
KXBTC15M-26APR141815,1.03659,yes,63.89,21.03071,0,2026-04-14 22:15:09.937588+00:00,KXBTC15M-26APR141815-15,100,63.89,50.2727,2026-04-14,71.30341,63.89,-8.45,KXBTC15M
KXBTC15M-26APR141800,0.2728,yes,13.1,0.655,0,2026-04-14 22:00:09.929268+00:00,KXBTC15M-26APR141800-00,100,13.1,7.3722,2026-04-14,8.0272,13.1,4.799999999999999,KXBTC15M
KXBTC15M-26APR141745,0.1191,no,7.62,5.1909,762,2026-04-14 21:45:09.934432+00:00,KXBTC15M-26APR141745-45,0,0.0,0.0,2026-04-14,5.1909,7.62,2.31,KXBTC15M
KXBTC15M-26APR141715,0.0757,yes,4.1,0.0533,0,2026-04-14 21:15:09.929923+00:00,KXBTC15M-26APR141715-15,100,4.1,2.901,2026-04-14,2.9543,4.1,1.0699999999999996,KXBTC15M
KXBTC15M-26APR141700,0.2383,no,12.9,12.642,0,2026-04-14 21:00:09.935399+00:00,KXBTC15M-26APR141700-00,0,12.9,7.1297,2026-04-14,19.7717,12.9,-7.1099999999999985,KXBTC15M
KXBTC15M-26APR141645,0.23941,yes,11.91,0.58359,0,2026-04-14 20:45:09.882869+00:00,KXBTC15M-26APR141645-45,100,11.91,6.697,2026-04-14,7.28059,11.91,4.39,KXBTC15M
KXBTC15M-26APR141615,0.0576,yes,0.0,0.0,337,2026-04-14 20:15:09.929469+00:00,KXBTC15M-26APR141615-15,100,3.37,2.3324,2026-04-14,2.3324,3.37,0.9800000000000003,KXBTC15M
KXBTC15M-26APR141600,0.008,yes,0.0,0.0,145,2026-04-14 20:00:09.931535+00:00,KXBTC15M-26APR141600-00,100,1.45,1.392,2026-04-14,1.392,1.45,0.05000000000000005,KXBTC15M
KXBTC15M-26APR141545,0.5934,no,22.18,15.7226,0,2026-04-14 19:45:09.937650+00:00,KXBTC15M-26APR141545-45,0,22.18,17.054,2026-04-14,32.7766,22.18,-11.190000000000003,KXBTC15M
KXBTC15M-26APR141530,0.06,no,2.0,1.7,0,2026-04-14 19:30:09.932507+00:00,KXBTC15M-26APR141530-30,0,2.0,0.96,2026-04-14,2.66,2.0,-0.7200000000000002,KXBTC15M
KXBTC15M-26APR141445,0.0578,no,5.34,4.4322,534,2026-04-14 18:45:09.931246+00:00,KXBTC15M-26APR141445-45,0,0.0,0.0,2026-04-14,4.4322,5.34,0.85,KXBTC15M
KXBTC15M-26APR141430,0.15982,no,8.07,7.77948,0,2026-04-14 18:30:09.939875+00:00,KXBTC15M-26APR141430-30,0,8.07,3.0507,2026-04-14,10.83018,8.07,-2.92,KXBTC15M
KXBTC15M-26APR140215,0.01696,yes,0.0,0.0,136,2026-04-14 06:15:09.927597+00:00,KXBTC15M-26APR140215-15,100,1.36,1.24304,2026-04-14,1.24304,1.36,0.10000000000000017,KXBTC15M
KXBTC15M-26APR140200,0.0081,no,1.27,1.2319,127,2026-04-14 06:00:09.879563+00:00,KXBTC15M-26APR140200-00,0,0.0,0.0,2026-04-14,1.2319,1.27,0.030000000000000023,KXBTC15M
KXBTC15M-26APR140115,0.0123,no,1.19,0.9877,119,2026-04-14 05:15:09.884295+00:00,KXBTC15M-26APR140115-15,0,0.0,0.0,2026-04-14,0.9877,1.19,0.18999999999999992,KXBTC15M
KXBTC15M-26APR140100,0.0615,yes,3.13,1.4085,0,2026-04-14 05:00:09.887411+00:00,KXBTC15M-26APR140100-00,100,0.0,0.0,2026-04-14,1.4085,0.0,-1.4700000000000002,KXBTC15M
KXBTC15M-26APR140045,0.11432,no,4.96,3.3392,0,2026-04-14 04:45:10.018055+00:00,KXBTC15M-26APR140045-45,0,4.96,0.43648,2026-04-14,3.77568,4.96,1.07,KXBTC15M
KXBTC15M-26APR140030,0.212,yes,8.2,3.854,0,2026-04-14 04:30:09.936846+00:00,KXBTC15M-26APR140030-30,100,8.2,7.134,2026-04-14,10.988,8.2,-3.0000000000000004,KXBTC15M
KXBTC15M-26APR140015,0.8667,yes,37.93,21.4487,0,2026-04-14 04:15:09.937409+00:00,KXBTC15M-26APR140015-15,100,37.93,33.3746,2026-04-14,54.8233,37.93,-17.760000000000005,KXBTC15M
KXBTCD-26APR1400,0.11,no,7.0,4.76,700,2026-04-14 04:03:10.045014+00:00,KXBTCD-26APR1400-T74499.99,0,0.0,0.0,2026-04-14,4.76,7.0,2.1300000000000003,KXBTCD
KXBTC15M-26APR140000,0.5108,no,15.82,10.7576,0,2026-04-14 04:02:35.835853+00:00,KXBTC15M-26APR140000-00,0,15.82,5.9116,2026-04-14,16.6692,15.82,-1.3599999999999999,KXBTC15M
KXBTC15M-26APR132345,0.08446,yes,0.0,0.0,3114,2026-04-14 03:45:09.882947+00:00,KXBTC15M-26APR132345-45,100,31.14,29.92554,2026-04-14,29.92554,31.14,1.129999999999999,KXBTC15M
KXBTC15M-26APR132330,0.244,no,7.54,4.5994,0,2026-04-14 03:30:09.931426+00:00,KXBTC15M-26APR132330-30,0,7.54,2.1866,2026-04-14,6.786,7.54,0.5100000000000005,KXBTC15M
KXBTC15M-26APR132315,0.79913,yes,21.77,6.55857,2926,2026-04-14 03:15:09.940759+00:00,KXBTC15M-26APR132315-15,100,51.03,40.0923,2026-04-14,46.65087,51.03,3.5800000000000036,KXBTC15M
KXBTCD-26APR1323,0.28,no,25.0,20.0,2500,2026-04-14 03:02:30.259758+00:00,KXBTCD-26APR1323-T74399.99,0,0.0,0.0,2026-04-14,20.0,25.0,4.72,KXBTCD
KXBTC15M-26APR132300,0.07774,no,5.17,3.9292,0,2026-04-14 03:00:09.880797+00:00,KXBTC15M-26APR132300-00,0,5.17,0.09306,2026-04-14,4.02226,5.17,1.0699999999999998,KXBTC15M
KXBTC15M-26APR132245,0.2675,yes,15.82,9.6825,0,2026-04-14 02:45:09.882625+00:00,KXBTC15M-26APR132245-45,100,0.0,0.0,2026-04-14,9.6825,0.0,-9.95,KXBTC15M
KXBTC15M-26APR132230,2.0517,no,101.72,90.4403,0,2026-04-14 02:30:09.938256+00:00,KXBTC15M-26APR132230-30,0,101.72,71.668,2026-04-14,162.10829999999999,101.72,-62.43999999999998,KXBTC15M
KXBTC15M-26APR132200,1.0749,yes,13.29,4.7844,4252,2026-04-14 02:00:09.887277+00:00,KXBTC15M-26APR132200-00,100,55.81,38.0007,2026-04-14,42.7851,55.81,11.950000000000003,KXBTC15M
KXBTC15M-26APR132145,0.3568,yes,0.0,0.0,2009,2026-04-14 01:45:10.005180+00:00,KXBTC15M-26APR132145-45,100,20.09,9.6432,2026-04-14,9.6432,20.09,10.09,KXBTC15M
KXBTC15M-26APR132130,0.19526,yes,8.66,4.8496,0,2026-04-14 01:30:09.888473+00:00,KXBTC15M-26APR132130-30,100,8.66,8.04514,2026-04-14,12.894739999999999,8.66,-4.429999999999999,KXBTC15M
KXBTC15M-26APR132115,0.74762,yes,32.76,16.2887,0,2026-04-14 01:15:09.885422+00:00,KXBTC15M-26APR132115-15,100,32.76,30.06368,2026-04-14,46.35238,32.76,-14.339999999999998,KXBTC15M
KXBTC15M-26APR132100,0.527,no,29.56,14.773,2956,2026-04-14 01:00:09.882386+00:00,KXBTC15M-26APR132100-00,0,0.0,0.0,2026-04-14,14.773,29.56,14.26,KXBTC15M
KXBTC15M-26APR132045,0.6076,yes,0.0,0.0,3502,2026-04-14 00:45:09.879356+00:00,KXBTC15M-26APR132045-45,100,35.02,19.0124,2026-04-14,19.0124,35.02,15.400000000000004,KXBTC15M
KXBTC15M-26APR132030,0.60653,no,66.38,58.58207,5909,2026-04-14 00:30:09.891218+00:00,KXBTC15M-26APR132030-30,0,7.29,4.8114,2026-04-14,63.39347,66.38,2.3799999999999946,KXBTC15M
KXBTC15M-26APR132015,1.4604,no,59.46,41.622,2658,2026-04-14 00:15:09.889939+00:00,KXBTC15M-26APR132015-15,0,32.88,17.0976,2026-04-14,58.7196,59.46,-0.7199999999999989,KXBTC15M
KXBTCD-26APR1320,0.0,no,0.0,0.0,0,2026-04-14 00:02:40.099034+00:00,KXBTCD-26APR1320-T74499.99,0,0.0,0.0,2026-04-14,0.0,0.0,0.0,KXBTCD
KXBTC15M-26APR132000,0.6568,no,0.0,0.0,0,2026-04-14 00:00:09.884969+00:00,KXBTC15M-26APR132000-00,0,36.73,19.2232,2026-04-14,19.2232,0.0,-19.88,KXBTC15M
KXBTC15M-26APR131945,0.1482,no,0.0,0.0,0,2026-04-13 23:45:09.890566+00:00,KXBTC15M-26APR131945-45,0,8.6,4.5818,2026-04-13,4.5818,0.0,-4.73,KXBTC15M
KXBTC15M-26APR131930,3.938,yes,115.24,73.5141,865,2026-04-13 23:30:09.891275+00:00,KXBTC15M-26APR131930-30,100,123.89,74.6179,2026-04-13,148.132,123.89,-28.180000000000003,KXBTC15M
KXBTC15M-26APR131915,3.07375,yes,106.35,54.9162,4986,2026-04-13 23:15:09.893132+00:00,KXBTC15M-26APR131915-15,100,156.21,134.43005,2026-04-13,189.34625,156.21,-36.20999999999999,KXBTC15M
KXBTC15M-26APR131845,0.7031,yes,21.99,15.1731,0,2026-04-13 22:45:09.888869+00:00,KXBTC15M-26APR131845-45,100,21.99,13.6338,2026-04-13,28.8069,21.99,-7.5200000000000005,KXBTC15M
KXBTC15M-26APR131830,0.3722,yes,0.0,0.0,2411,2026-04-13 22:30:09.884725+00:00,KXBTC15M-26APR131830-30,100,24.11,16.5578,2026-04-13,16.5578,24.11,7.179999999999999,KXBTC15M
KXBTC15M-26APR131800,1.0803,no,61.66,43.0517,4708,2026-04-13 22:00:11.136745+00:00,KXBTC15M-26APR131800-00,0,14.58,8.748,2026-04-13,51.799699999999994,61.66,8.780000000000003,KXBTC15M
KXBTC15M-26APR131745,0.9176,yes,26.41,14.7896,0,2026-04-13 21:45:09.888327+00:00,KXBTC15M-26APR131745-45,100,26.41,15.5728,2026-04-13,30.3624,26.41,-4.870000000000001,KXBTC15M
KXBTC15M-26APR131730,0.1801,no,83.67,81.1599,8367,2026-04-13 21:30:09.886408+00:00,KXBTC15M-26APR131730-30,0,0.0,0.0,2026-04-13,81.1599,83.67,2.3300000000000085,KXBTC15M
KXBTC15M-26APR131715,1.67706,yes,61.63,36.5867,8098,2026-04-13 21:15:21.287542+00:00,KXBTC15M-26APR131715-15,100,142.61,129.04624,2026-04-13,165.63294000000002,142.61,-24.700000000000006,KXBTC15M
KXBTC15M-26APR131700,0.2897,no,26.63,21.5703,2663,2026-04-13 21:00:09.886647+00:00,KXBTC15M-26APR131700-00,0,0.0,0.0,2026-04-13,21.5703,26.63,4.77,KXBTC15M
KXBTC15M-26APR131645,1.60262,yes,33.7,17.4186,10054,2026-04-13 20:45:19.931983+00:00,KXBTC15M-26APR131645-45,100,134.24,117.13878,2026-04-13,134.55738,134.24,-1.9199999999999857,KXBTC15M
KXBTC15M-26APR131630,0.9663,no,56.25,42.4087,4292,2026-04-13 20:30:09.879682+00:00,KXBTC15M-26APR131630-30,0,13.33,6.665,2026-04-13,49.0737,56.25,6.209999999999997,KXBTC15M
KXBTC15M-26APR131615,0.4704,no,26.68,12.5396,2668,2026-04-13 20:15:19.884373+00:00,KXBTC15M-26APR131615-15,0,0.0,0.0,2026-04-13,12.5396,26.68,13.67,KXBTC15M
KXBTC15M-26APR131600,0.425,yes,0.0,0.0,3210,2026-04-13 20:00:19.328303+00:00,KXBTC15M-26APR131600-00,100,32.1,24.075,2026-04-13,24.075,32.1,7.600000000000002,KXBTC15M
KXBTC15M-26APR131545,1.1258,yes,11.18,4.6956,7466,2026-04-13 19:45:19.885231+00:00,KXBTC15M-26APR131545-45,100,85.84,69.4186,2026-04-13,74.1142,85.84,10.600000000000007,KXBTC15M
KXBTC15M-26APR131515,0.3275,no,19.49,11.6725,1949,2026-04-13 19:15:16.535494+00:00,KXBTC15M-26APR131515-15,0,0.0,0.0,2026-04-13,11.6725,19.49,7.489999999999999,KXBTC15M
KXBTC15M-26APR131500,0.9326,yes,23.26,12.5604,5737,2026-04-13 19:00:22.187665+00:00,KXBTC15M-26APR131500-00,100,80.63,72.567,2026-04-13,85.1274,80.63,-5.429999999999999,KXBTC15M
KXBTC15M-26APR131445,0.11209,yes,0.0,0.0,6183,2026-04-13 18:45:09.883098+00:00,KXBTC15M-26APR131445-45,100,61.83,60.40791,2026-04-13,60.40791,61.83,1.3099999999999972,KXBTC15M
KXBTC15M-26APR131415,0.29,yes,0.0,0.0,1622,2026-04-13 18:15:09.889908+00:00,KXBTC15M-26APR131415-15,100,16.22,8.62,2026-04-13,8.62,16.22,7.31,KXBTC15M
KXBTC15M-26APR131400,0.1611,no,9.13,4.8389,913,2026-04-13 18:00:19.931606+00:00,KXBTC15M-26APR131400-00,0,0.0,0.0,2026-04-13,4.8389,9.13,4.130000000000001,KXBTC15M
KXBTC15M-26APR131345,0.3407,yes,0.0,0.0,2030,2026-04-13 17:45:30.736233+00:00,KXBTC15M-26APR131345-45,100,20.3,12.6493,2026-04-13,12.6493,20.3,7.3100000000000005,KXBTC15M
KXBTC15M-26APR131330,0.6716,yes,18.45,9.6555,4172,2026-04-13 17:30:09.888200+00:00,KXBTC15M-26APR131330-30,100,60.17,54.8029,2026-04-13,64.4584,60.17,-4.9599999999999955,KXBTC15M
KXBTC15M-26APR131315,0.20992,yes,8.97,4.8438,4701,2026-04-13 17:15:19.882871+00:00,KXBTC15M-26APR131315-15,100,55.98,55.34628,2026-04-13,60.19008,55.98,-4.420000000000005,KXBTC15M
KXBTC15M-26APR131300,1.0558,no,48.01,35.1136,2119,2026-04-13 17:00:08.590620+00:00,KXBTC15M-26APR131300-00,0,26.82,18.1106,2026-04-13,53.224199999999996,48.01,-6.269999999999998,KXBTC15M
KXBTC15M-26APR131245,0.3067,yes,0.0,0.0,2001,2026-04-13 16:45:19.934769+00:00,KXBTC15M-26APR131245-45,100,20.01,13.5033,2026-04-13,13.5033,20.01,6.200000000000002,KXBTC15M
KXBTC15M-26APR130415,0.1106,no,7.38,5.2794,738,2026-04-13 08:15:09.930472+00:00,KXBTC15M-26APR130415-15,0,0.0,0.0,2026-04-13,5.2794,7.38,1.99,KXBTC15M
KXBTC15M-26APR130400,0.4363,yes,25.17,1.6542,0,2026-04-13 08:00:09.879481+00:00,KXBTC15M-26APR130400-00,100,25.17,18.4895,2026-04-13,20.1437,25.17,4.5900000000000025,KXBTC15M
KXBTC15M-26APR130345,0.2236,yes,10.05,0.4624,0,2026-04-13 07:45:09.931185+00:00,KXBTC15M-26APR130345-45,100,10.05,4.824,2026-04-13,5.2863999999999995,10.05,4.540000000000001,KXBTC15M
KXBTC15M-26APR130330,0.1765,no,5.23,3.8702,0,2026-04-13 07:30:09.877060+00:00,KXBTC15M-26APR130330-30,0,5.23,2.8033,2026-04-13,6.673500000000001,5.23,-1.62,KXBTC15M
KXBTC15M-26APR130315,0.0342,no,1.62,0.9558,162,2026-04-13 07:15:09.930336+00:00,KXBTC15M-26APR130315-15,0,0.0,0.0,2026-04-13,0.9558,1.62,0.6300000000000001,KXBTC15M
KXBTC15M-26APR130245,2.4772,no,90.23,66.7453,1217,2026-04-13 06:45:09.930630+00:00,KXBTC15M-26APR130245-45,0,78.06,47.8375,2026-04-13,114.58279999999999,90.23,-26.829999999999988,KXBTC15M
KXBTC15M-26APR130230,0.3738,yes,8.94,4.8276,870,2026-04-13 06:30:10.231318+00:00,KXBTC15M-26APR130230-30,100,17.64,14.0386,2026-04-13,18.8662,17.64,-1.5999999999999988,KXBTC15M
KXBTC15M-26APR130200,0.40538,yes,17.68,6.2473,0,2026-04-13 06:00:09.876920+00:00,KXBTC15M-26APR130200-00,100,17.68,15.86732,2026-04-13,22.11462,17.68,-4.839999999999999,KXBTC15M
KXBTC15M-26APR130145,0.25922,no,15.41,14.91688,0,2026-04-13 05:45:09.929399+00:00,KXBTC15M-26APR130145-45,0,15.41,4.4239,2026-04-13,19.340780000000002,15.41,-4.190000000000002,KXBTC15M
KXBTC15M-26APR130130,0.1301,yes,0.0,0.0,773,2026-04-13 05:30:09.936011+00:00,KXBTC15M-26APR130130-30,100,7.73,4.8699,2026-04-13,4.8699,7.73,2.73,KXBTC15M
KXBTC15M-26APR130115,0.3122,no,0.0,0.0,0,2026-04-13 05:15:09.934041+00:00,KXBTC15M-26APR130115-15,0,17.35,8.4978,2026-04-13,8.4978,0.0,-8.81,KXBTC15M
KXBTC15M-26APR130030,0.5314,yes,0.0,0.0,3049,2026-04-13 04:30:09.935545+00:00,KXBTC15M-26APR130030-30,100,30.49,16.3186,2026-04-13,16.3186,30.49,13.639999999999999,KXBTC15M
KXBTC15M-26APR130015,0.2604,no,11.44,10.5248,0,2026-04-13 04:15:09.936367+00:00,KXBTC15M-26APR130015-15,0,11.44,4.8048,2026-04-13,15.329600000000001,11.44,-4.150000000000001,KXBTC15M
KXBTC15M-26APR130000,0.2913,yes,0.0,0.0,1753,2026-04-13 04:00:45.100652+00:00,KXBTC15M-26APR130000-00,100,17.53,11.2487,2026-04-13,11.2487,17.53,5.990000000000002,KXBTC15M
KXBTC15M-26APR122330,0.0,yes,0.0,0.0,0,2026-04-13 03:30:09.889623+00:00,KXBTC15M-26APR122330-30,100,0.0,0.0,2026-04-13,0.0,0.0,0.0,KXBTC15M
KXBTC15M-26APR122315,0.389,no,0.0,0.0,0,2026-04-13 03:15:10.235665+00:00,KXBTC15M-26APR122315-15,0,23.74,14.451,2026-04-13,14.451,0.0,-14.84,KXBTC15M
KXBTC15M-26APR122300,1.2504,no,75.37,59.366,4949,2026-04-13 03:00:10.036630+00:00,KXBTC15M-26APR122300-00,0,25.88,18.6336,2026-04-13,77.9996,75.37,-3.8799999999999963,KXBTC15M
KXBTC15M-26APR122030,0.47242,yes,0.0,0.0,8881,2026-04-13 00:30:10.002886+00:00,KXBTC15M-26APR122030-30,100,88.81,81.52758,2026-04-13,81.52758,88.81,6.810000000000002,KXBTC15M
KXBTC15M-26APR122015,1.6251,yes,31.8,21.5281,5176,2026-04-13 00:15:09.952095+00:00,KXBTC15M-26APR122015-15,100,83.56,60.3168,2026-04-13,81.8449,83.56,0.09000000000000674,KXBTC15M
KXBTC15M-26APR122000,0.5624,yes,23.9,2.2944,0,2026-04-13 00:00:09.890538+00:00,KXBTC15M-26APR122000-00,100,23.9,12.4032,2026-04-13,14.6976,23.9,8.639999999999999,KXBTC15M
KXBTC15M-26APR121945,0.72526,no,75.63,66.3504,0,2026-04-12 23:45:09.934030+00:00,KXBTC15M-26APR121945-45,0,75.63,2.20434,2026-04-12,68.55474,75.63,6.35,KXBTC15M
KXBTC15M-26APR121930,0.3055,yes,9.95,5.373,0,2026-04-12 23:30:09.936669+00:00,KXBTC15M-26APR121930-30,100,9.95,7.6615,2026-04-12,13.034500000000001,9.95,-3.390000000000002,KXBTC15M
KXBTC15M-26APR121915,0.2304,no,30.42,26.7196,3042,2026-04-12 23:15:09.933179+00:00,KXBTC15M-26APR121915-15,0,0.0,0.0,2026-04-12,26.7196,30.42,3.470000000000002,KXBTC15M
KXBTC15M-26APR121900,0.381,yes,0.0,0.0,2164,2026-04-12 23:00:09.936826+00:00,KXBTC15M-26APR121900-00,100,21.64,10.619,2026-04-12,10.619,21.64,10.64,KXBTC15M
KXBTC15M-26APR121845,0.822,yes,28.21,14.6721,0,2026-04-12 22:45:09.933626+00:00,KXBTC15M-26APR121845-45,100,28.21,22.2859,2026-04-12,36.958,28.21,-9.569999999999997,KXBTC15M
KXBTC15M-26APR121830,0.2507,no,15.79,10.5793,1579,2026-04-12 22:30:09.936917+00:00,KXBTC15M-26APR121830-30,0,0.0,0.0,2026-04-12,10.5793,15.79,4.959999999999999,KXBTC15M
KXBTC15M-26APR121815,0.1364,no,4.94,4.3472,0,2026-04-12 22:15:09.925487+00:00,KXBTC15M-26APR121815-15,0,4.94,2.7664,2026-04-12,7.1136,4.94,-2.3099999999999996,KXBTC15M
KXBTC15M-26APR121800,0.2827,no,13.61,12.1717,331,2026-04-12 22:00:09.941534+00:00,KXBTC15M-26APR121800-00,0,10.3,5.7956,2026-04-12,17.9673,13.61,-4.640000000000002,KXBTC15M
KXBTC15M-26APR121745,4.77847,no,271.96,209.8654,0,2026-04-12 21:45:09.935423+00:00,KXBTC15M-26APR121745-45,0,271.96,236.00613,2026-04-12,445.87153,271.96,-178.69000000000003,KXBTC15M
KXBTC15M-26APR121715,1.257,no,47.36,40.256,0,2026-04-12 21:15:09.981342+00:00,KXBTC15M-26APR121715-15,0,47.36,23.567,2026-04-12,63.823,47.36,-17.720000000000002,KXBTC15M
KXBTC15M-26APR121700,0.19,no,0.0,0.0,0,2026-04-12 21:00:09.989481+00:00,KXBTC15M-26APR121700-00,0,28.9,2.89,2026-04-12,2.89,0.0,-3.08,KXBTC15M
KXBTC15M-26APR121645,0.52722,yes,27.29,0.60038,0,2026-04-12 20:45:10.033222+00:00,KXBTC15M-26APR121645-45,100,27.29,15.2824,2026-04-12,15.88278,27.29,10.879999999999999,KXBTC15M
KXBTC15M-26APR121615,0.50074,no,24.23,23.30926,0,2026-04-12 20:15:10.002271+00:00,KXBTC15M-26APR121615-15,0,24.23,13.39,2026-04-12,36.699259999999995,24.23,-12.969999999999995,KXBTC15M
KXBTC15M-26APR121600,0.484,no,34.05,24.516,3405,2026-04-12 20:00:09.882604+00:00,KXBTC15M-26APR121600-00,0,0.0,0.0,2026-04-12,24.516,34.05,9.049999999999999,KXBTC15M
KXBTC15M-26APR121545,0.19218,no,9.66,9.43782,0,2026-04-12 19:45:09.933099+00:00,KXBTC15M-26APR121545-45,0,9.66,4.83,2026-04-12,14.26782,9.66,-4.8,KXBTC15M
KXBTC15M-26APR121530,0.9242,no,65.33,47.4458,6533,2026-04-12 19:30:09.931407+00:00,KXBTC15M-26APR121530-30,0,0.0,0.0,2026-04-12,47.4458,65.33,16.96,KXBTC15M
KXBTC15M-26APR121515,0.3946,yes,0.0,0.0,2337,2026-04-12 19:15:09.934524+00:00,KXBTC15M-26APR121515-15,100,23.37,14.2854,2026-04-12,14.2854,23.37,8.690000000000001,KXBTC15M
KXBTC15M-26APR121500,1.0394,yes,43.33,4.333,0,2026-04-12 19:00:09.882644+00:00,KXBTC15M-26APR121500-00,100,43.33,22.1876,2026-04-12,26.5206,43.33,15.769999999999996,KXBTC15M
KXBTC15M-26APR121445,0.251,yes,13.8,0.621,0,2026-04-12 18:45:09.930824+00:00,KXBTC15M-26APR121445-45,100,13.8,9.798,2026-04-12,10.419,13.8,3.1300000000000003,KXBTC15M
KXBTC15M-26APR121430,0.46408,no,21.52,11.6208,0,2026-04-12 18:30:09.936259+00:00,KXBTC15M-26APR121430-30,0,21.52,1.20512,2026-04-12,12.82592,21.52,8.23,KXBTC15M
KXBTC15M-26APR120930,0.6348,yes,0.0,0.0,4114,2026-04-12 13:30:09.929338+00:00,KXBTC15M-26APR120930-30,100,41.14,27.9452,2026-04-12,27.9452,41.14,12.56,KXBTC15M
KXBTC15M-26APR120915,0.7883,no,88.98,75.5717,8898,2026-04-12 13:15:09.880506+00:00,KXBTC15M-26APR120915-15,0,0.0,0.0,2026-04-12,75.5717,88.98,12.619999999999997,KXBTC15M
KXBTC15M-26APR120900,0.6504,no,28.95,16.5015,0,2026-04-12 13:00:09.925017+00:00,KXBTC15M-26APR120900-00,0,28.95,2.2581,2026-04-12,18.7596,28.95,9.540000000000001,KXBTC15M
KXBTC15M-26APR120845,0.6555,yes,30.25,14.2075,0,2026-04-12 12:45:09.928956+00:00,KXBTC15M-26APR120845-45,100,30.25,28.417,2026-04-12,42.6245,30.25,-13.029999999999998,KXBTC15M
KXBTC15M-26APR120830,1.0101,yes,58.37,28.9899,0,2026-04-12 12:30:09.873076+00:00,KXBTC15M-26APR120830-30,100,0.0,0.0,2026-04-12,28.9899,0.0,-30.0,KXBTC15M
KXBTC15M-26APR120800,0.6014,yes,35.17,20.3986,0,2026-04-12 12:00:09.927679+00:00,KXBTC15M-26APR120800-00,100,0.0,0.0,2026-04-12,20.3986,0.0,-21.0,KXBTC15M
KXBTC15M-26APR120730,0.3,no,17.5,10.5,1750,2026-04-12 11:30:09.926468+00:00,KXBTC15M-26APR120730-30,0,0.0,0.0,2026-04-12,10.5,17.5,6.7,KXBTC15M
KXBTC15M-26APR120715,1.2236,yes,18.12,8.154,3417,2026-04-12 11:15:09.878634+00:00,KXBTC15M-26APR120715-15,100,52.29,27.0924,2026-04-12,35.2464,52.29,15.819999999999999,KXBTC15M
KXBTCD-26APR1207,0.49,yes,0.0,0.0,2800,2026-04-12 11:02:49.989222+00:00,KXBTCD-26APR1207-T71399.99,100,28.0,15.96,2026-04-12,15.96,28.0,11.549999999999999,KXBTCD
KXBTC15M-26APR120700,0.51948,no,27.84,14.7816,0,2026-04-12 11:00:09.879206+00:00,KXBTC15M-26APR120700-00,0,27.84,0.33892,2026-04-12,15.120519999999999,27.84,12.200000000000001,KXBTC15M
KXBTC15M-26APR120630,0.7192,no,0.0,0.0,0,2026-04-12 10:30:09.879600+00:00,KXBTC15M-26APR120630-30,0,43.97,28.1108,2026-04-12,28.1108,0.0,-28.830000000000002,KXBTC15M
KXBTC15M-26APR120615,1.4273,yes,50.82,34.9189,0,2026-04-12 10:15:09.927323+00:00,KXBTC15M-26APR120615-15,100,50.82,32.9238,2026-04-12,67.84270000000001,50.82,-18.450000000000006,KXBTC15M
KXBTC15M-26APR120600,1.1325,no,65.59,45.022,5678,2026-04-12 10:00:09.927441+00:00,KXBTC15M-26APR120600-00,0,8.81,4.8455,2026-04-12,49.8675,65.59,14.590000000000003,KXBTC15M
KXBTC15M-26APR120545,1.4986,no,60.52,33.8042,3217,2026-04-12 09:45:09.879165+00:00,KXBTC15M-26APR120545-45,0,28.35,19.0372,2026-04-12,52.8414,60.52,6.180000000000003,KXBTC15M
KXBTC15M-26APR120530,2.4714,yes,43.11,18.2782,6090,2026-04-12 09:30:09.880658+00:00,KXBTC15M-26APR120530-30,100,104.01,64.3404,2026-04-12,82.6186,104.01,18.920000000000005,KXBTC15M
KXBTC15M-26APR120515,0.48455,no,19.95,17.96195,0,2026-04-12 09:15:09.923109+00:00,KXBTC15M-26APR120515-15,0,19.95,10.5735,2026-04-12,28.53545,19.95,-9.070000000000002,KXBTC15M
KXBTC15M-26APR120500,0.25285,no,12.01,7.8065,0,2026-04-12 09:00:09.936680+00:00,KXBTC15M-26APR120500-00,0,12.01,0.78065,2026-04-12,8.58715,12.01,3.1700000000000004,KXBTC15M
KXBTC15M-26APR120445,1.8416,yes,63.2,31.5024,0,2026-04-12 08:45:09.928561+00:00,KXBTC15M-26APR120445-45,100,63.2,49.296,2026-04-12,80.7984,63.2,-19.439999999999998,KXBTC15M
KXBTC15M-26APR120430,1.7218,yes,25.18,11.7446,6774,2026-04-12 08:30:09.926906+00:00,KXBTC15M-26APR120430-30,100,92.92,66.6436,2026-04-12,78.38820000000001,92.92,12.80999999999999,KXBTC15M
KXBTC15M-26APR120415,0.227,no,15.39,10.773,1539,2026-04-12 08:15:09.875363+00:00,KXBTC15M-26APR120415-15,0,0.0,0.0,2026-04-12,10.773,15.39,4.390000000000001,KXBTC15M
KXBTC15M-26APR120400,1.54564,no,55.1,30.305,0,2026-04-12 08:00:09.878097+00:00,KXBTC15M-26APR120400-00,0,55.1,14.82936,2026-04-12,45.13436,55.1,8.42,KXBTC15M
KXBTC15M-26APR120345,1.3494,yes,40.73,19.3069,0,2026-04-12 07:45:09.876047+00:00,KXBTC15M-26APR120345-45,100,40.73,27.5337,2026-04-12,46.840599999999995,40.73,-7.459999999999998,KXBTC15M
KXBTC15M-26APR120330,0.4194,no,24.43,14.5306,2443,2026-04-12 07:30:09.877809+00:00,KXBTC15M-26APR120330-30,0,0.0,0.0,2026-04-12,14.5306,24.43,9.48,KXBTC15M
KXBTC15M-26APR120315,0.2184,yes,13.48,8.7816,0,2026-04-12 07:15:09.928198+00:00,KXBTC15M-26APR120315-15,100,0.0,0.0,2026-04-12,8.7816,0.0,-9.0,KXBTC15M
KXBTC15M-26APR120300,0.6714,no,44.36,29.2786,4436,2026-04-12 07:08:00.830082+00:00,KXBTC15M-26APR120300-00,0,0.0,0.0,2026-04-12,29.2786,44.36,14.409999999999998,KXBTC15M
KXBTC15M-26APR120215,0.30584,yes,15.59,5.6883,0,2026-04-12 06:15:09.925993+00:00,KXBTC15M-26APR120215-15,100,10.34,9.60586,2026-04-12,15.29416,10.34,-5.26,KXBTC15M
KXBTC15M-26APR120145,0.7111,no,0.0,0.0,0,2026-04-12 05:45:09.887830+00:00,KXBTC15M-26APR120145-45,0,45.26,20.1189,2026-04-12,20.1189,0.0,-20.83,KXBTC15M
KXBTC15M-26APR120130,0.4706,yes,22.13,9.7372,0,2026-04-12 05:30:09.929851+00:00,KXBTC15M-26APR120130-30,100,22.13,20.8022,2026-04-12,30.5394,22.13,-8.88,KXBTC15M
KXBTC15M-26APR120115,0.8247,yes,49.05,18.7853,0,2026-04-12 05:15:09.886437+00:00,KXBTC15M-26APR120115-15,100,0.0,0.0,2026-04-12,18.7853,0.0,-19.61,KXBTC15M
KXBTC15M-26APR120045,1.1087,no,63.79,36.4713,6379,2026-04-12 04:45:09.932638+00:00,KXBTC15M-26APR120045-45,0,0.0,0.0,2026-04-12,36.4713,63.79,26.21,KXBTC15M
KXBTC15M-26APR120030,1.1332,yes,0.0,0.0,8104,2026-04-12 04:30:09.887153+00:00,KXBTC15M-26APR120030-30,100,81.04,58.2668,2026-04-12,58.2668,81.04,21.640000000000004,KXBTC15M
KXBTC15M-26APR120015,0.6419,no,36.54,17.3581,3654,2026-04-12 04:15:09.929664+00:00,KXBTC15M-26APR120015-15,0,0.0,0.0,2026-04-12,17.3581,36.54,18.54,KXBTC15M
KXBTC15M-26APR120000,0.3372,no,33.16,27.5228,3316,2026-04-12 04:00:09.887421+00:00,KXBTC15M-26APR120000-00,0,0.0,0.0,2026-04-12,27.5228,33.16,5.299999999999996,KXBTC15M
KXBTC15M-26APR112345,1.1654,no,72.5,47.4346,7250,2026-04-12 03:45:09.931969+00:00,KXBTC15M-26APR112345-45,0,0.0,0.0,2026-04-12,47.4346,72.5,23.9,KXBTC15M
KXBTC15M-26APR112330,3.2591,yes,221.11,148.9409,0,2026-04-12 03:30:09.934939+00:00,KXBTC15M-26APR112330-30,100,0.0,0.0,2026-04-12,148.9409,0.0,-152.2,KXBTC15M
KXBTC15M-26APR112315,0.6411,no,53.23,40.8789,5323,2026-04-12 03:15:09.932259+00:00,KXBTC15M-26APR112315-15,0,0.0,0.0,2026-04-12,40.8789,53.23,11.709999999999996,KXBTC15M
KXBTC15M-26APR112300,0.405,no,41.13,34.175,4113,2026-04-12 03:00:09.887660+00:00,KXBTC15M-26APR112300-00,0,0.0,0.0,2026-04-12,34.175,41.13,6.550000000000005,KXBTC15M
KXBTC15M-26APR112245,0.5335,yes,0.0,0.0,13407,2026-04-12 02:45:09.881654+00:00,KXBTC15M-26APR112245-45,100,134.07,126.0365,2026-04-12,126.0365,134.07,7.499999999999989,KXBTC15M
KXBTC15M-26APR112230,0.1198,yes,0.0,0.0,758,2026-04-12 02:30:09.931659+00:00,KXBTC15M-26APR112230-30,100,7.58,5.2302,2026-04-12,5.2302,7.58,2.23,KXBTC15M
KXBTC15M-26APR112215,0.1093,yes,0.0,0.0,535,2026-04-12 02:15:09.934461+00:00,KXBTC15M-26APR112215-15,100,5.35,2.7307,2026-04-12,2.7307,5.35,2.5099999999999993,KXBTC15M
KXBTC15M-26APR112200,1.034,no,62.75,39.816,6275,2026-04-12 02:00:09.944133+00:00,KXBTC15M-26APR112200-00,0,0.0,0.0,2026-04-12,39.816,62.75,21.9,KXBTC15M
KXBTC15M-26APR112145,1.0936,no,0.0,0.0,0,2026-04-12 01:45:09.880163+00:00,KXBTC15M-26APR112145-45,0,62.84,28.9064,2026-04-12,28.9064,0.0,-30.0,KXBTC15M
KXBTC15M-26APR112130,5.491,no,303.45,285.243,0,2026-04-12 01:30:09.881941+00:00,KXBTC15M-26APR112130-30,0,303.45,84.966,2026-04-12,370.209,303.45,-72.25000000000001,KXBTC15M
KXBTC15M-26APR112115,7.1292,no,130.06,96.2444,0,2026-04-12 01:15:10.029127+00:00,KXBTC15M-26APR112115-15,0,347.6,206.7864,2026-04-12,303.0308,130.06,-180.1,KXBTC15M
KXBTC15M-26APR112100,0.4912,yes,19.16,6.5144,0,2026-04-12 01:00:09.983131+00:00,KXBTC15M-26APR112100-00,100,19.16,16.0944,2026-04-12,22.608800000000002,19.16,-3.940000000000002,KXBTC15M
KXBTC15M-26APR112045,6.43994,no,441.49,365.39196,28678,2026-04-12 00:45:09.936235+00:00,KXBTC15M-26APR112045-45,0,154.71,85.5881,2026-04-12,450.98006,441.49,-15.929999999999971,KXBTC15M
KXBTC15M-26APR112030,1.78198,yes,93.94,51.4441,0,2026-04-12 00:30:09.932167+00:00,KXBTC15M-26APR112030-30,100,93.94,90.93392,2026-04-12,142.37802,93.94,-50.21999999999999,KXBTC15M
KXBTC15M-26APR112015,1.1511,no,73.37,48.9989,7337,2026-04-12 00:15:09.935978+00:00,KXBTC15M-26APR112015-15,0,0.0,0.0,2026-04-12,48.9989,73.37,23.220000000000006,KXBTC15M
KXBTC15M-26APR112000,1.5855,no,57.43,47.0926,0,2026-04-12 00:00:09.883229+00:00,KXBTC15M-26APR112000-00,0,57.43,33.3719,2026-04-12,80.46449999999999,57.43,-24.619999999999987,KXBTC15M
KXBTC15M-26APR111945,5.7268,no,354.45,203.4532,35445,2026-04-11 23:45:09.984260+00:00,KXBTC15M-26APR111945-45,0,0.0,0.0,2026-04-11,203.4532,354.45,145.26999999999998,KXBTC15M
KXBTC15M-26APR111930,1.4853,yes,0.0,0.0,14951,2026-04-11 23:30:09.931937+00:00,KXBTC15M-26APR111930-30,100,149.51,122.7247,2026-04-11,122.7247,149.51,25.299999999999994,KXBTC15M
KXBTCD-26APR1119,1.67,yes,0.0,0.0,9600,2026-04-11 23:02:50.071152+00:00,KXBTCD-26APR1119-T73399.99,100,96.0,51.84,2026-04-11,51.84,96.0,42.489999999999995,KXBTCD
KXBTCD-26APR1119,1.49,yes,0.0,0.0,8600,2026-04-11 23:02:50.071152+00:00,KXBTCD-26APR1119-T73299.99,100,86.0,48.14,2026-04-11,48.14,86.0,36.37,KXBTCD
KXBTC15M-26APR111900,0.7002,yes,22.74,11.5974,0,2026-04-11 23:00:09.938112+00:00,KXBTC15M-26APR111900-00,100,22.74,17.2824,2026-04-11,28.8798,22.74,-6.840000000000001,KXBTC15M
KXBTC15M-26APR111830,6.50407,no,538.14,525.04413,21198,2026-04-11 22:30:09.933493+00:00,KXBTC15M-26APR111830-30,0,326.16,145.9718,2026-04-11,671.01593,538.14,-139.38000000000005,KXBTC15M
KXBTC15M-26APR111815,2.17406,yes,139.53,52.2903,0,2026-04-11 22:15:10.041006+00:00,KXBTC15M-26APR111815-15,100,139.53,137.85564,2026-04-11,190.14594,139.53,-52.78999999999999,KXBTC15M
KXBTC15M-26APR111700,0.4,no,24.36,15.88,2436,2026-04-11 21:00:09.944144+00:00,KXBTC15M-26APR111700-00,0,0.0,0.0,2026-04-11,15.88,24.36,8.079999999999998,KXBTC15M
KXBTC15M-26APR111600,3.96759,no,300.13,226.7002,0,2026-04-11 20:00:09.944813+00:00,KXBTC15M-26APR111600-00,0,300.13,5.10221,2026-04-11,231.80241,300.13,64.35999999999999,KXBTC15M
KXBTC15M-26APR111545,2.5814,yes,0.0,0.0,23031,2026-04-11 19:45:09.933003+00:00,KXBTC15M-26APR111545-45,100,230.31,178.8986,2026-04-11,178.8986,230.31,48.83000000000001,KXBTC15M
KXBTC15M-26APR111530,2.8401,yes,0.0,0.0,18229,2026-04-11 19:30:09.992440+00:00,KXBTC15M-26APR111530-30,100,182.29,72.1099,2026-04-11,72.1099,182.29,107.33999999999999,KXBTC15M
KXBTC15M-26APR111515,1.32774,yes,0.0,0.0,17489,2026-04-11 19:15:09.940332+00:00,KXBTC15M-26APR111515-15,100,174.89,146.58226,2026-04-11,146.58226,174.89,26.979999999999997,KXBTC15M
KXBTC15M-26APR111500,0.8261,yes,0.0,0.0,4877,2026-04-11 19:00:09.939665+00:00,KXBTC15M-26APR111500-00,100,48.77,29.9239,2026-04-11,29.9239,48.77,18.020000000000003,KXBTC15M
KXBTC15M-26APR111445,1.0944,yes,0.0,0.0,7036,2026-04-11 18:45:09.932883+00:00,KXBTC15M-26APR111445-45,100,70.36,46.2956,2026-04-11,46.2956,70.36,22.97,KXBTC15M
KXBTC15M-26APR111415,0.546,yes,0.0,0.0,9700,2026-04-11 18:15:09.937660+00:00,KXBTC15M-26APR111415-15,100,97.0,88.464,2026-04-11,88.464,97.0,7.990000000000001,KXBTC15M
KXBTC15M-26APR110900,0.7013,no,19.89,8.7726,0,2026-04-11 13:00:09.877717+00:00,KXBTC15M-26APR110900-00,0,19.89,9.7461,2026-04-11,18.518700000000003,19.89,0.6699999999999979,KXBTC15M
KXBTC15M-26APR110845,0.67917,yes,0.0,0.0,9898,2026-04-11 12:45:09.928268+00:00,KXBTC15M-26APR110845-45,100,98.98,85.05083,2026-04-11,85.05083,98.98,13.25,KXBTC15M
KXBTC15M-26APR110830,0.55894,no,27.71,26.76786,0,2026-04-11 12:30:09.879558+00:00,KXBTC15M-26APR110830-30,0,27.71,14.8932,2026-04-11,41.66106,27.71,-14.509999999999998,KXBTC15M
KXBTC15M-26APR110815,1.5702,no,13.5,6.345,0,2026-04-11 12:15:09.882807+00:00,KXBTC15M-26APR110815-15,0,115.41,81.7848,2026-04-11,88.1298,13.5,-76.2,KXBTC15M
KXBTC15M-26APR110800,0.5866,yes,0.0,0.0,3638,2026-04-11 12:00:09.876017+00:00,KXBTC15M-26APR110800-00,100,36.38,23.6034,2026-04-11,23.6034,36.38,12.190000000000001,KXBTC15M
KXBTC15M-26APR110745,1.3971,yes,0.0,0.0,9311,2026-04-11 11:45:09.879420+00:00,KXBTC15M-26APR110745-45,100,93.11,58.9729,2026-04-11,58.9729,93.11,32.739999999999995,KXBTC15M
KXBTC15M-26APR110730,2.5681,no,176.51,143.7346,13093,2026-04-11 11:30:09.874644+00:00,KXBTC15M-26APR110730-30,0,45.58,25.1973,2026-04-11,168.93189999999998,176.51,5.010000000000007,KXBTC15M
KXBTC15M-26APR110715,0.29948,yes,12.46,6.679,0,2026-04-11 11:15:09.877407+00:00,KXBTC15M-26APR110715-15,100,12.46,11.34152,2026-04-11,18.020519999999998,12.46,-5.859999999999997,KXBTC15M
KXBTC15M-26APR110645,0.3066,no,16.96,8.9734,1696,2026-04-11 10:45:09.872630+00:00,KXBTC15M-26APR110645-45,0,0.0,0.0,2026-04-11,8.9734,16.96,7.6800000000000015,KXBTC15M
KXBTC15M-26APR110630,0.5971,yes,0.0,0.0,3415,2026-04-11 10:30:09.878584+00:00,KXBTC15M-26APR110630-30,100,34.15,16.4829,2026-04-11,16.4829,34.15,17.069999999999997,KXBTC15M
KXBTC15M-26APR110615,1.7592,no,107.0,67.2208,10700,2026-04-11 10:15:09.874960+00:00,KXBTC15M-26APR110615-15,0,0.0,0.0,2026-04-11,67.2208,107.0,38.02,KXBTC15M
KXBTC15M-26APR110600,0.4618,yes,0.0,0.0,2908,2026-04-11 10:00:09.878714+00:00,KXBTC15M-26APR110600-00,100,29.08,19.5182,2026-04-11,19.5182,29.08,9.099999999999998,KXBTC15M
KXBTC15M-26APR110545,0.349,no,20.0,11.991,2000,2026-04-11 09:45:09.882562+00:00,KXBTC15M-26APR110545-45,0,0.0,0.0,2026-04-11,11.991,20.0,7.66,KXBTC15M
KXBTC15M-26APR110530,2.49296,yes,202.05,32.14314,0,2026-04-11 09:30:09.873449+00:00,KXBTC15M-26APR110530-30,100,202.05,191.8439,2026-04-11,223.98703999999998,202.05,-24.429999999999968,KXBTC15M
KXBTC15M-26APR110500,3.522,no,193.1,191.169,0,2026-04-11 09:00:09.873788+00:00,KXBTC15M-26APR110500-00,0,193.1,94.619,2026-04-11,285.788,193.1,-96.21000000000002,KXBTC15M
KXBTC15M-26APR110445,7.8841,no,0.0,0.0,0,2026-04-11 08:45:09.875464+00:00,KXBTC15M-26APR110445-45,0,453.43,241.5159,2026-04-11,241.5159,0.0,-249.39999999999998,KXBTC15M
KXBTC15M-26APR110430,4.187,no,0.0,0.0,0,2026-04-11 08:30:09.877891+00:00,KXBTC15M-26APR110430-30,0,295.83,169.473,2026-04-11,169.473,0.0,-173.66000000000003,KXBTC15M
KXBTCD-26APR1104,0.0,yes,0.0,0.0,0,2026-04-11 08:03:10.055172+00:00,KXBTCD-26APR1104-T72699.99,100,0.0,0.0,2026-04-11,0.0,0.0,0.0,KXBTCD
KXBTC15M-26APR110345,6.2208,no,516.48,439.1691,41530,2026-04-11 07:45:09.878144+00:00,KXBTC15M-26APR110345-45,0,101.18,35.2301,2026-04-11,474.3992,516.48,35.860000000000014,KXBTC15M
KXBTC15M-26APR110330,2.8536,yes,0.0,0.0,18698,2026-04-11 07:30:09.878602+00:00,KXBTC15M-26APR110330-30,100,186.98,127.1464,2026-04-11,127.1464,186.98,56.97999999999999,KXBTC15M
KXBTC15M-26APR110315,5.4129,no,330.21,190.7571,33021,2026-04-11 07:15:09.883701+00:00,KXBTC15M-26APR110315-15,0,0.0,0.0,2026-04-11,190.7571,330.21,134.03999999999996,KXBTC15M
KXBTCD-26APR1103,8.39,yes,811.0,665.02,0,2026-04-11 07:07:53.739130+00:00,KXBTCD-26APR1103-T72799.99,100,0.0,0.0,2026-04-11,665.02,0.0,-673.41,KXBTCD
KXBTC15M-26APR110245,1.5402,yes,38.26,17.077,6314,2026-04-11 06:45:09.926998+00:00,KXBTC15M-26APR110245-45,100,101.4,86.9528,2026-04-11,104.0298,101.4,-4.169999999999989,KXBTC15M
KXBTC15M-26APR110230,6.4024,yes,82.95,51.2436,67219,2026-04-11 06:30:09.928876+00:00,KXBTC15M-26APR110230-30,100,755.14,672.304,2026-04-11,723.5476,755.14,25.189999999999998,KXBTC15M
KXBTC15M-26APR110215,7.3313,no,652.02,521.0087,65202,2026-04-11 06:15:09.932266+00:00,KXBTC15M-26APR110215-15,0,0.0,0.0,2026-04-11,521.0087,652.02,123.68,KXBTC15M
KXBTCD-26APR1102,0.74,no,528.0,517.34,52800,2026-04-11 06:03:10.312615+00:00,KXBTCD-26APR1102-T72799.99,0,0.0,0.0,2026-04-11,517.34,528.0,9.919999999999968,KXBTCD
KXBTC15M-26APR110145,1.80048,yes,0.0,0.0,51880,2026-04-11 05:45:09.885592+00:00,KXBTC15M-26APR110145-45,100,518.8,491.84952,2026-04-11,491.84952,518.8,25.14999999999997,KXBTC15M
KXBTC15M-26APR102345,0.9874,no,72.99,54.0126,7299,2026-04-11 03:45:09.937749+00:00,KXBTC15M-26APR102345-45,0,0.0,0.0,2026-04-11,54.0126,72.99,17.989999999999995,KXBTC15M
KXBTC15M-26APR102330,3.0664,no,175.28,91.7136,17528,2026-04-11 03:30:09.944857+00:00,KXBTC15M-26APR102330-30,0,0.0,0.0,2026-04-11,91.7136,175.28,80.5,KXBTC15M
KXBTC15M-26APR102315,0.252,yes,0.0,0.0,1540,2026-04-11 03:15:09.943089+00:00,KXBTC15M-26APR102315-15,100,15.4,10.318,2026-04-11,10.318,15.4,4.830000000000001,KXBTC15M
KXBTCD-26APR1023,5.7625,no,360.35,233.2275,36035,2026-04-11 03:02:40.154961+00:00,KXBTCD-26APR1023-T72999.99,0,0.0,0.0,2026-04-11,233.2275,360.35,121.36000000000003,KXBTCD
KXBTC15M-26APR102300,0.4787,no,29.61,19.3013,2961,2026-04-11 03:00:09.933994+00:00,KXBTC15M-26APR102300-00,0,0.0,0.0,2026-04-11,19.3013,29.61,9.829999999999998,KXBTC15M
KXBTC15M-26APR102245,3.345,yes,0.0,0.0,25434,2026-04-11 02:45:09.984587+00:00,KXBTC15M-26APR102245-45,100,254.34,190.755,2026-04-11,190.755,254.34,60.24000000000001,KXBTC15M
KXBTC15M-26APR102230,5.60226,yes,293.78,35.76994,0,2026-04-11 02:30:09.944445+00:00,KXBTC15M-26APR102230-30,100,293.78,214.3278,2026-04-11,250.09774,293.78,38.079999999999984,KXBTC15M
KXBTC15M-26APR102215,4.0065,yes,180.24,18.024,0,2026-04-11 02:15:09.989909+00:00,KXBTC15M-26APR102215-15,100,180.24,107.3295,2026-04-11,125.3535,180.24,50.88000000000001,KXBTC15M
KXBTCD-26APR1022,0.521,no,34.97,24.479,3497,2026-04-11 02:03:40.347659+00:00,KXBTCD-26APR1022-T72999.99,0,0.0,0.0,2026-04-11,24.479,34.97,9.969999999999999,KXBTCD
KXBTC15M-26APR102145,1.23463,yes,64.41,17.2714,0,2026-04-11 01:45:10.184691+00:00,KXBTC15M-26APR102145-45,100,64.41,59.06397,2026-04-11,76.33537,64.41,-13.16,KXBTC15M
KXBTC15M-26APR102130,1.25455,no,167.24,163.59698,0,2026-04-11 01:30:09.999731+00:00,KXBTC15M-26APR102130-30,0,167.24,15.48847,2026-04-11,179.08545,167.24,-13.1,KXBTC15M
KXBTC15M-26APR102115,1.6419,no,96.5,54.8981,9650,2026-04-11 01:15:09.887535+00:00,KXBTC15M-26APR102115-15,0,0.0,0.0,2026-04-11,54.8981,96.5,39.96,KXBTC15M
KXBTC15M-26APR102045,2.0846,no,106.18,70.5641,0,2026-04-11 00:45:09.879568+00:00,KXBTC15M-26APR102045-45,0,106.18,7.1113,2026-04-11,77.6754,106.18,26.42000000000001,KXBTC15M
KXBTC15M-26APR102030,2.44906,yes,135.0,65.0619,0,2026-04-11 00:30:09.886048+00:00,KXBTC15M-26APR102030-30,100,135.0,133.58904,2026-04-11,198.65094,135.0,-66.1,KXBTC15M
KXBTC15M-26APR102015,2.7936,no,90.89,46.3539,0,2026-04-11 00:15:09.937570+00:00,KXBTC15M-26APR102015-15,0,90.89,22.7225,2026-04-11,69.0764,90.89,19.019999999999992,KXBTC15M
KXBTC15M-26APR102000,4.02512,yes,203.79,93.8416,0,2026-04-11 00:00:09.987151+00:00,KXBTC15M-26APR102000-00,100,203.79,196.07328,2026-04-11,289.91488000000004,203.79,-90.15000000000005,KXBTC15M
KXBTC15M-26APR101930,0.2462,yes,9.03,5.5986,0,2026-04-10 23:30:09.887379+00:00,KXBTC15M-26APR101930-30,100,9.03,7.5852,2026-04-10,13.183800000000002,9.03,-4.400000000000002,KXBTC15M
KXBTC15M-26APR101915,1.1203,yes,55.03,41.2725,495,2026-04-10 23:15:09.884414+00:00,KXBTC15M-26APR101915-15,100,59.98,53.8772,2026-04-10,95.1497,59.98,-36.29,KXBTC15M
KXBTCD-26APR1019,4.0217,yes,0.0,0.0,24097,2026-04-10 23:02:40.189712+00:00,KXBTCD-26APR1019-T72899.99,100,240.97,93.9783,2026-04-10,93.9783,240.97,142.96999999999997,KXBTCD
KXBTC15M-26APR101845,5.3718,no,0.0,0.0,0,2026-04-10 22:45:09.883047+00:00,KXBTC15M-26APR101845-45,0,306.15,152.9182,2026-04-10,152.9182,0.0,-158.29000000000002,KXBTC15M
KXBTC15M-26APR101830,1.2708,no,66.15,62.7102,0,2026-04-10 22:30:09.879268+00:00,KXBTC15M-26APR101830-30,0,66.15,22.169,2026-04-10,84.8792,66.15,-19.999999999999993,KXBTC15M
KXBTC15M-26APR101815,3.11,no,178.28,97.24,17828,2026-04-10 22:15:09.884438+00:00,KXBTC15M-26APR101815-15,0,0.0,0.0,2026-04-10,97.24,178.28,77.93,KXBTC15M
KXBTC15M-26APR101800,2.34435,yes,95.15,41.5702,10043,2026-04-10 22:00:09.882607+00:00,KXBTC15M-26APR101800-00,100,195.58,184.40545,2026-04-10,225.97565,195.58,-32.73999999999999,KXBTC15M
KXBTC15M-26APR101745,3.3467,no,193.61,148.0451,13307,2026-04-10 21:45:09.883673+00:00,KXBTC15M-26APR101745-45,0,60.54,19.4582,2026-04-10,167.5033,193.61,22.76000000000002,KXBTC15M
KXBTC15M-26APR101730,6.5227,yes,139.89,60.9435,21033,2026-04-10 21:30:09.887601+00:00,KXBTC15M-26APR101730-30,100,350.22,275.8538,2026-04-10,336.79729999999995,350.22,6.900000000000077,KXBTC15M
KXBTC15M-26APR101715,3.5176,no,202.65,110.7224,20265,2026-04-10 21:15:09.886267+00:00,KXBTC15M-26APR101715-15,0,0.0,0.0,2026-04-10,110.7224,202.65,88.41000000000001,KXBTC15M
KXBTC15M-26APR101700,5.9768,yes,292.06,128.0162,0,2026-04-10 21:00:09.885297+00:00,KXBTC15M-26APR101700-00,100,292.06,275.937,2026-04-10,403.95320000000004,292.06,-117.87000000000003,KXBTC15M
KXBTC15M-26APR101645,7.09702,no,448.12,413.30228,13240,2026-04-10 20:45:09.890676+00:00,KXBTC15M-26APR101645-45,0,315.72,213.0907,2026-04-10,626.39298,448.12,-185.36999999999995,KXBTC15M
KXBTC15M-26APR101630,6.8946,yes,380.53,225.9694,0,2026-04-10 20:30:09.885164+00:00,KXBTC15M-26APR101630-30,100,40.1,14.436,2026-04-10,240.40540000000001,40.1,-207.20000000000002,KXBTC15M
KXBTC15M-26APR101615,3.9448,no,230.43,108.2552,23043,2026-04-10 20:15:09.886602+00:00,KXBTC15M-26APR101615-15,0,0.0,0.0,2026-04-10,108.2552,230.43,118.23,KXBTC15M
KXBTCD-26APR1016,5.3073,yes,254.81,136.1032,0,2026-04-10 20:02:30.182341+00:00,KXBTCD-26APR1016-T72999.99,100,254.81,241.8095,2026-04-10,377.9127,254.81,-128.40999999999997,KXBTCD
KXBTC15M-26APR101600,0.4092,yes,23.44,13.3608,0,2026-04-10 20:00:09.879805+00:00,KXBTC15M-26APR101600-00,100,0.0,0.0,2026-04-10,13.3608,0.0,-13.77,KXBTC15M
KXBTC15M-26APR101545,2.2062,no,154.46,109.8538,15446,2026-04-10 19:45:09.882238+00:00,KXBTC15M-26APR101545-45,0,0.0,0.0,2026-04-10,109.8538,154.46,42.4,KXBTC15M
KXBTC15M-26APR101530,0.637,no,42.0,29.303,4200,2026-04-10 19:30:09.891403+00:00,KXBTC15M-26APR101530-30,0,0.0,0.0,2026-04-10,29.303,42.0,12.059999999999999,KXBTC15M
KXBTC15M-26APR101515,0.1165,yes,6.74,2.6835,0,2026-04-10 19:15:09.886044+00:00,KXBTC15M-26APR101515-15,100,0.0,0.0,2026-04-10,2.6835,0.0,-2.8,KXBTC15M
KXBTC15M-26APR101500,1.41896,yes,68.44,34.8924,0,2026-04-10 19:00:09.890539+00:00,KXBTC15M-26APR101500-00,100,68.44,65.42864,2026-04-10,100.32104000000001,68.44,-33.30000000000001,KXBTC15M
KXBTC15M-26APR101445,2.0845,no,88.65,57.1565,3610,2026-04-10 18:45:09.887050+00:00,KXBTC15M-26APR101445-45,0,52.55,19.969,2026-04-10,77.1255,88.65,9.440000000000003,KXBTC15M
KXBTC15M-26APR101430,1.5397,no,75.36,65.5632,0,2026-04-10 18:30:14.492524+00:00,KXBTC15M-26APR101430-30,0,75.36,17.5671,2026-04-10,83.13029999999999,75.36,-9.309999999999992,KXBTC15M
KXBTC15M-26APR101415,0.6298,no,35.97,15.6002,3597,2026-04-10 18:15:14.483839+00:00,KXBTC15M-26APR101415-15,0,0.0,0.0,2026-04-10,15.6002,35.97,19.74,KXBTC15M
KXBTC15M-26APR101400,0.40672,yes,25.14,6.6129,0,2026-04-10 18:00:14.483337+00:00,KXBTC15M-26APR101400-00,100,25.14,24.31038,2026-04-10,30.92328,25.14,-6.189999999999998,KXBTC15M
KXBTC15M-26APR101345,0.2643,no,15.39,9.6057,1539,2026-04-10 17:45:14.482076+00:00,KXBTC15M-26APR101345-45,0,0.0,0.0,2026-04-10,9.6057,15.39,5.52,KXBTC15M
KXBTC15M-26APR101330,1.1826,yes,41.88,21.783,1690,2026-04-10 17:30:14.482265+00:00,KXBTC15M-26APR101330-30,100,58.78,51.6444,2026-04-10,73.4274,58.78,-15.830000000000005,KXBTC15M
KXBTC15M-26APR100600,0.0,no,0.0,0.0,0,2026-04-10 10:00:14.481586+00:00,KXBTC15M-26APR100600-00,0,0.0,0.0,2026-04-10,0.0,0.0,0.0,KXBTC15M
KXBTC15M-26APR100545,0.311,yes,0.0,0.0,1738,2026-04-10 09:45:14.477503+00:00,KXBTC15M-26APR100545-45,100,17.38,9.559,2026-04-10,9.559,17.38,7.51,KXBTC15M
KXBTC15M-26APR100530,1.3589,yes,59.9,4.792,0,2026-04-10 09:30:14.477861+00:00,KXBTC15M-26APR100530-30,100,59.9,31.9491,2026-04-10,36.7411,59.9,21.799999999999997,KXBTC15M
KXBTC15M-26APR100515,0.736,yes,29.84,13.7264,0,2026-04-10 09:15:14.479845+00:00,KXBTC15M-26APR100515-15,100,29.84,26.5576,2026-04-10,40.284,29.84,-11.18,KXBTC15M
KXBTC15M-26APR100500,1.19306,no,57.24,32.0265,0,2026-04-10 09:00:14.476938+00:00,KXBTC15M-26APR100500-00,0,57.24,2.98044,2026-04-10,35.00694,57.24,21.040000000000003,KXBTC15M
KXBTC15M-26APR100445,4.55776,yes,196.07,27.91304,0,2026-04-10 08:45:14.480497+00:00,KXBTC15M-26APR100445-45,100,196.07,98.6792,2026-04-10,126.59223999999999,196.07,64.92,KXBTC15M
KXBTC15M-26APR100430,1.1167,yes,36.49,17.7809,0,2026-04-10 08:30:15.179735+00:00,KXBTC15M-26APR100430-30,100,36.49,27.7324,2026-04-10,45.5133,36.49,-10.139999999999999,KXBTC15M
KXBTC15M-26APR100415,0.6966,yes,26.86,3.2232,0,2026-04-10 08:15:14.480656+00:00,KXBTC15M-26APR100415-15,100,26.86,14.4502,2026-04-10,17.6734,26.86,8.489999999999998,KXBTC15M
KXBTC15M-26APR100400,0.6679,no,27.91,15.1711,0,2026-04-10 08:00:14.474792+00:00,KXBTC15M-26APR100400-00,0,27.91,2.791,2026-04-10,17.9621,27.91,9.280000000000001,KXBTC15M
KXBTC15M-26APR100345,2.0276,no,96.61,44.3814,7065,2026-04-10 07:46:14.482845+00:00,KXBTC15M-26APR100345-45,0,25.96,14.451,2026-04-10,58.8324,96.61,35.75,KXBTC15M
KXBTC15M-26APR100330,1.4013,no,41.0,15.3218,0,2026-04-10 07:30:14.533439+00:00,KXBTC15M-26APR100330-30,0,41.0,21.3869,2026-04-10,36.7087,41.0,2.8899999999999997,KXBTC15M
KXBTC15M-26APR100315,1.7892,no,93.8,91.7334,0,2026-04-10 07:15:14.526875+00:00,KXBTC15M-26APR100315-15,0,93.8,46.2074,2026-04-10,137.9408,93.8,-45.93,KXBTC15M
KXBTC15M-26APR100300,1.6379,no,67.01,28.7308,0,2026-04-10 07:08:00.487797+00:00,KXBTC15M-26APR100300-00,0,67.01,8.7113,2026-04-10,37.442099999999996,67.01,27.93000000000001,KXBTC15M
KXBTC15M-26APR100245,1.76272,no,78.43,48.3186,0,2026-04-10 06:45:14.532118+00:00,KXBTC15M-26APR100245-45,0,78.43,7.45868,2026-04-10,55.777280000000005,78.43,20.89,KXBTC15M
KXBTC15M-26APR100230,1.6131,no,61.26,51.6301,0,2026-04-10 06:30:14.528599+00:00,KXBTC15M-26APR100230-30,0,61.26,34.7968,2026-04-10,86.42689999999999,61.26,-26.77999999999999,KXBTC15M
KXBTC15M-26APR100215,0.9215,no,48.01,47.0261,0,2026-04-10 06:22:14.534705+00:00,KXBTC15M-26APR100215-15,0,48.01,23.8724,2026-04-10,70.8985,48.01,-23.810000000000002,KXBTC15M
KXBTC15M-26APR100200,1.014,no,33.09,14.4744,0,2026-04-10 06:00:14.534321+00:00,KXBTC15M-26APR100200-00,0,33.09,7.9416,2026-04-10,22.416,33.09,9.660000000000004,KXBTC15M
KXBTC15M-26APR100145,1.3627,no,45.62,24.1809,0,2026-04-10 05:45:14.531700+00:00,KXBTC15M-26APR100145-45,0,45.62,10.0364,2026-04-10,34.2173,45.62,10.039999999999996,KXBTC15M
KXBTC15M-26APR100130,1.1954,yes,46.43,6.0359,0,2026-04-10 05:30:14.527863+00:00,KXBTC15M-26APR100130-30,100,46.43,24.1187,2026-04-10,30.154600000000002,46.43,15.079999999999998,KXBTC15M
KXBTC15M-26APR100115,2.03963,no,99.33,94.04417,0,2026-04-10 05:15:14.535550+00:00,KXBTC15M-26APR100115-15,0,99.33,58.5962,2026-04-10,152.64037,99.33,-55.349999999999994,KXBTC15M
KXBTC15M-26APR100100,1.8707,yes,112.96,44.9593,0,2026-04-10 05:00:14.527994+00:00,KXBTC15M-26APR100100-00,100,0.0,0.0,2026-04-10,44.9593,0.0,-46.83,KXBTC15M
KXBTC15M-26APR100045,1.0587,no,43.15,30.7151,1711,2026-04-10 04:45:14.530483+00:00,KXBTC15M-26APR100045-45,0,26.04,10.2562,2026-04-10,40.9713,43.15,1.1199999999999992,KXBTC15M
KXBTC15M-26APR100030,1.4045,yes,57.58,25.4343,0,2026-04-10 04:30:14.530198+00:00,KXBTC15M-26APR100030-30,100,57.58,51.1812,2026-04-10,76.6155,57.58,-20.439999999999998,KXBTC15M
KXBTC15M-26APR100015,1.87074,yes,173.28,22.57503,0,2026-04-10 04:15:14.535956+00:00,KXBTC15M-26APR100015-15,100,173.28,162.79423,2026-04-10,185.36926,173.28,-13.959999999999996,KXBTC15M
KXBTC15M-26APR100000,1.07365,no,45.05,22.6565,0,2026-04-10 04:01:05.832121+00:00,KXBTC15M-26APR100000-00,0,45.05,4.36985,2026-04-10,27.02635,45.05,16.949999999999996,KXBTC15M
KXBTC15M-26APR092330,1.3364,no,129.6,110.2467,0,2026-04-10 03:30:14.533754+00:00,KXBTC15M-26APR092330-30,0,129.6,5.2669,2026-04-10,115.5136,129.6,12.749999999999998,KXBTC15M
KXBTC15M-26APR092315,1.9543,no,110.69,56.5957,11069,2026-04-10 03:15:14.538580+00:00,KXBTC15M-26APR092315-15,0,0.0,0.0,2026-04-10,56.5957,110.69,52.14,KXBTC15M
KXBTC15M-26APR092300,0.36883,no,18.99,10.6344,0,2026-04-10 03:00:14.535024+00:00,KXBTC15M-26APR092300-00,0,18.99,0.43677,2026-04-10,11.071169999999999,18.99,7.55,KXBTC15M
KXBTC15M-26APR092245,0.51385,no,25.15,24.11885,0,2026-04-10 02:45:14.542090+00:00,KXBTC15M-26APR092245-45,0,25.15,10.9173,2026-04-10,35.03615,25.15,-10.4,KXBTC15M
KXBTC15M-26APR092230,0.7535,no,27.25,22.6175,0,2026-04-10 02:30:14.539761+00:00,KXBTC15M-26APR092230-30,0,27.25,13.519,2026-04-10,36.1365,27.25,-9.639999999999999,KXBTC15M
KXBTC15M-26APR092215,0.921,yes,39.73,3.4557,0,2026-04-10 02:15:14.542325+00:00,KXBTC15M-26APR092215-15,100,39.73,19.3933,2026-04-10,22.849,39.73,15.959999999999997,KXBTC15M
KXBTC15M-26APR092130,0.4504,no,25.05,12.2496,2505,2026-04-10 01:30:14.533782+00:00,KXBTC15M-26APR092130-30,0,0.0,0.0,2026-04-10,12.2496,25.05,12.350000000000001,KXBTC15M
KXBTC15M-26APR092115,1.3777,yes,47.83,11.8879,0,2026-04-10 01:15:14.529238+00:00,KXBTC15M-26APR092115-15,100,47.83,19.9644,2026-04-10,31.8523,47.83,14.599999999999998,KXBTC15M
KXBTC15M-26APR092100,0.4046,no,3.96,2.2841,0,2026-04-10 01:00:14.532852+00:00,KXBTC15M-26APR092100-00,0,19.07,11.4813,2026-04-10,13.7654,3.96,-10.209999999999999,KXBTC15M
KXBTC15M-26APR092045,0.0844,yes,0.0,0.0,1037,2026-04-10 00:45:14.530002+00:00,KXBTC15M-26APR092045-45,100,10.37,9.1256,2026-04-10,9.1256,10.37,1.1599999999999988,KXBTC15M
KXBTC15M-26APR092000,2.2869,no,133.94,74.7231,13394,2026-04-10 00:00:14.533559+00:00,KXBTC15M-26APR092000-00,0,0.0,0.0,2026-04-10,74.7231,133.94,56.92999999999999,KXBTC15M
KXBTC15M-26APR091945,15.3063,no,594.26,357.1997,27540,2026-04-09 23:45:14.530763+00:00,KXBTC15M-26APR091945-45,0,318.86,135.004,2026-04-09,492.2037,594.26,86.74999999999997,KXBTC15M
KXBTC15M-26APR091930,5.0766,yes,239.22,153.9484,0,2026-04-09 23:30:14.533978+00:00,KXBTC15M-26APR091930-30,100,96.73,48.365,2026-04-09,202.3134,96.73,-110.66,KXBTC15M
KXBTC15M-26APR091915,1.2669,no,72.1,70.8743,0,2026-04-09 23:15:14.532094+00:00,KXBTC15M-26APR091915-15,0,72.1,26.0988,2026-04-09,96.9731,72.1,-26.140000000000008,KXBTC15M
KXBTC15M-26APR091900,2.9345,no,167.13,85.0155,16713,2026-04-09 23:00:14.531799+00:00,KXBTC15M-26APR091900-00,0,0.0,0.0,2026-04-09,85.0155,167.13,79.17999999999999,KXBTC15M
KXBTC15M-26APR091845,0.98976,no,55.84,49.33224,0,2026-04-09 22:45:14.530827+00:00,KXBTC15M-26APR091845-45,0,55.84,10.588,2026-04-09,59.92024,55.84,-5.069999999999997,KXBTC15M
KXBTC15M-26APR091830,3.11862,yes,183.34,65.2868,0,2026-04-09 22:30:14.531414+00:00,KXBTC15M-26APR091830-30,100,183.34,180.06458,2026-04-09,245.35138,183.34,-65.13,KXBTC15M
KXBTC15M-26APR091815,1.7301,yes,74.02,19.9793,1832,2026-04-09 22:15:14.528718+00:00,KXBTC15M-26APR091815-15,100,92.34,80.3506,2026-04-09,100.3299,92.34,-9.719999999999992,KXBTC15M
KXBTC15M-26APR091800,2.2582,no,108.86,48.7588,0,2026-04-09 22:00:14.530503+00:00,KXBTC15M-26APR091800-00,0,108.86,5.443,2026-04-09,54.2018,108.86,52.4,KXBTC15M
KXBTC15M-26APR091745,1.0202,yes,60.07,26.3398,0,2026-04-09 21:45:14.982073+00:00,KXBTC15M-26APR091745-45,100,0.0,0.0,2026-04-09,26.3398,0.0,-27.36,KXBTC15M
KXBTC15M-26APR091730,4.9634,no,366.61,299.7763,30108,2026-04-09 21:30:14.531036+00:00,KXBTC15M-26APR091730-30,0,65.53,31.4203,2026-04-09,331.1966,366.61,30.450000000000024,KXBTC15M
KXBTC15M-26APR091715,3.6805,no,144.88,21.702,0,2026-04-09 21:15:14.631647+00:00,KXBTC15M-26APR091715-15,0,144.88,60.9375,2026-04-09,82.6395,144.88,58.559999999999995,KXBTC15M
KXBTC15M-26APR091700,1.9825,no,70.55,55.7345,0,2026-04-09 21:00:14.529389+00:00,KXBTC15M-26APR091700-00,0,70.55,26.393,2026-04-09,82.1275,70.55,-13.56,KXBTC15M
KXBTC15M-26APR091645,7.3777,yes,247.56,56.9388,0,2026-04-09 20:45:14.582582+00:00,KXBTC15M-26APR091645-45,100,247.56,125.7035,2026-04-09,182.6423,247.56,57.54,KXBTC15M
KXBTC15M-26APR091630,3.1128,yes,208.8,80.0072,0,2026-04-09 20:30:14.529393+00:00,KXBTC15M-26APR091630-30,100,0.0,0.0,2026-04-09,80.0072,0.0,-83.12,KXBTC15M
KXBTC15M-26APR091615,8.0563,yes,237.64,111.4408,0,2026-04-09 20:15:14.587057+00:00,KXBTC15M-26APR091615-15,100,237.64,110.1329,2026-04-09,221.5737,237.64,8.009999999999984,KXBTC15M
KXBTC15M-26APR091600,0.482,no,0.0,0.0,0,2026-04-09 20:00:14.585541+00:00,KXBTC15M-26APR091600-00,0,29.27,18.718,2026-04-09,18.718,0.0,-19.2,KXBTC15M
KXBTC15M-26APR091545,2.22696,yes,125.58,1.17224,0,2026-04-09 19:45:14.581968+00:00,KXBTC15M-26APR091545-45,100,125.58,72.5408,2026-04-09,73.71304,125.58,49.63999999999999,KXBTC15M
KXBTC15M-26APR091530,2.8476,no,94.88,40.3512,0,2026-04-09 19:30:14.532692+00:00,KXBTC15M-26APR091530-30,0,94.88,22.7712,2026-04-09,63.1224,94.88,28.909999999999997,KXBTC15M
KXBTC15M-26APR091515,2.6138,yes,152.48,62.5058,0,2026-04-09 19:15:14.735814+00:00,KXBTC15M-26APR091515-15,100,152.48,149.4304,2026-04-09,211.93619999999999,152.48,-62.06999999999999,KXBTC15M
KXBTC15M-26APR091500,1.99986,yes,99.49,38.9426,0,2026-04-09 19:00:14.531572+00:00,KXBTC15M-26APR091500-00,100,99.49,94.11754,2026-04-09,133.06014,99.49,-35.56999999999999,KXBTC15M
KXBTC15M-26APR091445,2.4079,no,139.16,76.1921,13916,2026-04-09 18:45:14.732969+00:00,KXBTC15M-26APR091445-45,0,0.0,0.0,2026-04-09,76.1921,139.16,60.56,KXBTC15M
KXBTC15M-26APR091430,2.2244,yes,136.99,54.8556,0,2026-04-09 18:30:14.981452+00:00,KXBTC15M-26APR091430-30,100,0.0,0.0,2026-04-09,54.8556,0.0,-57.080000000000005,KXBTC15M
KXBTC15M-26APR091415,0.50666,no,27.66,26.52594,0,2026-04-09 18:15:14.579487+00:00,KXBTC15M-26APR091415-15,0,27.66,9.6174,2026-04-09,36.143339999999995,27.66,-8.989999999999995,KXBTC15M
KXBTC15M-26APR091400,0.9703,no,56.09,24.0797,5609,2026-04-09 18:00:14.580800+00:00,KXBTC15M-26APR091400-00,0,0.0,0.0,2026-04-09,24.0797,56.09,31.04,KXBTC15M
KXBTC15M-26APR091345,5.26897,yes,301.39,48.89293,0,2026-04-09 17:45:14.385794+00:00,KXBTC15M-26APR091345-45,100,301.39,206.1781,2026-04-09,255.07103,301.39,41.049999999999976,KXBTC15M
KXBTC15M-26APR090830,4.9701,yes,143.83,69.1447,0,2026-04-09 12:30:12.325771+00:00,KXBTC15M-26APR090830-30,100,143.83,70.7252,2026-04-09,139.8699,143.83,-1.0099999999999891,KXBTC15M
KXBTC15M-26APR090815,0.5736,yes,39.65,11.3964,0,2026-04-09 12:15:12.325674+00:00,KXBTC15M-26APR090815-15,100,0.0,0.0,2026-04-09,11.3964,0.0,-11.97,KXBTC15M
KXBTC15M-26APR090800,7.5657,no,327.49,156.3459,16641,2026-04-09 12:00:12.380228+00:00,KXBTC15M-26APR090800-00,0,161.08,117.5884,2026-04-09,273.9343,327.49,45.99,KXBTC15M
KXBTC15M-26APR090745,0.52484,yes,22.64,2.01496,0,2026-04-09 11:45:12.374363+00:00,KXBTC15M-26APR090745-45,100,22.64,13.4602,2026-04-09,15.47516,22.64,6.64,KXBTC15M
KXBTC15M-26APR090730,4.2244,no,129.11,48.7125,0,2026-04-09 11:30:12.324649+00:00,KXBTC15M-26APR090730-30,0,129.11,50.9031,2026-04-09,99.6156,129.11,25.270000000000014,KXBTC15M
KXBTC15M-26APR090715,2.2978,no,97.95,49.0167,0,2026-04-09 11:15:12.373442+00:00,KXBTC15M-26APR090715-15,0,97.95,8.8155,2026-04-09,57.8322,97.95,37.82,KXBTC15M
KXBTC15M-26APR090700,0.55285,no,28.63,27.91425,0,2026-04-09 11:00:12.328446+00:00,KXBTC15M-26APR090700-00,0,28.63,15.7829,2026-04-09,43.69715,28.63,-15.620000000000001,KXBTC15M
KXBTC15M-26APR090645,1.5185,no,57.22,45.2038,0,2026-04-09 10:45:12.724463+00:00,KXBTC15M-26APR090645-45,0,57.22,17.0377,2026-04-09,62.2415,57.22,-6.540000000000003,KXBTC15M
KXBTC15M-26APR090630,0.5278,yes,24.58,1.6326,0,2026-04-09 10:30:12.674891+00:00,KXBTC15M-26APR090630-30,100,24.58,14.3396,2026-04-09,15.9722,24.58,8.079999999999998,KXBTC15M
KXBTC15M-26APR090615,0.38179,no,16.21,8.8972,0,2026-04-09 10:15:12.370557+00:00,KXBTC15M-26APR090615-15,0,16.21,1.30101,2026-04-09,10.19821,16.21,5.630000000000002,KXBTC15M
KXBTC15M-26APR090600,0.3531,yes,11.82,2.4822,0,2026-04-09 10:00:12.376628+00:00,KXBTC15M-26APR090600-00,100,11.82,6.3847,2026-04-09,8.8669,11.82,2.600000000000001,KXBTC15M
KXBTC15M-26APR090545,0.5295,no,31.08,28.2828,0,2026-04-09 09:45:12.675148+00:00,KXBTC15M-26APR090545-45,0,31.08,6.0277,2026-04-09,34.310500000000005,31.08,-3.7600000000000064,KXBTC15M
KXBTC15M-26APR090200,0.7938,no,29.24,23.6844,0,2026-04-09 06:01:22.382459+00:00,KXBTC15M-26APR090200-00,0,29.24,10.0818,2026-04-09,33.7662,29.24,-5.319999999999999,KXBTC15M
KXBTC15M-26APR090145,3.7029,yes,108.86,41.3668,0,2026-04-09 05:45:12.391283+00:00,KXBTC15M-26APR090145-45,100,108.86,48.9203,2026-04-09,90.2871,108.86,14.870000000000005,KXBTC15M
KXBTC15M-26APR090130,2.9319,yes,108.54,38.2561,0,2026-04-09 05:30:12.441918+00:00,KXBTC15M-26APR090130-30,100,108.54,86.832,2026-04-09,125.0881,108.54,-19.47999999999999,KXBTC15M
KXBTC15M-26APR090115,1.6073,yes,60.45,9.672,0,2026-04-09 05:15:12.391747+00:00,KXBTC15M-26APR090115-15,100,60.45,25.5707,2026-04-09,35.2427,60.45,23.600000000000005,KXBTC15M
KXBTC15M-26APR090100,1.67352,no,81.58,50.648,0,2026-04-09 05:00:12.491260+00:00,KXBTC15M-26APR090100-00,0,81.58,4.56848,2026-04-09,55.216480000000004,81.58,24.689999999999994,KXBTC15M
KXBTC15M-26APR090045,2.7899,yes,116.62,50.3283,0,2026-04-09 04:45:12.464036+00:00,KXBTC15M-26APR090045-45,100,116.62,103.7918,2026-04-09,154.12009999999998,116.62,-40.28999999999998,KXBTC15M
KXBTC15M-26APR090030,2.9442,no,96.76,48.0434,0,2026-04-09 04:30:12.342384+00:00,KXBTC15M-26APR090030-30,0,96.76,23.2224,2026-04-09,71.2658,96.76,22.550000000000008,KXBTC15M
KXBTC15M-26APR090015,2.6869,no,84.48,39.9487,0,2026-04-09 04:15:12.418556+00:00,KXBTC15M-26APR090015-15,0,84.48,23.6544,2026-04-09,63.6031,84.48,18.190000000000005,KXBTC15M
KXBTC15M-26APR090000,3.136,yes,101.27,28.3556,0,2026-04-09 04:01:27.436181+00:00,KXBTC15M-26APR090000-00,100,101.27,41.2384,2026-04-09,69.594,101.27,28.540000000000003,KXBTC15M
KXBTC15M-26APR082345,1.727,yes,77.57,25.0257,0,2026-04-09 03:45:12.343115+00:00,KXBTC15M-26APR082345-45,100,77.57,69.0373,2026-04-09,94.063,77.57,-18.22000000000001,KXBTC15M
KXBTC15M-26APR082330,0.648,no,18.6,7.44,0,2026-04-09 03:30:12.341743+00:00,KXBTC15M-26APR082330-30,0,18.6,9.672,2026-04-09,17.112000000000002,18.6,0.8399999999999995,KXBTC15M
KXBTC15M-26APR082315,2.8995,no,0.0,0.0,0,2026-04-09 03:15:12.387576+00:00,KXBTC15M-26APR082315-15,0,188.9,64.1505,2026-04-09,64.1505,0.0,-67.05,KXBTC15M
KXBTC15M-26APR082300,0.4176,yes,15.01,2.5517,0,2026-04-09 03:00:12.392614+00:00,KXBTC15M-26APR082300-00,100,15.01,9.0007,2026-04-09,11.5524,15.01,3.039999999999999,KXBTC15M
KXBTC15M-26APR082245,2.4666,no,113.06,48.1929,0,2026-04-09 02:45:12.350864+00:00,KXBTC15M-26APR082245-45,0,113.06,8.1405,2026-04-09,56.3334,113.06,54.260000000000005,KXBTC15M
KXBTC15M-26APR082230,1.5047,yes,58.18,7.5634,0,2026-04-09 02:30:12.444687+00:00,KXBTC15M-26APR082230-30,100,58.18,29.0419,2026-04-09,36.6053,58.18,20.07,KXBTC15M
KXBTC15M-26APR082215,0.5771,no,0.0,0.0,0,2026-04-09 02:15:12.547775+00:00,KXBTC15M-26APR082215-15,0,31.45,15.7829,2026-04-09,15.7829,0.0,-16.36,KXBTC15M
KXBTC15M-26APR082200,0.88997,yes,35.75,10.7814,1643,2026-04-09 02:00:12.391437+00:00,KXBTC15M-26APR082200-00,100,52.18,41.40863,2026-04-09,52.19003,52.18,-0.9000000000000005,KXBTC15M
KXBTC15M-26APR082145,1.038,yes,99.9,16.6907,0,2026-04-09 01:45:12.521065+00:00,KXBTC15M-26APR082145-45,100,99.9,98.5213,2026-04-09,115.21199999999999,99.9,-16.349999999999984,KXBTC15M
KXBTC15M-26APR082130,0.9034,no,32.78,27.863,0,2026-04-09 01:30:12.407216+00:00,KXBTC15M-26APR082130-30,0,32.78,13.2636,2026-04-09,41.126599999999996,32.78,-9.249999999999995,KXBTC15M
KXBTC15M-26APR082115,0.43762,no,19.84,8.5699,0,2026-04-09 01:15:12.398692+00:00,KXBTC15M-26APR082115-15,0,19.84,0.93248,2026-04-09,9.50238,19.84,9.899999999999999,KXBTC15M
KXBTC15M-26APR082100,0.4416,yes,20.29,1.2174,0,2026-04-09 01:00:12.342648+00:00,KXBTC15M-26APR082100-00,100,20.29,8.461,2026-04-09,9.6784,20.29,10.17,KXBTC15M
KXBTC15M-26APR081900,4.9735,no,200.26,105.2453,0,2026-04-08 23:00:12.343106+00:00,KXBTC15M-26APR081900-00,0,200.26,24.0312,2026-04-08,129.2765,200.26,66.00999999999999,KXBTC15M
KXBTC15M-26APR081845,5.6159,yes,185.15,45.2875,0,2026-04-08 22:45:12.344317+00:00,KXBTC15M-26APR081845-45,100,185.15,84.1966,2026-04-08,129.4841,185.15,50.05,KXBTC15M
KXBTC15M-26APR081830,1.9035,no,69.1,38.1248,0,2026-04-08 22:30:12.336024+00:00,KXBTC15M-26APR081830-30,0,69.1,18.9417,2026-04-08,57.066500000000005,69.1,10.12999999999999,KXBTC15M
KXBTC15M-26APR081815,11.8754,no,0.0,0.0,0,2026-04-08 22:15:12.354172+00:00,KXBTC15M-26APR081815-15,0,752.87,283.3546,2026-04-08,283.3546,0.0,-295.23,KXBTC15M
KXBTC15M-26APR081800,3.7621,no,0.0,0.0,0,2026-04-08 22:00:12.335953+00:00,KXBTC15M-26APR081800-00,0,222.6,90.5579,2026-04-08,90.5579,0.0,-94.32000000000001,KXBTC15M
KXBTC15M-26APR081745,0.85409,no,52.53,47.80051,0,2026-04-08 21:45:12.385054+00:00,KXBTC15M-26APR081745-45,0,52.53,9.4554,2026-04-08,57.25591,52.53,-5.579999999999999,KXBTC15M
KXBTC15M-26APR081730,11.547,yes,677.03,393.443,0,2026-04-08 21:30:12.336089+00:00,KXBTC15M-26APR081730-30,100,0.0,0.0,2026-04-08,393.443,0.0,-404.99,KXBTC15M
KXBTC15M-26APR081715,2.1988,yes,126.04,66.8012,0,2026-04-08 21:15:12.397890+00:00,KXBTC15M-26APR081715-15,100,0.0,0.0,2026-04-08,66.8012,0.0,-69.0,KXBTC15M
KXUCLGAME-26APR08BARATM,3.21,no,0.0,0.0,0,2026-04-08 20:57:32.578105+00:00,KXUCLGAME-26APR08BARATM-TIE,0,2339.0,46.78,2026-04-08,46.78,0.0,-49.99,KXUCLGAME
KXUCLGAME-26APR08BARATM,14.16,no,0.0,0.0,0,2026-04-08 20:57:32.578105+00:00,KXUCLGAME-26APR08BARATM-BAR,0,5852.0,226.96,2026-04-08,226.96,0.0,-241.12,KXUCLGAME
KXBTC15M-26APR081630,6.2572,yes,251.86,93.9151,0,2026-04-08 20:30:12.343567+00:00,KXBTC15M-26APR081630-30,100,251.86,216.5577,2026-04-08,310.4728,251.86,-64.86999999999999,KXBTC15M
KXBTC15M-26APR081615,1.7292,yes,120.84,34.4308,0,2026-04-08 20:15:12.343436+00:00,KXBTC15M-26APR081615-15,100,0.0,0.0,2026-04-08,34.4308,0.0,-36.16,KXBTC15M
KXBTC15M-26APR081600,8.0407,yes,268.88,148.2758,0,2026-04-08 20:00:22.339253+00:00,KXBTC15M-26APR081600-00,100,210.34,95.3935,2026-04-08,243.66930000000002,210.34,-41.37000000000002,KXBTC15M
KXBTC15M-26APR081545,1.0246,yes,31.43,9.429,0,2026-04-08 19:45:12.642507+00:00,KXBTC15M-26APR081545-45,100,31.43,15.0764,2026-04-08,24.5054,31.43,5.899999999999999,KXBTC15M
KXBTC15M-26APR081530,10.28778,no,371.72,225.0256,0,2026-04-08 19:30:12.400098+00:00,KXBTC15M-26APR081530-30,0,371.72,100.74662,2026-04-08,325.77222,371.72,35.660000000000025,KXBTC15M
KXBTC15M-26APR081515,4.6148,yes,278.92,106.8152,0,2026-04-08 19:15:12.389582+00:00,KXBTC15M-26APR081515-15,100,0.0,0.0,2026-04-08,106.8152,0.0,-111.43,KXBTC15M
KXBTC15M-26APR081500,5.8657,no,175.7,61.495,0,2026-04-08 19:00:12.636671+00:00,KXBTC15M-26APR081500-00,0,175.7,96.4793,2026-04-08,157.9743,175.7,11.859999999999989,KXBTC15M
KXBTC15M-26APR081445,3.89162,no,93.38,29.8774,0,2026-04-08 18:45:12.340378+00:00,KXBTC15M-26APR081445-45,0,206.12,149.33098,2026-04-08,179.20838,93.38,-89.72000000000001,KXBTC15M
KXBTC15M-26APR081430,0.80403,no,57.81,57.05847,0,2026-04-08 18:30:12.397909+00:00,KXBTC15M-26APR081430-30,0,57.81,17.3175,2026-04-08,74.37597,57.81,-17.369999999999994,KXBTC15M
KXBTC15M-26APR081415,8.7481,no,274.39,162.7283,0,2026-04-08 18:15:12.338161+00:00,KXBTC15M-26APR081415-15,0,274.39,84.7436,2026-04-08,247.4719,274.39,18.16999999999998,KXBTC15M
KXBTC15M-26APR081400,0.4304,yes,25.92,9.8496,0,2026-04-08 18:00:12.536750+00:00,KXBTC15M-26APR081400-00,100,0.0,0.0,2026-04-08,9.8496,0.0,-10.280000000000001,KXBTC15M
KXBTC15M-26APR081330,14.55075,no,830.75,829.91925,0,2026-04-08 17:30:12.333686+00:00,KXBTC15M-26APR081330-30,0,830.75,394.98,2026-04-08,1224.89925,830.75,-408.69999999999993,KXBTC15M
KXBTC15M-26APR081300,21.6102,yes,1219.61,573.0659,0,2026-04-08 17:00:12.335687+00:00,KXBTC15M-26APR081300-00,100,1219.61,1207.4139,2026-04-08,1780.4798,1219.61,-582.4800000000001,KXBTC15M
KXBTC15M-26APR081245,24.2896,yes,1170.53,640.9021,0,2026-04-08 16:45:12.339503+00:00,KXBTC15M-26APR081245-45,100,659.93,190.8383,2026-04-08,831.7404,659.93,-196.10000000000008,KXBTC15M
KXBTC15M-26APR081230,11.1291,yes,641.61,289.7609,0,2026-04-08 16:30:12.334688+00:00,KXBTC15M-26APR081230-30,100,0.0,0.0,2026-04-08,289.7609,0.0,-300.89,KXBTC15M
KXBTC15M-26APR081215,8.6432,yes,385.81,231.054,0,2026-04-08 16:15:12.338375+00:00,KXBTC15M-26APR081215-15,100,156.94,66.2628,2026-04-08,297.3168,156.94,-149.02,KXBTC15M
KXBTC15M-26APR081200,3.6716,yes,211.42,96.3284,0,2026-04-08 16:00:12.534855+00:00,KXBTC15M-26APR081200-00,100,0.0,0.0,2026-04-08,96.3284,0.0,-100.0,KXBTC15M
KXBTC15M-26APR081145,2.9467,yes,168.16,82.1433,0,2026-04-08 15:45:12.388612+00:00,KXBTC15M-26APR081145-45,100,0.0,0.0,2026-04-08,82.1433,0.0,-85.09,KXBTC15M
KXBTC15M-26APR081130,0.9704,yes,29.36,12.0356,0,2026-04-08 15:30:12.339757+00:00,KXBTC15M-26APR081130-30,100,29.36,19.084,2026-04-08,31.1196,29.36,-2.729999999999999,KXBTC15M
KXBTC15M-26APR081115,1.455,yes,0.0,0.0,8767,2026-04-08 15:15:22.340952+00:00,KXBTC15M-26APR081115-15,100,87.67,54.155,2026-04-08,54.155,87.67,32.06,KXBTC15M
KXBTC15M-26APR081100,0.4516,no,0.0,0.0,0,2026-04-08 15:00:12.338345+00:00,KXBTC15M-26APR081100-00,0,26.28,11.5684,2026-04-08,11.5684,0.0,-12.02,KXBTC15M
KXBTC15M-26APR081045,1.15223,no,0.0,0.0,0,2026-04-08 14:45:12.531367+00:00,KXBTC15M-26APR081045-45,0,152.17,21.61777,2026-04-08,21.61777,0.0,-22.77,KXBTC15M
KXBTC15M-26APR081030,1.848,no,77.51,47.8534,3655,2026-04-08 14:30:12.339831+00:00,KXBTC15M-26APR081030-30,0,40.96,14.9086,2026-04-08,62.762,77.51,12.900000000000004,KXBTC15M
KXBTC15M-26APR080100,0.5698,no,20.19,6.7284,0,2026-04-08 05:00:12.557603+00:00,KXBTC15M-26APR080100-00,0,20.19,4.4418,2026-04-08,11.1702,20.19,8.450000000000001,KXBTC15M
KXBTC15M-26APR080045,0.2119,yes,9.11,2.8624,0,2026-04-08 04:45:12.453244+00:00,KXBTC15M-26APR080045-45,100,9.11,7.9257,2026-04-08,10.7881,9.11,-1.8900000000000006,KXBTC15M
KXBTC15M-26APR072130,2.396,no,118.14,104.2122,0,2026-04-08 01:30:12.338913+00:00,KXBTC15M-26APR072130-30,0,118.14,32.2918,2026-04-08,136.504,118.14,-20.75999999999999,KXBTC15M
KXBTC15M-26APR072115,3.6412,yes,89.82,60.945,4844,2026-04-08 01:15:12.342716+00:00,KXBTC15M-26APR072115-15,100,138.26,84.1938,2026-04-08,145.1388,138.26,-10.520000000000012,KXBTC15M
KXBTC15M-26APR072045,5.746,no,219.82,132.4245,0,2026-04-08 00:45:12.340367+00:00,KXBTC15M-26APR072045-45,0,219.82,141.0295,2026-04-08,273.454,219.82,-59.38000000000002,KXBTC15M
KXBTC15M-26APR072030,10.6225,no,335.3,171.8188,0,2026-04-08 00:30:12.354628+00:00,KXBTC15M-26APR072030-30,0,335.3,128.8887,2026-04-08,300.7075,335.3,23.970000000000027,KXBTC15M
KXBTC15M-26APR072015,13.9879,yes,423.37,229.4907,0,2026-04-08 00:15:12.342156+00:00,KXBTC15M-26APR072015-15,100,423.37,190.9414,2026-04-08,420.4321,423.37,-11.049999999999986,KXBTC15M
KXBTC15M-26APR072000,0.3118,no,15.58,13.8662,0,2026-04-08 00:00:12.336806+00:00,KXBTC15M-26APR072000-00,0,15.58,12.002,2026-04-08,25.8682,15.58,-10.600000000000001,KXBTC15M
KXBTC15M-26APR071930,0.2164,yes,0.0,0.0,1248,2026-04-07 23:30:12.344814+00:00,KXBTC15M-26APR071930-30,100,12.48,7.1136,2026-04-07,7.1136,12.48,5.15,KXBTC15M
KXBTC15M-26APR071915,24.99041,no,897.62,690.84319,0,2026-04-07 23:15:12.395084+00:00,KXBTC15M-26APR071915-15,0,897.62,424.9564,2026-04-07,1115.79959,897.62,-243.17000000000007,KXBTC15M
KXBTC15M-26APR071900,14.6473,yes,425.39,174.4099,0,2026-04-07 23:00:12.343139+00:00,KXBTC15M-26APR071900-00,100,425.39,221.2028,2026-04-07,395.6127,425.39,15.129999999999969,KXBTC15M
KXBTC15M-26APR071845,1.4475,yes,62.04,27.3461,0,2026-04-07 22:45:12.345503+00:00,KXBTC15M-26APR071845-45,100,62.04,56.3564,2026-04-07,83.7025,62.04,-23.110000000000003,KXBTC15M
KXBTC15M-26APR071830,12.2785,yes,415.37,148.2233,0,2026-04-07 22:30:12.341119+00:00,KXBTC15M-26APR071830-30,100,415.37,230.5782,2026-04-07,378.80150000000003,415.37,24.28999999999997,KXBTC15M
KXBTC15M-26APR071815,0.0,yes,0.0,0.0,0,2026-04-07 22:15:12.339598+00:00,KXBTC15M-26APR071815-15,100,0.0,0.0,2026-04-07,0.0,0.0,0.0,KXBTC15M
KXBTC15M-26APR071800,12.8504,yes,276.65,99.6619,23386,2026-04-07 22:00:11.283661+00:00,KXBTC15M-26APR071800-00,100,510.51,278.7877,2026-04-07,378.4496,510.51,119.21000000000001,KXBTC15M
KXBTC15M-26APR071345,1.42056,yes,94.43,28.7883,0,2026-04-07 17:45:11.282217+00:00,KXBTC15M-26APR071345-45,100,94.43,94.24114,2026-04-07,123.02944,94.43,-30.01999999999999,KXBTC15M
KXBTC15M-26APR071330,1.2743,yes,53.71,21.1358,0,2026-04-07 17:30:11.295241+00:00,KXBTC15M-26APR071330-30,100,34.85,10.0299,2026-04-07,31.1657,34.85,2.41,KXBTC15M
KXBTC15M-26APR071315,0.8573,yes,26.13,8.1003,0,2026-04-07 17:15:11.340914+00:00,KXBTC15M-26APR071315-15,100,26.13,12.5424,2026-04-07,20.6427,26.13,4.629999999999997,KXBTC15M
KXBTC15M-26APR071300,1.4734,no,53.81,20.3927,0,2026-04-07 17:00:11.286303+00:00,KXBTC15M-26APR071300-00,0,53.81,10.0839,2026-04-07,30.4766,53.81,21.86,KXBTC15M
KXBTC15M-26APR070930,1.0095,no,32.85,21.024,0,2026-04-07 13:30:11.294856+00:00,KXBTC15M-26APR070930-30,0,32.85,9.5265,2026-04-07,30.5505,32.85,1.2900000000000018,KXBTC15M
KXBTC15M-26APR070900,2.9782,yes,108.97,42.6166,0,2026-04-07 13:00:11.282600+00:00,KXBTC15M-26APR070900-00,100,74.78,24.7252,2026-04-07,67.3418,74.78,4.459999999999995,KXBTC15M
KXBTC15M-26APR070400,7.0724,no,405.44,192.9376,40544,2026-04-07 08:00:11.281918+00:00,KXBTC15M-26APR070400-00,0,0.0,0.0,2026-04-07,192.9376,405.44,205.43,KXBTC15M
KXBTC15M-26APR070345,1.83,yes,105.5,46.41,0,2026-04-07 07:45:11.285620+00:00,KXBTC15M-26APR070345-45,100,0.0,0.0,2026-04-07,46.41,0.0,-48.239999999999995,KXBTC15M
KXBTC15M-26APR070330,7.567,yes,298.92,97.3528,0,2026-04-07 07:30:11.287798+00:00,KXBTC15M-26APR070330-30,100,298.92,247.7502,2026-04-07,345.103,298.92,-53.74999999999999,KXBTC15M
KXBTC15M-26APR070315,1.89728,no,140.88,138.73032,0,2026-04-07 07:16:11.622548+00:00,KXBTC15M-26APR070315-15,0,140.88,32.4024,2026-04-07,171.13272,140.88,-32.15000000000001,KXBTC15M
KXBTC15M-26APR070300,2.8304,yes,86.15,33.617,0,2026-04-07 07:16:11.610033+00:00,KXBTC15M-26APR070300-00,100,86.15,32.4026,2026-04-07,66.0196,86.15,17.300000000000008,KXBTC15M
KXBTC15M-26APR070230,5.5045,yes,0.0,0.0,31662,2026-04-07 06:30:11.286591+00:00,KXBTC15M-26APR070230-30,100,316.62,146.1955,2026-04-07,146.1955,316.62,164.92,KXBTC15M
KXBTC15M-26APR070215,29.757,no,0.0,0.0,0,2026-04-07 06:15:11.287193+00:00,KXBTC15M-26APR070215-15,0,1718.4,770.243,2026-04-07,770.243,0.0,-800.0,KXBTC15M
KXBTC15M-26APR070200,34.6273,no,0.0,0.0,0,2026-04-07 06:00:11.286417+00:00,KXBTC15M-26APR070200-00,0,1979.8,965.3727,2026-04-07,965.3727,0.0,-1000.0,KXBTC15M
KXBTC15M-26APR070145,18.7084,no,0.0,0.0,0,2026-04-07 05:45:11.300842+00:00,KXBTC15M-26APR070145-45,0,1089.0,481.2616,2026-04-07,481.2616,0.0,-499.96999999999997,KXBTC15M
KXBTC15M-26APR070130,9.5762,no,0.0,0.0,0,2026-04-07 05:30:11.338547+00:00,KXBTC15M-26APR070130-30,0,556.92,240.5138,2026-04-07,240.5138,0.0,-250.09,KXBTC15M
KXBTC15M-26APR070100,3.811,yes,368.53,66.109,0,2026-04-07 05:00:11.334885+00:00,KXBTC15M-26APR070100-00,100,0.0,0.0,2026-04-07,66.109,0.0,-69.91999999999999,KXBTC15M
KXBTC15M-26APR070045,4.55646,yes,781.26,74.40354,0,2026-04-07 04:45:11.381900+00:00,KXBTC15M-26APR070045-45,100,0.0,0.0,2026-04-07,74.40354,0.0,-78.96000000000001,KXBTC15M
KXBTC15M-26APR070030,5.7861,no,0.0,0.0,0,2026-04-07 04:30:11.286727+00:00,KXBTC15M-26APR070030-30,0,554.47,110.3539,2026-04-07,110.3539,0.0,-116.14,KXBTC15M
KXBTC15M-26APR070015,1.3836,no,0.0,0.0,0,2026-04-07 04:15:11.345037+00:00,KXBTC15M-26APR070015-15,0,138.92,23.6164,2026-04-07,23.6164,0.0,-25.0,KXBTC15M
KXBTC15M-26APR070000,2.4029,no,0.0,0.0,0,2026-04-07 04:02:44.050093+00:00,KXBTC15M-26APR070000-00,0,140.5,58.0071,2026-04-07,58.0071,0.0,-60.410000000000004,KXBTC15M
KXBTC15M-26APR062345,1.0972,yes,62.76,28.6028,0,2026-04-07 03:45:11.343479+00:00,KXBTC15M-26APR062345-45,100,0.0,0.0,2026-04-07,28.6028,0.0,-29.7,KXBTC15M
KXBTC15M-26APR062330,0.47754,yes,89.59,7.14246,0,2026-04-07 03:30:11.441919+00:00,KXBTC15M-26APR062330-30,100,0.0,0.0,2026-04-07,7.14246,0.0,-7.62,KXBTC15M
KXBTC15M-26APR062315,4.7878,yes,94.71,44.7096,9565,2026-04-07 03:15:11.389952+00:00,KXBTC15M-26APR062315-15,100,190.36,89.5726,2026-04-07,134.2822,190.36,51.29000000000003,KXBTC15M
KXBTC15M-26APR062300,0.8046,yes,0.0,0.0,4636,2026-04-07 03:00:11.651873+00:00,KXBTC15M-26APR062300-00,100,46.36,19.5954,2026-04-07,19.5954,46.36,25.959999999999997,KXBTC15M
KXBTC15M-26APR062245,0.48238,yes,25.18,12.0864,0,2026-04-07 02:45:11.629617+00:00,KXBTC15M-26APR062245-45,100,25.18,24.65122,2026-04-07,36.73762,25.18,-12.04,KXBTC15M
KXIPLGAME-26APR05CSKRCB,0.42,yes,12.0,5.88,0,2026-04-05 17:57:13.556863+00:00,KXIPLGAME-26APR05CSKRCB-RCB,100,12.0,7.08,2026-04-05,12.96,12.0,-1.3800000000000008,KXIPLGAME
KXIPLGAME-26APR05CSKRCB,0.08,no,0.0,0.0,0,2026-04-05 17:57:13.555858+00:00,KXIPLGAME-26APR05CSKRCB-CSK,0,5.0,1.65,2026-04-05,1.65,0.0,-1.73,KXIPLGAME
KXBTC15M-26APR051115,1.28645,yes,56.57,4.80845,0,2026-04-05 15:15:13.433418+00:00,KXBTC15M-26APR051115-15,100,56.57,24.3251,2026-04-05,29.13355,56.57,26.150000000000002,KXBTC15M
KXBTC15M-26APR051100,0.679,no,0.0,0.0,0,2026-04-05 15:00:13.486796+00:00,KXBTC15M-26APR051100-00,0,46.07,13.821,2026-04-05,13.821,0.0,-14.5,KXBTC15M
KXBTC15M-26APR051045,0.34,yes,19.32,9.66,0,2026-04-05 14:45:13.432261+00:00,KXBTC15M-26APR051045-45,100,0.0,0.0,2026-04-05,9.66,0.0,-10.0,KXBTC15M
KXBTC15M-26APR051030,0.974,yes,39.75,17.6732,0,2026-04-05 14:30:13.432917+00:00,KXBTC15M-26APR051030-30,100,18.32,7.3128,2026-04-05,24.986,18.32,-7.640000000000001,KXBTC15M
KXIPLGAME-26APR05LSGSRH,0.09,yes,0.0,0.0,900,2026-04-05 13:51:43.474578+00:00,KXIPLGAME-26APR05LSGSRH-LSG,100,9.0,7.65,2026-04-05,7.65,9.0,1.2599999999999996,KXIPLGAME
KXBTC15M-26APR050845,0.3114,no,0.0,0.0,0,2026-04-05 12:45:13.429702+00:00,KXBTC15M-26APR050845-45,0,25.42,5.7386,2026-04-05,5.7386,0.0,-6.05,KXBTC15M
KXBTC15M-26APR050830,0.2932,no,16.11,7.7468,1611,2026-04-05 12:30:13.430976+00:00,KXBTC15M-26APR050830-30,0,0.0,0.0,2026-04-05,7.7468,16.11,8.069999999999999,KXBTC15M
KXBTC15M-26APR050815,0.12356,no,0.0,0.0,0,2026-04-05 12:15:13.427685+00:00,KXBTC15M-26APR050815-15,0,32.18,1.84644,2026-04-05,1.84644,0.0,-1.9700000000000002,KXBTC15M
KXBTC15M-26APR050800,0.141,yes,7.35,4.129,0,2026-04-05 12:00:13.530020+00:00,KXBTC15M-26APR050800-00,100,0.0,0.0,2026-04-05,4.129,0.0,-4.27,KXBTC15M
KXIPLGAME-26APR04RRGT,0.07,no,0.0,0.0,0,2026-04-04 18:01:33.519667+00:00,KXIPLGAME-26APR04RRGT-GT,0,6.0,1.2,2026-04-04,1.2,0.0,-1.27,KXIPLGAME
KXBTC15M-26APR040545,0.5679,yes,0.0,0.0,3609,2026-04-04 09:45:13.479563+00:00,KXBTC15M-26APR040545-45,100,36.09,24.4321,2026-04-04,24.4321,36.09,11.090000000000005,KXBTC15M
KXBTC15M-26APR040530,0.3441,no,0.0,0.0,0,2026-04-04 09:30:13.427647+00:00,KXBTC15M-26APR040530-30,0,20.39,7.4659,2026-04-04,7.4659,0.0,-7.8100000000000005,KXBTC15M
KXBTC15M-26APR040515,20.12386,yes,1036.87,33.38024,0,2026-04-04 09:15:13.432067+00:00,KXBTC15M-26APR040515-15,100,1036.87,473.6159,2026-04-04,506.99614,1036.87,509.74999999999994,KXBTC15M
KXBTC15M-26APR040500,7.5066,no,0.0,0.0,0,2026-04-04 09:00:13.433780+00:00,KXBTC15M-26APR040500-00,0,434.24,192.4634,2026-04-04,192.4634,0.0,-199.97,KXBTC15M
KXBTC15M-26APR040445,7.76594,no,0.0,0.0,0,2026-04-04 08:45:13.427278+00:00,KXBTC15M-26APR040445-45,0,672.51,146.85406,2026-04-04,146.85406,0.0,-154.62,KXBTC15M
KXBTC15M-26APR040430,3.3427,yes,97.12,38.808,0,2026-04-04 08:30:13.434030+00:00,KXBTC15M-26APR040430-30,100,97.12,48.9093,2026-04-04,87.7173,97.12,6.06000000000001,KXBTC15M
KXBTC15M-26APR040415,6.3718,no,145.36,54.554,0,2026-04-04 08:15:13.430983+00:00,KXBTC15M-26APR040415-15,0,248.98,115.1042,2026-04-04,169.65820000000002,145.36,-30.67000000000001,KXBTC15M
KXBTC15M-26APR040400,3.0595,yes,106.13,73.2297,0,2026-04-04 08:00:13.431316+00:00,KXBTC15M-26APR040400-00,100,106.13,28.6308,2026-04-04,101.8605,106.13,1.2099999999999937,KXBTC15M
KXBTC15M-26APR040345,0.8854,yes,56.79,19.0246,0,2026-04-04 07:45:13.434959+00:00,KXBTC15M-26APR040345-45,100,0.0,0.0,2026-04-04,19.0246,0.0,-19.91,KXBTC15M
KXBTC15M-26APR040330,0.2952,no,0.0,0.0,0,2026-04-04 07:30:13.430146+00:00,KXBTC15M-26APR040330-30,0,16.72,9.7448,2026-04-04,9.7448,0.0,-10.04,KXBTC15M
KXBTC15M-26APR040315,0.275,no,0.0,0.0,0,2026-04-04 07:15:13.431076+00:00,KXBTC15M-26APR040315-15,0,15.91,9.155,2026-04-04,9.155,0.0,-9.43,KXBTC15M
KXBTC15M-26APR040245,11.7841,yes,205.24,49.2576,31937,2026-04-04 06:45:13.479677+00:00,KXBTC15M-26APR040245-45,100,524.61,246.2983,2026-04-04,295.5559,524.61,217.27,KXBTC15M
KXBTC15M-26APR040230,4.3754,no,0.0,0.0,0,2026-04-04 06:30:13.479734+00:00,KXBTC15M-26APR040230-30,0,271.5,102.5946,2026-04-04,102.5946,0.0,-106.97,KXBTC15M
KXBTC15M-26APR040215,0.7881,yes,37.71,3.3822,0,2026-04-04 06:15:13.483414+00:00,KXBTC15M-26APR040215-15,100,37.71,23.1897,2026-04-04,26.5719,37.71,10.350000000000001,KXBTC15M
KXBTC15M-26APR040200,0.144,yes,0.0,0.0,1085,2026-04-04 06:00:13.432896+00:00,KXBTC15M-26APR040200-00,100,10.85,8.246,2026-04-04,8.246,10.85,2.459999999999999,KXBTC15M
KXBTC15M-26APR031715,0.03,yes,5.0,0.4,0,2026-04-03 21:15:13.484601+00:00,KXBTC15M-26APR031715-15,100,0.0,0.0,2026-04-03,0.4,0.0,-0.43000000000000005,KXBTC15M
KXBTC15M-26APR030045,0.57,yes,32.0,16.43,0,2026-04-03 04:45:13.536767+00:00,KXBTC15M-26APR030045-45,100,0.0,0.0,2026-04-03,16.43,0.0,-17.0,KXBTC15M
KXBTC15M-26APR030030,16.9,no,659.0,186.65,0,2026-04-03 04:30:13.441050+00:00,KXBTC15M-26APR030030-30,0,659.0,139.45,2026-04-03,326.1,659.0,316.0,KXBTC15M
KXBTC15M-26APR030015,3.08,yes,196.0,66.64,0,2026-04-03 04:15:13.536026+00:00,KXBTC15M-26APR030015-15,100,0.0,0.0,2026-04-03,66.64,0.0,-69.72,KXBTC15M
KXBTC15M-26APR030000,6.6905,yes,235.63,60.3248,0,2026-04-03 04:01:07.041882+00:00,KXBTC15M-26APR030000-00,100,235.63,162.5847,2026-04-03,222.9095,235.63,6.029999999999987,KXBTC15M
KXBTC15M-26APR022345,4.0528,no,0.0,0.0,0,2026-04-03 03:45:13.490847+00:00,KXBTC15M-26APR022345-45,0,265.46,84.9472,2026-04-03,84.9472,0.0,-89.0,KXBTC15M
KXBTC15M-26APR022330,0.3909,no,12.39,3.2214,0,2026-04-03 03:30:13.490804+00:00,KXBTC15M-26APR022330-30,0,12.39,5.3277,2026-04-03,8.5491,12.39,3.450000000000001,KXBTC15M
KXBTC15M-26APR022315,3.5965,yes,117.76,30.6176,0,2026-04-03 03:15:13.489509+00:00,KXBTC15M-26APR022315-15,100,117.76,47.4859,2026-04-03,78.1035,117.76,36.06000000000001,KXBTC15M
KXBTC15M-26APR022300,2.4852,yes,128.61,37.9592,0,2026-04-03 03:00:13.434987+00:00,KXBTC15M-26APR022300-00,100,40.22,19.3056,2026-04-03,57.2648,40.22,-19.53,KXBTC15M
KXBTC15M-26APR022245,0.59883,no,0.0,0.0,0,2026-04-03 02:45:13.437743+00:00,KXBTC15M-26APR022245-45,0,316.11,8.78117,2026-04-03,8.78117,0.0,-9.379999999999999,KXBTC15M
KXBTC15M-26APR022230,1.26126,no,0.0,0.0,0,2026-04-03 02:30:13.493611+00:00,KXBTC15M-26APR022230-30,0,837.67,18.34874,2026-04-03,18.34874,0.0,-19.61,KXBTC15M
KXBTC15M-26APR022215,0.5037,no,0.0,0.0,0,2026-04-03 02:15:13.436277+00:00,KXBTC15M-26APR022215-15,0,31.95,10.5963,2026-04-03,10.5963,0.0,-11.1,KXBTC15M
KXBTC15M-26APR022200,2.4161,yes,124.76,54.3933,0,2026-04-03 02:00:13.541766+00:00,KXBTC15M-26APR022200-00,100,56.86,40.3306,2026-04-03,94.7239,56.86,-40.28,KXBTC15M
KXBTC15M-26APR022145,1.3364,no,49.24,23.6352,0,2026-04-03 01:45:13.500442+00:00,KXBTC15M-26APR022145-45,0,49.24,7.8784,2026-04-03,31.5136,49.24,16.39,KXBTC15M
KXBTC15M-26APR022130,0.6672,yes,52.67,15.6728,0,2026-04-03 01:30:13.438597+00:00,KXBTC15M-26APR022130-30,100,0.0,0.0,2026-04-03,15.6728,0.0,-16.34,KXBTC15M
KXBTC15M-26APR022115,11.1437,yes,361.34,148.2877,0,2026-04-03 01:15:13.439313+00:00,KXBTC15M-26APR022115-15,100,361.34,104.7886,2026-04-03,253.0763,361.34,97.11999999999998,KXBTC15M
KXBTC15M-26APR022100,3.19586,no,257.44,249.68494,0,2026-04-03 01:00:13.487896+00:00,KXBTC15M-26APR022100-00,0,257.44,46.3392,2026-04-03,296.02414,257.44,-41.779999999999994,KXBTC15M
KXBTC15M-26APR022045,2.0669,no,36.23,4.6635,0,2026-04-03 00:45:13.430554+00:00,KXBTC15M-26APR022045-45,0,101.75,47.5296,2026-04-03,52.1931,36.23,-18.030000000000005,KXBTC15M
KXBTC15M-26APR022030,6.1579,yes,94.68,42.406,16803,2026-04-03 00:30:13.483858+00:00,KXBTC15M-26APR022030-30,100,262.71,144.1161,2026-04-03,186.5221,262.71,70.02999999999999,KXBTC15M
KXBTC15M-26APR022015,2.4704,no,0.0,0.0,0,2026-04-03 00:15:13.486389+00:00,KXBTC15M-26APR022015-15,0,191.2,46.5796,2026-04-03,46.5796,0.0,-49.05,KXBTC15M
KXBTC15M-26APR021945,1.7244,no,0.0,0.0,0,2026-04-02 23:45:13.480312+00:00,KXBTC15M-26APR021945-45,0,98.47,47.2256,2026-04-02,47.2256,0.0,-48.95,KXBTC15M
KXBTC15M-26APR021930,0.5128,no,0.0,0.0,0,2026-04-02 23:30:13.431712+00:00,KXBTC15M-26APR021930-30,0,31.23,19.9872,2026-04-02,19.9872,0.0,-20.5,KXBTC15M
KXBTC15M-26APR021900,1.2783,yes,61.83,27.8279,0,2026-04-02 23:00:13.484000+00:00,KXBTC15M-26APR021900-00,100,24.78,5.2038,2026-04-02,33.0317,24.78,-9.53,KXBTC15M
KXBTC15M-26APR021630,1.0984,yes,34.68,14.2188,0,2026-04-02 20:30:13.491214+00:00,KXBTC15M-26APR021630-30,100,34.68,24.6228,2026-04-02,38.8416,34.68,-5.26,KXBTC15M
KXBTC15M-26APR021545,30.7532,no,1142.01,561.886,0,2026-04-02 19:45:13.486616+00:00,KXBTC15M-26APR021545-45,0,1142.01,253.8008,2026-04-02,815.6868,1142.01,295.57000000000005,KXBTC15M
KXBTC15M-26APR021530,6.9198,no,136.14,61.263,0,2026-04-02 19:30:13.441409+00:00,KXBTC15M-26APR021530-30,0,271.68,116.6372,2026-04-02,177.9002,136.14,-48.68000000000003,KXBTC15M
KXBTC15M-26APR021515,1.5253,yes,100.87,33.7547,0,2026-04-02 19:15:13.491759+00:00,KXBTC15M-26APR021515-15,100,0.0,0.0,2026-04-02,33.7547,0.0,-35.28,KXBTC15M
KXBTCD-26APR0215,0.48,yes,112.0,4.67,0,2026-04-02 19:02:43.595595+00:00,KXBTCD-26APR0215-T66799.99,100,112.0,109.76,2026-04-02,114.43,112.0,-2.910000000000007,KXBTCD
KXBTC15M-26APR021500,1.2082,yes,628.78,19.7818,0,2026-04-02 19:00:13.431977+00:00,KXBTC15M-26APR021500-00,100,0.0,0.0,2026-04-02,19.7818,0.0,-20.990000000000002,KXBTC15M
KXBTC15M-26APR021445,0.4311,yes,24.93,9.8289,0,2026-04-02 18:45:13.437267+00:00,KXBTC15M-26APR021445-45,100,0.0,0.0,2026-04-02,9.8289,0.0,-10.260000000000002,KXBTC15M
KXBTC15M-26APR021430,0.356,no,0.0,0.0,0,2026-04-02 18:30:13.490422+00:00,KXBTC15M-26APR021430-30,0,22.6,7.654,2026-04-02,7.654,0.0,-8.01,KXBTC15M
KXBTC15M-26APR021415,2.9057,yes,0.0,0.0,17327,2026-04-02 18:15:13.489836+00:00,KXBTC15M-26APR021415-15,100,173.27,76.5643,2026-04-02,76.5643,173.27,93.80000000000001,KXBTC15M
KXBTC15M-26APR021400,2.8396,no,0.0,0.0,0,2026-04-02 18:00:13.490767+00:00,KXBTC15M-26APR021400-00,0,336.86,47.1604,2026-04-02,47.1604,0.0,-50.0,KXBTC15M
KXBTC15M-26APR021345,1.9363,no,0.0,0.0,0,2026-04-02 17:45:13.481130+00:00,KXBTC15M-26APR021345-45,0,112.23,48.1037,2026-04-02,48.1037,0.0,-50.040000000000006,KXBTC15M
KXBTC15M-26APR021330,2.4896,yes,210.09,47.4704,0,2026-04-02 17:30:13.486393+00:00,KXBTC15M-26APR021330-30,100,0.0,0.0,2026-04-02,47.4704,0.0,-49.96,KXBTC15M
KXBTC15M-26APR021315,0.6227,yes,39.0,25.2973,0,2026-04-02 17:15:13.482908+00:00,KXBTC15M-26APR021315-15,100,0.0,0.0,2026-04-02,25.2973,0.0,-25.92,KXBTC15M
KXBTC15M-26APR020015,0.1036,no,5.72,1.2788,0,2026-04-02 04:15:07.887891+00:00,KXBTC15M-26APR020015-15,0,5.72,0.4576,2026-04-02,1.7364,5.72,3.88,KXBTC15M
KXBTC15M-26APR020000,2.0597,yes,46.65,15.3945,4125,2026-04-02 04:00:17.907836+00:00,KXBTC15M-26APR020000-00,100,87.9,29.1058,2026-04-02,44.500299999999996,87.9,41.34000000000001,KXBTC15M
KXBTC15M-26APR012345,0.48385,no,21.65,9.959,0,2026-04-02 03:45:18.444093+00:00,KXBTC15M-26APR012345-45,0,21.65,1.53715,2026-04-02,11.49615,21.65,9.669999999999998,KXBTC15M
KXBTC15M-26APR012315,0.3408,no,20.34,7.7292,2034,2026-04-02 03:15:13.996728+00:00,KXBTC15M-26APR012315-15,0,0.0,0.0,2026-04-02,7.7292,20.34,12.270000000000001,KXBTC15M
KXBTC15M-26APR012245,1.5862,no,73.98,24.1921,4795,2026-04-02 02:45:15.442281+00:00,KXBTC15M-26APR012245-45,0,26.03,10.1517,2026-04-02,34.3438,73.98,38.050000000000004,KXBTC15M
KXBTC15M-26APR012230,0.451,yes,16.27,8.3894,0,2026-04-02 02:30:15.245650+00:00,KXBTC15M-26APR012230-30,100,8.66,4.8396,2026-04-02,13.229,8.66,-5.019999999999999,KXBTC15M
KXBTC15M-26APR012200,0.153,yes,8.38,4.107,0,2026-04-02 02:00:16.093480+00:00,KXBTC15M-26APR012200-00,100,0.0,0.0,2026-04-02,4.107,0.0,-4.26,KXBTC15M
KXBTC15M-26APR011830,2.0698,no,83.22,27.0422,0,2026-04-01 22:30:11.342745+00:00,KXBTC15M-26APR011830-30,0,83.22,17.508,2026-04-01,44.550200000000004,83.22,36.599999999999994,KXBTC15M
KXBTC15M-26APR011800,3.42509,yes,196.02,24.66531,0,2026-04-01 22:00:10.185771+00:00,KXBTC15M-26APR011800-00,100,196.02,50.2296,2026-04-01,74.89491,196.02,117.70000000000002,KXBTC15M
KXBTC15M-26APR011745,0.5048,no,0.0,0.0,0,2026-04-01 21:45:10.885988+00:00,KXBTC15M-26APR011745-45,0,28.48,13.9552,2026-04-01,13.9552,0.0,-14.459999999999999,KXBTC15M
KXBTC15M-26APR011730,1.03,yes,60.95,24.38,0,2026-04-01 21:30:10.482611+00:00,KXBTC15M-26APR011730-30,100,0.0,0.0,2026-04-01,24.38,0.0,-25.41,KXBTC15M
KXBTC15M-26APR011545,0.4572,no,25.39,13.2028,2539,2026-04-01 19:45:07.986655+00:00,KXBTC15M-26APR011545-45,0,0.0,0.0,2026-04-01,13.2028,25.39,11.73,KXBTC15M
KXBTC15M-26APR011530,34.8651,yes,2061.75,16.494,0,2026-04-01 19:30:07.894567+00:00,KXBTC15M-26APR011530-30,100,2061.75,766.5309,2026-04-01,783.0249,2061.75,1243.8600000000001,KXBTC15M
KXBTC15M-26APR011515,27.0978,yes,2614.32,472.5222,0,2026-04-01 19:15:07.694356+00:00,KXBTC15M-26APR011515-15,100,0.0,0.0,2026-04-01,472.5222,0.0,-499.62,KXBTC15M
KXBTC15M-26APR011500,7.6228,no,0.0,0.0,0,2026-04-01 19:00:07.939820+00:00,KXBTC15M-26APR011500-00,0,500.36,159.9172,2026-04-01,159.9172,0.0,-167.54000000000002,KXBTC15M
KXBTC15M-26APR011445,10.90106,yes,675.61,187.57384,0,2026-04-01 18:45:07.937223+00:00,KXBTC15M-26APR011445-45,100,117.11,48.0151,2026-04-01,235.58893999999998,117.11,-129.37999999999997,KXBTC15M
KXBTC15M-26APR011430,4.8495,no,0.0,0.0,0,2026-04-01 18:30:07.891672+00:00,KXBTC15M-26APR011430-30,0,386.29,90.1605,2026-04-01,90.1605,0.0,-95.01,KXBTC15M
KXBTC15M-26APR011415,4.89745,no,0.0,0.0,0,2026-04-01 18:15:07.889041+00:00,KXBTC15M-26APR011415-15,0,526.56,93.09255,2026-04-01,93.09255,0.0,-97.99000000000001,KXBTC15M
KXBTC15M-26APR011400,10.2374,no,171.5,85.75,0,2026-04-01 18:00:07.882987+00:00,KXBTC15M-26APR011400-00,0,439.52,165.3326,2026-04-01,251.0826,171.5,-89.82000000000001,KXBTC15M
KXBTC15M-26APR011345,10.7423,no,346.32,183.2623,0,2026-04-01 17:45:07.934261+00:00,KXBTC15M-26APR011345-45,0,346.32,111.5954,2026-04-01,294.8577,346.32,40.71999999999997,KXBTC15M
KXBTC15M-26APR011330,2.6299,no,0.0,0.0,0,2026-04-01 17:30:07.938883+00:00,KXBTC15M-26APR011330-30,0,239.87,46.6601,2026-04-01,46.6601,0.0,-49.29,KXBTC15M
KXBTC15M-26APR011315,0.86,no,23.0,9.54,0,2026-04-01 17:15:07.888859+00:00,KXBTC15M-26APR011315-15,0,32.0,22.25,2026-04-01,31.79,23.0,-9.649999999999999,KXBTC15M
KXBTC15M-26APR011300,0.402,no,0.0,0.0,0,2026-04-01 17:00:07.886402+00:00,KXBTC15M-26APR011300-00,0,29.0,7.208,2026-04-01,7.208,0.0,-7.61,KXBTC15M
KXBTC15M-26APR010700,0.4022,yes,20.62,13.1968,0,2026-04-01 11:00:07.885192+00:00,KXBTC15M-26APR010700-00,100,20.62,1.031,2026-04-01,14.2278,20.62,5.990000000000001,KXBTC15M
KXBTC15M-26APR010645,5.43,yes,169.0,72.21,0,2026-04-01 10:45:07.885738+00:00,KXBTC15M-26APR010645-45,100,148.0,71.71,2026-04-01,143.92,148.0,-1.3499999999999872,KXBTC15M
KXBTC15M-26APR010630,1.96,no,75.0,28.53,0,2026-04-01 10:30:07.884137+00:00,KXBTC15M-26APR010630-30,0,75.0,12.0,2026-04-01,40.53,75.0,32.51,KXBTC15M
KXBTC15M-26APR010545,0.0424,no,0.0,0.0,0,2026-04-01 09:45:07.880885+00:00,KXBTC15M-26APR010545-45,0,15.69,0.6276,2026-04-01,0.6276,0.0,-0.67,KXBTC15M
KXBTC15M-26APR010530,3.5171,yes,0.0,0.0,20063,2026-04-01 09:30:07.882727+00:00,KXBTC15M-26APR010530-30,100,200.63,94.8329,2026-04-01,94.8329,200.63,102.28,KXBTC15M
KXBTC15M-26APR010515,3.63,no,0.0,0.0,0,2026-04-01 09:15:07.884863+00:00,KXBTC15M-26APR010515-15,0,209.0,94.05,2026-04-01,94.05,0.0,-97.67999999999999,KXBTC15M
KXBTC15M-26APR010500,1.6024,no,0.0,0.0,0,2026-04-01 09:00:07.884004+00:00,KXBTC15M-26APR010500-00,0,91.13,47.3876,2026-04-01,47.3876,0.0,-48.99,KXBTC15M
KXBTC15M-26APR010445,0.976,yes,57.2,24.024,0,2026-04-01 08:45:07.884321+00:00,KXBTC15M-26APR010445-45,100,0.0,0.0,2026-04-01,24.024,0.0,-25.0,KXBTC15M
KXBTC15M-26APR010430,4.9944,yes,234.69,43.55818,0,2026-04-01 08:30:07.881900+00:00,KXBTC15M-26APR010430-30,100,196.49,81.76742,2026-04-01,125.32560000000001,196.49,66.17,KXBTC15M
KXBTC15M-26APR010415,5.6143,no,103.0,44.4757,0,2026-04-01 08:15:07.883098+00:00,KXBTC15M-26APR010415-15,0,223.0,98.88,2026-04-01,143.3557,103.0,-45.97000000000001,KXBTC15M
KXBTC15M-26APR010400,5.9569,no,106.99,48.1455,0,2026-04-01 08:00:07.882769+00:00,KXBTC15M-26APR010400-00,0,237.51,102.9176,2026-04-01,151.0631,106.99,-50.029999999999994,KXBTC15M
KXBTC15M-26APR010345,1.85,no,0.0,0.0,0,2026-04-01 07:45:07.893270+00:00,KXBTC15M-26APR010345-45,0,105.0,48.15,2026-04-01,48.15,0.0,-50.0,KXBTC15M
KXBTC15M-26APR010330,2.03694,no,0.0,0.0,0,2026-04-01 07:30:07.888234+00:00,KXBTC15M-26APR010330-30,0,274.61,40.40306,2026-04-01,40.40306,0.0,-42.440000000000005,KXBTC15M
KXBTC15M-26APR010300,1.0157,yes,45.79,3.2053,0,2026-04-01 07:08:17.389383+00:00,KXBTC15M-26APR010300-00,100,45.79,22.199,2026-04-01,25.404300000000003,45.79,19.369999999999997,KXBTC15M
KXBTC15M-26APR010245,0.60273,yes,204.01,9.32727,0,2026-04-01 06:45:07.886607+00:00,KXBTC15M-26APR010245-45,100,0.0,0.0,2026-04-01,9.32727,0.0,-9.93,KXBTC15M
KXBTC15M-26APR010215,0.615,yes,149.0,9.365,0,2026-04-01 06:15:07.885765+00:00,KXBTC15M-26APR010215-15,100,0.0,0.0,2026-04-01,9.365,0.0,-9.98,KXBTC15M
KXBTC15M-26APR010200,0.8782,no,25.89,12.4272,0,2026-04-01 06:00:07.940545+00:00,KXBTC15M-26APR010200-00,0,25.89,9.5946,2026-04-01,22.0218,25.89,2.9900000000000015,KXBTC15M
KXBTC15M-26APR010145,0.9148,no,20.33,9.3518,0,2026-04-01 05:45:07.890509+00:00,KXBTC15M-26APR010145-45,0,53.95,9.7534,2026-04-01,19.1052,20.33,0.3099999999999984,KXBTC15M
KXBTC15M-26APR010115,4.23179,yes,510.94,20.0708,0,2026-04-01 05:15:08.011535+00:00,KXBTC15M-26APR010115-15,100,510.94,46.82741,2026-04-01,66.89821,510.94,439.81,KXBTC15M
KXBTC15M-26APR010100,1.7483,yes,134.68,11.4288,0,2026-04-01 05:00:07.989094+00:00,KXBTC15M-26APR010100-00,100,134.68,106.7129,2026-04-01,118.1417,134.68,14.790000000000006,KXBTC15M
KXBTC15M-26APR010045,4.1239,yes,158.67,22.2138,0,2026-04-01 04:45:07.933454+00:00,KXBTC15M-26APR010045-45,100,158.67,76.0623,2026-04-01,98.27609999999999,158.67,56.27,KXBTC15M
KXBTC15M-26APR010030,2.62806,yes,268.64,49.87194,0,2026-04-01 04:30:07.935040+00:00,KXBTC15M-26APR010030-30,100,0.0,0.0,2026-04-01,49.87194,0.0,-52.5,KXBTC15M
KXBTC15M-26APR010015,0.587,no,19.78,4.7472,0,2026-04-01 04:15:07.940956+00:00,KXBTC15M-26APR010015-15,0,19.78,12.0658,2026-04-01,16.813,19.78,2.3800000000000026,KXBTC15M
KXBTC15M-26APR010000,0.1124,yes,11.11,1.7776,0,2026-04-01 04:00:14.689418+00:00,KXBTC15M-26APR010000-00,100,0.0,0.0,2026-04-01,1.7776,0.0,-1.8900000000000001,KXBTC15M
KXBTC15M-26MAR312345,4.3596,yes,127.88,52.4308,0,2026-04-01 03:45:12.744980+00:00,KXBTC15M-26MAR312345-45,100,127.88,53.7096,2026-04-01,106.1404,127.88,17.379999999999995,KXBTC15M
KXBTC15M-26MAR312330,2.6842,no,82.11,37.7006,0,2026-04-01 03:30:13.841984+00:00,KXBTC15M-26MAR312330-30,0,82.11,26.2752,2026-04-01,63.97580000000001,82.11,15.449999999999992,KXBTC15M
KXBTC15M-26MAR312315,1.9338,yes,135.3,38.5062,0,2026-04-01 03:15:13.689656+00:00,KXBTC15M-26MAR312315-15,100,0.0,0.0,2026-04-01,38.5062,0.0,-40.44,KXBTC15M
KXBTC15M-26MAR312300,0.843,no,0.0,0.0,0,2026-04-01 03:00:15.039579+00:00,KXBTC15M-26MAR312300-00,0,57.19,17.157,2026-04-01,17.157,0.0,-18.0,KXBTC15M
KXBTC15M-26MAR312245,2.92959,yes,115.86,27.13131,0,2026-04-01 02:45:14.733952+00:00,KXBTC15M-26MAR312245-45,100,115.86,70.7991,2026-04-01,97.93041,115.86,15.000000000000004,KXBTC15M
KXBTC15M-26MAR312230,7.636,no,687.2,96.208,0,2026-04-01 02:30:12.595734+00:00,KXBTC15M-26MAR312230-30,0,687.2,27.436,2026-04-01,123.644,687.2,555.9200000000001,KXBTC15M
KXBTC15M-26MAR312215,15.6842,no,397.1,38.6358,0,2026-04-01 02:15:08.342718+00:00,KXBTC15M-26MAR312215-15,0,863.6,543.76,2026-04-01,582.3958,397.1,-200.98,KXBTC15M
KXBTC15M-26MAR312200,12.61082,no,514.67,290.4404,0,2026-04-01 02:00:07.948967+00:00,KXBTC15M-26MAR312200-00,0,514.67,69.87878,2026-04-01,360.31918,514.67,141.73999999999995,KXBTC15M
KXBTC15M-26MAR312145,6.3716,no,0.0,0.0,0,2026-04-01 01:45:08.038892+00:00,KXBTC15M-26MAR312145-45,0,364.67,189.6284,2026-04-01,189.6284,0.0,-196.0,KXBTC15M
KXBTC15M-26MAR312130,8.4131,no,0.0,0.0,0,2026-04-01 01:30:07.891978+00:00,KXBTC15M-26MAR312130-30,0,522.33,187.5069,2026-04-01,187.5069,0.0,-195.92000000000002,KXBTC15M
KXBTC15M-26MAR312115,6.2282,no,0.0,0.0,0,2026-04-01 01:15:07.943360+00:00,KXBTC15M-26MAR312115-15,0,382.98,141.5118,2026-04-01,141.5118,0.0,-147.73999999999998,KXBTC15M
KXBTC15M-26MAR312100,3.53348,yes,198.92,95.2122,0,2026-04-01 01:00:07.986648+00:00,KXBTC15M-26MAR312100-00,100,198.92,198.12432,2026-04-01,293.33652,198.92,-97.95000000000002,KXBTC15M
KXBTC15M-26MAR312045,7.5988,yes,319.01,131.6632,0,2026-04-01 00:45:07.938626+00:00,KXBTC15M-26MAR312045-45,100,140.55,50.598,2026-04-01,182.26119999999997,140.55,-49.30999999999996,KXBTC15M
KXBTC15M-26MAR312030,4.866,no,81.0,9.72,0,2026-04-01 00:30:07.933821+00:00,KXBTC15M-26MAR312030-30,0,248.2,116.414,2026-04-01,126.134,81.0,-50.0,KXBTC15M
KXBTC15M-26MAR312015,2.2604,no,0.0,0.0,0,2026-04-01 00:15:07.886316+00:00,KXBTC15M-26MAR312015-15,0,268.14,37.5396,2026-04-01,37.5396,0.0,-39.8,KXBTC15M
KXBTCD-26MAR3120,0.0,yes,0.0,0.0,0,2026-04-01 00:02:58.086340+00:00,KXBTCD-26MAR3120-T68199.99,100,0.0,0.0,2026-04-01,0.0,0.0,0.0,KXBTCD
KXBTC15M-26MAR312000,2.4084,no,96.3,68.7568,0,2026-04-01 00:00:17.891848+00:00,KXBTC15M-26MAR312000-00,0,96.3,19.5248,2026-04-01,88.2816,96.3,5.609999999999999,KXBTC15M
KXBTC15M-26MAR311945,2.8816,yes,132.7,33.9296,0,2026-03-31 23:45:07.935917+00:00,KXBTC15M-26MAR311945-45,100,69.78,32.0988,2026-03-31,66.0284,69.78,0.8699999999999961,KXBTC15M
KXBTC15M-26MAR311930,1.0909,yes,81.23,21.3491,0,2026-03-31 23:30:07.896204+00:00,KXBTC15M-26MAR311930-30,100,0.0,0.0,2026-03-31,21.3491,0.0,-22.44,KXBTC15M
KXBTC15M-26MAR311915,0.022,yes,1.6,0.368,0,2026-03-31 23:15:07.885002+00:00,KXBTC15M-26MAR311915-15,100,0.0,0.0,2026-03-31,0.368,0.0,-0.39,KXBTC15M
KXBTC15M-26MAR311330,0.17,no,0.0,0.0,0,2026-03-31 17:30:07.883383+00:00,KXBTC15M-26MAR311330-30,0,10.0,3.98,2026-03-31,3.98,0.0,-4.15,KXBTC15M
KXBTC15M-26MAR311315,0.0909,yes,0.0,0.0,453,2026-03-31 17:15:07.888149+00:00,KXBTC15M-26MAR311315-15,100,4.53,2.1291,2026-03-31,2.1291,4.53,2.31,KXBTC15M
KXBTC15M-26MAR311300,0.0392,no,2.16,1.3608,216,2026-03-31 17:00:07.889673+00:00,KXBTC15M-26MAR311300-00,0,0.0,0.0,2026-03-31,1.3608,2.16,0.7600000000000001,KXBTC15M
KXBTC15M-26MAR311245,0.0354,yes,0.0,0.0,146,2026-03-31 16:45:07.983266+00:00,KXBTC15M-26MAR311245-45,100,1.46,0.7446,2026-03-31,0.7446,1.46,0.6799999999999999,KXBTC15M
KXBTC15M-26MAR310145,1.1276,yes,69.92,24.4024,0,2026-03-31 05:45:07.989333+00:00,KXBTC15M-26MAR310145-45,100,0.0,0.0,2026-03-31,24.4024,0.0,-25.53,KXBTC15M
KXBTC15M-26MAR310115,6.4266,no,225.78,96.4434,2553,2026-03-31 05:15:08.044433+00:00,KXBTC15M-26MAR310115-15,0,200.25,48.0,2026-03-31,144.4434,225.78,74.91000000000001,KXBTC15M
KXBTC15M-26MAR310100,0.329,no,0.0,0.0,0,2026-03-31 05:00:08.538781+00:00,KXBTC15M-26MAR310100-00,0,18.7,9.911,2026-03-31,9.911,0.0,-10.24,KXBTC15M
KXBTC15M-26MAR310045,1.8981,yes,0.0,0.0,11084,2026-03-31 04:45:08.173974+00:00,KXBTC15M-26MAR310045-45,100,110.84,48.1219,2026-03-31,48.1219,110.84,60.82000000000001,KXBTC15M
KXBTC15M-26MAR310030,0.09536,no,0.0,0.0,0,2026-03-31 04:30:07.887887+00:00,KXBTC15M-26MAR310030-30,0,27.36,25.96464,2026-03-31,25.96464,0.0,-26.06,KXBTC15M
KXBTC15M-26MAR310015,7.3265,no,223.49,93.6417,0,2026-03-31 04:15:07.890850+00:00,KXBTC15M-26MAR310015-15,0,223.49,75.6018,2026-03-31,169.24349999999998,223.49,46.92000000000002,KXBTC15M
KXBTC15M-26MAR310000,8.9214,no,346.22,161.046,17848,2026-03-31 04:02:53.893507+00:00,KXBTC15M-26MAR310000-00,0,167.74,95.2726,2026-03-31,256.3186,346.22,80.98000000000002,KXBTC15M
KXBTC15M-26MAR302345,5.7123,no,96.75,42.3692,0,2026-03-31 03:45:15.682842+00:00,KXBTC15M-26MAR302345-45,0,254.07,102.0685,2026-03-31,144.4377,96.75,-53.400000000000006,KXBTC15M
KXBTC15M-26MAR302330,2.3951,no,0.0,0.0,0,2026-03-31 03:30:13.643635+00:00,KXBTC15M-26MAR302330-30,0,140.89,57.7649,2026-03-31,57.7649,0.0,-60.16,KXBTC15M
KXBTC15M-26MAR302315,0.7898,no,63.26,48.7102,6326,2026-03-31 03:15:12.541769+00:00,KXBTC15M-26MAR302315-15,0,0.0,0.0,2026-03-31,48.7102,63.26,13.759999999999998,KXBTC15M
KXBTC15M-26MAR302030,1.483,yes,84.3,41.307,0,2026-03-31 00:30:07.889308+00:00,KXBTC15M-26MAR302030-30,100,0.0,0.0,2026-03-31,41.307,0.0,-42.79,KXBTC15M
KXBTC15M-26MAR302000,2.5029,yes,0.0,0.0,14279,2026-03-31 00:00:18.338535+00:00,KXBTC15M-26MAR302000-00,100,142.79,69.9671,2026-03-31,69.9671,142.79,70.32,KXBTC15M
KXBTC15M-26MAR301945,1.2655,yes,0.0,0.0,7241,2026-03-30 23:45:08.034967+00:00,KXBTC15M-26MAR301945-45,100,72.41,32.6145,2026-03-30,32.6145,72.41,38.529999999999994,KXBTC15M
KXBTC15M-26MAR301930,0.6039,yes,0.0,0.0,3393,2026-03-30 23:30:07.890321+00:00,KXBTC15M-26MAR301930-30,100,33.93,17.2561,2026-03-30,17.2561,33.93,16.07,KXBTC15M
KXBTC15M-26MAR301915,0.1101,no,0.0,0.0,0,2026-03-30 23:15:07.890934+00:00,KXBTC15M-26MAR301915-15,0,7.29,2.2599,2026-03-30,2.2599,0.0,-2.37,KXBTC15M
KXBTC15M-26MAR301845,0.0416,yes,0.0,0.0,237,2026-03-30 22:45:07.993665+00:00,KXBTC15M-26MAR301845-45,100,2.37,0.7584,2026-03-30,0.7584,2.37,1.57,KXBTC15M
KXBTC15M-26MAR301730,1.31117,yes,71.97,32.2505,0,2026-03-30 21:30:07.988495+00:00,KXBTC15M-26MAR301730-30,100,71.97,71.17833,2026-03-30,103.42883,71.97,-32.77,KXBTC15M
KXBTC15M-26MAR301700,16.6092,no,679.3,334.5758,33355,2026-03-30 21:00:08.394253+00:00,KXBTC15M-26MAR301700-00,0,345.75,103.725,2026-03-30,438.3008,679.3,224.39,KXBTC15M
KXBTC15M-26MAR301645,35.5129,yes,1106.17,561.2963,0,2026-03-30 20:45:07.992479+00:00,KXBTC15M-26MAR301645-45,100,1106.17,357.7808,2026-03-30,919.0771,1106.17,151.5800000000001,KXBTC15M
KXBTC15M-26MAR301630,15.2269,yes,469.92,155.0736,0,2026-03-30 20:30:07.887163+00:00,KXBTC15M-26MAR301630-30,100,469.92,192.0495,2026-03-30,347.1231,469.92,107.57,KXBTC15M
KXBTC15M-26MAR301615,3.8984,yes,227.88,96.2616,0,2026-03-30 20:15:07.984881+00:00,KXBTC15M-26MAR301615-15,100,0.0,0.0,2026-03-30,96.2616,0.0,-100.16,KXBTC15M
KXBTC15M-26MAR301600,3.1,yes,258.0,56.76,0,2026-03-30 20:00:08.486842+00:00,KXBTC15M-26MAR301600-00,100,0.0,0.0,2026-03-30,56.76,0.0,-59.86,KXBTC15M
KXBTC15M-26MAR301545,1.46,yes,90.0,32.35,0,2026-03-30 19:45:07.989459+00:00,KXBTC15M-26MAR301545-45,100,0.0,0.0,2026-03-30,32.35,0.0,-33.81,KXBTC15M
KXBTC15M-26MAR301530,0.5488,no,33.83,21.6512,3383,2026-03-30 19:30:07.987265+00:00,KXBTC15M-26MAR301530-30,0,0.0,0.0,2026-03-30,21.6512,33.83,11.629999999999999,KXBTC15M
KXBTC15M-26MAR301515,4.0472,no,231.28,117.9528,23128,2026-03-30 19:15:08.388616+00:00,KXBTC15M-26MAR301515-15,0,0.0,0.0,2026-03-30,117.9528,231.28,109.28,KXBTC15M
KXBTC15M-26MAR301500,0.65822,no,122.92,112.79178,12292,2026-03-30 19:00:08.192705+00:00,KXBTC15M-26MAR301500-00,0,0.0,0.0,2026-03-30,112.79178,122.92,9.469999999999999,KXBTC15M
KXBTC15M-26MAR301445,12.496,yes,367.61,151.19,11347,2026-03-30 18:45:08.389854+00:00,KXBTC15M-26MAR301445-45,100,481.08,361.354,2026-03-30,512.544,481.08,-43.96,KXBTC15M
KXBTC15M-26MAR301430,4.77892,no,246.46,238.47328,0,2026-03-30 18:30:07.988956+00:00,KXBTC15M-26MAR301430-30,0,246.46,105.7978,2026-03-30,344.27108,246.46,-102.58999999999997,KXBTC15M
KXBTC15M-26MAR301415,3.302,no,0.0,0.0,0,2026-03-30 18:15:08.290143+00:00,KXBTC15M-26MAR301415-15,0,188.65,97.608,2026-03-30,97.608,0.0,-100.91000000000001,KXBTC15M
KXBTC15M-26MAR301400,9.5974,no,650.29,454.0226,65029,2026-03-30 18:00:07.991591+00:00,KXBTC15M-26MAR301400-00,0,0.0,0.0,2026-03-30,454.0226,650.29,186.66999999999996,KXBTC15M
KXBTC15M-26MAR301345,7.5792,yes,0.0,0.0,46416,2026-03-30 17:45:27.883093+00:00,KXBTC15M-26MAR301345-45,100,464.16,292.4208,2026-03-30,292.4208,464.16,164.16000000000003,KXBTC15M
KXBTC15M-26MAR301330,4.6593,no,0.0,0.0,0,2026-03-30 17:30:07.987681+00:00,KXBTC15M-26MAR301330-30,0,314.34,95.4707,2026-03-30,95.4707,0.0,-100.13,KXBTC15M
KXBTC15M-26MAR301315,3.2488,no,0.0,0.0,0,2026-03-30 17:15:07.990996+00:00,KXBTC15M-26MAR301315-15,0,185.81,96.6212,2026-03-30,96.6212,0.0,-99.87,KXBTC15M
KXBTC15M-26MAR301115,0.0388,no,0.0,0.0,0,2026-03-30 15:15:18.187644+00:00,KXBTC15M-26MAR301115-15,0,15.2,0.4712,2026-03-30,0.4712,0.0,-0.51,KXBTC15M
KXBTC15M-26MAR301100,9.1299,yes,601.2,191.2701,0,2026-03-30 15:00:07.886904+00:00,KXBTC15M-26MAR301100-00,100,0.0,0.0,2026-03-30,191.2701,0.0,-200.4,KXBTC15M
KXBTC15M-26MAR301045,4.4633,no,0.0,0.0,0,2026-03-30 14:45:07.889952+00:00,KXBTC15M-26MAR301045-45,0,260.02,148.2567,2026-03-30,148.2567,0.0,-152.72,KXBTC15M
KXBTC15M-26MAR301030,11.50837,no,537.96,451.46973,0,2026-03-30 14:30:07.979714+00:00,KXBTC15M-26MAR301030-30,0,537.96,172.0619,2026-03-30,623.5316300000001,537.96,-97.08000000000003,KXBTC15M
KXBTC-26MAR3010,3.52,no,0.0,0.0,0,2026-03-30 14:03:07.989707+00:00,KXBTC-26MAR3010-B67550,0,201.0,96.48,2026-03-30,96.48,0.0,-100.0,KXBTC
KXBTCD-26MAR3007,0.26,no,0.0,0.0,0,2026-03-30 11:02:28.119751+00:00,KXBTCD-26MAR3007-T67499.99,0,64.0,3.84,2026-03-30,3.84,0.0,-4.1,KXBTCD
KXBTC15M-26MAR300700,2.1962,yes,109.24,48.4434,0,2026-03-30 11:00:07.982368+00:00,KXBTC15M-26MAR300700-00,100,109.24,104.8704,2026-03-30,153.31380000000001,109.24,-46.27000000000002,KXBTC15M
KXBTC15M-26MAR300645,1.4423,no,20.83,14.581,0,2026-03-30 10:45:07.979422+00:00,KXBTC15M-26MAR300645-45,0,107.45,19.9867,2026-03-30,34.5677,20.83,-15.180000000000003,KXBTC15M
KXBTC15M-26MAR300630,4.3361,no,265.49,97.9539,26549,2026-03-30 10:30:07.887173+00:00,KXBTC15M-26MAR300630-30,0,0.0,0.0,2026-03-30,97.9539,265.49,163.20000000000002,KXBTC15M
KXBTC15M-26MAR300615,2.66724,no,169.24,167.37836,0,2026-03-30 10:15:07.984402+00:00,KXBTC15M-26MAR300615-15,0,169.24,52.4344,2026-03-30,219.81275999999997,169.24,-53.23999999999996,KXBTC15M
KXBTC15M-26MAR300600,2.715,no,154.61,77.305,15461,2026-03-30 10:00:07.981285+00:00,KXBTC15M-26MAR300600-00,0,0.0,0.0,2026-03-30,77.305,154.61,74.59,KXBTC15M
KXBTC15M-26MAR300545,17.0657,yes,0.0,0.0,98055,2026-03-30 09:45:07.878794+00:00,KXBTC15M-26MAR300545-45,100,980.55,472.6143,2026-03-30,472.6143,980.55,490.86999999999995,KXBTC15M
KXBTC15M-26MAR300530,17.8514,no,0.0,0.0,0,2026-03-30 09:30:07.889855+00:00,KXBTC15M-26MAR300530-30,0,1026.41,472.1486,2026-03-30,472.1486,0.0,-490.0,KXBTC15M
KXBTC15M-26MAR300515,9.06,no,0.0,0.0,0,2026-03-30 09:15:07.880770+00:00,KXBTC15M-26MAR300515-15,0,517.0,258.33,2026-03-30,258.33,0.0,-267.39,KXBTC15M
KXBTC15M-26MAR300500,25.89,no,775.0,305.0,0,2026-03-30 09:00:07.985787+00:00,KXBTC15M-26MAR300500-00,0,775.0,326.74,2026-03-30,631.74,775.0,117.36999999999999,KXBTC15M
KXBTC15M-26MAR300445,19.7961,no,390.99,152.4861,0,2026-03-30 08:45:07.880826+00:00,KXBTC15M-26MAR300445-45,0,762.47,377.6278,2026-03-30,530.1139,390.99,-158.91999999999993,KXBTC15M
KXBTC15M-26MAR300430,6.5204,no,371.12,361.807,0,2026-03-30 08:30:07.981106+00:00,KXBTC15M-26MAR300430-30,0,371.12,147.0326,2026-03-30,508.8396,371.12,-144.24,KXBTC15M
KXBTCD-26MAR3004,2.27,yes,0.0,0.0,13400,2026-03-30 08:02:28.118526+00:00,KXBTCD-26MAR3004-T67499.99,100,134.0,78.76,2026-03-30,78.76,134.0,52.96999999999999,KXBTCD
KXBTC15M-26MAR300400,2.1416,yes,132.44,47.6584,0,2026-03-30 08:00:07.986454+00:00,KXBTC15M-26MAR300400-00,100,0.0,0.0,2026-03-30,47.6584,0.0,-49.8,KXBTC15M
KXBTC15M-26MAR300345,2.6864,no,53.41,18.1594,0,2026-03-30 07:45:07.885195+00:00,KXBTC15M-26MAR300345-45,0,105.65,51.5442,2026-03-30,69.7036,53.41,-18.979999999999997,KXBTC15M
KXBTC15M-26MAR300330,1.6796,no,168.82,126.7004,16882,2026-03-30 07:30:07.990904+00:00,KXBTC15M-26MAR300330-30,0,0.0,0.0,2026-03-30,126.7004,168.82,40.43999999999999,KXBTC15M
KXBTC15M-26MAR300315,3.17558,yes,141.94,12.49072,0,2026-03-30 07:15:07.986420+00:00,KXBTC15M-26MAR300315-15,100,141.94,55.7637,2026-03-30,68.25442,141.94,70.51,KXBTC15M
KXBTC15M-26MAR300300,0.0,no,0.0,0.0,0,2026-03-30 07:08:21.087515+00:00,KXBTC15M-26MAR300300-00,0,0.0,0.0,2026-03-30,0.0,0.0,0.0,KXBTC15M
KXBTC15M-26MAR300245,1.02,yes,0.0,0.0,5800,2026-03-30 06:45:07.890558+00:00,KXBTC15M-26MAR300245-45,100,58.0,30.08,2026-03-30,30.08,58.0,26.900000000000002,KXBTC15M
KXBTC15M-26MAR300230,0.548,no,58.0,56.782,0,2026-03-30 06:30:07.880500+00:00,KXBTC15M-26MAR300230-30,0,58.0,7.54,2026-03-30,64.322,58.0,-6.870000000000003,KXBTC15M
KXBTC15M-26MAR300215,5.0311,no,287.65,145.1289,28765,2026-03-30 06:15:07.935603+00:00,KXBTC15M-26MAR300215-15,0,0.0,0.0,2026-03-30,145.1289,287.65,137.48999999999998,KXBTC15M
KXBTC15M-26MAR300200,2.6459,no,0.0,0.0,0,2026-03-30 06:00:07.990173+00:00,KXBTC15M-26MAR300200-00,0,170.77,56.3541,2026-03-30,56.3541,0.0,-59.0,KXBTC15M
KXBTC15M-26MAR300145,1.6712,no,0.0,0.0,0,2026-03-30 05:45:07.886469+00:00,KXBTC15M-26MAR300145-45,0,109.09,34.9088,2026-03-30,34.9088,0.0,-36.58,KXBTC15M
KXBTC15M-26MAR300115,0.69,yes,0.0,0.0,4000,2026-03-30 05:15:07.985168+00:00,KXBTC15M-26MAR300115-15,100,40.0,22.4,2026-03-30,22.4,40.0,16.91,KXBTC15M
KXBTC15M-26MAR300045,0.62906,no,26.82,14.7576,0,2026-03-30 04:45:07.886515+00:00,KXBTC15M-26MAR300045-45,0,26.82,2.33334,2026-03-30,17.09094,26.82,9.100000000000001,KXBTC15M
KXBTC15M-26MAR300030,8.22,yes,105.0,42.0,26500,2026-03-30 04:30:08.039935+00:00,KXBTC15M-26MAR300030-30,100,370.0,199.65,2026-03-30,241.65,370.0,120.13,KXBTC15M
KXBTC15M-26MAR300015,4.3255,yes,312.53,102.4845,0,2026-03-30 04:15:07.887953+00:00,KXBTC15M-26MAR300015-15,100,0.0,0.0,2026-03-30,102.4845,0.0,-106.81,KXBTC15M
KXBTC15M-26MAR300000,2.59631,no,95.72,84.2336,0,2026-03-30 04:00:16.845980+00:00,KXBTC15M-26MAR300000-00,0,220.13,42.43009,2026-03-30,126.66369,95.72,-33.540000000000006,KXBTC15M
KXBTC15M-26MAR292000,0.0638,no,0.0,0.0,0,2026-03-30 00:00:12.293719+00:00,KXBTC15M-26MAR292000-00,0,3.66,2.0862,2026-03-30,2.0862,0.0,-2.15,KXBTC15M
KXBTC15M-26MAR291930,1.2436,no,87.86,86.8714,0,2026-03-29 23:30:12.260737+00:00,KXBTC15M-26MAR291930-30,0,87.86,65.515,2026-03-29,152.38639999999998,87.86,-65.76999999999998,KXBTC15M
KXBTC15M-26MAR291915,6.5449,yes,193.27,79.4634,6732,2026-03-29 23:15:08.151139+00:00,KXBTC15M-26MAR291915-15,100,260.59,199.4617,2026-03-29,278.9251,260.59,-24.88000000000001,KXBTC15M
KXBTC15M-26MAR291900,0.7417,yes,0.0,0.0,9282,2026-03-29 23:00:08.440746+00:00,KXBTC15M-26MAR291900-00,100,92.82,80.7783,2026-03-29,80.7783,92.82,11.299999999999992,KXBTC15M
KXBTC15M-26MAR291800,1.0348,yes,83.24,19.1452,0,2026-03-29 22:00:07.936631+00:00,KXBTC15M-26MAR291800-00,100,0.0,0.0,2026-03-29,19.1452,0.0,-20.18,KXBTC15M
KXBTC15M-26MAR291745,4.546,no,155.04,41.8608,0,2026-03-29 21:45:07.890376+00:00,KXBTC15M-26MAR291745-45,0,155.04,51.1632,2026-03-29,93.024,155.04,57.46999999999999,KXBTC15M
KXBTC15M-26MAR291730,0.0,yes,0.0,0.0,0,2026-03-29 21:30:07.886715+00:00,KXBTC15M-26MAR291730-30,100,0.0,0.0,2026-03-29,0.0,0.0,0.0,KXBTC15M
KXBTC15M-26MAR291700,3.9851,yes,0.0,0.0,23891,2026-03-29 21:00:07.987565+00:00,KXBTC15M-26MAR291700-00,100,238.91,93.1749,2026-03-29,93.1749,238.91,141.75,KXBTC15M
KXBTC15M-26MAR291645,3.9973,no,0.0,0.0,0,2026-03-29 20:45:08.035084+00:00,KXBTC15M-26MAR291645-45,0,239.93,93.5727,2026-03-29,93.5727,0.0,-97.57,KXBTC15M
KXBTC15M-26MAR291615,0.03834,yes,37.82,0.49166,0,2026-03-29 20:15:07.988560+00:00,KXBTC15M-26MAR291615-15,100,0.0,0.0,2026-03-29,0.49166,0.0,-0.53,KXBTC15M
KXBTC15M-26MAR291545,0.8604,no,0.0,0.0,0,2026-03-29 19:45:07.891412+00:00,KXBTC15M-26MAR291545-45,0,51.64,20.1396,2026-03-29,20.1396,0.0,-21.0,KXBTC15M
KXBTC15M-26MAR291530,4.73916,no,248.36,230.72644,0,2026-03-29 19:30:07.986148+00:00,KXBTC15M-26MAR291530-30,0,248.36,72.0244,2026-03-29,302.75084,248.36,-59.12999999999997,KXBTC15M
KXBTC15M-26MAR291500,1.0856,no,80.44,20.9144,8044,2026-03-29 19:00:07.987584+00:00,KXBTC15M-26MAR291500-00,0,0.0,0.0,2026-03-29,20.9144,80.44,58.44,KXBTC15M
KXBTC15M-26MAR291430,0.1992,no,20.12,16.9008,2012,2026-03-29 18:30:07.985139+00:00,KXBTC15M-26MAR291430-30,0,0.0,0.0,2026-03-29,16.9008,20.12,3.020000000000001,KXBTC15M
KXF1RACE-JAPGP26,1.13,no,0.0,0.0,0,2026-03-29 12:05:28.354854+00:00,KXF1RACE-JAPGP26-PIA,0,172.0,17.73,2026-03-29,17.73,0.0,-18.86,KXF1RACE
KXBTC15M-26MAR290745,1.1238,yes,30.24,8.36,1802,2026-03-29 11:45:07.986531+00:00,KXBTC15M-26MAR290745-45,100,48.26,27.1962,2026-03-29,35.556200000000004,48.26,11.579999999999995,KXBTC15M
KXBTC15M-26MAR290730,1.9454,yes,93.69,37.476,0,2026-03-29 11:30:07.883216+00:00,KXBTC15M-26MAR290730-30,100,93.69,88.0686,2026-03-29,125.5446,93.69,-33.800000000000004,KXBTC15M
KXBTC15M-26MAR290700,3.3909,no,124.81,46.1199,3747,2026-03-29 11:00:07.884795+00:00,KXBTC15M-26MAR290700-00,0,87.34,56.2592,2026-03-29,102.3791,124.81,19.04000000000001,KXBTC15M
KXBTC15M-26MAR290645,6.396,yes,237.48,63.5082,0,2026-03-29 10:45:07.888981+00:00,KXBTC15M-26MAR290645-45,100,187.38,76.8258,2026-03-29,140.334,187.38,40.64999999999999,KXBTC15M
KXBTC15M-26MAR290630,5.0744,no,150.38,46.6178,0,2026-03-29 10:30:07.980466+00:00,KXBTC15M-26MAR290630-30,0,168.66,68.8678,2026-03-29,115.4856,150.38,29.81999999999999,KXBTC15M
KXBTC15M-26MAR290615,1.78528,no,138.36,136.81752,0,2026-03-29 10:15:07.882962+00:00,KXBTC15M-26MAR290615-15,0,138.36,34.9372,2026-03-29,171.75472,138.36,-35.17999999999998,KXBTC15M
KXBTC15M-26MAR290600,4.7919,yes,134.98,47.0951,3593,2026-03-29 10:00:07.880610+00:00,KXBTC15M-26MAR290600-00,100,170.91,111.753,2026-03-29,158.8481,170.91,7.2700000000000085,KXBTC15M
KXBTC15M-26MAR290545,6.6143,no,330.75,141.6461,2863,2026-03-29 09:45:07.983878+00:00,KXBTC15M-26MAR290545-45,0,302.12,23.6696,2026-03-29,165.3157,330.75,158.82,KXBTC15M
KXBTC15M-26MAR290530,9.94152,yes,423.54,318.4996,1961,2026-03-29 09:30:07.983365+00:00,KXBTC15M-26MAR290530-30,100,443.15,231.22888,2026-03-29,549.72848,443.15,-116.52000000000001,KXBTC15M
KXBTC15M-26MAR290515,4.72,no,281.0,166.38,13600,2026-03-29 09:15:07.878708+00:00,KXBTC15M-26MAR290515-15,0,145.0,26.25,2026-03-29,192.63,281.0,83.65,KXBTC15M
KXBTC15M-26MAR290500,2.92136,no,116.0,90.90514,0,2026-03-29 09:00:07.881737+00:00,KXBTC15M-26MAR290500-00,0,116.0,44.5235,2026-03-29,135.42864,116.0,-22.35,KXBTC15M
KXBTC15M-26MAR290445,0.032,yes,15.6,0.468,0,2026-03-29 08:45:07.983905+00:00,KXBTC15M-26MAR290445-45,100,0.0,0.0,2026-03-29,0.468,0.0,-0.5,KXBTC15M
KXBTC15M-26MAR290430,15.3088,yes,0.0,0.0,87488,2026-03-29 08:30:07.882794+00:00,KXBTC15M-26MAR290430-30,100,874.88,428.6912,2026-03-29,428.6912,874.88,430.88,KXBTC15M
KXBTC15M-26MAR290415,15.22179,no,473.78,89.0382,0,2026-03-29 08:15:07.886115+00:00,KXBTC15M-26MAR290415-15,0,876.49,610.95001,2026-03-29,699.98821,473.78,-241.43,KXBTC15M
KXBTC15M-26MAR290400,3.6058,yes,206.03,98.8442,0,2026-03-29 08:00:07.883400+00:00,KXBTC15M-26MAR290400-00,100,0.0,0.0,2026-03-29,98.8442,0.0,-102.45,KXBTC15M
KXBTC15M-26MAR290345,14.183,no,302.13,75.5325,0,2026-03-29 07:45:07.980217+00:00,KXBTC15M-26MAR290345-45,0,588.53,289.4145,2026-03-29,364.947,302.13,-77.0,KXBTC15M
KXBTC15M-26MAR290330,2.4273,yes,93.44,13.0816,0,2026-03-29 07:30:07.985512+00:00,KXBTC15M-26MAR290330-30,100,93.44,48.4411,2026-03-29,61.5227,93.44,29.49,KXBTC15M
KXBTC15M-26MAR290015,0.0,yes,0.0,0.0,0,2026-03-29 04:15:07.990363+00:00,KXBTC15M-26MAR290015-15,100,0.0,0.0,2026-03-29,0.0,0.0,0.0,KXBTC15M
KXBTC15M-26MAR290000,38.2926,no,1432.57,743.139,36113,2026-03-29 04:00:43.588360+00:00,KXBTC15M-26MAR290000-00,0,1071.44,385.6184,2026-03-29,1128.7574,1432.57,265.52,KXBTC15M
KXBTC15M-26MAR282345,5.727,no,403.39,289.443,40339,2026-03-29 03:45:17.937061+00:00,KXBTC15M-26MAR282345-45,0,0.0,0.0,2026-03-29,289.443,403.39,108.22,KXBTC15M
KXBTC15M-26MAR282330,11.9823,yes,2168.83,187.3977,0,2026-03-29 03:30:18.590124+00:00,KXBTC15M-26MAR282330-30,100,0.0,0.0,2026-03-29,187.3977,0.0,-199.38,KXBTC15M
KXBTC15M-26MAR282315,4.431,yes,255.58,140.269,0,2026-03-29 03:15:17.316578+00:00,KXBTC15M-26MAR282315-15,100,0.0,0.0,2026-03-29,140.269,0.0,-144.70000000000002,KXBTC15M
KXBTC15M-26MAR282215,0.0,yes,0.0,0.0,0,2026-03-29 02:15:15.047842+00:00,KXBTC15M-26MAR282215-15,100,0.0,0.0,2026-03-29,0.0,0.0,0.0,KXBTC15M
KXBTC15M-26MAR282200,2.1088,yes,0.0,0.0,13834,2026-03-29 02:00:14.240931+00:00,KXBTC15M-26MAR282200-00,100,138.34,94.0712,2026-03-29,94.0712,138.34,42.16,KXBTC15M
KXBTC15M-26MAR282130,4.1364,no,173.3,67.8504,10196,2026-03-29 01:30:14.339176+00:00,KXBTC15M-26MAR282130-30,0,71.34,33.6932,2026-03-29,101.5436,173.3,67.62000000000002,KXBTC15M
KXBTC15M-26MAR282115,0.2688,yes,0.0,0.0,3549,2026-03-29 01:15:13.543343+00:00,KXBTC15M-26MAR282115-15,100,35.49,31.2312,2026-03-29,31.2312,35.49,3.9900000000000007,KXBTC15M
KXBTC15M-26MAR282100,0.2756,yes,0.0,0.0,3150,2026-03-29 01:00:15.092017+00:00,KXBTC15M-26MAR282100-00,100,31.5,27.0244,2026-03-29,27.0244,31.5,4.2,KXBTC15M
KXBTC15M-26MAR282000,1.6447,no,126.23,95.1953,12623,2026-03-29 00:00:10.888036+00:00,KXBTC15M-26MAR282000-00,0,0.0,0.0,2026-03-29,95.1953,126.23,29.39,KXBTC15M
KXBTC15M-26MAR281930,1.6656,no,94.78,45.4944,9478,2026-03-28 23:30:10.131309+00:00,KXBTC15M-26MAR281930-30,0,0.0,0.0,2026-03-28,45.4944,94.78,47.620000000000005,KXBTC15M
KXBTC15M-26MAR281845,0.4143,no,0.0,0.0,0,2026-03-28 22:45:10.009414+00:00,KXBTC15M-26MAR281845-45,0,24.01,13.6857,2026-03-28,13.6857,0.0,-14.100000000000001,KXBTC15M
KXBTC15M-26MAR281630,8.304,no,503.59,191.176,50359,2026-03-28 20:30:07.888413+00:00,KXBTC15M-26MAR281630-30,0,0.0,0.0,2026-03-28,191.176,503.59,304.11,KXBTC15M
KXBTC15M-26MAR281615,7.58,yes,593.0,142.32,0,2026-03-28 20:15:07.900799+00:00,KXBTC15M-26MAR281615-15,100,0.0,0.0,2026-03-28,142.32,0.0,-149.9,KXBTC15M
KXBTC15M-26MAR281600,5.4762,yes,314.98,144.4238,0,2026-03-28 20:00:08.240830+00:00,KXBTC15M-26MAR281600-00,100,0.0,0.0,2026-03-28,144.4238,0.0,-149.9,KXBTC15M
KXBTC15M-26MAR281545,1.7661,no,0.0,0.0,0,2026-03-28 19:45:07.988335+00:00,KXBTC15M-26MAR281545-45,0,134.13,100.4739,2026-03-28,100.4739,0.0,-102.24,KXBTC15M
KXBTC15M-26MAR281530,1.78,yes,0.0,0.0,10200,2026-03-28 19:30:07.989711+00:00,KXBTC15M-26MAR281530-30,100,102.0,47.94,2026-03-28,47.94,102.0,52.28,KXBTC15M
KXBTC15M-26MAR281515,0.82,no,50.0,18.44,5000,2026-03-28 19:15:07.892291+00:00,KXBTC15M-26MAR281515-15,0,0.0,0.0,2026-03-28,18.44,50.0,30.74,KXBTC15M
KXBTC15M-26MAR281500,0.19,no,19.0,15.77,1900,2026-03-28 19:00:07.993687+00:00,KXBTC15M-26MAR281500-00,0,0.0,0.0,2026-03-28,15.77,19.0,3.0400000000000005,KXBTC15M
KXBTC15M-26MAR281445,0.28,yes,0.0,0.0,1600,2026-03-28 18:45:07.891790+00:00,KXBTC15M-26MAR281445-45,100,16.0,6.92,2026-03-28,6.92,16.0,8.8,KXBTC15M
KXBTC15M-26MAR281430,1.445,no,71.0,63.365,700,2026-03-28 18:30:07.991819+00:00,KXBTC15M-26MAR281430-30,0,64.0,19.84,2026-03-28,83.205,71.0,-13.649999999999999,KXBTC15M
KXBTC15M-26MAR281415,0.61,yes,64.0,10.24,0,2026-03-28 18:15:07.989847+00:00,KXBTC15M-26MAR281415-15,100,0.0,0.0,2026-03-28,10.24,0.0,-10.85,KXBTC15M
KXBTC15M-26MAR281400,0.73,yes,34.0,2.21,0,2026-03-28 18:00:07.885200+00:00,KXBTC15M-26MAR281400-00,100,34.0,13.6,2026-03-28,15.809999999999999,34.0,17.46,KXBTC15M
KXBTC15M-26MAR281215,2.0052,yes,0.0,0.0,11828,2026-03-28 16:15:08.042869+00:00,KXBTC15M-26MAR281215-15,100,118.28,48.4948,2026-03-28,48.4948,118.28,67.78,KXBTC15M
KXBTC15M-26MAR280415,0.02,no,0.0,0.0,0,2026-03-28 08:15:07.879729+00:00,KXBTC15M-26MAR280415-15,0,1.0,0.25,2026-03-28,0.25,0.0,-0.27,KXBTC15M
KXBTC15M-26MAR280400,1.22,yes,72.0,28.76,0,2026-03-28 08:00:07.883914+00:00,KXBTC15M-26MAR280400-00,100,0.0,0.0,2026-03-28,28.76,0.0,-29.98,KXBTC15M
KXBTC15M-26MAR280345,0.79,no,0.0,0.0,0,2026-03-28 07:45:07.887426+00:00,KXBTC15M-26MAR280345-45,0,49.0,17.2,2026-03-28,17.2,0.0,-17.99,KXBTC15M
KXBTC15M-26MAR280330,0.48,yes,34.0,8.98,0,2026-03-28 07:30:07.884245+00:00,KXBTC15M-26MAR280330-30,100,0.0,0.0,2026-03-28,8.98,0.0,-9.46,KXBTC15M
KXBTC15M-26MAR280315,14.11,yes,0.0,0.0,80900,2026-03-28 07:15:07.885556+00:00,KXBTC15M-26MAR280315-15,100,809.0,428.77,2026-03-28,428.77,809.0,366.12,KXBTC15M
KXBTC15M-26MAR280300,2.888,no,0.0,0.0,0,2026-03-28 07:08:38.892845+00:00,KXBTC15M-26MAR280300-00,0,565.0,44.772,2026-03-28,44.772,0.0,-47.66,KXBTC15M
KXBTC15M-26MAR280245,10.79,no,0.0,0.0,0,2026-03-28 06:45:07.883238+00:00,KXBTC15M-26MAR280245-45,0,658.0,288.94,2026-03-28,288.94,0.0,-299.73,KXBTC15M
KXBTC15M-26MAR280230,1.912,yes,200.0,19.584,0,2026-03-28 06:30:08.188850+00:00,KXBTC15M-26MAR280230-30,100,128.0,117.724,2026-03-28,137.308,128.0,-11.219999999999992,KXBTC15M
KXBTC15M-26MAR280215,18.92,yes,431.0,221.32,30900,2026-03-28 06:15:08.038771+00:00,KXBTC15M-26MAR280215-15,100,740.0,344.6,2026-03-28,565.9200000000001,740.0,155.1599999999999,KXBTC15M
KXBTC15M-26MAR280145,0.716,no,151.0,140.444,15000,2026-03-28 05:45:07.940869+00:00,KXBTC15M-26MAR280145-45,0,1.0,0.28,2026-03-28,140.724,151.0,9.560000000000011,KXBTC15M
KXBTC15M-26MAR280115,0.58,no,10.0,2.6,0,2026-03-28 05:15:07.991114+00:00,KXBTC15M-26MAR280115-15,0,46.0,10.22,2026-03-28,12.82,10.0,-3.4000000000000004,KXBTC15M
KXBTC15M-26MAR280100,1.28,no,0.0,0.0,0,2026-03-28 05:00:07.940333+00:00,KXBTC15M-26MAR280100-00,0,75.0,31.5,2026-03-28,31.5,0.0,-32.78,KXBTC15M
KXBTC15M-26MAR280045,2.32,no,142.0,52.54,14200,2026-03-28 04:45:08.036004+00:00,KXBTC15M-26MAR280045-45,0,0.0,0.0,2026-03-28,52.54,142.0,87.14000000000001,KXBTC15M
KXBTC15M-26MAR280030,0.0,yes,0.0,0.0,0,2026-03-28 04:30:08.234833+00:00,KXBTC15M-26MAR280030-30,100,0.0,0.0,2026-03-28,0.0,0.0,0.0,KXBTC15M
KXBTC15M-26MAR280000,0.96,no,0.0,0.0,0,2026-03-28 04:02:09.261385+00:00,KXBTC15M-26MAR280000-00,0,61.0,20.74,2026-03-28,20.74,0.0,-21.7,KXBTC15M
KXBTC15M-26MAR272345,1.754,yes,313.0,35.226,0,2026-03-28 03:45:11.040870+00:00,KXBTC15M-26MAR272345-45,100,0.0,0.0,2026-03-28,35.226,0.0,-36.98,KXBTC15M
KXBTC15M-26MAR272330,0.6,yes,0.0,0.0,6000,2026-03-28 03:30:10.087981+00:00,KXBTC15M-26MAR272330-30,100,60.0,49.8,2026-03-28,49.8,60.0,9.600000000000003,KXBTC15M
KXBTC15M-26MAR272315,2.829,yes,603.0,45.071,0,2026-03-28 03:15:10.191801+00:00,KXBTC15M-26MAR272315-15,100,0.0,0.0,2026-03-28,45.071,0.0,-47.9,KXBTC15M
KXBTC15M-26MAR272300,1.81,yes,111.0,70.38,0,2026-03-28 03:00:11.090192+00:00,KXBTC15M-26MAR272300-00,100,0.0,0.0,2026-03-28,70.38,0.0,-72.19,KXBTC15M
KXBTC15M-26MAR272245,3.71,no,200.0,174.0,7100,2026-03-28 02:45:12.402668+00:00,KXBTC15M-26MAR272245-45,0,129.0,47.73,2026-03-28,221.73,200.0,-25.43999999999999,KXBTC15M
KXBTC15M-26MAR272230,0.616,no,0.0,0.0,0,2026-03-28 02:30:07.884906+00:00,KXBTC15M-26MAR272230-30,0,55.0,14.784,2026-03-28,14.784,0.0,-15.4,KXBTC15M
KXBTC15M-26MAR272215,1.166,yes,202.0,14.072,0,2026-03-28 02:15:15.768327+00:00,KXBTC15M-26MAR272215-15,100,128.0,124.352,2026-03-28,138.424,128.0,-11.590000000000007,KXBTC15M
KXBTC15M-26MAR272015,0.12,no,0.0,0.0,0,2026-03-28 00:15:07.893764+00:00,KXBTC15M-26MAR272015-15,0,7.0,2.87,2026-03-28,2.87,0.0,-2.99,KXBTC15M
KXBTC15M-26MAR272000,1.629,yes,143.0,29.521,0,2026-03-28 00:00:17.939776+00:00,KXBTC15M-26MAR272000-00,100,0.0,0.0,2026-03-28,29.521,0.0,-31.150000000000002,KXBTC15M
KXBTC15M-26MAR271945,0.6,yes,0.0,0.0,3400,2026-03-27 23:45:07.936250+00:00,KXBTC15M-26MAR271945-45,100,34.0,16.32,2026-03-27,16.32,34.0,17.08,KXBTC15M
KXBTC15M-26MAR271915,1.78,yes,0.0,0.0,11700,2026-03-27 23:15:07.931630+00:00,KXBTC15M-26MAR271915-15,100,117.0,37.27,2026-03-27,37.27,117.0,77.94999999999999,KXBTC15M
KXBTC15M-26MAR271230,0.03,no,0.0,0.0,0,2026-03-27 16:30:07.888494+00:00,KXBTC15M-26MAR271230-30,0,2.0,0.6,2026-03-27,0.6,0.0,-0.63,KXBTC15M
KXBTC15M-26MAR270545,0.013,no,0.0,0.0,0,2026-03-27 09:45:07.883035+00:00,KXBTC15M-26MAR270545-45,0,1.0,0.057,2026-03-27,0.057,0.0,-0.07,KXBTC15M
KXBTC15M-26MAR270530,0.45,yes,27.0,9.99,0,2026-03-27 09:30:07.880818+00:00,KXBTC15M-26MAR270530-30,100,0.0,0.0,2026-03-27,9.99,0.0,-10.44,KXBTC15M
KXBTC15M-26MAR270500,0.5,yes,0.0,0.0,3000,2026-03-27 09:00:07.885791+00:00,KXBTC15M-26MAR270500-00,100,30.0,18.6,2026-03-27,18.6,30.0,10.899999999999999,KXBTC15M
KXBTC15M-26MAR270430,0.014,no,0.0,0.0,0,2026-03-27 08:30:07.885299+00:00,KXBTC15M-26MAR270430-30,0,2.0,0.176,2026-03-27,0.176,0.0,-0.19,KXBTC15M
KXBTC15M-26MAR270415,0.32,no,0.0,0.0,0,2026-03-27 08:15:07.883602+00:00,KXBTC15M-26MAR270415-15,0,22.0,15.81,2026-03-27,15.81,0.0,-16.13,KXBTC15M
KXBTC15M-26MAR270400,4.61,no,264.0,134.05,26400,2026-03-27 08:00:07.884579+00:00,KXBTC15M-26MAR270400-00,0,0.0,0.0,2026-03-27,134.05,264.0,125.33999999999999,KXBTC15M
KXBTC15M-26MAR270345,0.448,no,0.0,0.0,0,2026-03-27 07:45:07.888114+00:00,KXBTC15M-26MAR270345-45,0,132.0,6.692,2026-03-27,6.692,0.0,-7.140000000000001,KXBTC15M
KXBTC15M-26MAR270330,5.19,yes,463.0,92.5,0,2026-03-27 07:30:07.887964+00:00,KXBTC15M-26MAR270330-30,100,0.0,0.0,2026-03-27,92.5,0.0,-97.69,KXBTC15M
KXBTC15M-26MAR270315,1.06,yes,60.0,28.74,0,2026-03-27 07:15:07.985179+00:00,KXBTC15M-26MAR270315-15,100,0.0,0.0,2026-03-27,28.74,0.0,-29.799999999999997,KXBTC15M
KXBTC15M-26MAR270300,2.14,no,0.0,0.0,0,2026-03-27 07:08:44.030051+00:00,KXBTC15M-26MAR270300-00,0,131.0,49.16,2026-03-27,49.16,0.0,-51.3,KXBTC15M
KXBTC15M-26MAR270245,0.72,no,0.0,0.0,0,2026-03-27 06:45:07.885086+00:00,KXBTC15M-26MAR270245-45,0,52.0,14.01,2026-03-27,14.01,0.0,-14.73,KXBTC15M
KXBTC15M-26MAR270230,2.5,yes,40.0,19.2,9200,2026-03-27 06:30:08.036186+00:00,KXBTC15M-26MAR270230-30,100,132.0,94.56,2026-03-27,113.76,132.0,15.739999999999995,KXBTC15M
KXBTC15M-26MAR270215,0.55,yes,49.0,9.8,0,2026-03-27 06:15:07.985419+00:00,KXBTC15M-26MAR270215-15,100,0.0,0.0,2026-03-27,9.8,0.0,-10.350000000000001,KXBTC15M
KXBTC15M-26MAR270200,1.59,yes,0.0,0.0,9100,2026-03-27 06:00:08.039607+00:00,KXBTC15M-26MAR270200-00,100,91.0,42.37,2026-03-27,42.37,91.0,47.04,KXBTC15M
KXBTC15M-26MAR270145,4.99,yes,203.0,43.1,4300,2026-03-27 05:45:07.990880+00:00,KXBTC15M-26MAR270145-45,100,246.0,199.45,2026-03-27,242.54999999999998,246.0,-1.5399999999999832,KXBTC15M
KXBTC15M-26MAR270130,0.77,no,44.0,23.76,4400,2026-03-27 05:30:07.997603+00:00,KXBTC15M-26MAR270130-30,0,0.0,0.0,2026-03-27,23.76,44.0,19.47,KXBTC15M
KXBTC15M-26MAR270115,0.148,yes,102.0,2.142,0,2026-03-27 05:15:07.985395+00:00,KXBTC15M-26MAR270115-15,100,0.0,0.0,2026-03-27,2.142,0.0,-2.29,KXBTC15M
KXBTC15M-26MAR270100,1.7,yes,0.0,0.0,12600,2026-03-27 05:00:07.986853+00:00,KXBTC15M-26MAR270100-00,100,126.0,93.24,2026-03-27,93.24,126.0,31.060000000000006,KXBTC15M
KXBTC15M-26MAR262100,1.36,yes,0.0,0.0,18300,2026-03-27 01:00:17.935709+00:00,KXBTC15M-26MAR262100-00,100,183.0,161.04,2026-03-27,161.04,183.0,20.60000000000001,KXBTC15M
KXBTC15M-26MAR262045,2.63,no,150.0,78.0,15000,2026-03-27 00:45:07.984709+00:00,KXBTC15M-26MAR262045-45,0,0.0,0.0,2026-03-27,78.0,150.0,69.37,KXBTC15M
KXBTC15M-26MAR262030,0.3673,no,0.0,0.0,0,2026-03-27 00:30:07.938461+00:00,KXBTC15M-26MAR262030-30,0,28.0,7.6727,2026-03-27,7.6727,0.0,-8.04,KXBTC15M
KXBTC15M-26MAR261700,1.94,no,0.0,0.0,0,2026-03-26 21:00:17.988349+00:00,KXBTC15M-26MAR261700-00,0,129.0,39.99,2026-03-26,39.99,0.0,-41.93,KXBTC15M
KXBTC15M-26MAR261630,0.0635,no,0.0,0.0,0,2026-03-26 20:30:07.896527+00:00,KXBTC15M-26MAR261630-30,0,3.45,1.2565,2026-03-26,1.2565,0.0,-1.3199999999999998,KXBTC15M
KXBTC15M-26MAR261600,1.25,no,0.0,0.0,0,2026-03-26 20:00:07.889251+00:00,KXBTC15M-26MAR261600-00,0,76.0,28.12,2026-03-26,28.12,0.0,-29.37,KXBTC15M
KXBTC15M-26MAR261530,3.77,no,330.0,262.23,33000,2026-03-26 19:30:07.937624+00:00,KXBTC15M-26MAR261530-30,0,0.0,0.0,2026-03-26,262.23,330.0,63.99999999999998,KXBTC15M
KXBTC15M-26MAR261515,3.38,no,193.0,96.5,19300,2026-03-26 19:15:07.892873+00:00,KXBTC15M-26MAR261515-15,0,0.0,0.0,2026-03-26,96.5,193.0,93.12,KXBTC15M
KXBTC15M-26MAR261330,1.73,yes,0.0,0.0,14600,2026-03-26 17:30:07.887098+00:00,KXBTC15M-26MAR261330-30,100,146.0,114.53,2026-03-26,114.53,146.0,29.74,KXBTC15M
KXBTC15M-26MAR261315,1.31,yes,0.0,0.0,8200,2026-03-26 17:15:07.940680+00:00,KXBTC15M-26MAR261315-15,100,82.0,53.3,2026-03-26,53.3,82.0,27.390000000000004,KXBTC15M
KXBTC15M-26MAR261300,0.85,yes,0.0,0.0,11400,2026-03-26 17:00:07.887679+00:00,KXBTC15M-26MAR261300-00,100,114.0,100.32,2026-03-26,100.32,114.0,12.830000000000007,KXBTC15M
KXBTC15M-26MAR261245,0.88,yes,0.0,0.0,5000,2026-03-26 16:45:07.933616+00:00,KXBTC15M-26MAR261245-45,100,50.0,24.0,2026-03-26,24.0,50.0,25.12,KXBTC15M
KXBTC15M-26MAR261230,0.92,no,53.0,23.85,5300,2026-03-26 16:30:07.884775+00:00,KXBTC15M-26MAR261230-30,0,0.0,0.0,2026-03-26,23.85,53.0,28.229999999999997,KXBTC15M
KXBTC15M-26MAR261215,0.59,no,49.0,38.22,4900,2026-03-26 16:15:17.889529+00:00,KXBTC15M-26MAR261215-15,0,0.0,0.0,2026-03-26,38.22,49.0,10.190000000000001,KXBTC15M
KXBTC15M-26MAR260815,0.52,yes,0.0,0.0,4000,2026-03-26 12:15:15.532261+00:00,KXBTC15M-26MAR260815-15,100,40.0,30.4,2026-03-26,30.4,40.0,9.080000000000002,KXBTC15M
KXBTC15M-26MAR260800,0.68,no,0.0,0.0,0,2026-03-26 12:00:15.682616+00:00,KXBTC15M-26MAR260800-00,0,43.0,14.62,2026-03-26,14.62,0.0,-15.299999999999999,KXBTC15M
KXBTC15M-26MAR260745,0.61,yes,0.0,0.0,4400,2026-03-26 11:45:15.582020+00:00,KXBTC15M-26MAR260745-45,100,44.0,32.08,2026-03-26,32.08,44.0,11.310000000000002,KXBTC15M
KXBTC15M-26MAR260730,0.56,no,32.0,17.98,3200,2026-03-26 11:30:15.680164+00:00,KXBTC15M-26MAR260730-30,0,0.0,0.0,2026-03-26,17.98,32.0,13.459999999999999,KXBTC15M
KXBTC15M-26MAR260715,0.17,yes,0.0,0.0,1800,2026-03-26 11:15:15.581192+00:00,KXBTC15M-26MAR260715-15,100,18.0,15.3,2026-03-26,15.3,18.0,2.5299999999999994,KXBTC15M
KXBTC15M-26MAR260700,4.0,no,230.0,108.86,23000,2026-03-26 11:00:15.530816+00:00,KXBTC15M-26MAR260700-00,0,0.0,0.0,2026-03-26,108.86,230.0,117.14,KXBTC15M
KXBTC15M-26MAR260645,18.182,no,782.0,621.47,0,2026-03-26 10:45:15.530924+00:00,KXBTC15M-26MAR260645-45,0,938.0,178.818,2026-03-26,800.288,782.0,-36.47000000000001,KXBTC15M
KXBTC15M-26MAR260630,0.58,yes,48.0,10.56,0,2026-03-26 10:30:15.529093+00:00,KXBTC15M-26MAR260630-30,100,0.0,0.0,2026-03-26,10.56,0.0,-11.14,KXBTC15M
KXBTC15M-26MAR260615,4.728,no,206.0,165.512,0,2026-03-26 10:15:15.580076+00:00,KXBTC15M-26MAR260615-15,0,206.0,53.34,2026-03-26,218.852,206.0,-17.580000000000005,KXBTC15M
KXBTC15M-26MAR260600,4.049,yes,0.0,0.0,58700,2026-03-26 10:00:15.529555+00:00,KXBTC15M-26MAR260600-00,100,587.0,492.521,2026-03-26,492.521,587.0,90.42999999999998,KXBTC15M
KXBTC15M-26MAR260545,2.518,no,0.0,0.0,0,2026-03-26 09:45:15.636345+00:00,KXBTC15M-26MAR260545-45,0,1006.0,37.222,2026-03-26,37.222,0.0,-39.74,KXBTC15M
KXBTC15M-26MAR260530,1.51,no,0.0,0.0,0,2026-03-26 09:30:15.579884+00:00,KXBTC15M-26MAR260530-30,0,118.0,28.32,2026-03-26,28.32,0.0,-29.830000000000002,KXBTC15M
KXBTC15M-26MAR260515,5.18,yes,35.0,24.5,55500,2026-03-26 09:15:15.526965+00:00,KXBTC15M-26MAR260515-15,100,590.0,511.54,2026-03-26,536.04,590.0,48.78000000000004,KXBTC15M
KXBTC15M-26MAR260200,1.77,no,0.0,0.0,0,2026-03-26 06:01:20.866279+00:00,KXBTC15M-26MAR260200-00,0,116.0,37.12,2026-03-26,37.12,0.0,-38.89,KXBTC15M
KXBTC15M-26MAR260145,1.7,no,0.0,0.0,0,2026-03-26 05:45:10.866832+00:00,KXBTC15M-26MAR260145-45,0,100.0,40.96,2026-03-26,40.96,0.0,-42.660000000000004,KXBTC15M
KXBTC15M-26MAR260130,2.84,yes,77.0,36.19,3600,2026-03-26 05:30:10.856697+00:00,KXBTC15M-26MAR260130-30,100,113.0,77.08,2026-03-26,113.27,113.0,-3.109999999999996,KXBTC15M
KXBTC15M-26MAR260115,2.08,no,0.0,0.0,0,2026-03-26 05:15:10.873010+00:00,KXBTC15M-26MAR260115-15,0,374.0,43.88,2026-03-26,43.88,0.0,-45.96,KXBTC15M
KXBTC15M-26MAR260100,1.243,no,0.0,0.0,0,2026-03-26 05:00:11.022278+00:00,KXBTC15M-26MAR260100-00,0,693.0,18.227,2026-03-26,18.227,0.0,-19.47,KXBTC15M
KXBTC15M-26MAR260000,6.43,yes,0.0,0.0,40900,2026-03-26 04:01:04.272082+00:00,KXBTC15M-26MAR260000-00,100,409.0,139.06,2026-03-26,139.06,409.0,263.51,KXBTC15M
