date,home,away,xg_h,xg_a,league
2022-08-05,Crystal Palace,Arsenal,1.206,1.436,EPL
2022-08-05,Lyon,Ajaccio,1.857,1.139,Ligue_1
2022-08-05,Eintracht Frankfurt,Bayern Munich,0.756,4.56,Bundesliga
2022-08-06,Wolfsburg,Werder Bremen,0.955,1.042,Bundesliga
2022-08-06,Strasbourg,Monaco,1.391,2.48,Ligue_1
2022-08-06,Union Berlin,Hertha Berlin,1.183,0.351,Bundesliga
2022-08-06,Borussia M.Gladbach,Hoffenheim,2.075,0.119,Bundesliga
2022-08-06,Bochum,Mainz 05,0.818,1.594,Bundesliga
2022-08-06,Augsburg,Freiburg,0.586,1.543,Bundesliga
2022-08-06,Borussia Dortmund,Bayer Leverkusen,2.383,1.236,Bundesliga
2022-08-06,Clermont Foot,Paris Saint Germain,0.195,4.119,Ligue_1
2022-08-06,Bournemouth,Aston Villa,0.588,0.489,EPL
2022-08-06,Leeds,Wolverhampton Wanderers,0.889,1.101,EPL
2022-08-06,Fulham,Liverpool,1.268,2.341,EPL
2022-08-06,Everton,Chelsea,0.542,1.923,EPL
2022-08-06,Tottenham,Southampton,1.617,0.387,EPL
2022-08-06,Newcastle United,Nottingham Forest,1.859,0.236,EPL
2022-08-07,Marseille,Reims,2.77,0.676,Ligue_1
2022-08-07,Angers,Nantes,1.916,1.147,Ligue_1
2022-08-07,West Ham,Manchester City,0.246,2.587,EPL
2022-08-07,Rennes,Lorient,1.405,0.706,Ligue_1
2022-08-07,Leicester,Brentford,0.456,0.931,EPL
2022-08-07,Manchester United,Brighton,1.421,1.729,EPL
2022-08-07,Toulouse,Nice,1.854,0.699,Ligue_1
2022-08-07,VfB Stuttgart,RasenBallsport Leipzig,0.565,2.132,Bundesliga
2022-08-07,FC Cologne,Schalke 04,4.422,0.228,Bundesliga
2022-08-07,Lens,Brest,3.317,1.042,Ligue_1
2022-08-07,Montpellier,Troyes,1.578,1.843,Ligue_1
2022-08-07,Lille,Auxerre,1.3,0.77,Ligue_1
2022-08-12,Freiburg,Borussia Dortmund,1.083,0.782,Bundesliga
2022-08-12,Osasuna,Sevilla,1.356,0.966,La_liga
2022-08-12,Nantes,Lille,2.08,2.534,Ligue_1
2022-08-13,Monaco,Rennes,2.395,2.025,Ligue_1
2022-08-13,Arsenal,Leicester,3.011,0.691,EPL
2022-08-13,AC Milan,Udinese,2.681,0.44,Serie_A
2022-08-13,Southampton,Leeds,1.409,1.997,EPL
2022-08-13,Celta Vigo,Espanyol,0.347,1.033,La_liga
2022-08-13,Real Valladolid,Villarreal,0.859,1.395,La_liga
2022-08-13,Brighton,Newcastle United,1.608,0.184,EPL
2022-08-13,Manchester City,Bournemouth,1.691,0.124,EPL
2022-08-13,Paris Saint Germain,Montpellier,3.339,0.778,Ligue_1
2022-08-13,Lecce,Inter,0.753,2.528,Serie_A
2022-08-13,Monza,Torino,1.03,3.136,Serie_A
2022-08-13,Sampdoria,Atalanta,0.618,2.287,Serie_A
2022-08-13,Wolverhampton Wanderers,Fulham,0.975,1.088,EPL
2022-08-13,Barcelona,Rayo Vallecano,1.371,0.772,La_liga
2022-08-13,Aston Villa,Everton,2.667,1.375,EPL
2022-08-13,Bayer Leverkusen,Augsburg,2.784,0.749,Bundesliga
2022-08-13,RasenBallsport Leipzig,FC Cologne,1.179,1.516,Bundesliga
2022-08-13,Werder Bremen,VfB Stuttgart,0.704,1.316,Bundesliga
2022-08-13,Hoffenheim,Bochum,2.376,1.474,Bundesliga
2022-08-13,Hertha Berlin,Eintracht Frankfurt,2.065,1.204,Bundesliga
2022-08-13,Brentford,Manchester United,1.388,0.896,EPL
2022-08-13,Schalke 04,Borussia M.Gladbach,1.693,1.411,Bundesliga
2022-08-14,Nottingham Forest,West Ham,1.972,2.086,EPL
2022-08-14,Almeria,Real Madrid,0.801,3.114,La_liga
2022-08-14,Valencia,Girona,1.879,0.132,La_liga
2022-08-14,Chelsea,Tottenham,1.839,1.587,EPL
2022-08-14,Brest,Marseille,1.641,1.31,Ligue_1
2022-08-14,Nice,Strasbourg,1.51,1.572,Ligue_1
2022-08-14,Cadiz,Real Sociedad,0.294,2.644,La_liga
2022-08-14,Reims,Clermont Foot,2.654,1.567,Ligue_1
2022-08-14,Bayern Munich,Wolfsburg,1.402,0.443,Bundesliga
2022-08-14,Lazio,Bologna,0.71,1.596,Serie_A
2022-08-14,Mainz 05,Union Berlin,0.649,0.301,Bundesliga
2022-08-14,Fiorentina,Cremonese,2.013,1.766,Serie_A
2022-08-14,Spezia,Empoli,0.862,0.988,Serie_A
2022-08-14,Ajaccio,Lens,0.707,1.028,Ligue_1
2022-08-14,Troyes,Toulouse,0.925,2.077,Ligue_1
2022-08-14,Auxerre,Angers,0.899,1.655,Ligue_1
2022-08-14,Salernitana,Roma,0.505,2.983,Serie_A
2022-08-15,Liverpool,Crystal Palace,2.236,1.645,EPL
2022-08-15,Athletic Club,Mallorca,1.606,0.476,La_liga
2022-08-15,Getafe,Atletico Madrid,1.14,1.484,La_liga
2022-08-15,Real Betis,Elche,3.997,0.294,La_liga
2022-08-15,Juventus,Sassuolo,2.242,0.879,Serie_A
2022-08-15,Verona,Napoli,1.131,2.798,Serie_A
2022-08-19,Sevilla,Real Valladolid,1.951,0.558,La_liga
2022-08-19,Espanyol,Rayo Vallecano,0.904,1.698,La_liga
2022-08-19,Borussia M.Gladbach,Hertha Berlin,2.266,0.968,Bundesliga
2022-08-19,Lyon,Troyes,3.546,0.948,Ligue_1
2022-08-20,Monaco,Lens,2.279,2.458,Ligue_1
2022-08-20,Marseille,Nantes,1.717,2.358,Ligue_1
2022-08-20,Udinese,Salernitana,1.429,1.502,Serie_A
2022-08-20,Celta Vigo,Real Madrid,1.32,3.596,La_liga
2022-08-20,Union Berlin,RasenBallsport Leipzig,0.642,0.959,Bundesliga
2022-08-20,Inter,Spezia,2.627,0.483,Serie_A
2022-08-20,Sassuolo,Lecce,0.803,0.704,Serie_A
2022-08-20,Bournemouth,Arsenal,0.211,1.711,EPL
2022-08-20,Leicester,Southampton,0.243,1.242,EPL
2022-08-20,Fulham,Brentford,2.899,1.594,EPL
2022-08-20,Everton,Nottingham Forest,1.434,0.918,EPL
2022-08-20,Tottenham,Wolverhampton Wanderers,1.466,0.686,EPL
2022-08-20,Crystal Palace,Aston Villa,2.911,0.804,EPL
2022-08-20,Mallorca,Real Betis,1.468,2.216,La_liga
2022-08-20,Torino,Lazio,0.996,0.713,Serie_A
2022-08-20,Augsburg,Mainz 05,0.306,2.046,Bundesliga
2022-08-20,VfB Stuttgart,Freiburg,0.767,0.904,Bundesliga
2022-08-20,Borussia Dortmund,Werder Bremen,0.626,1.201,Bundesliga
2022-08-20,Bayer Leverkusen,Hoffenheim,1.101,1.301,Bundesliga
2022-08-20,Osasuna,Cadiz,2.924,1.017,La_liga
2022-08-20,Wolfsburg,Schalke 04,1.206,1.033,Bundesliga
2022-08-21,Eintracht Frankfurt,FC Cologne,0.54,0.236,Bundesliga
2022-08-21,Leeds,Chelsea,2.21,0.692,EPL
2022-08-21,Bochum,Bayern Munich,0.748,3.981,Bundesliga
2022-08-21,Empoli,Fiorentina,0.757,0.796,Serie_A
2022-08-21,Newcastle United,Manchester City,2.213,3.674,EPL
2022-08-21,West Ham,Brighton,0.769,1.826,EPL
2022-08-21,Athletic Club,Valencia,0.762,0.676,La_liga
2022-08-21,Atletico Madrid,Villarreal,1.585,1.982,La_liga
2022-08-21,Real Sociedad,Barcelona,0.799,2.04,La_liga
2022-08-21,Bologna,Verona,1.135,2.468,Serie_A
2022-08-21,Atalanta,AC Milan,0.538,1.536,Serie_A
2022-08-21,Strasbourg,Reims,1.446,2.035,Ligue_1
2022-08-21,Napoli,Monza,3.264,0.121,Serie_A
2022-08-21,Angers,Brest,1.053,2.227,Ligue_1
2022-08-21,Clermont Foot,Nice,0.712,1.631,Ligue_1
2022-08-21,Montpellier,Auxerre,0.603,1.292,Ligue_1
2022-08-21,Toulouse,Lorient,2.48,2.966,Ligue_1
2022-08-21,Rennes,Ajaccio,0.98,1.443,Ligue_1
2022-08-21,Lille,Paris Saint Germain,1.503,4.37,Ligue_1
2022-08-22,Sampdoria,Juventus,0.949,0.808,Serie_A
2022-08-22,Girona,Getafe,1.522,0.693,La_liga
2022-08-22,Elche,Almeria,0.899,0.97,La_liga
2022-08-22,Manchester United,Liverpool,2.018,1.523,EPL
2022-08-22,Roma,Cremonese,2.914,0.509,Serie_A
2022-08-26,Lazio,Inter,0.997,1.628,Serie_A
2022-08-26,Ajaccio,Lille,0.513,1.806,Ligue_1
2022-08-26,Monza,Udinese,0.988,2.262,Serie_A
2022-08-26,Real Betis,Osasuna,0.507,0.91,La_liga
2022-08-26,Girona,Celta Vigo,0.566,0.626,La_liga
2022-08-26,Freiburg,Bochum,4.409,1.13,Bundesliga
2022-08-27,Chelsea,Leicester,1.749,1.96,EPL
2022-08-27,Lens,Rennes,1.158,0.888,Ligue_1
2022-08-27,Auxerre,Strasbourg,0.77,1.655,Ligue_1
2022-08-27,Bayern Munich,Borussia M.Gladbach,3.174,0.548,Bundesliga
2022-08-27,Schalke 04,Union Berlin,1.866,1.065,Bundesliga
2022-08-27,Hertha Berlin,Borussia Dortmund,0.353,2.974,Bundesliga
2022-08-27,Hoffenheim,Augsburg,2.002,0.459,Bundesliga
2022-08-27,Mainz 05,Bayer Leverkusen,1.62,1.404,Bundesliga
2022-08-27,Brighton,Leeds,1.61,1.149,EPL
2022-08-27,Spezia,Sassuolo,1.175,2.839,Serie_A
2022-08-27,AC Milan,Bologna,2.837,0.505,Serie_A
2022-08-27,Almeria,Sevilla,2.154,1.379,La_liga
2022-08-27,Juventus,Roma,0.633,0.964,Serie_A
2022-08-27,Liverpool,Bournemouth,4.86,0.181,EPL
2022-08-27,Manchester City,Crystal Palace,2.385,0.092,EPL
2022-08-27,Cremonese,Torino,0.816,2.714,Serie_A
2022-08-27,Brentford,Everton,2.284,1.655,EPL
2022-08-27,Southampton,Manchester United,1.359,1.344,EPL
2022-08-27,Elche,Real Sociedad,1.235,1.812,La_liga
2022-08-27,Arsenal,Fulham,2.474,0.926,EPL
2022-08-27,RasenBallsport Leipzig,Wolfsburg,3.792,0.52,Bundesliga
2022-08-27,Rayo Vallecano,Mallorca,0.865,0.856,La_liga
2022-08-28,Fiorentina,Napoli,0.382,1.685,Serie_A
2022-08-28,Lecce,Empoli,0.813,0.378,Serie_A
2022-08-28,Nice,Marseille,0.797,1.414,Ligue_1
2022-08-28,FC Cologne,VfB Stuttgart,0.386,1.965,Bundesliga
2022-08-28,Werder Bremen,Eintracht Frankfurt,1.889,1.873,Bundesliga
2022-08-28,Salernitana,Sampdoria,1.765,1.669,Serie_A
2022-08-28,Nantes,Toulouse,1.804,0.531,Ligue_1
2022-08-28,Paris Saint Germain,Monaco,2.716,0.238,Ligue_1
2022-08-28,Reims,Lyon,0.889,1.371,Ligue_1
2022-08-28,Troyes,Angers,2.232,1.001,Ligue_1
2022-08-28,Brest,Montpellier,0.163,2.207,Ligue_1
2022-08-28,Verona,Atalanta,0.37,0.843,Serie_A
2022-08-28,Lorient,Clermont Foot,3.466,0.433,Ligue_1
2022-08-28,Aston Villa,West Ham,0.305,0.335,EPL
2022-08-28,Espanyol,Real Madrid,1.634,2.046,La_liga
2022-08-28,Barcelona,Real Valladolid,3.287,0.72,La_liga
2022-08-28,Getafe,Villarreal,0.274,1.132,La_liga
2022-08-28,Wolverhampton Wanderers,Newcastle United,1.132,1.934,EPL
2022-08-28,Nottingham Forest,Tottenham,0.801,2.445,EPL
2022-08-29,Valencia,Atletico Madrid,0.654,1.975,La_liga
2022-08-29,Cadiz,Athletic Club,0.239,3.187,La_liga
2022-08-30,Inter,Cremonese,2.798,1.068,Serie_A
2022-08-30,Sassuolo,AC Milan,1.063,0.914,Serie_A
2022-08-30,Roma,Monza,2.671,0.561,Serie_A
2022-08-30,Crystal Palace,Brentford,0.777,1.618,EPL
2022-08-30,Southampton,Chelsea,1.441,1.505,EPL
2022-08-30,Leeds,Everton,1.046,1.172,EPL
2022-08-30,Fulham,Brighton,1.071,1.754,EPL
2022-08-31,Rennes,Brest,1.443,0.266,Ligue_1
2022-08-31,Manchester City,Nottingham Forest,3.838,0.73,EPL
2022-08-31,Arsenal,Aston Villa,2.8,0.297,EPL
2022-08-31,Bournemouth,Wolverhampton Wanderers,0.362,1.532,EPL
2022-08-31,West Ham,Tottenham,1.523,0.723,EPL
2022-08-31,Liverpool,Newcastle United,1.761,0.644,EPL
2022-08-31,Empoli,Verona,0.779,0.589,Serie_A
2022-08-31,Sampdoria,Lazio,0.741,1.61,Serie_A
2022-08-31,Napoli,Lecce,2.002,1.022,Serie_A
2022-08-31,Toulouse,Paris Saint Germain,0.583,3.936,Ligue_1
2022-08-31,Juventus,Spezia,1.765,0.175,Serie_A
2022-08-31,Udinese,Fiorentina,0.879,0.443,Serie_A
2022-08-31,Lyon,Auxerre,3.339,0.411,Ligue_1
2022-08-31,Lille,Nice,0.936,1.544,Ligue_1
2022-08-31,Strasbourg,Nantes,0.26,0.582,Ligue_1
2022-08-31,Montpellier,Ajaccio,1.824,0.894,Ligue_1
2022-08-31,Angers,Reims,1.434,2.352,Ligue_1
2022-08-31,Monaco,Troyes,1.695,2.684,Ligue_1
2022-08-31,Marseille,Clermont Foot,2.509,0.164,Ligue_1
2022-08-31,Lens,Lorient,3.011,1.449,Ligue_1
2022-09-01,Atalanta,Torino,2.87,0.399,Serie_A
2022-09-01,Bologna,Salernitana,1.961,1.197,Serie_A
2022-09-01,Leicester,Manchester United,0.615,1.1,EPL
2022-09-02,Celta Vigo,Cadiz,1.51,0.235,La_liga
2022-09-02,Borussia Dortmund,Hoffenheim,2.521,0.36,Bundesliga
2022-09-03,Bayer Leverkusen,Freiburg,1.797,2.354,Bundesliga
2022-09-03,Union Berlin,Bayern Munich,0.443,1.382,Bundesliga
2022-09-03,Aston Villa,Manchester City,0.279,1.921,EPL
2022-09-03,Mallorca,Girona,0.896,1.095,La_liga
2022-09-03,VfB Stuttgart,Schalke 04,0.706,2.105,Bundesliga
2022-09-03,Everton,Liverpool,1.392,1.386,EPL
2022-09-03,Newcastle United,Crystal Palace,2.907,0.921,EPL
2022-09-03,Nottingham Forest,Bournemouth,1.329,0.905,EPL
2022-09-03,Tottenham,Fulham,2.678,0.382,EPL
2022-09-03,Wolverhampton Wanderers,Southampton,1.1,1.208,EPL
2022-09-03,Real Madrid,Real Betis,3.206,0.333,La_liga
2022-09-03,Real Sociedad,Atletico Madrid,1.752,2.248,La_liga
2022-09-03,Chelsea,West Ham,0.707,1.42,EPL
2022-09-03,Brentford,Leeds,2.748,1.796,EPL
2022-09-03,Lazio,Napoli,0.3,2.02,Serie_A
2022-09-03,AC Milan,Inter,1.637,2.077,Serie_A
2022-09-03,Fiorentina,Juventus,1.833,1.075,Serie_A
2022-09-03,Eintracht Frankfurt,RasenBallsport Leipzig,3.626,0.22,Bundesliga
2022-09-03,Wolfsburg,FC Cologne,0.967,3.084,Bundesliga
2022-09-03,Bochum,Werder Bremen,1.23,1.99,Bundesliga
2022-09-03,Sevilla,Barcelona,0.829,4.678,La_liga
2022-09-03,Auxerre,Marseille,0.623,1.544,Ligue_1
2022-09-03,Lyon,Angers,1.409,0.685,Ligue_1
2022-09-03,Nantes,Paris Saint Germain,0.414,3.499,Ligue_1
2022-09-04,Clermont Foot,Toulouse,1.507,1.448,Ligue_1
2022-09-04,Ajaccio,Lorient,0.52,0.509,Ligue_1
2022-09-04,Osasuna,Rayo Vallecano,3.175,0.18,La_liga
2022-09-04,Borussia M.Gladbach,Mainz 05,1.708,0.631,Bundesliga
2022-09-04,Udinese,Roma,1.282,0.862,Serie_A
2022-09-04,Verona,Sampdoria,2.343,0.799,Serie_A
2022-09-04,Montpellier,Lille,0.46,1.282,Ligue_1
2022-09-04,Augsburg,Hertha Berlin,0.311,2.872,Bundesliga
2022-09-04,Brighton,Leicester,2.732,1.065,EPL
2022-09-04,Nice,Monaco,1.129,1.166,Ligue_1
2022-09-04,Troyes,Rennes,0.565,2.61,Ligue_1
2022-09-04,Reims,Lens,1.759,2.234,Ligue_1
2022-09-04,Brest,Strasbourg,0.727,2.653,Ligue_1
2022-09-04,Spezia,Bologna,1.063,1.023,Serie_A
2022-09-04,Valencia,Getafe,2.928,0.572,La_liga
2022-09-04,Villarreal,Elche,3.583,0.219,La_liga
2022-09-04,Athletic Club,Espanyol,1.247,1.114,La_liga
2022-09-04,Manchester United,Arsenal,2.029,1.422,EPL
2022-09-04,Cremonese,Sassuolo,0.417,1.708,Serie_A
2022-09-05,Torino,Lecce,1.025,0.451,Serie_A
2022-09-05,Salernitana,Empoli,1.808,0.985,Serie_A
2022-09-05,Monza,Atalanta,0.943,1.95,Serie_A
2022-09-05,Real Valladolid,Almeria,2.125,0.505,La_liga
2022-09-07,Lorient,Lyon,1.488,2.298,Ligue_1
2022-09-09,Lens,Troyes,1.448,0.674,Ligue_1
2022-09-09,Girona,Real Valladolid,2.593,0.511,La_liga
2022-09-09,Werder Bremen,Augsburg,1.837,1.782,Bundesliga
2022-09-10,Paris Saint Germain,Brest,2.013,1.344,Ligue_1
2022-09-10,Sampdoria,AC Milan,0.923,1.665,Serie_A
2022-09-10,Inter,Torino,1.536,0.595,Serie_A
2022-09-10,Napoli,Spezia,1.946,0.664,Serie_A
2022-09-10,Bayern Munich,VfB Stuttgart,2.298,1.188,Bundesliga
2022-09-10,RasenBallsport Leipzig,Borussia Dortmund,1.705,0.335,Bundesliga
2022-09-10,Marseille,Lille,2.257,0.775,Ligue_1
2022-09-10,Eintracht Frankfurt,Wolfsburg,0.453,0.97,Bundesliga
2022-09-10,Hoffenheim,Mainz 05,4.649,1.086,Bundesliga
2022-09-10,Schalke 04,Bochum,1.413,1.313,Bundesliga
2022-09-10,Atletico Madrid,Celta Vigo,0.923,1.306,La_liga
2022-09-10,Cadiz,Barcelona,0.248,2.669,La_liga
2022-09-10,Espanyol,Sevilla,2.371,2.32,La_liga
2022-09-10,Rayo Vallecano,Valencia,2.012,2.182,La_liga
2022-09-10,Hertha Berlin,Bayer Leverkusen,2.351,1.768,Bundesliga
2022-09-11,Toulouse,Reims,2.111,0.461,Ligue_1
2022-09-11,Rennes,Auxerre,3.734,0.439,Ligue_1
2022-09-11,Monaco,Lyon,1.649,2.281,Ligue_1
2022-09-11,Lorient,Nantes,1.303,0.587,Ligue_1
2022-09-11,Angers,Montpellier,2.913,1.026,Ligue_1
2022-09-11,Ajaccio,Nice,0.428,1.05,Ligue_1
2022-09-11,Real Betis,Villarreal,1.615,2.442,La_liga
2022-09-11,Strasbourg,Clermont Foot,2.605,0.959,Ligue_1
2022-09-11,Juventus,Salernitana,1.839,2.074,Serie_A
2022-09-11,Atalanta,Cremonese,0.637,0.62,Serie_A
2022-09-11,Sassuolo,Udinese,0.35,2.212,Serie_A
2022-09-11,Lecce,Monza,1.469,0.082,Serie_A
2022-09-11,Bologna,Fiorentina,1.252,1.179,Serie_A
2022-09-11,Freiburg,Borussia M.Gladbach,0.991,1.379,Bundesliga
2022-09-11,FC Cologne,Union Berlin,0.879,1.512,Bundesliga
2022-09-11,Lazio,Verona,1.845,0.404,Serie_A
2022-09-11,Getafe,Real Sociedad,1.069,1.321,La_liga
2022-09-11,Elche,Athletic Club,0.748,3.239,La_liga
2022-09-11,Real Madrid,Mallorca,2.218,0.951,La_liga
2022-09-12,Empoli,Roma,1.152,3.837,Serie_A
2022-09-12,Almeria,Osasuna,0.167,2.14,La_liga
2022-09-16,Auxerre,Lorient,2.273,3.489,Ligue_1
2022-09-16,Mainz 05,Hertha Berlin,0.39,0.438,Bundesliga
2022-09-16,Nottingham Forest,Fulham,1.415,1.35,EPL
2022-09-16,Real Valladolid,Cadiz,1.988,0.523,La_liga
2022-09-16,Salernitana,Lecce,1.081,1.309,Serie_A
2022-09-16,Aston Villa,Southampton,1.344,0.218,EPL
2022-09-17,Montpellier,Strasbourg,1.823,0.617,Ligue_1
2022-09-17,Lille,Toulouse,1.167,0.882,Ligue_1
2022-09-17,Augsburg,Bayern Munich,2.209,1.821,Bundesliga
2022-09-17,Newcastle United,Bournemouth,1.548,0.977,EPL
2022-09-17,Borussia M.Gladbach,RasenBallsport Leipzig,2.977,1.256,Bundesliga
2022-09-17,VfB Stuttgart,Eintracht Frankfurt,0.774,1.49,Bundesliga
2022-09-17,Bayer Leverkusen,Werder Bremen,1.823,2.022,Bundesliga
2022-09-17,Borussia Dortmund,Schalke 04,2.535,0.097,Bundesliga
2022-09-17,Athletic Club,Rayo Vallecano,2.173,0.622,La_liga
2022-09-17,Valencia,Celta Vigo,1.912,0.587,La_liga
2022-09-17,Barcelona,Elche,5.179,0.013,La_liga
2022-09-17,Tottenham,Leicester,1.986,1.594,EPL
2022-09-17,Torino,Sassuolo,0.672,0.48,Serie_A
2022-09-17,Wolverhampton Wanderers,Manchester City,0.311,1.424,EPL
2022-09-17,Spezia,Sampdoria,1.028,1.012,Serie_A
2022-09-17,Bologna,Empoli,1.782,1.664,Serie_A
2022-09-17,Mallorca,Almeria,0.969,0.298,La_liga
2022-09-18,Union Berlin,Wolfsburg,1.074,0.218,Bundesliga
2022-09-18,Nice,Angers,0.969,2.079,Ligue_1
2022-09-18,Villarreal,Sevilla,2.104,0.437,La_liga
2022-09-18,Real Betis,Girona,1.492,1.347,La_liga
2022-09-18,Real Sociedad,Espanyol,2.358,1.289,La_liga
2022-09-18,AC Milan,Napoli,2.255,1.18,Serie_A
2022-09-18,Osasuna,Getafe,1.132,1.432,La_liga
2022-09-18,Bochum,FC Cologne,0.293,1.808,Bundesliga
2022-09-18,Atletico Madrid,Real Madrid,1.104,1.093,La_liga
2022-09-18,Marseille,Rennes,1.059,0.858,Ligue_1
2022-09-18,Udinese,Inter,1.296,0.992,Serie_A
2022-09-18,Cremonese,Lazio,0.992,3.618,Serie_A
2022-09-18,Fiorentina,Verona,2.831,0.608,Serie_A
2022-09-18,Monza,Juventus,2.526,1.205,Serie_A
2022-09-18,Roma,Atalanta,3.281,0.145,Serie_A
2022-09-18,Clermont Foot,Troyes,1.26,1.371,Ligue_1
2022-09-18,Brentford,Arsenal,0.54,1.32,EPL
2022-09-18,Everton,West Ham,0.398,0.655,EPL
2022-09-18,Hoffenheim,Freiburg,0.743,0.676,Bundesliga
2022-09-18,Lyon,Paris Saint Germain,0.893,1.526,Ligue_1
2022-09-18,Nantes,Lens,0.778,0.967,Ligue_1
2022-09-18,Brest,Ajaccio,0.721,0.512,Ligue_1
2022-09-18,Reims,Monaco,0.302,2.065,Ligue_1
2022-09-30,Angers,Marseille,1.292,2.378,Ligue_1
2022-09-30,Athletic Club,Almeria,2.555,0.426,La_liga
2022-09-30,Bayern Munich,Bayer Leverkusen,2.134,0.941,Bundesliga
2022-10-01,Napoli,Torino,1.185,0.742,Serie_A
2022-10-01,Inter,Roma,0.762,1.038,Serie_A
2022-10-01,Empoli,AC Milan,1.012,2.607,Serie_A
2022-10-01,Southampton,Everton,1.96,2.0,EPL
2022-10-01,Paris Saint Germain,Nice,0.753,0.685,Ligue_1
2022-10-01,Mallorca,Barcelona,0.925,0.636,La_liga
2022-10-01,RasenBallsport Leipzig,Bochum,4.215,0.147,Bundesliga
2022-10-01,Freiburg,Mainz 05,1.972,1.845,Bundesliga
2022-10-01,FC Cologne,Borussia Dortmund,2.149,2.47,Bundesliga
2022-10-01,Eintracht Frankfurt,Union Berlin,1.182,0.767,Bundesliga
2022-10-01,Wolfsburg,VfB Stuttgart,1.754,2.349,Bundesliga
2022-10-01,Werder Bremen,Borussia M.Gladbach,3.345,2.273,Bundesliga
2022-10-01,Sevilla,Atletico Madrid,0.363,2.121,La_liga
2022-10-01,Getafe,Real Valladolid,2.506,1.322,La_liga
2022-10-01,Cadiz,Villarreal,1.061,1.431,La_liga
2022-10-01,West Ham,Wolverhampton Wanderers,1.039,0.576,EPL
2022-10-01,Strasbourg,Rennes,1.151,2.242,Ligue_1
2022-10-01,Bournemouth,Brentford,0.758,1.046,EPL
2022-10-01,Liverpool,Brighton,2.151,2.366,EPL
2022-10-01,Crystal Palace,Chelsea,0.71,1.255,EPL
2022-10-01,Fulham,Newcastle United,0.684,4.672,EPL
2022-10-01,Arsenal,Tottenham,2.484,1.503,EPL
2022-10-02,Manchester City,Manchester United,3.011,1.713,EPL
2022-10-02,Girona,Real Sociedad,0.933,2.236,La_liga
2022-10-02,Lazio,Spezia,3.035,0.852,Serie_A
2022-10-02,Lecce,Cremonese,0.946,1.559,Serie_A
2022-10-02,Sampdoria,Monza,0.081,1.229,Serie_A
2022-10-02,Sassuolo,Salernitana,3.22,0.568,Serie_A
2022-10-02,Atalanta,Fiorentina,1.645,0.638,Serie_A
2022-10-02,Juventus,Bologna,2.512,0.33,Serie_A
2022-10-02,Espanyol,Valencia,0.738,1.356,La_liga
2022-10-02,Celta Vigo,Real Betis,0.893,1.106,La_liga
2022-10-02,Leeds,Aston Villa,0.299,1.896,EPL
2022-10-02,Real Madrid,Osasuna,2.563,0.466,La_liga
2022-10-02,Auxerre,Brest,1.211,0.687,Ligue_1
2022-10-02,Lorient,Lille,0.513,1.832,Ligue_1
2022-10-02,Ajaccio,Clermont Foot,1.283,1.292,Ligue_1
2022-10-02,Hertha Berlin,Hoffenheim,0.959,1.601,Bundesliga
2022-10-02,Schalke 04,Augsburg,2.059,1.484,Bundesliga
2022-10-02,Toulouse,Montpellier,1.927,1.735,Ligue_1
2022-10-02,Troyes,Reims,1.743,1.49,Ligue_1
2022-10-02,Monaco,Nantes,2.183,0.406,Ligue_1
2022-10-02,Lens,Lyon,2.993,0.081,Ligue_1
2022-10-03,Verona,Udinese,0.285,2.177,Serie_A
2022-10-03,Leicester,Nottingham Forest,1.25,1.222,EPL
2022-10-03,Rayo Vallecano,Elche,0.651,0.925,La_liga
2022-10-07,Lyon,Toulouse,1.742,0.583,Ligue_1
2022-10-07,Osasuna,Valencia,1.963,2.734,La_liga
2022-10-07,Hoffenheim,Werder Bremen,1.301,1.438,Bundesliga
2022-10-08,Sassuolo,Inter,1.102,2.818,Serie_A
2022-10-08,Borussia Dortmund,Bayern Munich,1.429,1.229,Bundesliga
2022-10-08,Mainz 05,RasenBallsport Leipzig,0.65,1.47,Bundesliga
2022-10-08,Bochum,Eintracht Frankfurt,0.65,0.784,Bundesliga
2022-10-08,Bayer Leverkusen,Schalke 04,2.069,0.14,Bundesliga
2022-10-08,Bournemouth,Leicester,1.149,1.181,EPL
2022-10-08,Chelsea,Wolverhampton Wanderers,2.431,0.748,EPL
2022-10-08,Manchester City,Southampton,2.735,0.101,EPL
2022-10-08,Newcastle United,Brentford,2.446,1.135,EPL
2022-10-08,Brighton,Tottenham,0.9,0.772,EPL
2022-10-08,AC Milan,Juventus,2.305,0.673,Serie_A
2022-10-08,Getafe,Real Madrid,0.262,1.481,La_liga
2022-10-08,Atletico Madrid,Girona,2.198,0.722,La_liga
2022-10-08,Almeria,Rayo Vallecano,1.057,0.893,La_liga
2022-10-08,Augsburg,Wolfsburg,2.016,2.307,Bundesliga
2022-10-08,Bologna,Sampdoria,0.669,0.823,Serie_A
2022-10-08,Sevilla,Athletic Club,1.356,1.919,La_liga
2022-10-08,Reims,Paris Saint Germain,1.918,1.066,Ligue_1
2022-10-08,Marseille,Ajaccio,1.663,0.164,Ligue_1
2022-10-09,Real Valladolid,Real Betis,0.662,0.545,La_liga
2022-10-09,West Ham,Fulham,3.437,0.55,EPL
2022-10-09,Arsenal,Liverpool,2.82,0.765,EPL
2022-10-09,Everton,Manchester United,0.366,1.826,EPL
2022-10-09,Roma,Lecce,3.619,0.326,Serie_A
2022-10-09,Cremonese,Napoli,0.762,4.471,Serie_A
2022-10-09,Udinese,Atalanta,1.114,1.975,Serie_A
2022-10-09,Salernitana,Verona,0.976,0.948,Serie_A
2022-10-09,Monza,Spezia,0.763,0.535,Serie_A
2022-10-09,Crystal Palace,Leeds,1.652,1.066,EPL
2022-10-09,Barcelona,Celta Vigo,1.985,1.35,La_liga
2022-10-09,Torino,Empoli,2.738,0.147,Serie_A
2022-10-09,Borussia M.Gladbach,FC Cologne,2.727,1.456,Bundesliga
2022-10-09,Hertha Berlin,Freiburg,1.259,1.759,Bundesliga
2022-10-09,VfB Stuttgart,Union Berlin,1.097,0.734,Bundesliga
2022-10-09,Lille,Lens,2.377,1.045,Ligue_1
2022-10-09,Rennes,Nantes,2.858,0.44,Ligue_1
2022-10-09,Brest,Lorient,0.998,1.141,Ligue_1
2022-10-09,Nice,Troyes,2.697,1.646,Ligue_1
2022-10-09,Clermont Foot,Auxerre,1.417,1.008,Ligue_1
2022-10-09,Angers,Strasbourg,2.088,2.883,Ligue_1
2022-10-09,Montpellier,Monaco,0.565,1.435,Ligue_1
2022-10-09,Real Sociedad,Villarreal,2.371,0.222,La_liga
2022-10-09,Cadiz,Espanyol,1.338,1.471,La_liga
2022-10-10,Fiorentina,Lazio,2.605,2.196,Serie_A
2022-10-10,Nottingham Forest,Aston Villa,0.221,0.657,EPL
2022-10-10,Elche,Mallorca,0.335,2.697,La_liga
2022-10-14,Brentford,Brighton,1.906,2.157,EPL
2022-10-14,Rayo Vallecano,Getafe,1.119,0.396,La_liga
2022-10-14,Schalke 04,Hoffenheim,0.698,3.517,Bundesliga
2022-10-14,Strasbourg,Lille,0.366,2.591,Ligue_1
2022-10-15,Wolfsburg,Borussia M.Gladbach,1.744,0.895,Bundesliga
2022-10-15,VfB Stuttgart,Bochum,2.408,1.528,Bundesliga
2022-10-15,Werder Bremen,Mainz 05,1.203,1.108,Bundesliga
2022-10-15,RasenBallsport Leipzig,Hertha Berlin,3.302,2.422,Bundesliga
2022-10-15,Lorient,Reims,1.051,0.366,Ligue_1
2022-10-15,Lens,Montpellier,2.31,0.305,Ligue_1
2022-10-15,Leicester,Crystal Palace,0.973,0.347,EPL
2022-10-15,Wolverhampton Wanderers,Nottingham Forest,1.224,1.248,EPL
2022-10-15,Torino,Juventus,0.518,2.343,Serie_A
2022-10-15,Atalanta,Sassuolo,2.59,0.538,Serie_A
2022-10-15,Eintracht Frankfurt,Bayer Leverkusen,4.358,0.503,Bundesliga
2022-10-15,Girona,Cadiz,2.36,1.347,La_liga
2022-10-15,Valencia,Elche,3.041,1.303,La_liga
2022-10-15,Mallorca,Sevilla,1.41,0.177,La_liga
2022-10-15,Athletic Club,Atletico Madrid,1.333,0.463,La_liga
2022-10-15,Fulham,Bournemouth,1.617,1.628,EPL
2022-10-15,Tottenham,Everton,2.494,0.56,EPL
2022-10-15,Empoli,Monza,2.165,0.834,Serie_A
2022-10-16,FC Cologne,Augsburg,1.546,0.208,Bundesliga
2022-10-16,Real Madrid,Barcelona,1.47,1.665,La_liga
2022-10-16,Espanyol,Real Valladolid,1.631,0.552,La_liga
2022-10-16,Real Betis,Almeria,3.194,1.116,La_liga
2022-10-16,Monaco,Clermont Foot,1.005,2.499,Ligue_1
2022-10-16,Troyes,Ajaccio,0.434,1.836,Ligue_1
2022-10-16,Rennes,Lyon,1.704,1.541,Ligue_1
2022-10-16,Nantes,Brest,3.457,0.597,Ligue_1
2022-10-16,Verona,AC Milan,1.936,1.737,Serie_A
2022-10-16,Napoli,Bologna,4.479,1.053,Serie_A
2022-10-16,Spezia,Cremonese,1.094,2.464,Serie_A
2022-10-16,Lazio,Udinese,0.687,0.69,Serie_A
2022-10-16,Inter,Salernitana,1.815,0.25,Serie_A
2022-10-16,Auxerre,Nice,0.528,1.672,Ligue_1
2022-10-16,Toulouse,Angers,2.465,1.505,Ligue_1
2022-10-16,Celta Vigo,Real Sociedad,0.483,1.179,La_liga
2022-10-16,Paris Saint Germain,Marseille,2.999,0.785,Ligue_1
2022-10-16,Union Berlin,Borussia Dortmund,1.472,0.798,Bundesliga
2022-10-16,Leeds,Arsenal,2.022,0.822,EPL
2022-10-16,Bayern Munich,Freiburg,2.08,0.328,Bundesliga
2022-10-16,Southampton,West Ham,0.524,1.707,EPL
2022-10-16,Liverpool,Manchester City,1.999,0.911,EPL
2022-10-16,Aston Villa,Chelsea,2.445,1.236,EPL
2022-10-16,Manchester United,Newcastle United,1.416,0.788,EPL
2022-10-17,Villarreal,Osasuna,2.153,0.332,La_liga
2022-10-17,Sampdoria,Roma,0.263,2.602,Serie_A
2022-10-17,Lecce,Fiorentina,1.615,0.357,Serie_A
2022-10-18,Brighton,Nottingham Forest,2.102,0.195,EPL
2022-10-18,Crystal Palace,Wolverhampton Wanderers,1.256,0.858,EPL
2022-10-18,Getafe,Athletic Club,0.753,1.102,La_liga
2022-10-18,Sevilla,Valencia,1.197,1.711,La_liga
2022-10-18,Atletico Madrid,Rayo Vallecano,0.818,1.62,La_liga
2022-10-19,Liverpool,West Ham,2.241,2.486,EPL
2022-10-19,Cadiz,Real Betis,0.747,1.222,La_liga
2022-10-19,Real Valladolid,Celta Vigo,1.633,2.031,La_liga
2022-10-19,Real Sociedad,Mallorca,2.164,1.094,La_liga
2022-10-19,Elche,Real Madrid,1.05,1.615,La_liga
2022-10-19,Newcastle United,Everton,1.134,0.061,EPL
2022-10-19,Brentford,Chelsea,1.452,0.557,EPL
2022-10-19,Bournemouth,Southampton,0.81,1.239,EPL
2022-10-19,Manchester United,Tottenham,1.71,0.659,EPL
2022-10-20,Almeria,Girona,2.086,2.654,La_liga
2022-10-20,Leicester,Leeds,0.655,1.195,EPL
2022-10-20,Barcelona,Villarreal,3.616,0.503,La_liga
2022-10-20,Fulham,Aston Villa,2.892,0.711,EPL
2022-10-20,Osasuna,Espanyol,1.029,1.449,La_liga
2022-10-21,Mainz 05,FC Cologne,2.218,0.931,Bundesliga
2022-10-21,Juventus,Empoli,3.79,0.507,Serie_A
2022-10-21,Ajaccio,Paris Saint Germain,0.302,2.907,Ligue_1
2022-10-22,Hoffenheim,Bayern Munich,0.766,3.128,Bundesliga
2022-10-22,Everton,Crystal Palace,1.934,0.597,EPL
2022-10-22,Manchester City,Brighton,1.862,0.529,EPL
2022-10-22,Chelsea,Manchester United,1.202,0.731,EPL
2022-10-22,Marseille,Lens,2.0,0.613,Ligue_1
2022-10-22,Montpellier,Lyon,0.807,2.785,Ligue_1
2022-10-22,Real Madrid,Sevilla,2.177,0.518,La_liga
2022-10-22,Valencia,Mallorca,1.07,1.251,La_liga
2022-10-22,Real Valladolid,Real Sociedad,0.786,0.825,La_liga
2022-10-22,Rayo Vallecano,Cadiz,3.885,0.642,La_liga
2022-10-22,Borussia Dortmund,VfB Stuttgart,2.639,0.99,Bundesliga
2022-10-22,Nottingham Forest,Liverpool,2.502,2.198,EPL
2022-10-22,Freiburg,Werder Bremen,3.337,0.394,Bundesliga
2022-10-22,Augsburg,RasenBallsport Leipzig,1.913,2.39,Bundesliga
2022-10-22,Borussia M.Gladbach,Eintracht Frankfurt,1.365,1.802,Bundesliga
2022-10-22,Salernitana,Spezia,1.914,0.686,Serie_A
2022-10-22,Bayer Leverkusen,Wolfsburg,2.367,1.151,Bundesliga
2022-10-22,Fiorentina,Inter,1.27,2.52,Serie_A
2022-10-22,AC Milan,Monza,1.23,1.33,Serie_A
2022-10-23,Villarreal,Almeria,0.852,1.242,La_liga
2022-10-23,Atalanta,Lazio,0.875,0.912,Serie_A
2022-10-23,Bologna,Lecce,2.123,0.336,Serie_A
2022-10-23,Lille,Monaco,2.497,1.765,Ligue_1
2022-10-23,Nice,Nantes,1.341,1.277,Ligue_1
2022-10-23,Troyes,Lorient,1.139,1.538,Ligue_1
2022-10-23,Toulouse,Strasbourg,1.866,1.632,Ligue_1
2022-10-23,Bochum,Union Berlin,1.115,1.003,Bundesliga
2022-10-23,Aston Villa,Brentford,3.456,1.005,EPL
2022-10-23,Leeds,Fulham,1.964,2.475,EPL
2022-10-23,Southampton,Arsenal,0.623,1.579,EPL
2022-10-23,Hertha Berlin,Schalke 04,1.058,0.523,Bundesliga
2022-10-23,Reims,Auxerre,2.484,0.472,Ligue_1
2022-10-23,Girona,Osasuna,0.667,0.694,La_liga
2022-10-23,Angers,Rennes,0.938,2.445,Ligue_1
2022-10-23,Clermont Foot,Brest,0.703,2.73,Ligue_1
2022-10-23,Espanyol,Elche,2.185,0.319,La_liga
2022-10-23,Barcelona,Athletic Club,2.135,0.241,La_liga
2022-10-23,Udinese,Torino,1.406,1.176,Serie_A
2022-10-23,Wolverhampton Wanderers,Leicester,1.618,0.989,EPL
2022-10-23,Tottenham,Newcastle United,1.565,1.129,EPL
2022-10-23,Roma,Napoli,0.21,0.868,Serie_A
2022-10-23,Real Betis,Atletico Madrid,1.331,0.585,La_liga
2022-10-24,Sassuolo,Verona,1.456,1.609,Serie_A
2022-10-24,West Ham,Bournemouth,1.977,0.73,EPL
2022-10-24,Celta Vigo,Getafe,0.822,0.226,La_liga
2022-10-24,Cremonese,Sampdoria,1.726,1.197,Serie_A
2022-10-28,Werder Bremen,Hertha Berlin,1.54,0.572,Bundesliga
2022-10-28,Mallorca,Espanyol,1.19,0.248,La_liga
2022-10-28,Lens,Toulouse,2.644,0.846,Ligue_1
2022-10-29,Strasbourg,Marseille,0.891,1.939,Ligue_1
2022-10-29,Brentford,Wolverhampton Wanderers,1.293,0.558,EPL
2022-10-29,Bournemouth,Tottenham,0.888,2.195,EPL
2022-10-29,Leicester,Manchester City,0.694,0.704,EPL
2022-10-29,Sevilla,Rayo Vallecano,0.978,0.773,La_liga
2022-10-29,Eintracht Frankfurt,Borussia Dortmund,1.71,0.731,Bundesliga
2022-10-29,Liverpool,Leeds,1.909,1.613,EPL
2022-10-29,Fulham,Everton,1.764,1.192,EPL
2022-10-29,Newcastle United,Aston Villa,4.188,0.271,EPL
2022-10-29,Paris Saint Germain,Troyes,2.68,1.602,Ligue_1
2022-10-29,Crystal Palace,Southampton,1.004,1.358,EPL
2022-10-29,Lecce,Juventus,0.166,0.512,Serie_A
2022-10-29,Almeria,Celta Vigo,2.305,0.198,La_liga
2022-10-29,Brighton,Chelsea,2.881,1.076,EPL
2022-10-29,Valencia,Barcelona,0.187,2.334,La_liga
2022-10-29,Napoli,Sassuolo,2.462,1.03,Serie_A
2022-10-29,Bayern Munich,Mainz 05,4.334,1.781,Bundesliga
2022-10-29,RasenBallsport Leipzig,Bayer Leverkusen,1.632,0.142,Bundesliga
2022-10-29,Wolfsburg,Bochum,2.589,0.444,Bundesliga
2022-10-29,VfB Stuttgart,Augsburg,3.121,0.755,Bundesliga
2022-10-29,Cadiz,Atletico Madrid,1.589,1.797,La_liga
2022-10-29,Inter,Sampdoria,2.528,0.333,Serie_A
2022-10-30,Torino,AC Milan,0.913,1.056,Serie_A
2022-10-30,Lazio,Salernitana,1.976,1.421,Serie_A
2022-10-30,Spezia,Fiorentina,1.614,1.529,Serie_A
2022-10-30,Cremonese,Udinese,0.639,1.466,Serie_A
2022-10-30,Empoli,Atalanta,0.656,3.401,Serie_A
2022-10-30,Nantes,Clermont Foot,1.952,0.714,Ligue_1
2022-10-30,Brest,Reims,1.548,0.983,Ligue_1
2022-10-30,Monaco,Angers,1.94,0.437,Ligue_1
2022-10-30,Auxerre,Ajaccio,0.926,0.5,Ligue_1
2022-10-30,Lorient,Nice,1.288,2.198,Ligue_1
2022-10-30,Rennes,Montpellier,1.539,0.975,Ligue_1
2022-10-30,Lyon,Lille,1.193,1.621,Ligue_1
2022-10-30,Schalke 04,Freiburg,0.841,2.253,Bundesliga
2022-10-30,FC Cologne,Hoffenheim,0.98,0.779,Bundesliga
2022-10-30,Real Sociedad,Real Betis,1.282,1.345,La_liga
2022-10-30,Osasuna,Real Valladolid,1.9,0.33,La_liga
2022-10-30,Arsenal,Nottingham Forest,3.007,0.206,EPL
2022-10-30,Manchester United,West Ham,1.751,1.0,EPL
2022-10-30,Union Berlin,Borussia M.Gladbach,1.287,1.012,Bundesliga
2022-10-30,Athletic Club,Villarreal,2.057,0.221,La_liga
2022-10-30,Real Madrid,Girona,2.658,1.998,La_liga
2022-10-31,Verona,Roma,0.288,3.033,Serie_A
2022-10-31,Monza,Bologna,1.091,1.17,Serie_A
2022-10-31,Elche,Getafe,1.227,0.373,La_liga
2022-11-04,Borussia M.Gladbach,VfB Stuttgart,1.335,1.462,Bundesliga
2022-11-04,Udinese,Lecce,1.653,0.842,Serie_A
2022-11-04,Girona,Athletic Club,1.066,0.812,La_liga
2022-11-04,Troyes,Auxerre,1.938,1.458,Ligue_1
2022-11-05,Wolverhampton Wanderers,Brighton,1.293,1.874,EPL
2022-11-05,Nottingham Forest,Brentford,1.297,1.22,EPL
2022-11-05,Manchester City,Fulham,2.393,0.844,EPL
2022-11-05,Leeds,Bournemouth,2.225,1.556,EPL
2022-11-05,Empoli,Sassuolo,0.963,0.724,Serie_A
2022-11-05,Salernitana,Cremonese,1.578,1.614,Serie_A
2022-11-05,Atalanta,Napoli,2.795,1.763,Serie_A
2022-11-05,Everton,Leicester,1.373,2.268,EPL
2022-11-05,Ajaccio,Strasbourg,3.687,0.67,Ligue_1
2022-11-05,Real Valladolid,Elche,2.813,0.198,La_liga
2022-11-05,Celta Vigo,Osasuna,0.825,0.36,La_liga
2022-11-05,Barcelona,Almeria,4.336,0.538,La_liga
2022-11-05,AC Milan,Spezia,3.408,1.45,Serie_A
2022-11-05,Mainz 05,Wolfsburg,1.245,0.809,Bundesliga
2022-11-05,Hoffenheim,RasenBallsport Leipzig,1.161,1.663,Bundesliga
2022-11-05,Augsburg,Eintracht Frankfurt,1.074,1.316,Bundesliga
2022-11-05,Hertha Berlin,Bayern Munich,1.093,2.233,Bundesliga
2022-11-05,Borussia Dortmund,Bochum,1.432,0.496,Bundesliga
2022-11-05,Werder Bremen,Schalke 04,1.331,1.351,Bundesliga
2022-11-05,Angers,Lens,0.829,2.18,Ligue_1
2022-11-05,Getafe,Cadiz,0.517,1.245,La_liga
2022-11-06,Bayer Leverkusen,Union Berlin,1.781,0.232,Bundesliga
2022-11-06,Freiburg,FC Cologne,1.463,0.995,Bundesliga
2022-11-06,Bologna,Torino,2.446,1.011,Serie_A
2022-11-06,Toulouse,Monaco,0.57,2.032,Ligue_1
2022-11-06,Sampdoria,Fiorentina,0.8,1.242,Serie_A
2022-11-06,Nice,Brest,0.814,1.083,Ligue_1
2022-11-06,Reims,Nantes,3.71,0.507,Ligue_1
2022-11-06,Lille,Rennes,2.729,0.801,Ligue_1
2022-11-06,Marseille,Lyon,1.073,0.632,Ligue_1
2022-11-06,Monza,Verona,0.739,0.247,Serie_A
2022-11-06,Real Betis,Sevilla,1.131,1.496,La_liga
2022-11-06,Villarreal,Mallorca,0.43,0.704,La_liga
2022-11-06,Clermont Foot,Montpellier,3.884,1.223,Ligue_1
2022-11-06,Real Sociedad,Valencia,1.458,0.796,La_liga
2022-11-06,Chelsea,Arsenal,0.279,2.378,EPL
2022-11-06,Aston Villa,Manchester United,0.579,0.517,EPL
2022-11-06,Southampton,Newcastle United,1.652,1.421,EPL
2022-11-06,West Ham,Crystal Palace,0.193,1.033,EPL
2022-11-06,Tottenham,Liverpool,1.817,1.465,EPL
2022-11-06,Juventus,Inter,1.555,1.516,Serie_A
2022-11-06,Roma,Lazio,0.378,0.539,Serie_A
2022-11-06,Atletico Madrid,Espanyol,2.023,0.871,La_liga
2022-11-06,Lorient,Paris Saint Germain,0.812,2.357,Ligue_1
2022-11-07,Rayo Vallecano,Real Madrid,1.659,2.213,La_liga
2022-11-08,VfB Stuttgart,Hertha Berlin,2.002,1.052,Bundesliga
2022-11-08,Napoli,Empoli,1.895,0.205,Serie_A
2022-11-08,Spezia,Udinese,2.369,0.508,Serie_A
2022-11-08,Cremonese,AC Milan,0.192,1.296,Serie_A
2022-11-08,Elche,Girona,0.914,2.209,La_liga
2022-11-08,Athletic Club,Real Valladolid,2.657,0.481,La_liga
2022-11-08,Osasuna,Barcelona,1.236,1.015,La_liga
2022-11-08,Bochum,Borussia M.Gladbach,1.686,0.767,Bundesliga
2022-11-08,Bayern Munich,Werder Bremen,5.727,1.44,Bundesliga
2022-11-08,Wolfsburg,Borussia Dortmund,2.91,1.297,Bundesliga
2022-11-09,Union Berlin,Augsburg,1.84,0.294,Bundesliga
2022-11-09,Inter,Bologna,2.783,0.658,Serie_A
2022-11-09,Fiorentina,Salernitana,2.53,0.542,Serie_A
2022-11-09,Sassuolo,Roma,1.245,0.759,Serie_A
2022-11-09,FC Cologne,Bayer Leverkusen,1.381,1.045,Bundesliga
2022-11-09,Almeria,Getafe,0.346,0.452,La_liga
2022-11-09,Sevilla,Real Sociedad,0.698,2.188,La_liga
2022-11-09,Mallorca,Atletico Madrid,1.466,1.506,La_liga
2022-11-09,Torino,Sampdoria,0.48,0.613,Serie_A
2022-11-09,Lecce,Atalanta,1.79,1.276,Serie_A
2022-11-09,Schalke 04,Mainz 05,1.98,0.609,Bundesliga
2022-11-09,Eintracht Frankfurt,Hoffenheim,3.782,1.528,Bundesliga
2022-11-09,RasenBallsport Leipzig,Freiburg,3.289,0.148,Bundesliga
2022-11-09,Espanyol,Villarreal,0.842,0.75,La_liga
2022-11-10,Verona,Juventus,1.145,0.878,Serie_A
2022-11-10,Valencia,Real Betis,2.247,0.308,La_liga
2022-11-10,Rayo Vallecano,Celta Vigo,0.442,0.678,La_liga
2022-11-10,Lazio,Monza,1.308,0.578,Serie_A
2022-11-10,Real Madrid,Cadiz,1.731,1.117,La_liga
2022-11-11,Empoli,Cremonese,2.652,1.346,Serie_A
2022-11-11,Lyon,Nice,1.156,1.711,Ligue_1
2022-11-11,Borussia M.Gladbach,Borussia Dortmund,2.64,3.682,Bundesliga
2022-11-12,Lens,Clermont Foot,1.424,0.213,Ligue_1
2022-11-12,Hoffenheim,Wolfsburg,1.424,0.949,Bundesliga
2022-11-12,Augsburg,Bochum,2.346,1.135,Bundesliga
2022-11-12,Hertha Berlin,FC Cologne,2.134,1.937,Bundesliga
2022-11-12,Werder Bremen,RasenBallsport Leipzig,1.035,2.132,Bundesliga
2022-11-12,Schalke 04,Bayern Munich,0.892,1.652,Bundesliga
2022-11-12,Bayer Leverkusen,VfB Stuttgart,1.883,0.277,Bundesliga
2022-11-12,Rennes,Toulouse,1.948,1.117,Ligue_1
2022-11-12,Wolverhampton Wanderers,Arsenal,0.512,2.28,EPL
2022-11-12,Manchester City,Brentford,1.605,3.29,EPL
2022-11-12,Bologna,Sassuolo,0.762,0.794,Serie_A
2022-11-12,Liverpool,Southampton,2.744,1.434,EPL
2022-11-12,Nottingham Forest,Crystal Palace,1.238,1.146,EPL
2022-11-12,Tottenham,Leeds,2.58,1.717,EPL
2022-11-12,West Ham,Leicester,0.721,1.606,EPL
2022-11-12,Newcastle United,Chelsea,1.36,0.359,EPL
2022-11-12,Sampdoria,Lecce,0.853,1.067,Serie_A
2022-11-12,Napoli,Udinese,1.529,1.007,Serie_A
2022-11-12,Bournemouth,Everton,2.456,0.769,EPL
2022-11-13,Juventus,Lazio,1.703,0.386,Serie_A
2022-11-13,Lille,Angers,1.076,0.448,Ligue_1
2022-11-13,Freiburg,Union Berlin,2.69,1.656,Bundesliga
2022-11-13,Strasbourg,Lorient,1.849,0.878,Ligue_1
2022-11-13,Monaco,Marseille,1.527,2.714,Ligue_1
2022-11-13,AC Milan,Fiorentina,1.968,0.858,Serie_A
2022-11-13,Brest,Troyes,2.211,0.444,Ligue_1
2022-11-13,Paris Saint Germain,Auxerre,2.223,0.603,Ligue_1
2022-11-13,Nantes,Ajaccio,0.983,2.409,Ligue_1
2022-11-13,Mainz 05,Eintracht Frankfurt,1.786,1.398,Bundesliga
2022-11-13,Roma,Torino,1.345,0.848,Serie_A
2022-11-13,Montpellier,Reims,2.075,2.126,Ligue_1
2022-11-13,Verona,Spezia,2.166,0.752,Serie_A
2022-11-13,Atalanta,Inter,2.062,1.931,Serie_A
2022-11-13,Fulham,Manchester United,1.702,3.377,EPL
2022-11-13,Brighton,Aston Villa,0.829,1.154,EPL
2022-11-13,Monza,Salernitana,3.082,0.218,Serie_A
2022-12-26,Arsenal,West Ham,1.888,1.027,EPL
2022-12-26,Aston Villa,Liverpool,1.692,3.507,EPL
2022-12-26,Southampton,Brighton,1.707,1.007,EPL
2022-12-26,Leicester,Newcastle United,0.311,1.764,EPL
2022-12-26,Everton,Wolverhampton Wanderers,1.227,1.221,EPL
2022-12-26,Brentford,Tottenham,2.253,0.884,EPL
2022-12-26,Crystal Palace,Fulham,0.422,2.699,EPL
2022-12-27,Chelsea,Bournemouth,1.914,0.443,EPL
2022-12-27,Manchester United,Nottingham Forest,2.137,0.477,EPL
2022-12-28,Leeds,Manchester City,0.604,4.162,EPL
2022-12-28,Paris Saint Germain,Strasbourg,2.118,1.135,Ligue_1
2022-12-28,Clermont Foot,Lille,0.511,1.793,Ligue_1
2022-12-28,Brest,Lyon,1.135,3.185,Ligue_1
2022-12-28,Ajaccio,Angers,1.686,2.134,Ligue_1
2022-12-28,Troyes,Nantes,0.203,1.707,Ligue_1
2022-12-28,Auxerre,Monaco,1.33,1.361,Ligue_1
2022-12-29,Atletico Madrid,Elche,1.744,0.569,La_liga
2022-12-29,Real Betis,Athletic Club,0.542,0.358,La_liga
2022-12-29,Lorient,Montpellier,1.132,1.999,Ligue_1
2022-12-29,Reims,Rennes,1.372,1.567,Ligue_1
2022-12-29,Girona,Rayo Vallecano,2.268,1.321,La_liga
2022-12-29,Nice,Lens,1.196,1.18,Ligue_1
2022-12-29,Marseille,Toulouse,3.908,1.731,Ligue_1
2022-12-30,Real Valladolid,Real Madrid,0.535,2.534,La_liga
2022-12-30,Getafe,Mallorca,1.328,0.36,La_liga
2022-12-30,Celta Vigo,Sevilla,1.665,0.594,La_liga
2022-12-30,Liverpool,Leicester,2.025,0.863,EPL
2022-12-30,Cadiz,Almeria,1.578,2.23,La_liga
2022-12-30,West Ham,Brentford,1.14,1.514,EPL
2022-12-31,Brighton,Arsenal,1.157,3.221,EPL
2022-12-31,Newcastle United,Leeds,2.788,0.517,EPL
2022-12-31,Fulham,Southampton,1.493,0.699,EPL
2022-12-31,Bournemouth,Crystal Palace,0.896,1.753,EPL
2022-12-31,Wolverhampton Wanderers,Manchester United,0.588,2.447,EPL
2022-12-31,Villarreal,Valencia,2.373,1.167,La_liga
2022-12-31,Real Sociedad,Osasuna,1.543,0.306,La_liga
2022-12-31,Manchester City,Everton,2.363,0.076,EPL
2022-12-31,Barcelona,Espanyol,2.746,0.847,La_liga
2023-01-01,Lyon,Clermont Foot,0.736,1.206,Ligue_1
2023-01-01,Lens,Paris Saint Germain,1.798,1.978,Ligue_1
2023-01-01,Angers,Lorient,2.175,0.44,Ligue_1
2023-01-01,Monaco,Brest,1.114,0.984,Ligue_1
2023-01-01,Nottingham Forest,Chelsea,0.985,1.373,EPL
2023-01-01,Toulouse,Ajaccio,1.335,0.045,Ligue_1
2023-01-01,Tottenham,Aston Villa,0.569,1.217,EPL
2023-01-01,Nantes,Auxerre,0.871,0.941,Ligue_1
2023-01-02,Strasbourg,Troyes,1.153,1.328,Ligue_1
2023-01-02,Lille,Reims,2.69,1.236,Ligue_1
2023-01-02,Montpellier,Marseille,1.109,1.34,Ligue_1
2023-01-02,Rennes,Nice,1.782,0.396,Ligue_1
2023-01-02,Brentford,Liverpool,2.099,2.105,EPL
2023-01-03,Everton,Brighton,1.169,2.507,EPL
2023-01-03,Leicester,Fulham,1.452,1.335,EPL
2023-01-03,Arsenal,Newcastle United,0.971,0.96,EPL
2023-01-03,Manchester United,Bournemouth,2.974,0.679,EPL
2023-01-04,Salernitana,AC Milan,0.68,3.813,Serie_A
2023-01-04,Sassuolo,Sampdoria,1.45,0.851,Serie_A
2023-01-04,Torino,Verona,0.469,1.411,Serie_A
2023-01-04,Lecce,Lazio,1.178,0.706,Serie_A
2023-01-04,Spezia,Atalanta,1.394,1.806,Serie_A
2023-01-04,Inter,Napoli,1.47,1.095,Serie_A
2023-01-04,Fiorentina,Monza,1.487,1.541,Serie_A
2023-01-04,Southampton,Nottingham Forest,0.629,1.223,EPL
2023-01-04,Leeds,West Ham,1.258,1.292,EPL
2023-01-04,Udinese,Empoli,1.317,0.661,Serie_A
2023-01-04,Crystal Palace,Tottenham,0.788,1.665,EPL
2023-01-04,Cremonese,Juventus,0.699,1.615,Serie_A
2023-01-04,Roma,Bologna,2.081,0.753,Serie_A
2023-01-04,Aston Villa,Wolverhampton Wanderers,1.032,0.833,EPL
2023-01-05,Chelsea,Manchester City,0.494,1.72,EPL
2023-01-06,Elche,Celta Vigo,1.145,1.971,La_liga
2023-01-06,Valencia,Cadiz,0.495,0.434,La_liga
2023-01-07,Fiorentina,Sassuolo,3.085,1.754,Serie_A
2023-01-07,Espanyol,Girona,1.267,1.658,La_liga
2023-01-07,Juventus,Udinese,2.593,0.307,Serie_A
2023-01-07,Monza,Inter,1.419,1.615,Serie_A
2023-01-07,Villarreal,Real Madrid,2.417,2.167,La_liga
2023-01-07,Mallorca,Real Valladolid,1.528,0.435,La_liga
2023-01-08,Rayo Vallecano,Real Betis,1.39,0.735,La_liga
2023-01-08,Almeria,Real Sociedad,0.31,2.117,La_liga
2023-01-08,Lazio,Empoli,1.312,0.599,Serie_A
2023-01-08,Salernitana,Torino,0.581,2.377,Serie_A
2023-01-08,Sevilla,Getafe,1.216,1.175,La_liga
2023-01-08,AC Milan,Roma,1.091,1.109,Serie_A
2023-01-08,Sampdoria,Napoli,0.384,3.417,Serie_A
2023-01-08,Spezia,Lecce,0.657,0.956,Serie_A
2023-01-08,Atletico Madrid,Barcelona,1.936,1.236,La_liga
2023-01-09,Verona,Cremonese,1.928,0.81,Serie_A
2023-01-09,Athletic Club,Osasuna,1.176,0.428,La_liga
2023-01-09,Bologna,Atalanta,0.386,0.685,Serie_A
2023-01-11,Auxerre,Toulouse,1.199,2.328,Ligue_1
2023-01-11,Clermont Foot,Rennes,1.927,0.901,Ligue_1
2023-01-11,Nantes,Lyon,1.238,0.716,Ligue_1
2023-01-11,Lorient,Monaco,1.407,1.616,Ligue_1
2023-01-11,Nice,Montpellier,3.477,0.226,Ligue_1
2023-01-11,Ajaccio,Reims,0.813,1.163,Ligue_1
2023-01-11,Troyes,Marseille,0.208,2.652,Ligue_1
2023-01-11,Paris Saint Germain,Angers,1.663,0.341,Ligue_1
2023-01-11,Strasbourg,Lens,1.155,1.5,Ligue_1
2023-01-11,Brest,Lille,0.567,0.953,Ligue_1
2023-01-12,Fulham,Chelsea,0.711,2.399,EPL
2023-01-13,Napoli,Juventus,2.236,0.963,Serie_A
2023-01-13,Aston Villa,Leeds,1.646,2.463,EPL
2023-01-13,Celta Vigo,Villarreal,2.458,0.105,La_liga
2023-01-14,Nottingham Forest,Leicester,1.753,0.803,EPL
2023-01-14,Inter,Verona,0.608,0.184,Serie_A
2023-01-14,Brentford,Bournemouth,1.298,0.269,EPL
2023-01-14,Lecce,AC Milan,1.826,1.512,Serie_A
2023-01-14,Wolverhampton Wanderers,West Ham,0.806,0.735,EPL
2023-01-14,Cremonese,Monza,0.456,2.493,Serie_A
2023-01-14,Manchester United,Manchester City,1.982,0.737,EPL
2023-01-14,Everton,Southampton,1.182,1.084,EPL
2023-01-14,Brighton,Liverpool,2.401,1.289,EPL
2023-01-14,Real Valladolid,Rayo Vallecano,0.611,1.17,La_liga
2023-01-14,Girona,Sevilla,2.846,0.784,La_liga
2023-01-14,Osasuna,Mallorca,1.191,0.523,La_liga
2023-01-14,Real Sociedad,Athletic Club,1.888,0.265,La_liga
2023-01-14,Lyon,Strasbourg,2.468,1.155,Ligue_1
2023-01-14,Lens,Auxerre,1.695,0.172,Ligue_1
2023-01-14,Marseille,Lorient,2.035,0.492,Ligue_1
2023-01-15,Toulouse,Brest,1.548,0.755,Ligue_1
2023-01-15,Reims,Nice,0.975,0.671,Ligue_1
2023-01-15,Montpellier,Nantes,1.108,0.904,Ligue_1
2023-01-15,Sassuolo,Lazio,0.701,2.791,Serie_A
2023-01-15,Lille,Troyes,4.307,0.981,Ligue_1
2023-01-15,Monaco,Ajaccio,4.167,0.216,Ligue_1
2023-01-15,Angers,Clermont Foot,0.395,2.106,Ligue_1
2023-01-15,Rennes,Paris Saint Germain,1.063,0.603,Ligue_1
2023-01-15,Torino,Spezia,0.945,1.562,Serie_A
2023-01-15,Tottenham,Arsenal,1.71,2.042,EPL
2023-01-15,Udinese,Bologna,2.448,1.965,Serie_A
2023-01-15,Atalanta,Salernitana,3.219,0.535,Serie_A
2023-01-15,Roma,Fiorentina,1.216,0.378,Serie_A
2023-01-15,Getafe,Espanyol,0.496,0.46,La_liga
2023-01-15,Almeria,Atletico Madrid,1.082,2.084,La_liga
2023-01-15,Chelsea,Crystal Palace,2.13,0.837,EPL
2023-01-15,Newcastle United,Fulham,1.963,0.99,EPL
2023-01-16,Cadiz,Elche,1.402,0.655,La_liga
2023-01-16,Empoli,Sampdoria,1.957,1.176,Serie_A
2023-01-18,Crystal Palace,Manchester United,0.413,1.394,EPL
2023-01-19,Manchester City,Tottenham,2.342,1.165,EPL
2023-01-20,Mallorca,Celta Vigo,0.404,0.425,La_liga
2023-01-20,RasenBallsport Leipzig,Bayern Munich,1.031,0.814,Bundesliga
2023-01-21,FC Cologne,Werder Bremen,3.19,0.253,Bundesliga
2023-01-21,Espanyol,Real Betis,2.162,0.836,La_liga
2023-01-21,Crystal Palace,Newcastle United,0.333,1.444,EPL
2023-01-21,Liverpool,Chelsea,1.301,1.845,EPL
2023-01-21,Bournemouth,Nottingham Forest,1.805,1.575,EPL
2023-01-21,Leicester,Brighton,1.359,1.945,EPL
2023-01-21,Southampton,Aston Villa,0.672,1.164,EPL
2023-01-21,West Ham,Everton,2.469,0.287,EPL
2023-01-21,Fiorentina,Torino,1.027,0.77,Serie_A
2023-01-21,Wolfsburg,Freiburg,2.881,0.809,Bundesliga
2023-01-21,Verona,Lecce,0.625,0.835,Serie_A
2023-01-21,Eintracht Frankfurt,Schalke 04,1.681,2.378,Bundesliga
2023-01-21,Union Berlin,Hoffenheim,2.481,0.967,Bundesliga
2023-01-21,Bochum,Hertha Berlin,1.674,0.732,Bundesliga
2023-01-21,Sevilla,Cadiz,1.66,0.077,La_liga
2023-01-21,Salernitana,Napoli,0.48,1.822,Serie_A
2023-01-21,Rayo Vallecano,Real Sociedad,0.642,1.436,La_liga
2023-01-21,VfB Stuttgart,Mainz 05,1.88,1.38,Bundesliga
2023-01-21,Atletico Madrid,Real Valladolid,4.114,0.422,La_liga
2023-01-22,Leeds,Brentford,0.375,0.171,EPL
2023-01-22,Athletic Club,Real Madrid,1.156,0.947,La_liga
2023-01-22,Barcelona,Getafe,0.712,1.246,La_liga
2023-01-22,Elche,Osasuna,2.362,0.608,La_liga
2023-01-22,Villarreal,Girona,2.795,0.637,La_liga
2023-01-22,Spezia,Roma,0.227,1.944,Serie_A
2023-01-22,Juventus,Atalanta,1.918,1.166,Serie_A
2023-01-22,Borussia M.Gladbach,Bayer Leverkusen,0.994,1.685,Bundesliga
2023-01-22,Monza,Sassuolo,0.966,1.707,Serie_A
2023-01-22,Arsenal,Manchester United,2.903,0.272,EPL
2023-01-22,Manchester City,Wolverhampton Wanderers,3.328,0.469,EPL
2023-01-22,Borussia Dortmund,Augsburg,3.27,1.929,Bundesliga
2023-01-22,Sampdoria,Udinese,1.605,1.573,Serie_A
2023-01-23,Fulham,Tottenham,1.093,0.994,EPL
2023-01-23,Valencia,Almeria,2.707,1.688,La_liga
2023-01-23,Inter,Empoli,1.397,0.854,Serie_A
2023-01-23,Bologna,Cremonese,0.85,1.8,Serie_A
2023-01-24,Lazio,AC Milan,2.812,1.041,Serie_A
2023-01-24,Hoffenheim,VfB Stuttgart,1.821,0.658,Bundesliga
2023-01-24,Schalke 04,RasenBallsport Leipzig,0.504,4.234,Bundesliga
2023-01-24,Bayern Munich,FC Cologne,1.489,0.783,Bundesliga
2023-01-24,Hertha Berlin,Wolfsburg,0.573,2.949,Bundesliga
2023-01-25,Bayer Leverkusen,Bochum,1.891,0.822,Bundesliga
2023-01-25,Freiburg,Eintracht Frankfurt,1.786,0.262,Bundesliga
2023-01-25,Werder Bremen,Union Berlin,0.567,1.054,Bundesliga
2023-01-25,Augsburg,Borussia M.Gladbach,0.87,0.512,Bundesliga
2023-01-25,Mainz 05,Borussia Dortmund,0.85,1.159,Bundesliga
2023-01-27,Lecce,Salernitana,1.391,0.767,Serie_A
2023-01-27,Bologna,Spezia,1.865,0.486,Serie_A
2023-01-27,Almeria,Espanyol,2.18,0.806,La_liga
2023-01-27,RasenBallsport Leipzig,VfB Stuttgart,1.591,1.87,Bundesliga
2023-01-27,Lorient,Rennes,0.989,1.942,Ligue_1
2023-01-28,Atalanta,Sampdoria,1.826,0.96,Serie_A
2023-01-28,Cremonese,Inter,0.723,2.376,Serie_A
2023-01-28,Empoli,Torino,0.786,1.264,Serie_A
2023-01-28,Marseille,Monaco,1.772,1.552,Ligue_1
2023-01-28,Cadiz,Mallorca,1.831,0.307,La_liga
2023-01-28,Getafe,Real Betis,0.206,2.0,La_liga
2023-01-28,Freiburg,Augsburg,1.922,2.004,Bundesliga
2023-01-28,Girona,Barcelona,0.894,0.981,La_liga
2023-01-28,Bayern Munich,Eintracht Frankfurt,1.38,0.883,Bundesliga
2023-01-28,Werder Bremen,Wolfsburg,1.801,0.697,Bundesliga
2023-01-28,Hertha Berlin,Union Berlin,0.465,0.884,Bundesliga
2023-01-28,Hoffenheim,Borussia M.Gladbach,1.96,1.799,Bundesliga
2023-01-28,Mainz 05,Bochum,2.868,0.912,Bundesliga
2023-01-28,Sevilla,Elche,3.273,0.341,La_liga
2023-01-28,Troyes,Lens,0.937,2.434,Ligue_1
2023-01-29,Real Valladolid,Valencia,1.47,1.057,La_liga
2023-01-29,Celta Vigo,Athletic Club,0.615,0.233,La_liga
2023-01-29,AC Milan,Sassuolo,0.5,2.073,Serie_A
2023-01-29,Juventus,Monza,1.377,1.374,Serie_A
2023-01-29,Lazio,Fiorentina,1.259,1.272,Serie_A
2023-01-29,Napoli,Roma,1.001,0.84,Serie_A
2023-01-29,Real Madrid,Real Sociedad,1.405,0.37,La_liga
2023-01-29,Nice,Lille,1.389,2.07,Ligue_1
2023-01-29,Osasuna,Atletico Madrid,0.741,1.297,La_liga
2023-01-29,Clermont Foot,Nantes,0.639,0.125,Ligue_1
2023-01-29,Schalke 04,FC Cologne,1.117,0.329,Bundesliga
2023-01-29,Bayer Leverkusen,Borussia Dortmund,1.845,0.978,Bundesliga
2023-01-29,Auxerre,Montpellier,1.785,0.787,Ligue_1
2023-01-29,Strasbourg,Toulouse,0.9,2.05,Ligue_1
2023-01-29,Brest,Angers,1.621,1.001,Ligue_1
2023-01-29,Ajaccio,Lyon,1.446,2.027,Ligue_1
2023-01-29,Paris Saint Germain,Reims,1.995,1.633,Ligue_1
2023-01-30,Villarreal,Rayo Vallecano,1.197,0.83,La_liga
2023-01-30,Udinese,Verona,2.483,0.486,Serie_A
2023-02-01,Angers,Ajaccio,0.414,1.187,Ligue_1
2023-02-01,Nantes,Marseille,1.403,1.943,Ligue_1
2023-02-01,Lens,Nice,0.397,2.165,Ligue_1
2023-02-01,Reims,Lorient,3.614,0.707,Ligue_1
2023-02-01,Toulouse,Troyes,2.949,1.254,Ligue_1
2023-02-01,Monaco,Auxerre,1.977,1.131,Ligue_1
2023-02-01,Real Betis,Barcelona,0.761,2.383,La_liga
2023-02-01,Montpellier,Paris Saint Germain,0.27,4.001,Ligue_1
2023-02-01,Lyon,Brest,2.299,0.509,Ligue_1
2023-02-01,Rennes,Strasbourg,1.256,0.141,Ligue_1
2023-02-01,Lille,Clermont Foot,1.752,1.536,Ligue_1
2023-02-02,Real Madrid,Valencia,2.605,0.213,La_liga
2023-02-03,Athletic Club,Cadiz,2.302,1.553,La_liga
2023-02-03,Augsburg,Bayer Leverkusen,0.924,0.462,Bundesliga
2023-02-03,Chelsea,Fulham,1.415,0.493,EPL
2023-02-04,Real Betis,Celta Vigo,3.541,2.304,La_liga
2023-02-04,Paris Saint Germain,Toulouse,1.804,0.729,Ligue_1
2023-02-04,Rennes,Lille,2.187,2.352,Ligue_1
2023-02-04,Everton,Arsenal,2.092,0.69,EPL
2023-02-04,Aston Villa,Leicester,1.499,2.498,EPL
2023-02-04,Brentford,Southampton,2.367,0.644,EPL
2023-02-04,Brighton,Bournemouth,2.557,0.908,EPL
2023-02-04,Manchester United,Crystal Palace,2.07,1.38,EPL
2023-02-04,Wolverhampton Wanderers,Liverpool,2.633,1.302,EPL
2023-02-04,Newcastle United,West Ham,1.229,1.278,EPL
2023-02-04,Espanyol,Osasuna,1.564,0.919,La_liga
2023-02-04,Elche,Villarreal,2.89,1.489,La_liga
2023-02-04,Atletico Madrid,Getafe,1.013,1.137,La_liga
2023-02-04,Troyes,Lyon,0.7,1.307,Ligue_1
2023-02-04,Eintracht Frankfurt,Hertha Berlin,2.002,0.94,Bundesliga
2023-02-04,Union Berlin,Mainz 05,0.978,1.093,Bundesliga
2023-02-04,Cremonese,Lecce,0.597,1.559,Serie_A
2023-02-04,Roma,Empoli,2.283,1.421,Serie_A
2023-02-04,Borussia Dortmund,Freiburg,2.104,0.244,Bundesliga
2023-02-04,Sassuolo,Atalanta,1.112,0.295,Serie_A
2023-02-04,Borussia M.Gladbach,Schalke 04,1.129,1.183,Bundesliga
2023-02-04,Bochum,Hoffenheim,2.747,0.823,Bundesliga
2023-02-04,FC Cologne,RasenBallsport Leipzig,0.607,1.0,Bundesliga
2023-02-05,Tottenham,Manchester City,1.422,0.774,EPL
2023-02-05,Lorient,Angers,0.688,0.585,Ligue_1
2023-02-05,Strasbourg,Montpellier,1.516,0.614,Ligue_1
2023-02-05,Brest,Lens,2.17,2.265,Ligue_1
2023-02-05,Marseille,Nice,2.611,1.481,Ligue_1
2023-02-05,Barcelona,Sevilla,3.098,0.041,La_liga
2023-02-05,Real Sociedad,Real Valladolid,1.216,0.782,La_liga
2023-02-05,Mallorca,Real Madrid,0.242,1.398,La_liga
2023-02-05,Nottingham Forest,Leeds,0.333,1.123,EPL
2023-02-05,Auxerre,Reims,0.61,0.406,Ligue_1
2023-02-05,Spezia,Napoli,0.407,1.804,Serie_A
2023-02-05,Torino,Udinese,1.396,0.461,Serie_A
2023-02-05,Fiorentina,Bologna,1.335,1.824,Serie_A
2023-02-05,Inter,AC Milan,0.762,0.209,Serie_A
2023-02-05,Girona,Valencia,2.57,0.878,La_liga
2023-02-05,Ajaccio,Nantes,0.223,1.569,Ligue_1
2023-02-05,Clermont Foot,Monaco,0.277,1.466,Ligue_1
2023-02-05,VfB Stuttgart,Werder Bremen,1.488,0.451,Bundesliga
2023-02-05,Wolfsburg,Bayern Munich,2.395,0.569,Bundesliga
2023-02-06,Rayo Vallecano,Almeria,1.381,1.375,La_liga
2023-02-06,Monza,Sampdoria,2.174,1.513,Serie_A
2023-02-06,Verona,Lazio,1.212,0.755,Serie_A
2023-02-07,Salernitana,Juventus,0.516,2.897,Serie_A
2023-02-08,Manchester United,Leeds,2.0,0.555,EPL
2023-02-10,Nice,Ajaccio,0.569,0.265,Ligue_1
2023-02-10,AC Milan,Torino,1.733,0.762,Serie_A
2023-02-10,Cadiz,Girona,0.718,0.214,La_liga
2023-02-10,Schalke 04,Wolfsburg,0.999,1.397,Bundesliga
2023-02-11,Monaco,Paris Saint Germain,3.804,0.933,Ligue_1
2023-02-11,Almeria,Real Betis,2.009,3.307,La_liga
2023-02-11,Lecce,Roma,0.386,1.912,Serie_A
2023-02-11,RasenBallsport Leipzig,Union Berlin,0.891,1.041,Bundesliga
2023-02-11,Werder Bremen,Borussia Dortmund,0.587,2.666,Bundesliga
2023-02-11,Freiburg,VfB Stuttgart,2.211,1.027,Bundesliga
2023-02-11,Mainz 05,Augsburg,4.007,1.455,Bundesliga
2023-02-11,Clermont Foot,Marseille,1.09,2.109,Ligue_1
2023-02-11,Bayern Munich,Bochum,4.376,0.242,Bundesliga
2023-02-11,Sevilla,Mallorca,2.168,0.207,La_liga
2023-02-11,Empoli,Spezia,1.311,1.859,Serie_A
2023-02-11,Hoffenheim,Bayer Leverkusen,0.782,1.477,Bundesliga
2023-02-11,Valencia,Athletic Club,1.675,1.347,La_liga
2023-02-11,Lazio,Atalanta,0.75,3.35,Serie_A
2023-02-11,West Ham,Chelsea,1.076,0.9,EPL
2023-02-11,Bournemouth,Newcastle United,1.545,1.549,EPL
2023-02-11,Southampton,Wolverhampton Wanderers,1.302,0.616,EPL
2023-02-11,Leicester,Tottenham,1.412,1.117,EPL
2023-02-11,Fulham,Nottingham Forest,1.697,0.687,EPL
2023-02-11,Crystal Palace,Brighton,0.928,2.65,EPL
2023-02-11,Arsenal,Brentford,1.367,2.175,EPL
2023-02-12,Leeds,Manchester United,1.892,1.304,EPL
2023-02-12,Getafe,Rayo Vallecano,1.237,1.705,La_liga
2023-02-12,Angers,Auxerre,0.446,2.487,Ligue_1
2023-02-12,Lille,Strasbourg,3.654,0.174,Ligue_1
2023-02-12,Montpellier,Brest,3.949,0.469,Ligue_1
2023-02-12,Reims,Troyes,2.107,0.57,Ligue_1
2023-02-12,Nantes,Lorient,1.642,1.63,Ligue_1
2023-02-12,Lyon,Lens,1.529,1.308,Ligue_1
2023-02-12,Toulouse,Rennes,2.713,1.196,Ligue_1
2023-02-12,Celta Vigo,Atletico Madrid,1.057,0.956,La_liga
2023-02-12,Manchester City,Aston Villa,3.61,0.275,EPL
2023-02-12,Udinese,Sassuolo,1.266,0.366,Serie_A
2023-02-12,Real Valladolid,Osasuna,1.964,1.036,La_liga
2023-02-12,Villarreal,Barcelona,1.052,1.378,La_liga
2023-02-12,Bologna,Monza,0.435,0.772,Serie_A
2023-02-12,Hertha Berlin,Borussia M.Gladbach,2.648,0.421,Bundesliga
2023-02-12,FC Cologne,Eintracht Frankfurt,1.722,0.369,Bundesliga
2023-02-12,Napoli,Cremonese,1.888,0.157,Serie_A
2023-02-12,Juventus,Fiorentina,1.488,0.665,Serie_A
2023-02-13,Liverpool,Everton,2.233,0.402,EPL
2023-02-13,Espanyol,Real Sociedad,1.257,1.207,La_liga
2023-02-13,Verona,Salernitana,1.411,0.831,Serie_A
2023-02-13,Sampdoria,Inter,0.478,1.535,Serie_A
2023-02-15,Real Madrid,Elche,4.044,0.619,La_liga
2023-02-15,Arsenal,Manchester City,1.701,2.008,EPL
2023-02-17,Sassuolo,Napoli,0.835,2.166,Serie_A
2023-02-17,Augsburg,Hoffenheim,1.482,0.446,Bundesliga
2023-02-17,Girona,Almeria,3.226,1.237,La_liga
2023-02-17,Auxerre,Lyon,1.348,0.719,Ligue_1
2023-02-18,Inter,Udinese,2.736,0.64,Serie_A
2023-02-18,Wolfsburg,RasenBallsport Leipzig,0.264,3.048,Bundesliga
2023-02-18,Real Sociedad,Celta Vigo,1.529,1.343,La_liga
2023-02-18,Real Betis,Real Valladolid,2.218,0.979,La_liga
2023-02-18,Mallorca,Villarreal,2.744,1.019,La_liga
2023-02-18,Osasuna,Real Madrid,0.401,1.865,La_liga
2023-02-18,Borussia M.Gladbach,Bayern Munich,2.266,1.222,Bundesliga
2023-02-18,Sampdoria,Bologna,2.604,0.714,Serie_A
2023-02-18,Strasbourg,Angers,1.95,1.05,Ligue_1
2023-02-18,Aston Villa,Arsenal,0.336,2.86,EPL
2023-02-18,Eintracht Frankfurt,Werder Bremen,2.081,0.151,Bundesliga
2023-02-18,VfB Stuttgart,FC Cologne,1.698,0.452,Bundesliga
2023-02-18,Bochum,Freiburg,1.408,2.399,Bundesliga
2023-02-18,Monza,AC Milan,0.406,2.87,Serie_A
2023-02-18,Newcastle United,Liverpool,1.749,2.165,EPL
2023-02-18,Nice,Reims,1.533,1.287,Ligue_1
2023-02-18,Nottingham Forest,Manchester City,1.127,2.81,EPL
2023-02-18,Everton,Leeds,1.538,0.597,EPL
2023-02-18,Chelsea,Southampton,1.617,0.62,EPL
2023-02-18,Brighton,Fulham,2.714,0.224,EPL
2023-02-18,Wolverhampton Wanderers,Bournemouth,0.911,1.153,EPL
2023-02-18,Brentford,Crystal Palace,0.61,1.122,EPL
2023-02-19,Manchester United,Leicester,4.247,1.397,EPL
2023-02-19,Tottenham,West Ham,1.43,0.365,EPL
2023-02-19,Elche,Espanyol,1.602,1.359,La_liga
2023-02-19,Rayo Vallecano,Sevilla,1.375,0.476,La_liga
2023-02-19,Atletico Madrid,Athletic Club,1.065,1.008,La_liga
2023-02-19,Barcelona,Cadiz,2.289,1.404,La_liga
2023-02-19,Roma,Verona,1.216,0.579,Serie_A
2023-02-19,Salernitana,Lazio,0.337,3.089,Serie_A
2023-02-19,Toulouse,Marseille,2.098,1.218,Ligue_1
2023-02-19,Lens,Nantes,3.13,0.236,Ligue_1
2023-02-19,Troyes,Montpellier,0.086,1.085,Ligue_1
2023-02-19,Rennes,Clermont Foot,1.673,0.866,Ligue_1
2023-02-19,Brest,Monaco,0.768,1.611,Ligue_1
2023-02-19,Lorient,Ajaccio,2.436,0.593,Ligue_1
2023-02-19,Paris Saint Germain,Lille,2.096,3.208,Ligue_1
2023-02-19,Spezia,Juventus,0.836,1.414,Serie_A
2023-02-19,Union Berlin,Schalke 04,0.827,0.386,Bundesliga
2023-02-19,Bayer Leverkusen,Mainz 05,3.014,2.004,Bundesliga
2023-02-19,Atalanta,Lecce,1.41,0.523,Serie_A
2023-02-19,Fiorentina,Empoli,2.156,0.627,Serie_A
2023-02-19,Borussia Dortmund,Hertha Berlin,2.349,1.414,Bundesliga
2023-02-20,Getafe,Valencia,2.134,1.094,La_liga
2023-02-20,Torino,Cremonese,2.408,0.489,Serie_A
2023-02-24,Fulham,Wolverhampton Wanderers,0.913,0.997,EPL
2023-02-24,Mainz 05,Borussia M.Gladbach,2.951,0.719,Bundesliga
2023-02-24,Elche,Real Betis,0.884,4.052,La_liga
2023-02-24,Lille,Brest,0.772,0.202,Ligue_1
2023-02-25,Cadiz,Rayo Vallecano,0.816,0.407,La_liga
2023-02-25,Espanyol,Mallorca,1.994,0.558,La_liga
2023-02-25,Crystal Palace,Liverpool,0.989,1.351,EPL
2023-02-25,Leeds,Southampton,0.72,0.391,EPL
2023-02-25,Leicester,Arsenal,0.02,0.722,EPL
2023-02-25,West Ham,Nottingham Forest,3.05,0.351,EPL
2023-02-25,Bournemouth,Manchester City,1.085,2.982,EPL
2023-02-25,Lecce,Sassuolo,1.194,1.075,Serie_A
2023-02-25,Empoli,Napoli,0.38,2.545,Serie_A
2023-02-25,Real Madrid,Atletico Madrid,1.563,0.218,La_liga
2023-02-25,Everton,Aston Villa,1.541,2.06,EPL
2023-02-25,Valencia,Real Sociedad,0.636,0.818,La_liga
2023-02-25,RasenBallsport Leipzig,Eintracht Frankfurt,1.9,0.856,Bundesliga
2023-02-25,Montpellier,Lens,0.645,1.535,Ligue_1
2023-02-25,FC Cologne,Wolfsburg,1.035,1.0,Bundesliga
2023-02-25,Hoffenheim,Borussia Dortmund,0.874,2.759,Bundesliga
2023-02-25,Hertha Berlin,Augsburg,0.453,0.406,Bundesliga
2023-02-25,Werder Bremen,Bochum,1.175,0.396,Bundesliga
2023-02-25,Schalke 04,VfB Stuttgart,1.866,1.668,Bundesliga
2023-02-25,Angers,Lyon,1.135,1.818,Ligue_1
2023-02-26,Sevilla,Osasuna,2.382,1.343,La_liga
2023-02-26,Almeria,Barcelona,0.828,1.156,La_liga
2023-02-26,Celta Vigo,Real Valladolid,2.976,0.902,La_liga
2023-02-26,Athletic Club,Girona,1.345,1.339,La_liga
2023-02-26,Marseille,Paris Saint Germain,2.29,3.734,Ligue_1
2023-02-26,Monaco,Nice,0.689,1.796,Ligue_1
2023-02-26,Ajaccio,Troyes,3.945,1.404,Ligue_1
2023-02-26,Nantes,Rennes,2.425,0.986,Ligue_1
2023-02-26,Clermont Foot,Strasbourg,1.748,0.92,Ligue_1
2023-02-26,Lorient,Auxerre,1.05,1.209,Ligue_1
2023-02-26,Udinese,Spezia,2.826,2.055,Serie_A
2023-02-26,Salernitana,Monza,2.586,1.261,Serie_A
2023-02-26,Bologna,Inter,1.065,1.147,Serie_A
2023-02-26,Reims,Toulouse,2.174,0.523,Ligue_1
2023-02-26,Tottenham,Chelsea,0.926,0.262,EPL
2023-02-26,AC Milan,Atalanta,2.092,0.099,Serie_A
2023-02-26,Freiburg,Bayer Leverkusen,1.288,2.061,Bundesliga
2023-02-26,Bayern Munich,Union Berlin,3.864,0.213,Bundesliga
2023-02-27,Villarreal,Getafe,1.911,0.468,La_liga
2023-02-27,Verona,Fiorentina,1.797,1.911,Serie_A
2023-02-27,Lazio,Sampdoria,1.579,0.375,Serie_A
2023-02-28,Cremonese,Roma,0.994,0.651,Serie_A
2023-02-28,Juventus,Torino,1.52,0.972,Serie_A
2023-03-01,Arsenal,Everton,3.069,1.604,EPL
2023-03-01,Liverpool,Wolverhampton Wanderers,2.702,0.787,EPL
2023-03-03,Real Sociedad,Cadiz,1.076,0.847,La_liga
2023-03-03,Nice,Auxerre,1.739,0.443,Ligue_1
2023-03-03,Napoli,Lazio,0.772,0.225,Serie_A
2023-03-03,Borussia Dortmund,RasenBallsport Leipzig,1.129,2.198,Bundesliga
2023-03-04,VfB Stuttgart,Bayern Munich,0.597,2.556,Bundesliga
2023-03-04,Bochum,Schalke 04,0.926,0.873,Bundesliga
2023-03-04,Atletico Madrid,Sevilla,3.052,1.768,La_liga
2023-03-04,Mallorca,Elche,0.962,0.957,La_liga
2023-03-04,Getafe,Girona,1.869,0.846,La_liga
2023-03-04,Fiorentina,AC Milan,2.047,0.68,Serie_A
2023-03-04,Atalanta,Udinese,1.482,0.245,Serie_A
2023-03-04,Monza,Empoli,0.967,0.964,Serie_A
2023-03-04,Augsburg,Werder Bremen,0.493,1.688,Bundesliga
2023-03-04,Borussia M.Gladbach,Freiburg,1.114,0.286,Bundesliga
2023-03-04,Almeria,Villarreal,0.371,2.373,La_liga
2023-03-04,Paris Saint Germain,Nantes,1.109,0.239,Ligue_1
2023-03-04,Brighton,West Ham,3.5,0.25,EPL
2023-03-04,Manchester City,Newcastle United,1.341,0.36,EPL
2023-03-04,Arsenal,Bournemouth,2.463,1.743,EPL
2023-03-04,Aston Villa,Crystal Palace,0.891,0.153,EPL
2023-03-04,Lens,Lille,0.617,1.901,Ligue_1
2023-03-04,Chelsea,Leeds,1.868,0.634,EPL
2023-03-04,Wolverhampton Wanderers,Tottenham,0.562,1.256,EPL
2023-03-04,Union Berlin,FC Cologne,0.457,0.799,Bundesliga
2023-03-04,Southampton,Leicester,1.343,1.671,EPL
2023-03-04,Mainz 05,Hoffenheim,1.036,0.616,Bundesliga
2023-03-05,Strasbourg,Brest,0.984,0.585,Ligue_1
2023-03-05,Montpellier,Angers,3.415,0.956,Ligue_1
2023-03-05,Troyes,Monaco,0.879,2.816,Ligue_1
2023-03-05,Real Valladolid,Espanyol,1.38,0.946,La_liga
2023-03-05,Barcelona,Valencia,2.092,0.629,La_liga
2023-03-05,Rayo Vallecano,Athletic Club,0.854,1.257,La_liga
2023-03-05,Real Betis,Real Madrid,0.593,1.145,La_liga
2023-03-05,Reims,Ajaccio,0.41,0.37,Ligue_1
2023-03-05,Wolfsburg,Eintracht Frankfurt,1.773,1.183,Bundesliga
2023-03-05,Bayer Leverkusen,Hertha Berlin,2.265,0.958,Bundesliga
2023-03-05,Lyon,Lorient,2.541,0.888,Ligue_1
2023-03-05,Inter,Lecce,0.937,0.477,Serie_A
2023-03-05,Nottingham Forest,Everton,0.8,1.709,EPL
2023-03-05,Liverpool,Manchester United,3.443,0.838,EPL
2023-03-05,Toulouse,Clermont Foot,1.025,0.648,Ligue_1
2023-03-05,Spezia,Verona,1.17,0.96,Serie_A
2023-03-05,Sampdoria,Salernitana,0.555,0.653,Serie_A
2023-03-05,Rennes,Marseille,1.035,1.453,Ligue_1
2023-03-05,Roma,Juventus,0.535,0.723,Serie_A
2023-03-06,Brentford,Fulham,2.444,1.675,EPL
2023-03-06,Osasuna,Celta Vigo,1.163,0.726,La_liga
2023-03-06,Sassuolo,Cremonese,1.048,1.258,Serie_A
2023-03-06,Torino,Bologna,1.035,0.421,Serie_A
2023-03-10,FC Cologne,Bochum,0.585,1.734,Bundesliga
2023-03-10,Lille,Lyon,2.353,1.058,Ligue_1
2023-03-10,Cadiz,Getafe,1.732,2.699,La_liga
2023-03-10,Spezia,Inter,0.98,3.466,Serie_A
2023-03-11,Empoli,Udinese,1.158,1.06,Serie_A
2023-03-11,Hertha Berlin,Mainz 05,1.617,0.388,Bundesliga
2023-03-11,Auxerre,Rennes,0.961,0.691,Ligue_1
2023-03-11,Brest,Paris Saint Germain,0.751,2.661,Ligue_1
2023-03-11,Valencia,Osasuna,1.842,0.258,La_liga
2023-03-11,Bournemouth,Liverpool,1.101,2.135,EPL
2023-03-11,Everton,Brentford,1.716,1.951,EPL
2023-03-11,Schalke 04,Borussia Dortmund,1.525,1.22,Bundesliga
2023-03-11,Leeds,Brighton,0.597,1.514,EPL
2023-03-11,Leicester,Chelsea,2.361,1.495,EPL
2023-03-11,Tottenham,Nottingham Forest,1.735,1.628,EPL
2023-03-11,Celta Vigo,Rayo Vallecano,2.138,0.697,La_liga
2023-03-11,Elche,Real Valladolid,2.803,0.247,La_liga
2023-03-11,Bayern Munich,Augsburg,2.494,2.481,Bundesliga
2023-03-11,RasenBallsport Leipzig,Borussia M.Gladbach,2.267,1.446,Bundesliga
2023-03-11,Real Madrid,Espanyol,1.782,1.102,La_liga
2023-03-11,Bologna,Lazio,1.092,0.56,Serie_A
2023-03-11,Eintracht Frankfurt,VfB Stuttgart,0.525,0.434,Bundesliga
2023-03-11,Napoli,Atalanta,1.402,0.202,Serie_A
2023-03-11,Crystal Palace,Manchester City,0.185,2.188,EPL
2023-03-12,Clermont Foot,Lens,1.861,2.005,Ligue_1
2023-03-12,Roma,Sassuolo,1.225,3.414,Serie_A
2023-03-12,Ajaccio,Montpellier,0.192,1.274,Ligue_1
2023-03-12,Verona,Monza,0.585,1.073,Serie_A
2023-03-12,Cremonese,Fiorentina,1.44,1.194,Serie_A
2023-03-12,Lecce,Torino,0.338,1.117,Serie_A
2023-03-12,Juventus,Sampdoria,2.837,0.488,Serie_A
2023-03-12,Angers,Toulouse,1.021,1.569,Ligue_1
2023-03-12,Freiburg,Hoffenheim,0.452,1.161,Bundesliga
2023-03-12,Nantes,Nice,1.751,1.518,Ligue_1
2023-03-12,Mallorca,Real Sociedad,1.464,0.683,La_liga
2023-03-12,Athletic Club,Barcelona,1.137,0.725,La_liga
2023-03-12,Lorient,Troyes,1.791,0.492,Ligue_1
2023-03-12,Sevilla,Almeria,3.159,1.519,La_liga
2023-03-12,Newcastle United,Wolverhampton Wanderers,2.455,0.71,EPL
2023-03-12,West Ham,Aston Villa,2.146,1.991,EPL
2023-03-12,Villarreal,Real Betis,1.333,1.031,La_liga
2023-03-12,Fulham,Arsenal,0.618,2.644,EPL
2023-03-12,Wolfsburg,Union Berlin,1.331,1.225,Bundesliga
2023-03-12,Werder Bremen,Bayer Leverkusen,1.708,1.218,Bundesliga
2023-03-12,Marseille,Strasbourg,1.68,2.222,Ligue_1
2023-03-12,Monaco,Reims,0.98,1.819,Ligue_1
2023-03-12,Manchester United,Southampton,0.911,1.181,EPL
2023-03-13,Girona,Atletico Madrid,0.302,1.807,La_liga
2023-03-13,AC Milan,Salernitana,2.711,0.675,Serie_A
2023-03-15,Brighton,Crystal Palace,0.589,1.215,EPL
2023-03-15,Southampton,Brentford,0.359,1.666,EPL
2023-03-17,Borussia M.Gladbach,Werder Bremen,3.684,0.765,Bundesliga
2023-03-17,Nottingham Forest,Newcastle United,0.532,2.5,EPL
2023-03-17,Sassuolo,Spezia,2.076,0.767,Serie_A
2023-03-17,Atalanta,Empoli,3.553,1.325,Serie_A
2023-03-17,Real Valladolid,Athletic Club,1.084,2.345,La_liga
2023-03-17,Lyon,Nantes,1.622,1.063,Ligue_1
2023-03-18,Monza,Cremonese,1.114,0.724,Serie_A
2023-03-18,Augsburg,Schalke 04,0.396,1.684,Bundesliga
2023-03-18,Bochum,RasenBallsport Leipzig,1.311,1.92,Bundesliga
2023-03-18,Hoffenheim,Hertha Berlin,2.613,0.808,Bundesliga
2023-03-18,Lens,Angers,1.649,0.589,Ligue_1
2023-03-18,Salernitana,Bologna,0.714,0.364,Serie_A
2023-03-18,Aston Villa,Bournemouth,3.455,0.5,EPL
2023-03-18,Brentford,Leicester,0.476,1.421,EPL
2023-03-18,Southampton,Tottenham,2.521,1.885,EPL
2023-03-18,VfB Stuttgart,Wolfsburg,0.471,0.674,Bundesliga
2023-03-18,Wolverhampton Wanderers,Leeds,2.764,1.655,EPL
2023-03-18,Atletico Madrid,Valencia,3.363,0.689,La_liga
2023-03-18,Espanyol,Celta Vigo,1.711,1.632,La_liga
2023-03-18,Rayo Vallecano,Girona,1.72,1.509,La_liga
2023-03-18,Almeria,Cadiz,2.694,1.131,La_liga
2023-03-18,Udinese,AC Milan,2.174,1.834,Serie_A
2023-03-18,Toulouse,Lille,2.052,1.965,Ligue_1
2023-03-18,Chelsea,Everton,1.9,1.647,EPL
2023-03-18,Borussia Dortmund,FC Cologne,3.371,1.469,Bundesliga
2023-03-19,Union Berlin,Eintracht Frankfurt,1.23,2.205,Bundesliga
2023-03-19,Bayer Leverkusen,Bayern Munich,1.85,1.107,Bundesliga
2023-03-19,Mainz 05,Freiburg,1.578,1.353,Bundesliga
2023-03-19,Paris Saint Germain,Rennes,1.71,1.9,Ligue_1
2023-03-19,Montpellier,Clermont Foot,3.02,1.406,Ligue_1
2023-03-19,Nice,Lorient,1.217,0.883,Ligue_1
2023-03-19,Strasbourg,Auxerre,2.883,0.945,Ligue_1
2023-03-19,Arsenal,Crystal Palace,1.536,1.192,EPL
2023-03-19,Reims,Marseille,1.918,1.392,Ligue_1
2023-03-19,Sampdoria,Verona,1.633,1.247,Serie_A
2023-03-19,Torino,Napoli,1.42,2.671,Serie_A
2023-03-19,Lazio,Roma,0.735,0.771,Serie_A
2023-03-19,Inter,Juventus,1.073,0.461,Serie_A
2023-03-19,Ajaccio,Monaco,0.41,1.456,Ligue_1
2023-03-19,Fiorentina,Lecce,1.302,0.355,Serie_A
2023-03-19,Troyes,Brest,1.002,1.16,Ligue_1
2023-03-19,Getafe,Sevilla,2.073,0.819,La_liga
2023-03-19,Barcelona,Real Madrid,1.665,0.524,La_liga
2023-03-19,Real Sociedad,Elche,2.694,0.082,La_liga
2023-03-19,Osasuna,Villarreal,1.156,1.587,La_liga
2023-03-19,Real Betis,Mallorca,0.607,0.14,La_liga
2023-03-31,Mallorca,Osasuna,0.433,0.508,La_liga
2023-03-31,Marseille,Montpellier,1.434,0.85,Ligue_1
2023-03-31,Eintracht Frankfurt,Bochum,3.099,1.15,Bundesliga
2023-04-01,Bournemouth,Fulham,3.141,0.601,EPL
2023-04-01,Arsenal,Leeds,3.295,0.498,EPL
2023-04-01,Bayern Munich,Borussia Dortmund,3.101,1.575,Bundesliga
2023-04-01,RasenBallsport Leipzig,Mainz 05,0.584,2.548,Bundesliga
2023-04-01,Schalke 04,Bayer Leverkusen,0.977,3.28,Bundesliga
2023-04-01,Union Berlin,VfB Stuttgart,1.704,2.622,Bundesliga
2023-04-01,Freiburg,Hertha Berlin,0.862,2.085,Bundesliga
2023-04-01,Crystal Palace,Leicester,1.935,0.199,EPL
2023-04-01,Manchester City,Liverpool,3.012,0.318,EPL
2023-04-01,Elche,Barcelona,0.508,1.618,La_liga
2023-04-01,Cadiz,Sevilla,0.691,1.729,La_liga
2023-04-01,Athletic Club,Getafe,0.751,0.723,La_liga
2023-04-01,Girona,Espanyol,1.45,0.946,La_liga
2023-04-01,Wolfsburg,Augsburg,3.938,0.918,Bundesliga
2023-04-01,Chelsea,Aston Villa,2.38,0.766,EPL
2023-04-01,Nottingham Forest,Wolverhampton Wanderers,1.114,0.384,EPL
2023-04-01,Brighton,Brentford,3.82,1.279,EPL
2023-04-01,Cremonese,Atalanta,1.418,3.002,Serie_A
2023-04-01,Inter,Fiorentina,3.145,1.317,Serie_A
2023-04-01,Juventus,Verona,1.629,0.406,Serie_A
2023-04-01,Auxerre,Troyes,1.166,1.172,Ligue_1
2023-04-01,Rennes,Lens,1.21,1.449,Ligue_1
2023-04-02,Paris Saint Germain,Lyon,1.224,2.149,Ligue_1
2023-04-02,Monaco,Strasbourg,1.401,1.556,Ligue_1
2023-04-02,Celta Vigo,Almeria,2.139,1.237,La_liga
2023-04-02,Real Madrid,Real Valladolid,4.827,0.72,La_liga
2023-04-02,Villarreal,Real Sociedad,2.805,0.912,La_liga
2023-04-02,Atletico Madrid,Real Betis,1.701,0.371,La_liga
2023-04-02,Brest,Toulouse,1.472,1.779,Ligue_1
2023-04-02,Nantes,Reims,1.374,2.005,Ligue_1
2023-04-02,Newcastle United,Manchester United,3.332,0.334,EPL
2023-04-02,West Ham,Southampton,1.404,0.318,EPL
2023-04-02,Lille,Lorient,1.962,0.096,Ligue_1
2023-04-02,Bologna,Udinese,1.296,0.766,Serie_A
2023-04-02,Spezia,Salernitana,1.677,1.069,Serie_A
2023-04-02,Monza,Lazio,1.548,0.497,Serie_A
2023-04-02,Roma,Sampdoria,3.16,0.249,Serie_A
2023-04-02,Napoli,AC Milan,1.177,2.653,Serie_A
2023-04-02,FC Cologne,Borussia M.Gladbach,1.052,0.52,Bundesliga
2023-04-02,Werder Bremen,Hoffenheim,0.673,1.637,Bundesliga
2023-04-02,Clermont Foot,Ajaccio,2.136,0.412,Ligue_1
2023-04-02,Angers,Nice,0.96,1.2,Ligue_1
2023-04-03,Empoli,Lecce,1.786,0.148,Serie_A
2023-04-03,Sassuolo,Torino,1.377,1.87,Serie_A
2023-04-03,Everton,Tottenham,0.823,1.392,EPL
2023-04-03,Valencia,Rayo Vallecano,2.711,0.645,La_liga
2023-04-04,Chelsea,Liverpool,2.189,0.202,EPL
2023-04-04,Leicester,Aston Villa,0.672,1.002,EPL
2023-04-04,Bournemouth,Brighton,1.153,2.634,EPL
2023-04-04,Leeds,Nottingham Forest,2.432,0.614,EPL
2023-04-05,West Ham,Newcastle United,0.833,2.841,EPL
2023-04-05,Manchester United,Brentford,1.145,0.645,EPL
2023-04-07,Lens,Strasbourg,1.317,0.58,Ligue_1
2023-04-07,AC Milan,Empoli,2.239,0.099,Serie_A
2023-04-07,Lecce,Napoli,0.812,1.048,Serie_A
2023-04-07,Salernitana,Inter,0.861,2.98,Serie_A
2023-04-07,Sevilla,Celta Vigo,0.475,0.611,La_liga
2023-04-08,Tottenham,Brighton,0.594,1.475,EPL
2023-04-08,Wolverhampton Wanderers,Chelsea,0.601,0.815,EPL
2023-04-08,Southampton,Manchester City,0.493,3.06,EPL
2023-04-08,Lazio,Juventus,1.187,2.181,Serie_A
2023-04-08,Leicester,Bournemouth,0.732,1.924,EPL
2023-04-08,Brentford,Newcastle United,2.065,1.023,EPL
2023-04-08,Aston Villa,Nottingham Forest,1.427,0.232,EPL
2023-04-08,Angers,Lille,1.039,1.07,Ligue_1
2023-04-08,Nice,Paris Saint Germain,1.223,1.249,Ligue_1
2023-04-08,Manchester United,Everton,4.386,0.949,EPL
2023-04-08,Torino,Roma,0.257,1.109,Serie_A
2023-04-08,Verona,Sassuolo,0.274,1.669,Serie_A
2023-04-08,Fulham,West Ham,0.457,1.233,EPL
2023-04-08,Real Madrid,Villarreal,2.233,1.245,La_liga
2023-04-08,Osasuna,Elche,1.69,0.658,La_liga
2023-04-08,Espanyol,Athletic Club,1.168,2.739,La_liga
2023-04-08,Real Sociedad,Getafe,2.118,0.244,La_liga
2023-04-08,Hertha Berlin,RasenBallsport Leipzig,0.504,2.572,Bundesliga
2023-04-08,Augsburg,FC Cologne,0.942,2.061,Bundesliga
2023-04-08,Sampdoria,Cremonese,2.631,1.122,Serie_A
2023-04-08,Atalanta,Bologna,1.364,1.486,Serie_A
2023-04-08,Fiorentina,Spezia,0.921,1.051,Serie_A
2023-04-08,Mainz 05,Werder Bremen,1.987,1.082,Bundesliga
2023-04-08,Borussia Dortmund,Union Berlin,2.502,0.523,Bundesliga
2023-04-08,Bayer Leverkusen,Eintracht Frankfurt,2.351,0.761,Bundesliga
2023-04-08,Udinese,Monza,1.593,1.446,Serie_A
2023-04-08,Freiburg,Bayern Munich,1.091,3.092,Bundesliga
2023-04-09,Troyes,Clermont Foot,0.488,1.861,Ligue_1
2023-04-09,Reims,Brest,3.265,1.111,Ligue_1
2023-04-09,Bochum,VfB Stuttgart,2.223,2.374,Bundesliga
2023-04-09,Nantes,Monaco,0.974,1.669,Ligue_1
2023-04-09,Real Valladolid,Mallorca,0.949,1.983,La_liga
2023-04-09,Real Betis,Cadiz,1.588,2.856,La_liga
2023-04-09,Almeria,Valencia,1.499,1.089,La_liga
2023-04-09,Rayo Vallecano,Atletico Madrid,0.564,2.365,La_liga
2023-04-09,Montpellier,Toulouse,1.793,2.206,Ligue_1
2023-04-09,Liverpool,Arsenal,4.64,1.536,EPL
2023-04-09,Ajaccio,Auxerre,0.983,0.925,Ligue_1
2023-04-09,Hoffenheim,Schalke 04,2.177,0.561,Bundesliga
2023-04-09,Borussia M.Gladbach,Wolfsburg,1.557,1.23,Bundesliga
2023-04-09,Lorient,Marseille,0.637,0.783,Ligue_1
2023-04-09,Leeds,Crystal Palace,1.021,3.227,EPL
2023-04-09,Lyon,Rennes,1.238,1.064,Ligue_1
2023-04-10,Barcelona,Girona,1.051,0.491,La_liga
2023-04-14,Spezia,Lazio,0.726,3.076,Serie_A
2023-04-14,Cremonese,Empoli,1.068,0.859,Serie_A
2023-04-14,Schalke 04,Hertha Berlin,2.099,1.121,Bundesliga
2023-04-14,Toulouse,Lyon,1.517,2.988,Ligue_1
2023-04-14,Rayo Vallecano,Osasuna,1.084,0.373,La_liga
2023-04-15,Manchester City,Leicester,1.607,1.927,EPL
2023-04-15,Real Betis,Espanyol,1.965,0.616,La_liga
2023-04-15,Tottenham,Bournemouth,2.306,1.206,EPL
2023-04-15,Cadiz,Real Madrid,0.584,4.491,La_liga
2023-04-15,Paris Saint Germain,Lens,1.394,1.435,Ligue_1
2023-04-15,Rennes,Reims,3.218,0.344,Ligue_1
2023-04-15,Villarreal,Real Valladolid,1.995,2.415,La_liga
2023-04-15,Wolverhampton Wanderers,Brentford,0.939,1.513,EPL
2023-04-15,Athletic Club,Real Sociedad,1.0,1.712,La_liga
2023-04-15,Everton,Fulham,2.243,1.922,EPL
2023-04-15,Bologna,AC Milan,0.769,1.407,Serie_A
2023-04-15,Southampton,Crystal Palace,0.678,0.863,EPL
2023-04-15,Bayern Munich,Hoffenheim,1.89,0.274,Bundesliga
2023-04-15,RasenBallsport Leipzig,Augsburg,1.138,0.865,Bundesliga
2023-04-15,FC Cologne,Mainz 05,0.938,0.763,Bundesliga
2023-04-15,VfB Stuttgart,Borussia Dortmund,1.35,1.523,Bundesliga
2023-04-15,Napoli,Verona,0.326,0.357,Serie_A
2023-04-15,Eintracht Frankfurt,Borussia M.Gladbach,2.174,0.64,Bundesliga
2023-04-15,Aston Villa,Newcastle United,1.918,0.425,EPL
2023-04-15,Chelsea,Brighton,0.463,2.521,EPL
2023-04-15,Inter,Monza,1.89,0.878,Serie_A
2023-04-16,Werder Bremen,Freiburg,1.431,0.474,Bundesliga
2023-04-16,Wolfsburg,Bayer Leverkusen,0.617,0.992,Bundesliga
2023-04-16,Girona,Elche,1.229,0.578,La_liga
2023-04-16,Getafe,Barcelona,0.621,1.046,La_liga
2023-04-16,Atletico Madrid,Almeria,2.512,0.058,La_liga
2023-04-16,Valencia,Sevilla,0.528,1.47,La_liga
2023-04-16,Roma,Udinese,2.415,1.133,Serie_A
2023-04-16,Sassuolo,Juventus,1.131,0.653,Serie_A
2023-04-16,Torino,Salernitana,1.719,0.495,Serie_A
2023-04-16,Union Berlin,Bochum,1.056,1.52,Bundesliga
2023-04-16,Lecce,Sampdoria,3.04,0.668,Serie_A
2023-04-16,Brest,Nice,0.956,0.656,Ligue_1
2023-04-16,Lille,Montpellier,2.317,0.515,Ligue_1
2023-04-16,Auxerre,Nantes,2.651,1.283,Ligue_1
2023-04-16,Clermont Foot,Angers,2.018,0.328,Ligue_1
2023-04-16,Strasbourg,Ajaccio,1.592,0.479,Ligue_1
2023-04-16,Nottingham Forest,Manchester United,1.053,3.337,EPL
2023-04-16,West Ham,Arsenal,1.961,2.718,EPL
2023-04-16,Monaco,Lorient,2.672,1.034,Ligue_1
2023-04-16,Marseille,Troyes,3.751,0.406,Ligue_1
2023-04-17,Fiorentina,Atalanta,2.068,0.717,Serie_A
2023-04-17,Leeds,Liverpool,1.167,2.655,EPL
2023-04-17,Celta Vigo,Mallorca,0.469,1.184,La_liga
2023-04-21,Verona,Bologna,1.587,1.546,Serie_A
2023-04-21,Angers,Paris Saint Germain,1.284,1.751,Ligue_1
2023-04-21,Espanyol,Cadiz,1.523,1.127,La_liga
2023-04-21,Augsburg,VfB Stuttgart,0.729,1.175,Bundesliga
2023-04-21,Arsenal,Southampton,2.396,1.431,EPL
2023-04-22,Osasuna,Real Betis,1.633,1.993,La_liga
2023-04-22,Almeria,Athletic Club,0.573,1.835,La_liga
2023-04-22,Real Sociedad,Rayo Vallecano,0.815,0.36,La_liga
2023-04-22,Real Valladolid,Girona,1.111,1.059,La_liga
2023-04-22,Real Madrid,Celta Vigo,1.814,0.745,La_liga
2023-04-22,Borussia Dortmund,Eintracht Frankfurt,1.438,0.452,Bundesliga
2023-04-22,Hertha Berlin,Werder Bremen,1.671,2.338,Bundesliga
2023-04-22,Bochum,Wolfsburg,2.775,3.342,Bundesliga
2023-04-22,Lens,Monaco,3.527,1.534,Ligue_1
2023-04-22,Auxerre,Lille,1.078,3.089,Ligue_1
2023-04-22,Liverpool,Nottingham Forest,3.327,0.725,EPL
2023-04-22,Fulham,Leeds,1.438,1.075,EPL
2023-04-22,Brentford,Aston Villa,2.032,1.666,EPL
2023-04-22,Crystal Palace,Everton,0.368,0.434,EPL
2023-04-22,Leicester,Wolverhampton Wanderers,2.669,0.596,EPL
2023-04-22,Mainz 05,Bayern Munich,1.296,2.703,Bundesliga
2023-04-22,Hoffenheim,FC Cologne,0.777,2.071,Bundesliga
2023-04-22,Sampdoria,Spezia,1.771,2.41,Serie_A
2023-04-22,Lazio,Torino,0.852,0.805,Serie_A
2023-04-22,Salernitana,Sassuolo,1.322,0.548,Serie_A
2023-04-23,Newcastle United,Tottenham,3.985,0.883,EPL
2023-04-23,Bournemouth,West Ham,0.975,2.523,EPL
2023-04-23,Ajaccio,Brest,0.194,0.451,Ligue_1
2023-04-23,Barcelona,Atletico Madrid,2.128,0.714,La_liga
2023-04-23,Elche,Valencia,0.795,1.053,La_liga
2023-04-23,Bayer Leverkusen,RasenBallsport Leipzig,1.034,2.118,Bundesliga
2023-04-23,Freiburg,Schalke 04,2.636,0.388,Bundesliga
2023-04-23,Reims,Strasbourg,1.132,1.333,Ligue_1
2023-04-23,Lorient,Toulouse,0.507,1.255,Ligue_1
2023-04-23,Nantes,Troyes,1.984,1.724,Ligue_1
2023-04-23,Nice,Clermont Foot,1.523,0.917,Ligue_1
2023-04-23,Empoli,Inter,0.643,1.171,Serie_A
2023-04-23,Udinese,Cremonese,1.624,0.997,Serie_A
2023-04-23,Monza,Fiorentina,1.774,1.24,Serie_A
2023-04-23,AC Milan,Lecce,0.963,1.029,Serie_A
2023-04-23,Juventus,Napoli,0.276,1.735,Serie_A
2023-04-23,Borussia M.Gladbach,Union Berlin,0.408,1.217,Bundesliga
2023-04-23,Lyon,Marseille,1.457,2.215,Ligue_1
2023-04-23,Mallorca,Getafe,1.917,0.119,La_liga
2023-04-23,Sevilla,Villarreal,0.853,2.135,La_liga
2023-04-23,Montpellier,Rennes,0.748,1.328,Ligue_1
2023-04-24,Atalanta,Roma,1.145,1.529,Serie_A
2023-04-25,Cadiz,Osasuna,1.405,0.866,La_liga
2023-04-25,Girona,Real Madrid,2.42,1.63,La_liga
2023-04-25,Wolverhampton Wanderers,Crystal Palace,1.128,0.58,EPL
2023-04-25,Aston Villa,Fulham,0.839,0.08,EPL
2023-04-25,Real Betis,Real Sociedad,0.729,0.607,La_liga
2023-04-25,Leeds,Leicester,2.096,2.086,EPL
2023-04-26,Nottingham Forest,Brighton,2.438,2.331,EPL
2023-04-26,Manchester City,Arsenal,2.012,0.398,EPL
2023-04-26,Chelsea,Brentford,1.211,0.695,EPL
2023-04-26,Celta Vigo,Elche,1.435,1.481,La_liga
2023-04-26,Rayo Vallecano,Barcelona,0.862,1.01,La_liga
2023-04-26,Getafe,Almeria,1.667,2.09,La_liga
2023-04-26,Atletico Madrid,Mallorca,2.615,0.741,La_liga
2023-04-26,West Ham,Liverpool,0.939,1.704,EPL
2023-04-27,Tottenham,Manchester United,2.372,1.965,EPL
2023-04-27,Valencia,Real Valladolid,0.9,0.993,La_liga
2023-04-27,Villarreal,Espanyol,4.948,1.121,La_liga
2023-04-27,Southampton,Bournemouth,0.477,0.989,EPL
2023-04-27,Everton,Newcastle United,0.777,2.864,EPL
2023-04-27,Athletic Club,Sevilla,0.195,1.001,La_liga
2023-04-28,Lecce,Udinese,1.671,0.438,Serie_A
2023-04-28,Osasuna,Real Sociedad,0.987,2.096,La_liga
2023-04-28,Spezia,Monza,1.472,1.136,Serie_A
2023-04-28,Bochum,Borussia Dortmund,0.573,2.933,Bundesliga
2023-04-29,Schalke 04,Werder Bremen,1.25,1.488,Bundesliga
2023-04-29,VfB Stuttgart,Borussia M.Gladbach,2.736,1.249,Bundesliga
2023-04-29,Eintracht Frankfurt,Augsburg,0.527,0.461,Bundesliga
2023-04-29,FC Cologne,Freiburg,1.479,1.368,Bundesliga
2023-04-29,Union Berlin,Bayer Leverkusen,0.581,0.551,Bundesliga
2023-04-29,Roma,AC Milan,1.179,1.374,Serie_A
2023-04-29,Lille,Ajaccio,1.559,0.36,Ligue_1
2023-04-29,Torino,Atalanta,0.661,0.732,Serie_A
2023-04-29,RasenBallsport Leipzig,Hoffenheim,1.708,0.217,Bundesliga
2023-04-29,Barcelona,Real Betis,3.086,0.231,La_liga
2023-04-29,Real Madrid,Almeria,3.205,1.375,La_liga
2023-04-29,Elche,Rayo Vallecano,3.38,0.565,La_liga
2023-04-29,Brighton,Wolverhampton Wanderers,3.605,0.604,EPL
2023-04-29,Brentford,Nottingham Forest,1.321,0.94,EPL
2023-04-29,Crystal Palace,West Ham,2.319,1.983,EPL
2023-04-30,Villarreal,Celta Vigo,2.37,0.747,La_liga
2023-04-30,Espanyol,Getafe,2.444,0.41,La_liga
2023-04-30,Strasbourg,Lyon,1.687,0.89,Ligue_1
2023-04-30,Manchester United,Aston Villa,1.306,0.435,EPL
2023-04-30,Newcastle United,Southampton,3.915,0.897,EPL
2023-04-30,Inter,Lazio,2.825,0.945,Serie_A
2023-04-30,Paris Saint Germain,Lorient,1.763,3.267,Ligue_1
2023-04-30,Cremonese,Verona,0.548,0.864,Serie_A
2023-04-30,Sassuolo,Empoli,2.285,0.793,Serie_A
2023-04-30,Napoli,Salernitana,1.927,0.251,Serie_A
2023-04-30,Fiorentina,Sampdoria,2.044,0.319,Serie_A
2023-04-30,Bologna,Juventus,1.948,2.454,Serie_A
2023-04-30,Liverpool,Tottenham,2.429,1.449,EPL
2023-04-30,Troyes,Nice,0.625,3.653,Ligue_1
2023-04-30,Marseille,Auxerre,3.569,0.456,Ligue_1
2023-04-30,Clermont Foot,Reims,1.128,0.483,Ligue_1
2023-04-30,Cadiz,Valencia,2.166,1.052,La_liga
2023-04-30,Rennes,Angers,2.511,1.27,Ligue_1
2023-04-30,Wolfsburg,Mainz 05,1.441,1.447,Bundesliga
2023-04-30,Bournemouth,Leeds,2.517,1.337,EPL
2023-04-30,Bayern Munich,Hertha Berlin,2.927,0.084,Bundesliga
2023-04-30,Real Valladolid,Atletico Madrid,1.466,2.756,La_liga
2023-04-30,Fulham,Manchester City,0.432,2.323,EPL
2023-04-30,Monaco,Montpellier,1.352,2.111,Ligue_1
2023-05-01,Leicester,Everton,3.325,3.286,EPL
2023-05-01,Sevilla,Girona,2.352,1.13,La_liga
2023-05-01,Mallorca,Athletic Club,1.291,1.377,La_liga
2023-05-02,Barcelona,Osasuna,2.4,0.356,La_liga
2023-05-02,Real Sociedad,Real Madrid,2.263,0.867,La_liga
2023-05-02,Almeria,Elche,1.825,1.014,La_liga
2023-05-02,Arsenal,Chelsea,2.783,0.785,EPL
2023-05-02,Toulouse,Lens,0.397,1.36,Ligue_1
2023-05-03,Juventus,Lecce,1.712,1.319,Serie_A
2023-05-03,Salernitana,Fiorentina,0.996,1.688,Serie_A
2023-05-03,Sampdoria,Torino,0.253,2.16,Serie_A
2023-05-03,Verona,Inter,0.655,3.165,Serie_A
2023-05-03,Lazio,Sassuolo,1.99,0.666,Serie_A
2023-05-03,AC Milan,Cremonese,2.014,1.025,Serie_A
2023-05-03,Monza,Roma,0.412,1.286,Serie_A
2023-05-03,Atalanta,Spezia,0.894,0.818,Serie_A
2023-05-03,Liverpool,Fulham,1.674,0.74,EPL
2023-05-03,Manchester City,West Ham,2.999,0.492,EPL
2023-05-03,Atletico Madrid,Cadiz,4.26,0.026,La_liga
2023-05-03,Valencia,Villarreal,1.042,0.743,La_liga
2023-05-03,Brest,Nantes,0.794,0.726,Ligue_1
2023-05-03,Getafe,Celta Vigo,2.87,0.219,La_liga
2023-05-04,Sevilla,Espanyol,2.902,0.618,La_liga
2023-05-04,Athletic Club,Real Betis,1.014,0.754,La_liga
2023-05-04,Rayo Vallecano,Real Valladolid,1.57,0.571,La_liga
2023-05-04,Udinese,Napoli,0.324,0.35,Serie_A
2023-05-04,Empoli,Bologna,1.463,1.834,Serie_A
2023-05-04,Brighton,Manchester United,2.1,1.321,EPL
2023-05-04,Girona,Mallorca,2.205,1.343,La_liga
2023-05-05,Mainz 05,Schalke 04,0.991,3.147,Bundesliga
2023-05-05,Bayer Leverkusen,FC Cologne,0.725,1.028,Bundesliga
2023-05-06,Hoffenheim,Eintracht Frankfurt,2.13,2.414,Bundesliga
2023-05-06,Borussia M.Gladbach,Bochum,2.319,0.922,Bundesliga
2023-05-06,AC Milan,Lazio,1.42,0.896,Serie_A
2023-05-06,Roma,Inter,0.875,1.224,Serie_A
2023-05-06,Cremonese,Spezia,0.76,0.784,Serie_A
2023-05-06,Reims,Lille,2.075,1.428,Ligue_1
2023-05-06,Augsburg,Union Berlin,1.009,0.486,Bundesliga
2023-05-06,Hertha Berlin,VfB Stuttgart,1.498,1.09,Bundesliga
2023-05-06,Werder Bremen,Bayern Munich,0.806,2.023,Bundesliga
2023-05-06,Nice,Rennes,1.334,1.062,Ligue_1
2023-05-06,Freiburg,RasenBallsport Leipzig,0.151,1.894,Bundesliga
2023-05-06,Lens,Marseille,1.336,1.275,Ligue_1
2023-05-06,Liverpool,Brentford,1.992,0.184,EPL
2023-05-06,Bournemouth,Chelsea,1.218,1.769,EPL
2023-05-06,Manchester City,Leeds,2.835,0.141,EPL
2023-05-06,Tottenham,Crystal Palace,1.157,0.307,EPL
2023-05-06,Wolverhampton Wanderers,Aston Villa,0.806,1.502,EPL
2023-05-07,Angers,Monaco,1.417,1.585,Ligue_1
2023-05-07,Ajaccio,Toulouse,0.211,2.527,Ligue_1
2023-05-07,Auxerre,Clermont Foot,1.577,1.821,Ligue_1
2023-05-07,Lorient,Brest,1.231,1.422,Ligue_1
2023-05-07,Nantes,Strasbourg,0.816,1.948,Ligue_1
2023-05-07,Lyon,Montpellier,3.696,2.308,Ligue_1
2023-05-07,Troyes,Paris Saint Germain,0.615,4.305,Ligue_1
2023-05-07,Borussia Dortmund,Wolfsburg,5.137,0.946,Bundesliga
2023-05-07,Napoli,Fiorentina,1.905,1.154,Serie_A
2023-05-07,Newcastle United,Arsenal,1.372,1.291,EPL
2023-05-07,Lecce,Verona,0.552,0.591,Serie_A
2023-05-07,Torino,Monza,0.774,0.69,Serie_A
2023-05-07,Atalanta,Juventus,0.899,1.432,Serie_A
2023-05-07,West Ham,Manchester United,1.766,1.194,EPL
2023-05-08,Empoli,Salernitana,2.475,0.469,Serie_A
2023-05-08,Udinese,Sampdoria,1.051,0.576,Serie_A
2023-05-08,Sassuolo,Bologna,0.308,0.293,Serie_A
2023-05-08,Fulham,Leicester,1.753,2.926,EPL
2023-05-08,Nottingham Forest,Southampton,1.913,3.311,EPL
2023-05-08,Brighton,Everton,3.237,2.942,EPL
2023-05-12,Lens,Reims,1.355,1.808,Ligue_1
2023-05-12,Lazio,Lecce,1.352,1.21,Serie_A
2023-05-12,FC Cologne,Hertha Berlin,4.727,1.118,Bundesliga
2023-05-12,Mallorca,Cadiz,1.603,0.611,La_liga
2023-05-13,Spezia,AC Milan,1.618,0.878,Serie_A
2023-05-13,Strasbourg,Nice,1.671,0.361,Ligue_1
2023-05-13,Inter,Sassuolo,1.492,2.199,Serie_A
2023-05-13,Salernitana,Atalanta,0.778,1.388,Serie_A
2023-05-13,Union Berlin,Freiburg,1.447,2.089,Bundesliga
2023-05-13,Villarreal,Athletic Club,3.093,1.822,La_liga
2023-05-13,Borussia Dortmund,Borussia M.Gladbach,6.245,1.631,Bundesliga
2023-05-13,Bochum,Augsburg,1.323,1.329,Bundesliga
2023-05-13,Wolfsburg,Hoffenheim,0.971,0.758,Bundesliga
2023-05-13,Eintracht Frankfurt,Mainz 05,2.038,0.945,Bundesliga
2023-05-13,Paris Saint Germain,Ajaccio,2.316,0.314,Ligue_1
2023-05-13,Bayern Munich,Schalke 04,5.056,0.34,Bundesliga
2023-05-13,Osasuna,Almeria,1.874,0.508,La_liga
2023-05-13,Southampton,Fulham,0.15,1.271,EPL
2023-05-13,Real Madrid,Getafe,0.879,0.586,La_liga
2023-05-13,Real Sociedad,Girona,3.055,1.469,La_liga
2023-05-13,Manchester United,Wolverhampton Wanderers,3.101,0.269,EPL
2023-05-13,Leeds,Newcastle United,2.016,2.351,EPL
2023-05-13,Aston Villa,Tottenham,1.8,1.185,EPL
2023-05-13,Chelsea,Nottingham Forest,0.999,1.968,EPL
2023-05-13,Crystal Palace,Bournemouth,1.402,0.262,EPL
2023-05-14,Fiorentina,Udinese,2.339,0.22,Serie_A
2023-05-14,Monza,Napoli,1.377,1.11,Serie_A
2023-05-14,Bologna,Roma,0.304,1.357,Serie_A
2023-05-14,Juventus,Cremonese,1.802,0.059,Serie_A
2023-05-14,Verona,Torino,0.41,2.471,Serie_A
2023-05-14,Brentford,West Ham,4.426,0.203,EPL
2023-05-14,VfB Stuttgart,Bayer Leverkusen,1.427,1.576,Bundesliga
2023-05-14,Arsenal,Brighton,0.959,2.213,EPL
2023-05-14,RasenBallsport Leipzig,Werder Bremen,1.797,1.174,Bundesliga
2023-05-14,Celta Vigo,Valencia,1.216,1.866,La_liga
2023-05-14,Elche,Atletico Madrid,2.285,1.448,La_liga
2023-05-14,Real Valladolid,Sevilla,2.017,3.058,La_liga
2023-05-14,Montpellier,Lorient,1.204,0.582,Ligue_1
2023-05-14,Brest,Auxerre,1.633,0.731,Ligue_1
2023-05-14,Rennes,Troyes,3.758,0.263,Ligue_1
2023-05-14,Toulouse,Nantes,1.246,0.622,Ligue_1
2023-05-14,Monaco,Lille,0.69,1.293,Ligue_1
2023-05-14,Marseille,Angers,2.992,0.559,Ligue_1
2023-05-14,Espanyol,Barcelona,2.727,3.65,La_liga
2023-05-14,Everton,Manchester City,1.186,1.043,EPL
2023-05-14,Clermont Foot,Lyon,1.738,1.905,Ligue_1
2023-05-15,Sampdoria,Empoli,1.12,1.139,Serie_A
2023-05-15,Leicester,Liverpool,0.527,1.771,EPL
2023-05-15,Real Betis,Rayo Vallecano,2.696,1.72,La_liga
2023-05-18,Newcastle United,Brighton,4.114,0.593,EPL
2023-05-19,Lyon,Monaco,2.409,1.466,Ligue_1
2023-05-19,Sassuolo,Monza,1.393,1.724,Serie_A
2023-05-19,Cadiz,Real Valladolid,2.132,0.207,La_liga
2023-05-19,Freiburg,Wolfsburg,1.446,0.659,Bundesliga
2023-05-20,Athletic Club,Celta Vigo,1.042,0.283,La_liga
2023-05-20,Almeria,Mallorca,1.707,0.36,La_liga
2023-05-20,Getafe,Elche,1.588,1.342,La_liga
2023-05-20,Barcelona,Real Sociedad,1.841,2.804,La_liga
2023-05-20,Nantes,Montpellier,0.751,1.704,Ligue_1
2023-05-20,Lille,Marseille,1.86,1.199,Ligue_1
2023-05-20,Werder Bremen,FC Cologne,1.965,1.856,Bundesliga
2023-05-20,Bayern Munich,RasenBallsport Leipzig,1.64,2.64,Bundesliga
2023-05-20,AC Milan,Sampdoria,4.811,0.35,Serie_A
2023-05-20,Atalanta,Verona,0.97,1.171,Serie_A
2023-05-20,Cremonese,Bologna,0.995,2.897,Serie_A
2023-05-20,Hoffenheim,Union Berlin,2.49,1.675,Bundesliga
2023-05-20,Hertha Berlin,Bochum,1.362,1.65,Bundesliga
2023-05-20,Schalke 04,Eintracht Frankfurt,1.134,1.369,Bundesliga
2023-05-20,Girona,Villarreal,1.317,1.716,La_liga
2023-05-20,Nottingham Forest,Arsenal,1.14,0.49,EPL
2023-05-20,Wolverhampton Wanderers,Everton,1.29,2.47,EPL
2023-05-20,Liverpool,Aston Villa,0.919,1.469,EPL
2023-05-20,Fulham,Crystal Palace,1.955,1.708,EPL
2023-05-20,Bournemouth,Manchester United,0.816,1.718,EPL
2023-05-20,Tottenham,Brentford,1.617,1.153,EPL
2023-05-21,Troyes,Strasbourg,0.707,2.3,Ligue_1
2023-05-21,Brest,Clermont Foot,1.143,0.363,Ligue_1
2023-05-21,Nice,Toulouse,2.781,0.965,Ligue_1
2023-05-21,Ajaccio,Rennes,0.063,2.094,Ligue_1
2023-05-21,Manchester City,Chelsea,1.206,1.156,EPL
2023-05-21,Brighton,Southampton,2.414,0.864,EPL
2023-05-21,Augsburg,Borussia Dortmund,0.407,3.88,Bundesliga
2023-05-21,Mainz 05,VfB Stuttgart,1.416,1.403,Bundesliga
2023-05-21,Lorient,Lens,1.374,2.309,Ligue_1
2023-05-21,Bayer Leverkusen,Borussia M.Gladbach,1.899,2.061,Bundesliga
2023-05-21,Lecce,Spezia,0.203,0.714,Serie_A
2023-05-21,Torino,Fiorentina,0.818,0.698,Serie_A
2023-05-21,Napoli,Inter,1.846,0.731,Serie_A
2023-05-21,Udinese,Lazio,0.435,2.091,Serie_A
2023-05-21,West Ham,Leeds,2.48,0.646,EPL
2023-05-21,Auxerre,Paris Saint Germain,0.696,1.847,Ligue_1
2023-05-21,Reims,Angers,1.743,0.701,Ligue_1
2023-05-21,Valencia,Real Madrid,1.491,2.089,La_liga
2023-05-21,Rayo Vallecano,Espanyol,1.831,1.306,La_liga
2023-05-21,Atletico Madrid,Osasuna,2.088,0.715,La_liga
2023-05-21,Sevilla,Real Betis,1.519,0.114,La_liga
2023-05-22,Roma,Salernitana,1.281,1.068,Serie_A
2023-05-22,Empoli,Juventus,3.543,2.204,Serie_A
2023-05-22,Newcastle United,Leicester,2.051,0.084,EPL
2023-05-23,Celta Vigo,Girona,0.933,1.4,La_liga
2023-05-23,Real Sociedad,Almeria,1.92,0.1,La_liga
2023-05-23,Real Valladolid,Barcelona,2.206,1.729,La_liga
2023-05-24,Villarreal,Cadiz,2.974,2.096,La_liga
2023-05-24,Espanyol,Atletico Madrid,3.036,2.763,La_liga
2023-05-24,Real Madrid,Rayo Vallecano,1.663,0.446,La_liga
2023-05-24,Real Betis,Getafe,1.093,0.344,La_liga
2023-05-24,Brighton,Manchester City,2.115,1.93,EPL
2023-05-24,Elche,Sevilla,1.359,0.889,La_liga
2023-05-25,Manchester United,Chelsea,4.922,1.684,EPL
2023-05-25,Mallorca,Valencia,0.538,2.073,La_liga
2023-05-25,Osasuna,Athletic Club,0.907,0.534,La_liga
2023-05-26,Sampdoria,Sassuolo,2.22,3.049,Serie_A
2023-05-27,Salernitana,Udinese,0.981,2.398,Serie_A
2023-05-27,Toulouse,Auxerre,1.217,0.653,Ligue_1
2023-05-27,Rennes,Monaco,0.76,0.377,Ligue_1
2023-05-27,Strasbourg,Paris Saint Germain,1.336,1.161,Ligue_1
2023-05-27,Angers,Troyes,0.776,0.235,Ligue_1
2023-05-27,Marseille,Brest,0.969,1.531,Ligue_1
2023-05-27,Lyon,Reims,3.22,0.506,Ligue_1
2023-05-27,Montpellier,Nice,1.616,4.595,Ligue_1
2023-05-27,Lille,Nantes,2.164,1.089,Ligue_1
2023-05-27,Clermont Foot,Lorient,1.347,0.999,Ligue_1
2023-05-27,Spezia,Torino,1.057,1.469,Serie_A
2023-05-27,Lens,Ajaccio,2.297,0.188,Ligue_1
2023-05-27,Fiorentina,Roma,2.999,1.268,Serie_A
2023-05-27,Borussia M.Gladbach,Augsburg,2.99,0.434,Bundesliga
2023-05-27,Sevilla,Real Madrid,0.98,0.816,La_liga
2023-05-27,Inter,Atalanta,2.486,0.731,Serie_A
2023-05-27,Borussia Dortmund,Mainz 05,4.099,1.681,Bundesliga
2023-05-27,VfB Stuttgart,Hoffenheim,2.192,1.161,Bundesliga
2023-05-27,Bochum,Bayer Leverkusen,1.562,0.864,Bundesliga
2023-05-27,Wolfsburg,Hertha Berlin,3.21,1.442,Bundesliga
2023-05-27,Eintracht Frankfurt,Freiburg,2.042,1.465,Bundesliga
2023-05-27,RasenBallsport Leipzig,Schalke 04,2.972,1.216,Bundesliga
2023-05-27,FC Cologne,Bayern Munich,1.157,1.68,Bundesliga
2023-05-27,Union Berlin,Werder Bremen,0.783,0.4,Bundesliga
2023-05-28,Verona,Empoli,1.129,1.118,Serie_A
2023-05-28,Arsenal,Wolverhampton Wanderers,3.025,0.388,EPL
2023-05-28,Aston Villa,Brighton,2.558,1.231,EPL
2023-05-28,Brentford,Manchester City,1.439,1.186,EPL
2023-05-28,Chelsea,Newcastle United,2.019,1.519,EPL
2023-05-28,Crystal Palace,Nottingham Forest,1.008,0.436,EPL
2023-05-28,Everton,Bournemouth,1.129,0.432,EPL
2023-05-28,Leeds,Tottenham,1.192,2.033,EPL
2023-05-28,Southampton,Liverpool,1.34,4.003,EPL
2023-05-28,Athletic Club,Elche,2.914,0.769,La_liga
2023-05-28,Atletico Madrid,Real Sociedad,0.819,0.944,La_liga
2023-05-28,Almeria,Real Valladolid,1.553,0.364,La_liga
2023-05-28,Getafe,Osasuna,2.719,0.432,La_liga
2023-05-28,Cadiz,Celta Vigo,1.598,0.599,La_liga
2023-05-28,Rayo Vallecano,Villarreal,1.166,0.623,La_liga
2023-05-28,Girona,Real Betis,1.633,2.321,La_liga
2023-05-28,Valencia,Espanyol,2.533,1.781,La_liga
2023-05-28,Leicester,West Ham,2.03,0.97,EPL
2023-05-28,Juventus,AC Milan,0.585,0.663,Serie_A
2023-05-28,Lazio,Cremonese,2.453,0.381,Serie_A
2023-05-28,Monza,Lecce,0.949,1.111,Serie_A
2023-05-28,Bologna,Napoli,1.936,2.018,Serie_A
2023-05-28,Barcelona,Mallorca,4.408,0.124,La_liga
2023-05-28,Manchester United,Fulham,2.748,1.882,EPL
2023-06-02,Sassuolo,Fiorentina,1.035,2.071,Serie_A
2023-06-03,Reims,Montpellier,1.841,2.219,Ligue_1
2023-06-03,Troyes,Lille,0.242,1.696,Ligue_1
2023-06-03,Nantes,Angers,1.061,0.19,Ligue_1
2023-06-03,Ajaccio,Marseille,0.129,1.224,Ligue_1
2023-06-03,Lorient,Strasbourg,0.49,0.852,Ligue_1
2023-06-03,Nice,Lyon,2.305,1.683,Ligue_1
2023-06-03,Paris Saint Germain,Clermont Foot,2.235,2.979,Ligue_1
2023-06-03,Monaco,Toulouse,2.153,2.667,Ligue_1
2023-06-03,Auxerre,Lens,2.034,3.2,Ligue_1
2023-06-03,Empoli,Lazio,0.272,1.56,Serie_A
2023-06-03,Brest,Rennes,1.226,1.575,Ligue_1
2023-06-03,Cremonese,Salernitana,1.581,0.397,Serie_A
2023-06-03,Torino,Inter,1.418,0.879,Serie_A
2023-06-04,Lecce,Bologna,1.213,0.776,Serie_A
2023-06-04,Napoli,Sampdoria,1.918,0.649,Serie_A
2023-06-04,Roma,Spezia,2.28,1.107,Serie_A
2023-06-04,Udinese,Juventus,0.956,1.474,Serie_A
2023-06-04,Atalanta,Monza,3.661,1.414,Serie_A
2023-06-04,AC Milan,Verona,2.265,0.866,Serie_A
2023-06-04,Villarreal,Atletico Madrid,2.064,1.161,La_liga
2023-06-04,Real Betis,Valencia,0.678,0.846,La_liga
2023-06-04,Osasuna,Girona,1.917,0.822,La_liga
2023-06-04,Espanyol,Almeria,0.5,2.035,La_liga
2023-06-04,Elche,Cadiz,1.534,2.223,La_liga
2023-06-04,Real Valladolid,Getafe,0.687,0.279,La_liga
2023-06-04,Celta Vigo,Barcelona,0.566,1.417,La_liga
2023-06-04,Real Madrid,Athletic Club,1.722,2.18,La_liga
2023-06-04,Real Sociedad,Sevilla,2.354,0.462,La_liga
2023-06-04,Mallorca,Rayo Vallecano,2.251,1.04,La_liga
2023-08-11,Burnley,Manchester City,0.311,2.401,EPL
2023-08-11,Sevilla,Valencia,0.714,1.068,La_liga
2023-08-11,Almeria,Rayo Vallecano,1.12,2.095,La_liga
2023-08-12,Everton,Fulham,2.59,1.581,EPL
2023-08-12,Paris Saint Germain,Lorient,1.362,0.136,Ligue_1
2023-08-12,Brest,Lens,2.919,0.96,Ligue_1
2023-08-12,Newcastle United,Aston Villa,4.322,1.486,EPL
2023-08-12,Sheffield United,Crystal Palace,0.423,2.276,EPL
2023-08-12,Brighton,Luton,4.367,1.886,EPL
2023-08-12,Bournemouth,West Ham,1.51,1.483,EPL
2023-08-12,Arsenal,Nottingham Forest,0.843,0.966,EPL
2023-08-12,Las Palmas,Mallorca,0.872,1.494,La_liga
2023-08-12,Real Sociedad,Girona,1.46,1.278,La_liga
2023-08-12,Athletic Club,Real Madrid,0.701,1.333,La_liga
2023-08-12,Marseille,Reims,1.513,0.993,Ligue_1
2023-08-12,Nice,Lille,1.121,1.534,Ligue_1
2023-08-13,Celta Vigo,Osasuna,0.783,0.965,La_liga
2023-08-13,Strasbourg,Lyon,1.162,2.054,Ligue_1
2023-08-13,Villarreal,Real Betis,0.738,0.969,La_liga
2023-08-13,Getafe,Barcelona,0.805,1.678,La_liga
2023-08-13,Brentford,Tottenham,1.908,1.453,EPL
2023-08-13,Chelsea,Liverpool,1.933,1.3,EPL
2023-08-13,Rennes,Metz,4.68,0.562,Ligue_1
2023-08-13,Montpellier,Le Havre,1.298,1.25,Ligue_1
2023-08-13,Nantes,Toulouse,1.07,2.06,Ligue_1
2023-08-13,Clermont Foot,Monaco,1.98,3.404,Ligue_1
2023-08-14,Manchester United,Wolverhampton Wanderers,1.971,1.722,EPL
2023-08-14,Cadiz,Alaves,0.822,0.227,La_liga
2023-08-14,Atletico Madrid,Granada,3.012,1.135,La_liga
2023-08-18,Metz,Marseille,0.361,1.493,Ligue_1
2023-08-18,Mallorca,Villarreal,0.37,2.125,La_liga
2023-08-18,Werder Bremen,Bayern Munich,0.64,2.897,Bundesliga
2023-08-18,Valencia,Las Palmas,1.503,0.742,La_liga
2023-08-18,Nottingham Forest,Sheffield United,1.372,0.551,EPL
2023-08-19,Toulouse,Paris Saint Germain,1.16,2.004,Ligue_1
2023-08-19,Lyon,Montpellier,0.642,1.918,Ligue_1
2023-08-19,Almeria,Real Madrid,1.813,2.88,La_liga
2023-08-19,Real Sociedad,Celta Vigo,0.918,1.779,La_liga
2023-08-19,Manchester City,Newcastle United,1.225,0.257,EPL
2023-08-19,Tottenham,Manchester United,2.539,2.446,EPL
2023-08-19,Liverpool,Bournemouth,3.254,1.387,EPL
2023-08-19,Fulham,Brentford,0.4,3.469,EPL
2023-08-19,Frosinone,Napoli,0.871,1.315,Serie_A
2023-08-19,Osasuna,Athletic Club,1.336,1.889,La_liga
2023-08-19,Wolverhampton Wanderers,Brighton,2.688,3.156,EPL
2023-08-19,Empoli,Verona,0.845,0.691,Serie_A
2023-08-19,Wolfsburg,FC Heidenheim,3.214,1.178,Bundesliga
2023-08-19,Hoffenheim,Freiburg,1.672,3.248,Bundesliga
2023-08-19,Augsburg,Borussia M.Gladbach,2.535,1.918,Bundesliga
2023-08-19,VfB Stuttgart,Bochum,3.987,0.669,Bundesliga
2023-08-19,Borussia Dortmund,FC Cologne,1.723,1.514,Bundesliga
2023-08-19,Inter,Monza,2.495,0.581,Serie_A
2023-08-19,Genoa,Fiorentina,0.797,1.12,Serie_A
2023-08-19,Bayer Leverkusen,RasenBallsport Leipzig,1.733,1.604,Bundesliga
2023-08-20,Roma,Salernitana,2.006,0.364,Serie_A
2023-08-20,Sassuolo,Atalanta,0.381,1.501,Serie_A
2023-08-20,Udinese,Juventus,1.21,1.864,Serie_A
2023-08-20,Lecce,Lazio,1.754,2.222,Serie_A
2023-08-20,Lens,Rennes,1.345,1.626,Ligue_1
2023-08-20,Monaco,Strasbourg,1.309,0.553,Ligue_1
2023-08-20,Le Havre,Brest,0.867,1.605,Ligue_1
2023-08-20,Lorient,Nice,0.751,2.426,Ligue_1
2023-08-20,West Ham,Chelsea,1.712,1.609,EPL
2023-08-20,Lille,Nantes,3.239,1.272,Ligue_1
2023-08-20,Girona,Getafe,1.866,0.755,La_liga
2023-08-20,Barcelona,Cadiz,3.425,1.111,La_liga
2023-08-20,Real Betis,Atletico Madrid,1.026,0.345,La_liga
2023-08-20,Eintracht Frankfurt,Darmstadt,1.24,0.813,Bundesliga
2023-08-20,Union Berlin,Mainz 05,2.113,2.52,Bundesliga
2023-08-20,Reims,Clermont Foot,2.415,0.4,Ligue_1
2023-08-20,Aston Villa,Everton,3.243,0.721,EPL
2023-08-21,Bologna,AC Milan,1.173,1.148,Serie_A
2023-08-21,Torino,Cagliari,1.031,0.443,Serie_A
2023-08-21,Alaves,Sevilla,2.18,0.959,La_liga
2023-08-21,Crystal Palace,Arsenal,1.069,2.206,EPL
2023-08-21,Granada,Rayo Vallecano,0.837,2.785,La_liga
2023-08-25,Chelsea,Luton,3.414,0.466,EPL
2023-08-25,RasenBallsport Leipzig,VfB Stuttgart,2.093,1.183,Bundesliga
2023-08-25,Las Palmas,Real Sociedad,1.569,1.118,La_liga
2023-08-25,Celta Vigo,Real Madrid,1.178,1.617,La_liga
2023-08-25,Nantes,Monaco,0.907,4.958,Ligue_1
2023-08-26,Brighton,West Ham,1.374,2.953,EPL
2023-08-26,Bochum,Borussia Dortmund,1.012,1.172,Bundesliga
2023-08-26,FC Cologne,Wolfsburg,0.643,2.27,Bundesliga
2023-08-26,Freiburg,Werder Bremen,1.719,0.697,Bundesliga
2023-08-26,Verona,Roma,0.904,2.004,Serie_A
2023-08-26,AC Milan,Torino,3.253,0.563,Serie_A
2023-08-26,Monza,Empoli,2.047,1.138,Serie_A
2023-08-26,Borussia M.Gladbach,Bayer Leverkusen,1.764,3.653,Bundesliga
2023-08-26,Frosinone,Atalanta,0.761,1.442,Serie_A
2023-08-26,Darmstadt,Union Berlin,2.6,1.638,Bundesliga
2023-08-26,Paris Saint Germain,Lens,1.867,0.487,Ligue_1
2023-08-26,Sevilla,Girona,1.936,1.075,La_liga
2023-08-26,Granada,Mallorca,1.814,2.502,La_liga
2023-08-26,Cadiz,Almeria,1.562,0.272,La_liga
2023-08-26,Manchester United,Nottingham Forest,3.028,0.96,EPL
2023-08-26,Everton,Wolverhampton Wanderers,1.898,1.402,EPL
2023-08-26,Brentford,Crystal Palace,0.948,1.061,EPL
2023-08-26,Arsenal,Fulham,3.231,0.85,EPL
2023-08-26,Bournemouth,Tottenham,0.484,2.261,EPL
2023-08-26,Marseille,Brest,3.509,1.728,Ligue_1
2023-08-26,FC Heidenheim,Hoffenheim,2.73,2.758,Bundesliga
2023-08-27,Bayern Munich,Augsburg,2.823,0.726,Bundesliga
2023-08-27,Villarreal,Barcelona,1.872,2.958,La_liga
2023-08-27,Valencia,Osasuna,1.876,1.459,La_liga
2023-08-27,Athletic Club,Real Betis,2.867,0.346,La_liga
2023-08-27,Mainz 05,Eintracht Frankfurt,1.442,1.157,Bundesliga
2023-08-27,Lorient,Lille,1.745,1.451,Ligue_1
2023-08-27,Newcastle United,Liverpool,1.62,0.856,EPL
2023-08-27,Sheffield United,Manchester City,0.762,3.848,EPL
2023-08-27,Burnley,Aston Villa,0.631,2.837,EPL
2023-08-27,Napoli,Sassuolo,3.535,0.146,Serie_A
2023-08-27,Lazio,Genoa,0.938,0.695,Serie_A
2023-08-27,Nice,Lyon,1.823,0.255,Ligue_1
2023-08-27,Fiorentina,Lecce,1.51,0.494,Serie_A
2023-08-27,Rennes,Le Havre,3.497,0.415,Ligue_1
2023-08-27,Strasbourg,Toulouse,2.85,0.309,Ligue_1
2023-08-27,Clermont Foot,Metz,0.541,0.791,Ligue_1
2023-08-27,Montpellier,Reims,1.422,1.85,Ligue_1
2023-08-27,Juventus,Bologna,0.916,0.687,Serie_A
2023-08-28,Cagliari,Inter,0.484,1.254,Serie_A
2023-08-28,Salernitana,Udinese,0.559,0.548,Serie_A
2023-08-28,Rayo Vallecano,Atletico Madrid,0.543,3.294,La_liga
2023-08-28,Getafe,Alaves,2.67,0.861,La_liga
2023-09-01,Sassuolo,Verona,2.621,0.555,Serie_A
2023-09-01,Cadiz,Villarreal,1.972,0.494,La_liga
2023-09-01,Almeria,Celta Vigo,3.164,1.96,La_liga
2023-09-01,Nantes,Marseille,0.622,2.779,Ligue_1
2023-09-01,Borussia Dortmund,FC Heidenheim,2.748,2.095,Bundesliga
2023-09-01,Luton,West Ham,2.022,1.225,EPL
2023-09-01,Roma,AC Milan,0.412,1.629,Serie_A
2023-09-02,Sheffield United,Everton,1.575,2.739,EPL
2023-09-02,Napoli,Lazio,1.043,1.048,Serie_A
2023-09-02,Borussia M.Gladbach,Bayern Munich,0.201,2.149,Bundesliga
2023-09-02,VfB Stuttgart,Freiburg,2.096,1.504,Bundesliga
2023-09-02,Brighton,Newcastle United,1.323,0.905,EPL
2023-09-02,Augsburg,Bochum,1.881,1.865,Bundesliga
2023-09-02,Werder Bremen,Mainz 05,3.013,0.658,Bundesliga
2023-09-02,Hoffenheim,Wolfsburg,1.787,1.415,Bundesliga
2023-09-02,Bayer Leverkusen,Darmstadt,3.426,0.682,Bundesliga
2023-09-02,Manchester City,Fulham,2.002,1.464,EPL
2023-09-02,Brentford,Bournemouth,3.072,2.11,EPL
2023-09-02,Monaco,Lens,1.249,0.612,Ligue_1
2023-09-02,Chelsea,Nottingham Forest,2.284,1.151,EPL
2023-09-02,Brest,Rennes,1.585,0.248,Ligue_1
2023-09-02,Bologna,Cagliari,2.827,0.537,Serie_A
2023-09-02,Udinese,Frosinone,2.078,2.417,Serie_A
2023-09-02,Atalanta,Monza,1.965,0.37,Serie_A
2023-09-02,Real Betis,Rayo Vallecano,0.919,1.536,La_liga
2023-09-02,Alaves,Valencia,1.905,0.716,La_liga
2023-09-02,Real Madrid,Getafe,2.647,0.894,La_liga
2023-09-02,Real Sociedad,Granada,2.087,0.55,La_liga
2023-09-02,Burnley,Tottenham,1.666,2.398,EPL
2023-09-03,Eintracht Frankfurt,FC Cologne,1.282,0.931,Bundesliga
2023-09-03,Union Berlin,RasenBallsport Leipzig,0.178,1.214,Bundesliga
2023-09-03,Inter,Fiorentina,5.215,0.347,Serie_A
2023-09-03,Lecce,Salernitana,1.837,1.054,Serie_A
2023-09-03,Mallorca,Athletic Club,0.403,0.646,La_liga
2023-09-03,Lille,Montpellier,1.339,0.793,Ligue_1
2023-09-03,Le Havre,Lorient,1.7,0.676,Ligue_1
2023-09-03,Metz,Reims,1.148,0.859,Ligue_1
2023-09-03,Nice,Strasbourg,2.288,0.159,Ligue_1
2023-09-03,Lyon,Paris Saint Germain,2.443,4.919,Ligue_1
2023-09-03,Empoli,Juventus,0.304,3.049,Serie_A
2023-09-03,Osasuna,Barcelona,0.802,1.773,La_liga
2023-09-03,Crystal Palace,Wolverhampton Wanderers,2.329,1.139,EPL
2023-09-03,Liverpool,Aston Villa,2.731,0.616,EPL
2023-09-03,Arsenal,Manchester United,1.91,0.966,EPL
2023-09-03,Girona,Las Palmas,1.424,1.187,La_liga
2023-09-03,Toulouse,Clermont Foot,0.641,1.404,Ligue_1
2023-09-03,Torino,Genoa,0.481,0.102,Serie_A
2023-09-15,Paris Saint Germain,Nice,1.219,1.95,Ligue_1
2023-09-15,Bayern Munich,Bayer Leverkusen,2.744,2.458,Bundesliga
2023-09-15,Rayo Vallecano,Alaves,2.646,0.556,La_liga
2023-09-16,Inter,AC Milan,2.954,0.99,Serie_A
2023-09-16,Juventus,Lazio,2.673,0.705,Serie_A
2023-09-16,Genoa,Napoli,1.33,0.984,Serie_A
2023-09-16,Newcastle United,Brentford,1.501,0.634,EPL
2023-09-16,Manchester United,Brighton,0.72,1.939,EPL
2023-09-16,Barcelona,Real Betis,2.546,0.853,La_liga
2023-09-16,Celta Vigo,Mallorca,2.065,0.853,La_liga
2023-09-16,Valencia,Atletico Madrid,2.221,0.564,La_liga
2023-09-16,Athletic Club,Cadiz,4.058,0.239,La_liga
2023-09-16,Fulham,Luton,1.757,1.457,EPL
2023-09-16,Aston Villa,Crystal Palace,2.315,1.117,EPL
2023-09-16,West Ham,Manchester City,0.896,4.15,EPL
2023-09-16,Tottenham,Sheffield United,2.159,0.791,EPL
2023-09-16,RasenBallsport Leipzig,Augsburg,1.463,1.34,Bundesliga
2023-09-16,Wolverhampton Wanderers,Liverpool,0.539,2.827,EPL
2023-09-16,Wolfsburg,Union Berlin,0.567,1.569,Bundesliga
2023-09-16,Mainz 05,VfB Stuttgart,1.165,2.064,Bundesliga
2023-09-16,FC Cologne,Hoffenheim,1.194,1.07,Bundesliga
2023-09-16,Bochum,Eintracht Frankfurt,2.173,0.738,Bundesliga
2023-09-16,Lens,Metz,1.612,0.63,Ligue_1
2023-09-16,Rennes,Lille,0.428,1.609,Ligue_1
2023-09-16,Freiburg,Borussia Dortmund,1.147,3.373,Bundesliga
2023-09-17,Lyon,Le Havre,1.833,1.252,Ligue_1
2023-09-17,Clermont Foot,Nantes,1.264,0.866,Ligue_1
2023-09-17,Reims,Brest,1.974,1.561,Ligue_1
2023-09-17,Strasbourg,Montpellier,2.272,1.036,Ligue_1
2023-09-17,Lorient,Monaco,0.661,1.541,Ligue_1
2023-09-17,Marseille,Toulouse,1.169,0.882,Ligue_1
2023-09-17,Bournemouth,Chelsea,1.325,1.397,EPL
2023-09-17,Monza,Lecce,3.296,0.896,Serie_A
2023-09-17,Villarreal,Almeria,1.432,1.768,La_liga
2023-09-17,Getafe,Osasuna,0.736,1.296,La_liga
2023-09-17,Fiorentina,Atalanta,1.453,0.632,Serie_A
2023-09-17,FC Heidenheim,Werder Bremen,1.962,2.56,Bundesliga
2023-09-17,Darmstadt,Borussia M.Gladbach,1.328,3.493,Bundesliga
2023-09-17,Roma,Empoli,2.493,0.167,Serie_A
2023-09-17,Cagliari,Udinese,2.201,0.837,Serie_A
2023-09-17,Frosinone,Sassuolo,2.97,1.934,Serie_A
2023-09-17,Sevilla,Las Palmas,2.431,1.035,La_liga
2023-09-17,Real Madrid,Real Sociedad,2.569,2.155,La_liga
2023-09-17,Everton,Arsenal,0.283,0.803,EPL
2023-09-18,Verona,Bologna,0.408,0.897,Serie_A
2023-09-18,Nottingham Forest,Burnley,0.706,0.808,EPL
2023-09-18,Granada,Girona,1.973,2.142,La_liga
2023-09-18,Salernitana,Torino,0.695,1.546,Serie_A
2023-09-22,VfB Stuttgart,Darmstadt,3.049,0.272,Bundesliga
2023-09-22,Alaves,Athletic Club,1.973,1.776,La_liga
2023-09-22,Monaco,Nice,1.801,1.101,Ligue_1
2023-09-22,Lecce,Genoa,1.009,0.532,Serie_A
2023-09-22,Salernitana,Frosinone,0.835,0.987,Serie_A
2023-09-23,Sassuolo,Juventus,1.742,1.368,Serie_A
2023-09-23,AC Milan,Verona,0.917,0.846,Serie_A
2023-09-23,Bayern Munich,Bochum,6.026,0.089,Bundesliga
2023-09-23,Burnley,Manchester United,0.935,0.84,EPL
2023-09-23,Brentford,Everton,1.574,2.515,EPL
2023-09-23,Girona,Mallorca,4.192,2.426,La_liga
2023-09-23,Werder Bremen,FC Cologne,1.6,1.99,Bundesliga
2023-09-23,Borussia Dortmund,Wolfsburg,2.165,0.343,Bundesliga
2023-09-23,Union Berlin,Hoffenheim,1.624,2.154,Bundesliga
2023-09-23,Luton,Wolverhampton Wanderers,2.241,0.763,EPL
2023-09-23,Manchester City,Nottingham Forest,1.34,0.729,EPL
2023-09-23,Crystal Palace,Fulham,0.372,0.543,EPL
2023-09-23,Borussia M.Gladbach,RasenBallsport Leipzig,0.772,1.037,Bundesliga
2023-09-23,Augsburg,Mainz 05,1.047,0.487,Bundesliga
2023-09-23,Lazio,Monza,1.024,1.81,Serie_A
2023-09-23,Almeria,Valencia,2.464,0.996,La_liga
2023-09-23,Osasuna,Sevilla,1.574,0.694,La_liga
2023-09-23,Nantes,Lorient,2.529,1.597,Ligue_1
2023-09-23,Brest,Lyon,2.545,0.254,Ligue_1
2023-09-23,Barcelona,Celta Vigo,1.822,1.679,La_liga
2023-09-24,Las Palmas,Granada,0.701,0.038,La_liga
2023-09-24,Eintracht Frankfurt,Freiburg,0.754,0.407,Bundesliga
2023-09-24,Bayer Leverkusen,FC Heidenheim,3.974,0.66,Bundesliga
2023-09-24,Sheffield United,Newcastle United,0.579,5.108,EPL
2023-09-24,Empoli,Inter,0.331,1.635,Serie_A
2023-09-24,Atletico Madrid,Real Madrid,1.796,0.848,La_liga
2023-09-24,Udinese,Fiorentina,2.401,0.281,Serie_A
2023-09-24,Bologna,Napoli,0.185,1.848,Serie_A
2023-09-24,Torino,Roma,1.107,1.108,Serie_A
2023-09-24,Chelsea,Aston Villa,1.197,1.135,EPL
2023-09-24,Real Betis,Cadiz,2.707,0.571,La_liga
2023-09-24,Rayo Vallecano,Villarreal,1.034,1.036,La_liga
2023-09-24,Brighton,Bournemouth,2.145,1.59,EPL
2023-09-24,Arsenal,Tottenham,2.343,2.212,EPL
2023-09-24,Real Sociedad,Getafe,2.134,1.594,La_liga
2023-09-24,Metz,Strasbourg,1.038,0.456,Ligue_1
2023-09-24,Lens,Toulouse,3.088,0.649,Ligue_1
2023-09-24,Atalanta,Cagliari,1.677,1.003,Serie_A
2023-09-24,Liverpool,West Ham,4.143,1.539,EPL
2023-09-24,Le Havre,Clermont Foot,1.017,0.716,Ligue_1
2023-09-24,Paris Saint Germain,Marseille,2.002,0.569,Ligue_1
2023-09-24,Montpellier,Rennes,1.382,0.934,Ligue_1
2023-09-26,Juventus,Lecce,1.65,0.067,Serie_A
2023-09-26,Sevilla,Almeria,2.905,1.371,La_liga
2023-09-26,Mallorca,Barcelona,1.214,1.628,La_liga
2023-09-26,Lille,Reims,1.418,1.218,Ligue_1
2023-09-27,Real Madrid,Las Palmas,2.715,0.618,La_liga
2023-09-27,Cadiz,Rayo Vallecano,0.358,0.258,La_liga
2023-09-27,Valencia,Real Sociedad,0.357,0.294,La_liga
2023-09-27,Villarreal,Girona,1.891,2.299,La_liga
2023-09-27,Verona,Atalanta,0.325,1.384,Serie_A
2023-09-27,Empoli,Salernitana,2.291,0.477,Serie_A
2023-09-27,Inter,Sassuolo,1.025,1.024,Serie_A
2023-09-27,Lazio,Torino,0.774,0.213,Serie_A
2023-09-27,Athletic Club,Getafe,0.609,1.308,La_liga
2023-09-27,Cagliari,AC Milan,0.676,2.108,Serie_A
2023-09-27,Napoli,Udinese,3.709,0.822,Serie_A
2023-09-28,Celta Vigo,Alaves,0.497,2.397,La_liga
2023-09-28,Granada,Real Betis,1.551,0.871,La_liga
2023-09-28,Osasuna,Atletico Madrid,0.759,1.228,La_liga
2023-09-28,Genoa,Roma,1.598,1.296,Serie_A
2023-09-28,Frosinone,Fiorentina,0.976,1.453,Serie_A
2023-09-28,Monza,Bologna,1.028,1.042,Serie_A
2023-09-29,Strasbourg,Lens,0.305,1.522,Ligue_1
2023-09-29,Hoffenheim,Borussia Dortmund,1.851,1.694,Bundesliga
2023-09-29,Barcelona,Sevilla,2.56,1.076,La_liga
2023-09-30,AC Milan,Lazio,2.692,0.503,Serie_A
2023-09-30,Salernitana,Inter,0.62,2.555,Serie_A
2023-09-30,Monaco,Marseille,1.516,0.909,Ligue_1
2023-09-30,Clermont Foot,Paris Saint Germain,1.16,2.991,Ligue_1
2023-09-30,Everton,Luton,3.654,1.51,EPL
2023-09-30,Manchester United,Crystal Palace,1.554,1.19,EPL
2023-09-30,Newcastle United,Burnley,3.085,0.802,EPL
2023-09-30,Bournemouth,Arsenal,0.644,4.074,EPL
2023-09-30,West Ham,Sheffield United,3.198,0.912,EPL
2023-09-30,Girona,Real Madrid,2.178,2.786,La_liga
2023-09-30,Tottenham,Liverpool,2.188,1.123,EPL
2023-09-30,Getafe,Villarreal,0.768,0.112,La_liga
2023-09-30,Rayo Vallecano,Mallorca,1.786,1.337,La_liga
2023-09-30,Real Sociedad,Athletic Club,1.382,1.96,La_liga
2023-09-30,Lecce,Napoli,0.613,2.717,Serie_A
2023-09-30,RasenBallsport Leipzig,Bayern Munich,0.793,1.951,Bundesliga
2023-09-30,FC Cologne,VfB Stuttgart,0.803,2.067,Bundesliga
2023-09-30,Mainz 05,Bayer Leverkusen,0.389,0.812,Bundesliga
2023-09-30,Wolfsburg,Eintracht Frankfurt,2.777,1.092,Bundesliga
2023-09-30,FC Heidenheim,Union Berlin,0.543,2.161,Bundesliga
2023-09-30,Bochum,Borussia M.Gladbach,1.465,2.868,Bundesliga
2023-09-30,Wolverhampton Wanderers,Manchester City,0.674,0.981,EPL
2023-09-30,Aston Villa,Brighton,1.907,1.728,EPL
2023-10-01,Nottingham Forest,Brentford,0.8,1.759,EPL
2023-10-01,Toulouse,Metz,2.34,0.599,Ligue_1
2023-10-01,Le Havre,Lille,1.058,1.387,Ligue_1
2023-10-01,Reims,Lyon,1.996,0.39,Ligue_1
2023-10-01,Roma,Frosinone,0.831,0.792,Serie_A
2023-10-01,Atalanta,Juventus,1.977,0.203,Serie_A
2023-10-01,Udinese,Genoa,1.531,0.833,Serie_A
2023-10-01,Bologna,Empoli,3.289,1.049,Serie_A
2023-10-01,Nice,Brest,1.033,0.153,Ligue_1
2023-10-01,Atletico Madrid,Cadiz,3.101,0.677,La_liga
2023-10-01,Alaves,Osasuna,1.582,1.267,La_liga
2023-10-01,Darmstadt,Werder Bremen,2.349,1.546,Bundesliga
2023-10-01,Freiburg,Augsburg,1.272,1.001,Bundesliga
2023-10-01,Real Betis,Valencia,2.537,0.51,La_liga
2023-10-01,Rennes,Nantes,2.317,0.903,Ligue_1
2023-10-01,Lorient,Montpellier,0.8,2.77,Ligue_1
2023-10-01,Almeria,Granada,2.242,3.514,La_liga
2023-10-02,Fiorentina,Cagliari,1.527,0.814,Serie_A
2023-10-02,Las Palmas,Celta Vigo,1.464,1.543,La_liga
2023-10-02,Fulham,Chelsea,0.889,1.985,EPL
2023-10-02,Torino,Verona,0.618,0.274,Serie_A
2023-10-02,Sassuolo,Monza,1.49,1.85,Serie_A
2023-10-03,Luton,Burnley,1.531,0.92,EPL
2023-10-06,Borussia M.Gladbach,Mainz 05,3.015,1.213,Bundesliga
2023-10-06,Athletic Club,Almeria,3.029,0.089,La_liga
2023-10-06,Lecce,Sassuolo,1.518,1.745,Serie_A
2023-10-06,Empoli,Udinese,1.001,1.24,Serie_A
2023-10-06,Strasbourg,Nantes,0.945,2.242,Ligue_1
2023-10-07,Juventus,Torino,2.409,0.593,Serie_A
2023-10-07,Inter,Bologna,0.705,1.048,Serie_A
2023-10-07,Cadiz,Girona,0.654,1.265,La_liga
2023-10-07,Real Madrid,Osasuna,4.478,0.164,La_liga
2023-10-07,Mallorca,Valencia,0.92,0.509,La_liga
2023-10-07,Sevilla,Rayo Vallecano,0.807,0.999,La_liga
2023-10-07,Genoa,AC Milan,0.354,0.899,Serie_A
2023-10-07,Fulham,Sheffield United,2.266,0.252,EPL
2023-10-07,Metz,Nice,0.264,1.515,Ligue_1
2023-10-07,Reims,Monaco,1.998,1.747,Ligue_1
2023-10-07,Luton,Tottenham,0.848,2.379,EPL
2023-10-07,Burnley,Chelsea,0.957,1.976,EPL
2023-10-07,Werder Bremen,Hoffenheim,1.031,1.528,Bundesliga
2023-10-07,Borussia Dortmund,Union Berlin,1.769,1.524,Bundesliga
2023-10-07,Augsburg,Darmstadt,1.185,1.962,Bundesliga
2023-10-07,VfB Stuttgart,Wolfsburg,3.026,1.064,Bundesliga
2023-10-07,Crystal Palace,Nottingham Forest,0.982,1.221,EPL
2023-10-07,Manchester United,Brentford,1.294,1.025,EPL
2023-10-07,Everton,Bournemouth,3.165,0.982,EPL
2023-10-07,RasenBallsport Leipzig,Bochum,2.226,0.741,Bundesliga
2023-10-08,Villarreal,Las Palmas,1.163,1.16,La_liga
2023-10-08,Atletico Madrid,Real Sociedad,2.942,0.928,La_liga
2023-10-08,Celta Vigo,Getafe,3.029,1.009,La_liga
2023-10-08,Alaves,Real Betis,1.896,0.873,La_liga
2023-10-08,Monza,Salernitana,3.738,1.0,Serie_A
2023-10-08,Bayern Munich,Freiburg,2.374,0.07,Bundesliga
2023-10-08,Frosinone,Verona,1.92,0.506,Serie_A
2023-10-08,Bayer Leverkusen,FC Cologne,3.725,1.419,Bundesliga
2023-10-08,Rennes,Paris Saint Germain,1.344,3.131,Ligue_1
2023-10-08,Lens,Lille,2.584,1.343,Ligue_1
2023-10-08,Brest,Toulouse,1.614,1.239,Ligue_1
2023-10-08,Lyon,Lorient,1.379,1.079,Ligue_1
2023-10-08,Marseille,Le Havre,3.007,0.131,Ligue_1
2023-10-08,Granada,Barcelona,0.612,2.996,La_liga
2023-10-08,Brighton,Liverpool,2.232,2.51,EPL
2023-10-08,West Ham,Newcastle United,0.931,1.979,EPL
2023-10-08,Wolverhampton Wanderers,Aston Villa,1.762,1.816,EPL
2023-10-08,Arsenal,Manchester City,0.387,0.858,EPL
2023-10-08,Lazio,Atalanta,1.65,1.002,Serie_A
2023-10-08,Cagliari,Roma,1.763,3.333,Serie_A
2023-10-08,Napoli,Fiorentina,1.774,1.769,Serie_A
2023-10-08,Eintracht Frankfurt,FC Heidenheim,1.836,0.626,Bundesliga
2023-10-20,Borussia Dortmund,Werder Bremen,2.728,0.54,Bundesliga
2023-10-20,Le Havre,Lens,1.845,1.963,Ligue_1
2023-10-20,Osasuna,Granada,1.798,0.776,La_liga
2023-10-21,Chelsea,Arsenal,1.718,1.058,EPL
2023-10-21,Nottingham Forest,Luton,3.275,1.496,EPL
2023-10-21,Celta Vigo,Atletico Madrid,1.268,2.392,La_liga
2023-10-21,Getafe,Real Betis,1.867,1.428,La_liga
2023-10-21,Real Sociedad,Mallorca,2.006,2.039,La_liga
2023-10-21,Verona,Napoli,0.872,2.655,Serie_A
2023-10-21,Torino,Inter,0.597,2.443,Serie_A
2023-10-21,Sassuolo,Lazio,0.319,2.936,Serie_A
2023-10-21,Newcastle United,Crystal Palace,3.733,1.088,EPL
2023-10-21,Sheffield United,Manchester United,1.411,1.462,EPL
2023-10-21,Sevilla,Real Madrid,1.872,2.179,La_liga
2023-10-21,Brentford,Burnley,3.157,0.693,EPL
2023-10-21,Mainz 05,Bayern Munich,0.975,1.687,Bundesliga
2023-10-21,Darmstadt,RasenBallsport Leipzig,1.683,1.832,Bundesliga
2023-10-21,Manchester City,Brighton,0.963,0.964,EPL
2023-10-21,Wolfsburg,Bayer Leverkusen,1.332,2.277,Bundesliga
2023-10-21,Freiburg,Bochum,2.527,1.377,Bundesliga
2023-10-21,Union Berlin,VfB Stuttgart,0.573,1.875,Bundesliga
2023-10-21,Nice,Marseille,0.829,1.003,Ligue_1
2023-10-21,Paris Saint Germain,Strasbourg,2.519,0.224,Ligue_1
2023-10-21,Liverpool,Everton,2.286,0.094,EPL
2023-10-21,Hoffenheim,Eintracht Frankfurt,1.133,2.132,Bundesliga
2023-10-21,Bournemouth,Wolverhampton Wanderers,1.018,2.305,EPL
2023-10-22,FC Cologne,Borussia M.Gladbach,2.728,0.407,Bundesliga
2023-10-22,Lyon,Clermont Foot,1.736,1.29,Ligue_1
2023-10-22,Monaco,Metz,1.973,0.721,Ligue_1
2023-10-22,Nantes,Montpellier,1.749,0.496,Ligue_1
2023-10-22,Lille,Brest,2.192,0.625,Ligue_1
2023-10-22,Toulouse,Reims,0.901,0.966,Ligue_1
2023-10-22,Lorient,Rennes,0.595,0.941,Ligue_1
2023-10-22,Barcelona,Athletic Club,1.703,0.453,La_liga
2023-10-22,Villarreal,Alaves,1.716,1.799,La_liga
2023-10-22,Girona,Almeria,2.197,0.878,La_liga
2023-10-22,Las Palmas,Rayo Vallecano,1.186,1.256,La_liga
2023-10-22,FC Heidenheim,Augsburg,1.993,2.824,Bundesliga
2023-10-22,Aston Villa,West Ham,2.341,0.66,EPL
2023-10-22,Salernitana,Cagliari,1.333,1.496,Serie_A
2023-10-22,AC Milan,Juventus,0.239,1.806,Serie_A
2023-10-22,Atalanta,Genoa,1.971,1.042,Serie_A
2023-10-22,Roma,Monza,2.533,0.424,Serie_A
2023-10-22,Bologna,Frosinone,1.633,1.428,Serie_A
2023-10-23,Udinese,Lecce,2.582,0.808,Serie_A
2023-10-23,Valencia,Cadiz,1.676,0.552,La_liga
2023-10-23,Tottenham,Fulham,1.635,0.746,EPL
2023-10-23,Fiorentina,Empoli,0.764,1.795,Serie_A
2023-10-27,Girona,Celta Vigo,0.619,0.175,La_liga
2023-10-27,Genoa,Salernitana,0.407,0.779,Serie_A
2023-10-27,Bochum,Mainz 05,2.134,0.444,Bundesliga
2023-10-27,Crystal Palace,Tottenham,0.562,0.989,EPL
2023-10-27,Clermont Foot,Nice,0.299,2.159,Ligue_1
2023-10-28,Juventus,Verona,3.648,0.319,Serie_A
2023-10-28,Lecce,Torino,0.462,1.332,Serie_A
2023-10-28,Bournemouth,Burnley,1.101,0.903,EPL
2023-10-28,Chelsea,Brentford,1.718,2.481,EPL
2023-10-28,Augsburg,Wolfsburg,1.594,1.255,Bundesliga
2023-10-28,Arsenal,Sheffield United,3.035,0.028,EPL
2023-10-28,VfB Stuttgart,Hoffenheim,3.151,1.744,Bundesliga
2023-10-28,Wolverhampton Wanderers,Newcastle United,0.863,2.32,EPL
2023-10-28,RasenBallsport Leipzig,FC Cologne,4.859,1.329,Bundesliga
2023-10-28,Barcelona,Real Madrid,1.32,0.959,La_liga
2023-10-28,Borussia M.Gladbach,FC Heidenheim,0.981,0.396,Bundesliga
2023-10-28,Werder Bremen,Union Berlin,0.691,0.369,Bundesliga
2023-10-28,Sassuolo,Bologna,0.865,0.83,Serie_A
2023-10-28,Mallorca,Getafe,0.722,0.292,La_liga
2023-10-28,Bayern Munich,Darmstadt,5.884,0.925,Bundesliga
2023-10-28,Cadiz,Sevilla,1.427,1.284,La_liga
2023-10-28,Almeria,Las Palmas,0.276,1.064,La_liga
2023-10-28,Reims,Lorient,0.982,0.412,Ligue_1
2023-10-28,Lens,Nantes,4.329,1.218,Ligue_1
2023-10-29,Rennes,Strasbourg,1.11,1.021,Ligue_1
2023-10-29,Eintracht Frankfurt,Borussia Dortmund,3.675,2.417,Bundesliga
2023-10-29,Manchester United,Manchester City,0.715,4.546,EPL
2023-10-29,Liverpool,Nottingham Forest,2.704,0.642,EPL
2023-10-29,Brighton,Fulham,1.32,0.553,EPL
2023-10-29,Aston Villa,Luton,3.077,0.453,EPL
2023-10-29,West Ham,Everton,0.619,0.734,EPL
2023-10-29,Bayer Leverkusen,Freiburg,1.608,1.023,Bundesliga
2023-10-29,Brest,Paris Saint Germain,1.682,2.098,Ligue_1
2023-10-29,Lille,Monaco,0.668,0.902,Ligue_1
2023-10-29,Metz,Le Havre,0.47,0.89,Ligue_1
2023-10-29,Inter,Roma,2.253,0.495,Serie_A
2023-10-29,Monza,Udinese,0.403,1.056,Serie_A
2023-10-29,Montpellier,Toulouse,3.282,0.878,Ligue_1
2023-10-29,Cagliari,Frosinone,4.075,1.296,Serie_A
2023-10-29,Real Betis,Osasuna,1.434,0.446,La_liga
2023-10-29,Rayo Vallecano,Real Sociedad,0.844,1.932,La_liga
2023-10-29,Athletic Club,Valencia,1.633,2.179,La_liga
2023-10-29,Atletico Madrid,Alaves,1.941,0.385,La_liga
2023-10-29,Napoli,AC Milan,1.503,2.375,Serie_A
2023-10-30,Granada,Villarreal,2.801,1.902,La_liga
2023-10-30,Empoli,Atalanta,0.272,2.192,Serie_A
2023-10-30,Lazio,Fiorentina,2.362,0.389,Serie_A
2023-11-03,Darmstadt,Bochum,0.855,1.563,Bundesliga
2023-11-03,Las Palmas,Atletico Madrid,0.453,1.528,La_liga
2023-11-03,Paris Saint Germain,Montpellier,1.232,0.584,Ligue_1
2023-11-03,Bologna,Lazio,0.698,0.462,Serie_A
2023-11-04,Union Berlin,Eintracht Frankfurt,1.066,1.569,Bundesliga
2023-11-04,Everton,Brighton,0.618,0.442,EPL
2023-11-04,Freiburg,Borussia M.Gladbach,3.39,1.924,Bundesliga
2023-11-04,Mainz 05,RasenBallsport Leipzig,1.497,0.508,Bundesliga
2023-11-04,FC Cologne,Augsburg,2.226,2.547,Bundesliga
2023-11-04,Hoffenheim,Bayer Leverkusen,1.272,1.05,Bundesliga
2023-11-04,Borussia Dortmund,Bayern Munich,1.476,2.861,Bundesliga
2023-11-04,Sheffield United,Wolverhampton Wanderers,1.102,1.148,EPL
2023-11-04,Newcastle United,Arsenal,1.124,0.535,EPL
2023-11-04,Marseille,Lille,0.752,0.326,Ligue_1
2023-11-04,Lorient,Lens,0.522,0.708,Ligue_1
2023-11-04,Osasuna,Girona,2.184,2.787,La_liga
2023-11-04,Real Betis,Mallorca,2.847,0.54,La_liga
2023-11-04,Fulham,Manchester United,1.182,0.697,EPL
2023-11-04,Manchester City,Bournemouth,2.399,0.643,EPL
2023-11-04,Real Sociedad,Barcelona,0.847,1.22,La_liga
2023-11-04,Celta Vigo,Sevilla,3.015,1.251,La_liga
2023-11-04,AC Milan,Udinese,1.285,2.105,Serie_A
2023-11-04,Atalanta,Inter,1.361,1.396,Serie_A
2023-11-04,Brentford,West Ham,1.829,1.755,EPL
2023-11-04,Burnley,Crystal Palace,1.5,1.437,EPL
2023-11-04,Salernitana,Napoli,0.322,1.677,Serie_A
2023-11-05,Roma,Lecce,2.552,1.203,Serie_A
2023-11-05,Nottingham Forest,Aston Villa,0.592,1.331,EPL
2023-11-05,Luton,Liverpool,1.341,3.039,EPL
2023-11-05,Villarreal,Athletic Club,1.781,2.228,La_liga
2023-11-05,Nantes,Reims,1.547,1.743,Ligue_1
2023-11-05,Toulouse,Le Havre,2.317,1.211,Ligue_1
2023-11-05,Strasbourg,Clermont Foot,1.56,1.052,Ligue_1
2023-11-05,Lyon,Metz,1.848,0.667,Ligue_1
2023-11-05,Fiorentina,Juventus,0.675,0.856,Serie_A
2023-11-05,Cagliari,Genoa,1.269,0.67,Serie_A
2023-11-05,Monaco,Brest,1.117,0.737,Ligue_1
2023-11-05,Nice,Rennes,2.286,0.485,Ligue_1
2023-11-05,FC Heidenheim,VfB Stuttgart,0.783,2.573,Bundesliga
2023-11-05,Wolfsburg,Werder Bremen,1.814,1.403,Bundesliga
2023-11-05,Verona,Monza,1.127,1.39,Serie_A
2023-11-05,Real Madrid,Rayo Vallecano,1.853,0.135,La_liga
2023-11-05,Alaves,Almeria,2.58,0.893,La_liga
2023-11-05,Valencia,Granada,1.189,0.345,La_liga
2023-11-06,Getafe,Cadiz,1.215,0.822,La_liga
2023-11-06,Tottenham,Chelsea,0.959,4.059,EPL
2023-11-06,Torino,Sassuolo,3.434,0.499,Serie_A
2023-11-06,Frosinone,Empoli,0.804,1.871,Serie_A
2023-11-10,Genoa,Verona,2.042,0.246,Serie_A
2023-11-10,Sassuolo,Salernitana,2.468,0.947,Serie_A
2023-11-10,Montpellier,Nice,0.651,0.62,Ligue_1
2023-11-10,Borussia M.Gladbach,Wolfsburg,2.094,0.501,Bundesliga
2023-11-10,Athletic Club,Celta Vigo,4.723,2.253,La_liga
2023-11-11,Monza,Torino,1.166,0.82,Serie_A
2023-11-11,Lecce,AC Milan,1.99,2.224,Serie_A
2023-11-11,Juventus,Cagliari,3.042,0.478,Serie_A
2023-11-11,VfB Stuttgart,Borussia Dortmund,4.172,0.764,Bundesliga
2023-11-11,Arsenal,Burnley,2.632,0.328,EPL
2023-11-11,Augsburg,Hoffenheim,0.937,0.897,Bundesliga
2023-11-11,Wolverhampton Wanderers,Tottenham,1.909,0.432,EPL
2023-11-11,Almeria,Real Sociedad,0.637,2.537,La_liga
2023-11-11,Crystal Palace,Everton,1.892,1.79,EPL
2023-11-11,Manchester United,Luton,2.741,0.408,EPL
2023-11-11,Bournemouth,Newcastle United,2.784,0.306,EPL
2023-11-11,Granada,Getafe,1.44,2.301,La_liga
2023-11-11,Le Havre,Monaco,1.126,0.968,Ligue_1
2023-11-11,Reims,Paris Saint Germain,1.544,2.64,Ligue_1
2023-11-11,Osasuna,Las Palmas,1.441,0.292,La_liga
2023-11-11,Real Madrid,Valencia,1.906,2.031,La_liga
2023-11-11,Darmstadt,Mainz 05,0.45,0.625,Bundesliga
2023-11-11,Bochum,FC Cologne,5.056,1.076,Bundesliga
2023-11-11,Bayern Munich,FC Heidenheim,2.608,1.045,Bundesliga
2023-11-11,Rayo Vallecano,Girona,1.676,4.269,La_liga
2023-11-12,Clermont Foot,Lorient,1.405,0.585,Ligue_1
2023-11-12,Metz,Nantes,0.941,1.754,Ligue_1
2023-11-12,Bayer Leverkusen,Union Berlin,3.042,0.028,Bundesliga
2023-11-12,Lille,Toulouse,2.69,0.417,Ligue_1
2023-11-12,Napoli,Empoli,1.061,0.389,Serie_A
2023-11-12,Udinese,Atalanta,1.214,0.575,Serie_A
2023-11-12,Fiorentina,Bologna,1.574,2.31,Serie_A
2023-11-12,Lazio,Roma,0.398,0.32,Serie_A
2023-11-12,Inter,Frosinone,3.278,0.586,Serie_A
2023-11-12,Rennes,Lyon,0.68,2.08,Ligue_1
2023-11-12,Lens,Marseille,1.22,0.724,Ligue_1
2023-11-12,Barcelona,Alaves,1.811,1.839,La_liga
2023-11-12,Chelsea,Manchester City,3.472,3.193,EPL
2023-11-12,Atletico Madrid,Villarreal,3.938,0.869,La_liga
2023-11-12,Sevilla,Real Betis,0.616,2.179,La_liga
2023-11-12,Werder Bremen,Eintracht Frankfurt,1.939,2.023,Bundesliga
2023-11-12,Aston Villa,Fulham,2.86,0.649,EPL
2023-11-12,Brighton,Sheffield United,1.086,0.844,EPL
2023-11-12,Liverpool,Brentford,1.56,1.45,EPL
2023-11-12,RasenBallsport Leipzig,Freiburg,1.901,0.399,Bundesliga
2023-11-12,West Ham,Nottingham Forest,2.064,1.421,EPL
2023-11-24,Paris Saint Germain,Monaco,2.613,1.52,Ligue_1
2023-11-24,Alaves,Granada,0.872,1.139,La_liga
2023-11-24,FC Cologne,Bayern Munich,0.189,3.9,Bundesliga
2023-11-25,Manchester City,Liverpool,1.796,0.766,EPL
2023-11-25,Werder Bremen,Bayer Leverkusen,0.307,1.753,Bundesliga
2023-11-25,Salernitana,Lazio,1.401,1.835,Serie_A
2023-11-25,Atalanta,Napoli,0.88,2.511,Serie_A
2023-11-25,AC Milan,Fiorentina,1.784,1.695,Serie_A
2023-11-25,Freiburg,Darmstadt,1.345,0.342,Bundesliga
2023-11-25,Wolfsburg,RasenBallsport Leipzig,0.634,2.906,Bundesliga
2023-11-25,Eintracht Frankfurt,VfB Stuttgart,0.788,2.298,Bundesliga
2023-11-25,Union Berlin,Augsburg,2.408,1.84,Bundesliga
2023-11-25,Luton,Crystal Palace,0.996,1.835,EPL
2023-11-25,Rayo Vallecano,Barcelona,0.912,1.306,La_liga
2023-11-25,Clermont Foot,Lens,1.843,2.532,Ligue_1
2023-11-25,Strasbourg,Marseille,1.182,1.367,Ligue_1
2023-11-25,Atletico Madrid,Mallorca,2.297,0.945,La_liga
2023-11-25,Borussia Dortmund,Borussia M.Gladbach,3.368,0.79,Bundesliga
2023-11-25,Burnley,West Ham,1.442,1.37,EPL
2023-11-25,Valencia,Celta Vigo,0.247,0.61,La_liga
2023-11-25,Newcastle United,Chelsea,2.152,0.968,EPL
2023-11-25,Nottingham Forest,Brighton,2.227,1.218,EPL
2023-11-25,Getafe,Almeria,1.394,1.729,La_liga
2023-11-25,Brentford,Arsenal,1.663,1.827,EPL
2023-11-25,Sheffield United,Bournemouth,0.816,3.14,EPL
2023-11-26,Juventus,Inter,0.489,0.693,Serie_A
2023-11-26,Roma,Udinese,1.259,0.532,Serie_A
2023-11-26,Nice,Toulouse,1.001,1.272,Ligue_1
2023-11-26,Lorient,Metz,1.374,1.854,Ligue_1
2023-11-26,Nantes,Le Havre,1.753,0.226,Ligue_1
2023-11-26,Empoli,Sassuolo,1.477,2.976,Serie_A
2023-11-26,Rennes,Reims,1.935,2.249,Ligue_1
2023-11-26,Lyon,Lille,1.712,1.707,Ligue_1
2023-11-26,Villarreal,Osasuna,2.846,1.264,La_liga
2023-11-26,Cadiz,Real Madrid,1.131,1.841,La_liga
2023-11-26,Real Betis,Las Palmas,1.926,0.752,La_liga
2023-11-26,Frosinone,Genoa,0.991,1.826,Serie_A
2023-11-26,Cagliari,Monza,1.587,0.802,Serie_A
2023-11-26,Everton,Manchester United,2.498,2.073,EPL
2023-11-26,FC Heidenheim,Bochum,0.749,0.359,Bundesliga
2023-11-26,Hoffenheim,Mainz 05,0.7,1.967,Bundesliga
2023-11-26,Tottenham,Aston Villa,2.225,2.398,EPL
2023-11-26,Real Sociedad,Sevilla,1.052,0.374,La_liga
2023-11-26,Montpellier,Brest,2.199,2.386,Ligue_1
2023-11-27,Girona,Athletic Club,1.362,1.673,La_liga
2023-11-27,Verona,Lecce,1.947,1.522,Serie_A
2023-11-27,Bologna,Torino,1.349,0.573,Serie_A
2023-11-27,Fulham,Wolverhampton Wanderers,2.491,1.579,EPL
2023-11-29,Montpellier,Clermont Foot,2.515,0.549,Ligue_1
2023-11-29,Mallorca,Cadiz,0.851,0.252,La_liga
2023-12-01,Reims,Strasbourg,1.932,1.83,Ligue_1
2023-12-01,Darmstadt,FC Cologne,0.618,1.301,Bundesliga
2023-12-01,Las Palmas,Getafe,1.882,0.764,La_liga
2023-12-01,Monza,Juventus,0.657,2.959,Serie_A
2023-12-02,Real Madrid,Granada,2.261,0.11,La_liga
2023-12-02,Osasuna,Real Sociedad,1.018,1.699,La_liga
2023-12-02,Athletic Club,Rayo Vallecano,1.687,0.346,La_liga
2023-12-02,Girona,Valencia,1.854,1.01,La_liga
2023-12-02,Arsenal,Wolverhampton Wanderers,3.304,1.079,EPL
2023-12-02,Brentford,Luton,3.26,0.227,EPL
2023-12-02,Burnley,Sheffield United,2.605,0.618,EPL
2023-12-02,Nottingham Forest,Everton,0.673,0.624,EPL
2023-12-02,Newcastle United,Manchester United,2.902,0.423,EPL
2023-12-02,Lazio,Cagliari,2.504,0.614,Serie_A
2023-12-02,Lens,Lyon,2.66,3.028,Ligue_1
2023-12-02,AC Milan,Frosinone,1.01,0.729,Serie_A
2023-12-02,Genoa,Empoli,0.833,0.753,Serie_A
2023-12-02,RasenBallsport Leipzig,FC Heidenheim,4.711,1.179,Bundesliga
2023-12-02,Borussia M.Gladbach,Hoffenheim,1.602,1.337,Bundesliga
2023-12-02,Bochum,Wolfsburg,2.076,1.035,Bundesliga
2023-12-02,VfB Stuttgart,Werder Bremen,4.018,0.659,Bundesliga
2023-12-02,Nantes,Nice,1.182,1.232,Ligue_1
2023-12-03,Monaco,Montpellier,2.46,1.186,Ligue_1
2023-12-03,Toulouse,Lorient,1.104,0.646,Ligue_1
2023-12-03,Mainz 05,Freiburg,2.869,1.341,Bundesliga
2023-12-03,Bayer Leverkusen,Borussia Dortmund,1.964,1.261,Bundesliga
2023-12-03,Augsburg,Eintracht Frankfurt,1.951,0.907,Bundesliga
2023-12-03,Brest,Clermont Foot,1.302,0.605,Ligue_1
2023-12-03,Lille,Metz,3.044,1.858,Ligue_1
2023-12-03,Marseille,Rennes,0.914,0.484,Ligue_1
2023-12-03,Liverpool,Fulham,2.728,1.51,EPL
2023-12-03,West Ham,Crystal Palace,1.147,0.988,EPL
2023-12-03,Bournemouth,Aston Villa,2.549,0.895,EPL
2023-12-03,Chelsea,Brighton,1.663,0.855,EPL
2023-12-03,Le Havre,Paris Saint Germain,1.855,1.762,Ligue_1
2023-12-03,Barcelona,Atletico Madrid,3.188,0.996,La_liga
2023-12-03,Sevilla,Villarreal,2.478,1.471,La_liga
2023-12-03,Almeria,Real Betis,2.699,0.77,La_liga
2023-12-03,Mallorca,Alaves,0.91,0.278,La_liga
2023-12-03,Napoli,Inter,0.787,2.585,Serie_A
2023-12-03,Sassuolo,Roma,0.917,1.999,Serie_A
2023-12-03,Udinese,Verona,2.148,1.567,Serie_A
2023-12-03,Fiorentina,Salernitana,3.069,0.781,Serie_A
2023-12-03,Lecce,Bologna,1.658,1.517,Serie_A
2023-12-03,Manchester City,Tottenham,2.907,0.433,EPL
2023-12-04,Celta Vigo,Cadiz,2.732,0.347,La_liga
2023-12-04,Torino,Atalanta,1.639,0.346,Serie_A
2023-12-05,Luton,Arsenal,0.526,2.588,EPL
2023-12-05,Wolverhampton Wanderers,Burnley,1.119,0.782,EPL
2023-12-06,Brighton,Brentford,1.541,1.22,EPL
2023-12-06,Marseille,Lyon,1.827,0.236,Ligue_1
2023-12-06,Sheffield United,Liverpool,0.834,1.801,EPL
2023-12-06,Crystal Palace,Bournemouth,1.264,1.8,EPL
2023-12-06,Aston Villa,Manchester City,2.192,1.002,EPL
2023-12-06,Manchester United,Chelsea,4.039,2.351,EPL
2023-12-06,Fulham,Nottingham Forest,3.094,0.219,EPL
2023-12-07,Everton,Newcastle United,2.954,1.296,EPL
2023-12-07,Brest,Strasbourg,0.993,1.268,Ligue_1
2023-12-07,Tottenham,West Ham,1.613,1.741,EPL
2023-12-08,Hoffenheim,Bochum,2.275,1.825,Bundesliga
2023-12-08,Juventus,Napoli,0.663,1.005,Serie_A
2023-12-08,Getafe,Valencia,0.842,0.184,La_liga
2023-12-08,Montpellier,Lens,1.349,1.613,Ligue_1
2023-12-09,Inter,Udinese,3.342,0.847,Serie_A
2023-12-09,Alaves,Las Palmas,2.205,0.474,La_liga
2023-12-09,Real Betis,Real Madrid,1.516,0.804,La_liga
2023-12-09,Villarreal,Real Sociedad,2.37,2.198,La_liga
2023-12-09,Mallorca,Sevilla,0.533,0.554,La_liga
2023-12-09,Verona,Lazio,0.793,1.014,Serie_A
2023-12-09,Union Berlin,Borussia M.Gladbach,2.567,1.033,Bundesliga
2023-12-09,Eintracht Frankfurt,Bayern Munich,1.847,2.593,Bundesliga
2023-12-09,Wolfsburg,Freiburg,1.329,0.511,Bundesliga
2023-12-09,Werder Bremen,Augsburg,1.846,0.628,Bundesliga
2023-12-09,Rennes,Monaco,2.146,1.097,Ligue_1
2023-12-09,Paris Saint Germain,Nantes,2.156,0.484,Ligue_1
2023-12-09,FC Heidenheim,Darmstadt,1.869,1.008,Bundesliga
2023-12-09,Atalanta,AC Milan,3.101,1.006,Serie_A
2023-12-09,Borussia Dortmund,RasenBallsport Leipzig,1.713,3.636,Bundesliga
2023-12-09,Crystal Palace,Liverpool,1.792,1.371,EPL
2023-12-09,Brighton,Burnley,2.962,1.052,EPL
2023-12-09,Manchester United,Bournemouth,1.113,1.974,EPL
2023-12-09,Aston Villa,Arsenal,0.628,1.717,EPL
2023-12-09,Wolverhampton Wanderers,Nottingham Forest,1.022,1.218,EPL
2023-12-09,Sheffield United,Brentford,0.842,0.645,EPL
2023-12-10,Frosinone,Torino,1.508,1.064,Serie_A
2023-12-10,Monza,Genoa,0.672,1.75,Serie_A
2023-12-10,Salernitana,Bologna,0.601,1.673,Serie_A
2023-12-10,Roma,Fiorentina,0.703,0.975,Serie_A
2023-12-10,Atletico Madrid,Almeria,2.169,1.666,La_liga
2023-12-10,Cadiz,Osasuna,1.153,1.818,La_liga
2023-12-10,Lorient,Marseille,2.018,2.887,Ligue_1
2023-12-10,Lyon,Toulouse,3.138,1.602,Ligue_1
2023-12-10,Barcelona,Girona,4.254,2.938,La_liga
2023-12-10,Strasbourg,Le Havre,1.509,1.622,Ligue_1
2023-12-10,Nice,Reims,1.275,1.133,Ligue_1
2023-12-10,Clermont Foot,Lille,1.112,0.635,Ligue_1
2023-12-10,Tottenham,Newcastle United,4.401,1.614,EPL
2023-12-10,Luton,Manchester City,0.689,2.234,EPL
2023-12-10,Fulham,West Ham,2.188,0.983,EPL
2023-12-10,Metz,Brest,0.632,0.22,Ligue_1
2023-12-10,VfB Stuttgart,Bayer Leverkusen,2.611,1.474,Bundesliga
2023-12-10,FC Cologne,Mainz 05,0.249,1.876,Bundesliga
2023-12-10,Everton,Chelsea,1.114,0.886,EPL
2023-12-11,Rayo Vallecano,Celta Vigo,1.324,0.126,La_liga
2023-12-11,Cagliari,Sassuolo,1.238,1.29,Serie_A
2023-12-11,Empoli,Lecce,1.892,0.985,Serie_A
2023-12-12,Granada,Athletic Club,0.543,1.688,La_liga
2023-12-15,Monaco,Lyon,1.403,0.739,Ligue_1
2023-12-15,Borussia M.Gladbach,Werder Bremen,1.208,1.647,Bundesliga
2023-12-15,Genoa,Juventus,0.845,2.104,Serie_A
2023-12-15,Osasuna,Rayo Vallecano,1.776,1.153,La_liga
2023-12-15,Nottingham Forest,Tottenham,1.706,1.607,EPL
2023-12-16,Lens,Reims,1.268,0.876,Ligue_1
2023-12-16,Le Havre,Nice,1.926,1.641,Ligue_1
2023-12-16,Mainz 05,FC Heidenheim,1.212,0.756,Bundesliga
2023-12-16,Napoli,Cagliari,3.033,1.838,Serie_A
2023-12-16,Lecce,Frosinone,0.729,1.841,Serie_A
2023-12-16,Torino,Empoli,2.113,0.289,Serie_A
2023-12-16,Augsburg,Borussia Dortmund,1.509,2.025,Bundesliga
2023-12-16,Bochum,Union Berlin,3.578,0.671,Bundesliga
2023-12-16,Athletic Club,Atletico Madrid,2.731,0.342,La_liga
2023-12-16,Celta Vigo,Granada,1.333,0.69,La_liga
2023-12-16,Burnley,Everton,0.811,2.223,EPL
2023-12-16,Newcastle United,Fulham,4.279,0.471,EPL
2023-12-16,Sevilla,Getafe,0.808,2.837,La_liga
2023-12-16,Chelsea,Sheffield United,3.273,0.44,EPL
2023-12-16,Manchester City,Crystal Palace,2.416,1.65,EPL
2023-12-16,RasenBallsport Leipzig,Hoffenheim,2.917,1.042,Bundesliga
2023-12-16,Darmstadt,Wolfsburg,0.942,0.587,Bundesliga
2023-12-16,Valencia,Barcelona,0.787,3.161,La_liga
2023-12-17,Nantes,Brest,1.39,1.806,Ligue_1
2023-12-17,Lorient,Strasbourg,1.171,1.761,Ligue_1
2023-12-17,Metz,Montpellier,0.85,0.766,Ligue_1
2023-12-17,Marseille,Clermont Foot,2.627,0.131,Ligue_1
2023-12-17,Arsenal,Brighton,2.77,0.663,EPL
2023-12-17,Real Madrid,Villarreal,3.225,0.422,La_liga
2023-12-17,Las Palmas,Cadiz,0.827,1.426,La_liga
2023-12-17,Brentford,Aston Villa,0.797,1.466,EPL
2023-12-17,Almeria,Mallorca,0.315,1.514,La_liga
2023-12-17,Lille,Paris Saint Germain,1.908,1.393,Ligue_1
2023-12-17,Toulouse,Rennes,0.686,1.082,Ligue_1
2023-12-17,Real Sociedad,Real Betis,0.99,1.372,La_liga
2023-12-17,Lazio,Inter,1.638,1.694,Serie_A
2023-12-17,Bologna,Roma,0.782,0.566,Serie_A
2023-12-17,Udinese,Sassuolo,0.751,2.901,Serie_A
2023-12-17,Freiburg,FC Cologne,3.47,1.246,Bundesliga
2023-12-17,West Ham,Wolverhampton Wanderers,1.038,0.556,EPL
2023-12-17,Liverpool,Manchester United,1.971,0.633,EPL
2023-12-17,Bayer Leverkusen,Eintracht Frankfurt,2.492,0.205,Bundesliga
2023-12-17,Fiorentina,Verona,0.33,2.925,Serie_A
2023-12-17,AC Milan,Monza,2.266,1.428,Serie_A
2023-12-17,Bayern Munich,VfB Stuttgart,3.415,0.309,Bundesliga
2023-12-18,Girona,Alaves,1.93,0.546,La_liga
2023-12-18,Atalanta,Salernitana,2.348,0.977,Serie_A
2023-12-19,Borussia Dortmund,Mainz 05,1.333,1.063,Bundesliga
2023-12-19,Hoffenheim,Darmstadt,2.818,0.953,Bundesliga
2023-12-19,Granada,Sevilla,1.128,0.515,La_liga
2023-12-19,Atletico Madrid,Getafe,2.029,2.537,La_liga
2023-12-19,Rayo Vallecano,Valencia,0.513,0.335,La_liga
2023-12-19,Werder Bremen,RasenBallsport Leipzig,1.482,1.994,Bundesliga
2023-12-20,Bayer Leverkusen,Bochum,3.324,0.325,Bundesliga
2023-12-20,Eintracht Frankfurt,Borussia M.Gladbach,1.539,0.552,Bundesliga
2023-12-20,Wolfsburg,Bayern Munich,0.313,3.151,Bundesliga
2023-12-20,Union Berlin,FC Cologne,1.865,0.898,Bundesliga
2023-12-20,FC Heidenheim,Freiburg,1.756,1.591,Bundesliga
2023-12-20,VfB Stuttgart,Augsburg,2.65,0.225,Bundesliga
2023-12-20,Nice,Lens,2.958,0.539,Ligue_1
2023-12-20,Montpellier,Marseille,1.511,1.203,Ligue_1
2023-12-20,Lyon,Nantes,2.111,0.352,Ligue_1
2023-12-20,Toulouse,Monaco,1.589,2.266,Ligue_1
2023-12-20,Strasbourg,Lille,0.805,0.882,Ligue_1
2023-12-20,Paris Saint Germain,Metz,2.182,0.149,Ligue_1
2023-12-20,Brest,Lorient,1.591,0.457,Ligue_1
2023-12-20,Reims,Le Havre,1.425,0.46,Ligue_1
2023-12-20,Athletic Club,Las Palmas,3.536,0.251,La_liga
2023-12-20,Barcelona,Almeria,4.049,1.397,La_liga
2023-12-20,Clermont Foot,Rennes,0.756,2.317,Ligue_1
2023-12-20,Villarreal,Celta Vigo,2.596,1.985,La_liga
2023-12-21,Alaves,Real Madrid,0.388,0.947,La_liga
2023-12-21,Crystal Palace,Brighton,1.654,1.337,EPL
2023-12-21,Real Betis,Girona,1.614,1.646,La_liga
2023-12-21,Cadiz,Real Sociedad,0.856,0.66,La_liga
2023-12-21,Mallorca,Osasuna,1.684,1.587,La_liga
2023-12-22,Aston Villa,Sheffield United,1.219,0.646,EPL
2023-12-22,Sassuolo,Genoa,2.171,1.371,Serie_A
2023-12-22,Monza,Fiorentina,0.659,1.957,Serie_A
2023-12-22,Empoli,Lazio,0.659,1.954,Serie_A
2023-12-22,Salernitana,AC Milan,1.143,2.943,Serie_A
2023-12-23,Atletico Madrid,Sevilla,1.533,0.28,La_liga
2023-12-23,Tottenham,Everton,1.575,1.984,EPL
2023-12-23,Nottingham Forest,Bournemouth,0.792,1.891,EPL
2023-12-23,Fulham,Burnley,1.381,0.417,EPL
2023-12-23,West Ham,Manchester United,1.515,0.73,EPL
2023-12-23,Frosinone,Juventus,0.496,1.275,Serie_A
2023-12-23,Torino,Udinese,0.667,0.92,Serie_A
2023-12-23,Luton,Newcastle United,1.818,1.415,EPL
2023-12-23,Inter,Lecce,3.287,1.128,Serie_A
2023-12-23,Bologna,Atalanta,0.987,1.594,Serie_A
2023-12-23,Roma,Napoli,2.069,0.441,Serie_A
2023-12-23,Liverpool,Arsenal,0.983,0.852,EPL
2023-12-23,Verona,Cagliari,0.987,1.209,Serie_A
2023-12-24,Wolverhampton Wanderers,Chelsea,1.746,1.754,EPL
2023-12-26,Manchester United,Aston Villa,1.201,1.836,EPL
2023-12-26,Burnley,Liverpool,0.972,1.685,EPL
2023-12-26,Sheffield United,Luton,3.618,0.716,EPL
2023-12-26,Bournemouth,Fulham,2.079,0.324,EPL
2023-12-26,Newcastle United,Nottingham Forest,2.791,3.107,EPL
2023-12-27,Everton,Manchester City,1.235,2.283,EPL
2023-12-27,Chelsea,Crystal Palace,2.73,0.958,EPL
2023-12-27,Brentford,Wolverhampton Wanderers,2.593,1.895,EPL
2023-12-28,Arsenal,West Ham,2.788,1.597,EPL
2023-12-28,Brighton,Tottenham,3.847,2.07,EPL
2023-12-29,Fiorentina,Torino,0.886,0.44,Serie_A
2023-12-29,Napoli,Monza,2.373,1.097,Serie_A
2023-12-29,Genoa,Inter,0.41,1.859,Serie_A
2023-12-29,Lazio,Frosinone,1.749,1.131,Serie_A
2023-12-30,Crystal Palace,Brentford,1.611,1.287,EPL
2023-12-30,Aston Villa,Burnley,2.926,1.119,EPL
2023-12-30,Manchester City,Sheffield United,2.242,0.263,EPL
2023-12-30,Wolverhampton Wanderers,Everton,2.645,0.52,EPL
2023-12-30,Nottingham Forest,Manchester United,0.744,0.652,EPL
2023-12-30,Luton,Chelsea,2.641,1.575,EPL
2023-12-30,Juventus,Roma,1.633,0.395,Serie_A
2023-12-30,AC Milan,Sassuolo,1.498,0.404,Serie_A
2023-12-30,Verona,Salernitana,0.812,0.768,Serie_A
2023-12-30,Udinese,Bologna,1.532,0.767,Serie_A
2023-12-30,Cagliari,Empoli,1.436,0.223,Serie_A
2023-12-30,Atalanta,Lecce,1.492,1.385,Serie_A
2023-12-31,Fulham,Arsenal,1.528,1.659,EPL
2023-12-31,Tottenham,Bournemouth,2.15,1.582,EPL
2024-01-01,Liverpool,Newcastle United,6.672,0.911,EPL
2024-01-02,Valencia,Villarreal,2.781,1.15,La_liga
2024-01-02,West Ham,Brighton,0.983,2.155,EPL
2024-01-02,Real Sociedad,Alaves,0.981,0.969,La_liga
2024-01-02,Getafe,Rayo Vallecano,0.651,2.736,La_liga
2024-01-03,Celta Vigo,Real Betis,2.547,1.737,La_liga
2024-01-03,Real Madrid,Mallorca,1.876,0.84,La_liga
2024-01-03,Granada,Cadiz,3.877,0.746,La_liga
2024-01-03,Girona,Atletico Madrid,2.324,2.674,La_liga
2024-01-04,Osasuna,Almeria,2.034,0.24,La_liga
2024-01-04,Sevilla,Athletic Club,0.548,1.997,La_liga
2024-01-04,Las Palmas,Barcelona,0.967,2.361,La_liga
2024-01-05,Bologna,Genoa,1.359,0.153,Serie_A
2024-01-06,Inter,Verona,2.123,1.365,Serie_A
2024-01-06,Frosinone,Monza,1.15,1.453,Serie_A
2024-01-06,Lecce,Cagliari,1.611,0.994,Serie_A
2024-01-06,Sassuolo,Fiorentina,0.702,1.492,Serie_A
2024-01-07,Empoli,AC Milan,0.946,1.514,Serie_A
2024-01-07,Udinese,Lazio,0.612,0.498,Serie_A
2024-01-07,Roma,Atalanta,2.582,1.111,Serie_A
2024-01-07,Salernitana,Juventus,0.931,1.825,Serie_A
2024-01-07,Torino,Napoli,2.13,1.148,Serie_A
2024-01-12,Bayern Munich,Hoffenheim,3.416,1.619,Bundesliga
2024-01-12,Burnley,Luton,1.52,0.965,EPL
2024-01-12,Marseille,Strasbourg,1.569,1.15,Ligue_1
2024-01-12,Sevilla,Alaves,2.496,2.089,La_liga
2024-01-13,Newcastle United,Manchester City,1.236,2.555,EPL
2024-01-13,Rennes,Nice,1.825,0.806,Ligue_1
2024-01-13,Verona,Empoli,1.251,0.721,Serie_A
2024-01-13,Genoa,Torino,0.576,0.309,Serie_A
2024-01-13,Napoli,Salernitana,2.733,0.152,Serie_A
2024-01-13,Chelsea,Fulham,2.046,0.698,EPL
2024-01-13,Monaco,Reims,1.026,1.916,Ligue_1
2024-01-13,Monza,Inter,1.074,4.725,Serie_A
2024-01-13,FC Cologne,FC Heidenheim,0.642,1.279,Bundesliga
2024-01-13,Las Palmas,Villarreal,0.964,1.712,La_liga
2024-01-13,Mallorca,Celta Vigo,2.6,0.712,La_liga
2024-01-13,Athletic Club,Real Sociedad,1.73,1.024,La_liga
2024-01-13,Real Betis,Granada,2.009,0.658,La_liga
2024-01-13,RasenBallsport Leipzig,Eintracht Frankfurt,2.673,1.078,Bundesliga
2024-01-13,Freiburg,Union Berlin,2.167,0.425,Bundesliga
2024-01-13,Mainz 05,Wolfsburg,0.366,0.419,Bundesliga
2024-01-13,Augsburg,Bayer Leverkusen,0.445,2.318,Bundesliga
2024-01-13,Darmstadt,Borussia Dortmund,0.826,3.147,Bundesliga
2024-01-14,Bochum,Werder Bremen,1.24,0.934,Bundesliga
2024-01-14,Borussia M.Gladbach,VfB Stuttgart,2.023,1.247,Bundesliga
2024-01-14,Lazio,Lecce,1.083,0.971,Serie_A
2024-01-14,Almeria,Girona,2.206,0.247,La_liga
2024-01-14,Lille,Lorient,3.056,0.123,Ligue_1
2024-01-14,Cadiz,Valencia,1.553,1.76,La_liga
2024-01-14,Nantes,Clermont Foot,1.639,1.222,Ligue_1
2024-01-14,Brest,Montpellier,4.347,0.463,Ligue_1
2024-01-14,Cagliari,Bologna,0.489,0.738,Serie_A
2024-01-14,Le Havre,Lyon,1.473,0.873,Ligue_1
2024-01-14,Lens,Paris Saint Germain,2.682,1.804,Ligue_1
2024-01-14,Manchester United,Tottenham,0.923,1.312,EPL
2024-01-14,Everton,Aston Villa,1.037,1.343,EPL
2024-01-14,AC Milan,Roma,1.574,1.237,Serie_A
2024-01-14,Fiorentina,Udinese,1.667,1.166,Serie_A
2024-01-14,Metz,Toulouse,0.559,0.952,Ligue_1
2024-01-15,Atalanta,Frosinone,4.917,0.435,Serie_A
2024-01-16,Juventus,Sassuolo,1.232,0.295,Serie_A
2024-01-19,Alaves,Cadiz,1.831,0.67,La_liga
2024-01-20,Udinese,AC Milan,0.813,2.431,Serie_A
2024-01-20,Roma,Verona,1.454,1.096,Serie_A
2024-01-20,Freiburg,Hoffenheim,2.48,1.763,Bundesliga
2024-01-20,Villarreal,Mallorca,1.733,0.431,La_liga
2024-01-20,Bochum,VfB Stuttgart,0.715,1.993,Bundesliga
2024-01-20,FC Cologne,Borussia Dortmund,1.393,3.48,Bundesliga
2024-01-20,RasenBallsport Leipzig,Bayer Leverkusen,1.595,2.172,Bundesliga
2024-01-20,FC Heidenheim,Wolfsburg,1.192,1.221,Bundesliga
2024-01-20,Celta Vigo,Real Sociedad,0.257,0.63,La_liga
2024-01-20,Valencia,Athletic Club,0.744,0.351,La_liga
2024-01-20,Darmstadt,Eintracht Frankfurt,1.388,1.289,Bundesliga
2024-01-20,Arsenal,Crystal Palace,3.522,0.288,EPL
2024-01-20,Brentford,Nottingham Forest,1.942,1.223,EPL
2024-01-20,Rayo Vallecano,Las Palmas,2.168,0.786,La_liga
2024-01-21,Lecce,Juventus,0.493,2.484,Serie_A
2024-01-21,Sheffield United,West Ham,2.614,2.424,EPL
2024-01-21,Frosinone,Cagliari,2.928,0.599,Serie_A
2024-01-21,Empoli,Monza,1.781,0.869,Serie_A
2024-01-21,Salernitana,Genoa,1.154,1.111,Serie_A
2024-01-21,Girona,Sevilla,2.953,0.948,La_liga
2024-01-21,Borussia M.Gladbach,Augsburg,1.879,1.612,Bundesliga
2024-01-21,Bournemouth,Liverpool,0.835,1.533,EPL
2024-01-21,Real Betis,Barcelona,1.611,2.71,La_liga
2024-01-21,Real Madrid,Almeria,3.073,0.929,La_liga
2024-01-21,Osasuna,Getafe,1.571,1.508,La_liga
2024-01-21,Bayern Munich,Werder Bremen,1.546,0.429,Bundesliga
2024-01-22,Granada,Atletico Madrid,0.684,1.429,La_liga
2024-01-22,Brighton,Wolverhampton Wanderers,1.37,1.141,EPL
2024-01-24,Bayern Munich,Union Berlin,2.172,0.478,Bundesliga
2024-01-26,Cagliari,Torino,1.976,2.423,Serie_A
2024-01-26,Eintracht Frankfurt,Mainz 05,1.138,0.815,Bundesliga
2024-01-26,Almeria,Alaves,1.802,2.061,La_liga
2024-01-26,Lyon,Rennes,0.965,1.375,Ligue_1
2024-01-27,Wolfsburg,FC Cologne,2.14,0.366,Bundesliga
2024-01-27,AC Milan,Bologna,3.601,2.073,Serie_A
2024-01-27,Juventus,Empoli,0.991,0.696,Serie_A
2024-01-27,Atalanta,Udinese,1.322,0.617,Serie_A
2024-01-27,Bayer Leverkusen,Borussia M.Gladbach,3.328,0.279,Bundesliga
2024-01-27,VfB Stuttgart,RasenBallsport Leipzig,3.131,0.496,Bundesliga
2024-01-27,Augsburg,Bayern Munich,2.685,2.275,Bundesliga
2024-01-27,Nice,Metz,1.975,0.12,Ligue_1
2024-01-27,Real Sociedad,Rayo Vallecano,0.251,0.13,La_liga
2024-01-27,Las Palmas,Real Madrid,0.93,2.057,La_liga
2024-01-27,Barcelona,Villarreal,2.028,2.369,La_liga
2024-01-27,Hoffenheim,FC Heidenheim,3.237,1.101,Bundesliga
2024-01-27,Werder Bremen,Freiburg,2.33,1.337,Bundesliga
2024-01-27,Marseille,Monaco,3.462,0.372,Ligue_1
2024-01-27,Mallorca,Real Betis,1.73,0.401,La_liga
2024-01-28,Celta Vigo,Girona,1.04,1.607,La_liga
2024-01-28,Monza,Sassuolo,0.419,0.726,Serie_A
2024-01-28,Verona,Frosinone,2.299,1.666,Serie_A
2024-01-28,Genoa,Lecce,2.085,2.299,Serie_A
2024-01-28,Lazio,Napoli,0.414,0.17,Serie_A
2024-01-28,Atletico Madrid,Valencia,2.802,0.407,La_liga
2024-01-28,Fiorentina,Inter,1.892,0.617,Serie_A
2024-01-28,Paris Saint Germain,Brest,1.898,1.073,Ligue_1
2024-01-28,Union Berlin,Darmstadt,3.547,1.001,Bundesliga
2024-01-28,Montpellier,Lille,1.377,0.623,Ligue_1
2024-01-28,Lorient,Le Havre,1.634,1.357,Ligue_1
2024-01-28,Clermont Foot,Strasbourg,1.53,1.317,Ligue_1
2024-01-28,Reims,Nantes,1.214,1.41,Ligue_1
2024-01-28,Toulouse,Lens,2.421,1.171,Ligue_1
2024-01-28,Sevilla,Osasuna,1.424,1.078,La_liga
2024-01-28,Cadiz,Athletic Club,0.368,0.256,La_liga
2024-01-28,Borussia Dortmund,Bochum,3.099,0.388,Bundesliga
2024-01-29,Getafe,Granada,1.034,1.504,La_liga
2024-01-29,Salernitana,Roma,1.429,1.488,Serie_A
2024-01-30,Crystal Palace,Sheffield United,1.16,0.768,EPL
2024-01-30,Fulham,Everton,2.375,2.833,EPL
2024-01-30,Nottingham Forest,Arsenal,0.632,1.391,EPL
2024-01-30,Luton,Brighton,3.633,1.014,EPL
2024-01-30,Aston Villa,Newcastle United,1.445,3.322,EPL
2024-01-31,Atletico Madrid,Rayo Vallecano,1.299,0.427,La_liga
2024-01-31,Barcelona,Osasuna,2.217,1.42,La_liga
2024-01-31,Liverpool,Chelsea,3.663,0.478,EPL
2024-01-31,Tottenham,Brentford,3.362,1.596,EPL
2024-01-31,Manchester City,Burnley,1.848,1.491,EPL
2024-02-01,Getafe,Real Madrid,0.791,2.722,La_liga
2024-02-01,West Ham,Bournemouth,1.313,1.135,EPL
2024-02-01,Wolverhampton Wanderers,Manchester United,2.276,3.227,EPL
2024-02-02,Strasbourg,Paris Saint Germain,2.579,1.907,Ligue_1
2024-02-02,Athletic Club,Mallorca,1.96,0.47,La_liga
2024-02-02,FC Heidenheim,Borussia Dortmund,1.009,0.812,Bundesliga
2024-02-02,Lecce,Fiorentina,2.316,1.075,Serie_A
2024-02-03,Bologna,Sassuolo,0.889,0.899,Serie_A
2024-02-03,FC Cologne,Eintracht Frankfurt,2.097,1.16,Bundesliga
2024-02-03,Darmstadt,Bayer Leverkusen,0.433,2.182,Bundesliga
2024-02-03,Nantes,Lens,0.712,1.638,Ligue_1
2024-02-03,Empoli,Genoa,0.585,0.577,Serie_A
2024-02-03,Udinese,Monza,0.781,0.125,Serie_A
2024-02-03,Frosinone,AC Milan,1.067,2.012,Serie_A
2024-02-03,Newcastle United,Luton,2.374,2.675,EPL
2024-02-03,Granada,Las Palmas,0.156,1.276,La_liga
2024-02-03,Sheffield United,Aston Villa,1.528,2.99,EPL
2024-02-03,Alaves,Barcelona,1.047,1.558,La_liga
2024-02-03,Girona,Real Sociedad,1.045,0.584,La_liga
2024-02-03,Bochum,Augsburg,1.167,1.394,Bundesliga
2024-02-03,Mainz 05,Werder Bremen,1.04,0.395,Bundesliga
2024-02-03,Freiburg,VfB Stuttgart,1.16,2.737,Bundesliga
2024-02-03,Burnley,Fulham,1.004,1.288,EPL
2024-02-03,Brighton,Crystal Palace,1.926,0.241,EPL
2024-02-03,Valencia,Almeria,1.386,1.588,La_liga
2024-02-03,Everton,Tottenham,3.259,0.922,EPL
2024-02-03,Rennes,Montpellier,2.211,0.798,Ligue_1
2024-02-03,Bayern Munich,Borussia M.Gladbach,2.584,0.78,Bundesliga
2024-02-04,Atalanta,Lazio,2.88,1.297,Serie_A
2024-02-04,Napoli,Verona,1.977,1.185,Serie_A
2024-02-04,RasenBallsport Leipzig,Union Berlin,1.76,0.659,Bundesliga
2024-02-04,Inter,Juventus,1.643,0.597,Serie_A
2024-02-04,Torino,Salernitana,0.743,0.081,Serie_A
2024-02-04,Wolfsburg,Hoffenheim,1.604,1.933,Bundesliga
2024-02-04,Real Betis,Getafe,1.544,1.9,La_liga
2024-02-04,Osasuna,Celta Vigo,1.005,1.378,La_liga
2024-02-04,Reims,Toulouse,2.024,1.742,Ligue_1
2024-02-04,Lille,Clermont Foot,2.442,0.811,Ligue_1
2024-02-04,Monaco,Le Havre,1.485,0.149,Ligue_1
2024-02-04,Villarreal,Cadiz,1.001,0.687,La_liga
2024-02-04,Real Madrid,Atletico Madrid,2.363,1.35,La_liga
2024-02-04,Lyon,Marseille,1.922,0.511,Ligue_1
2024-02-04,Brest,Nice,0.876,0.673,Ligue_1
2024-02-04,Arsenal,Liverpool,2.853,0.542,EPL
2024-02-04,Manchester United,West Ham,0.967,1.181,EPL
2024-02-04,Chelsea,Wolverhampton Wanderers,2.36,2.49,EPL
2024-02-04,Bournemouth,Nottingham Forest,1.19,0.457,EPL
2024-02-04,Metz,Lorient,0.823,1.372,Ligue_1
2024-02-05,Rayo Vallecano,Sevilla,2.131,1.776,La_liga
2024-02-05,Roma,Cagliari,3.359,0.503,Serie_A
2024-02-05,Brentford,Manchester City,0.866,2.108,EPL
2024-02-07,Mainz 05,Union Berlin,1.378,1.536,Bundesliga
2024-02-09,Salernitana,Empoli,0.8,2.15,Serie_A
2024-02-09,Cadiz,Real Betis,0.755,1.439,La_liga
2024-02-09,Marseille,Metz,2.395,0.955,Ligue_1
2024-02-09,Borussia Dortmund,Freiburg,3.22,0.23,Bundesliga
2024-02-10,Borussia M.Gladbach,Darmstadt,1.474,0.818,Bundesliga
2024-02-10,Paris Saint Germain,Lille,2.431,1.483,Ligue_1
2024-02-10,Lens,Strasbourg,1.92,1.667,Ligue_1
2024-02-10,Manchester City,Everton,1.59,0.192,EPL
2024-02-10,Fulham,Bournemouth,1.746,2.606,EPL
2024-02-10,Liverpool,Burnley,3.147,1.111,EPL
2024-02-10,Luton,Sheffield United,1.762,1.983,EPL
2024-02-10,Tottenham,Brighton,2.109,1.493,EPL
2024-02-10,Nottingham Forest,Newcastle United,0.968,0.511,EPL
2024-02-10,Wolverhampton Wanderers,Brentford,1.058,1.849,EPL
2024-02-10,Real Madrid,Girona,3.326,0.18,La_liga
2024-02-10,Real Sociedad,Osasuna,2.505,0.705,La_liga
2024-02-10,Alaves,Villarreal,2.091,1.29,La_liga
2024-02-10,Roma,Inter,1.009,1.242,Serie_A
2024-02-10,Bayer Leverkusen,Bayern Munich,1.23,0.71,Bundesliga
2024-02-10,Eintracht Frankfurt,Bochum,2.442,1.277,Bundesliga
2024-02-10,Sassuolo,Torino,0.804,1.111,Serie_A
2024-02-10,Augsburg,RasenBallsport Leipzig,0.966,1.789,Bundesliga
2024-02-10,Werder Bremen,FC Heidenheim,1.626,2.172,Bundesliga
2024-02-10,Union Berlin,Wolfsburg,0.575,1.081,Bundesliga
2024-02-10,Las Palmas,Valencia,1.42,0.251,La_liga
2024-02-10,Cagliari,Lazio,0.693,1.603,Serie_A
2024-02-11,Fiorentina,Frosinone,3.178,1.286,Serie_A
2024-02-11,Bologna,Lecce,1.775,1.108,Serie_A
2024-02-11,Monza,Verona,0.832,0.577,Serie_A
2024-02-11,Montpellier,Lyon,1.781,1.298,Ligue_1
2024-02-11,Genoa,Atalanta,0.906,2.846,Serie_A
2024-02-11,Le Havre,Rennes,1.374,1.187,Ligue_1
2024-02-11,Toulouse,Nantes,0.893,0.498,Ligue_1
2024-02-11,Lorient,Reims,2.29,1.17,Ligue_1
2024-02-11,Nice,Monaco,2.165,2.065,Ligue_1
2024-02-11,AC Milan,Napoli,1.373,0.502,Serie_A
2024-02-11,Clermont Foot,Brest,1.197,1.357,Ligue_1
2024-02-11,Aston Villa,Manchester United,2.647,2.446,EPL
2024-02-11,Getafe,Celta Vigo,2.223,1.273,La_liga
2024-02-11,Mallorca,Rayo Vallecano,0.829,1.408,La_liga
2024-02-11,Sevilla,Atletico Madrid,2.153,1.675,La_liga
2024-02-11,Barcelona,Granada,2.523,1.205,La_liga
2024-02-11,Hoffenheim,FC Cologne,0.727,0.172,Bundesliga
2024-02-11,VfB Stuttgart,Mainz 05,2.17,1.615,Bundesliga
2024-02-11,West Ham,Arsenal,0.191,3.999,EPL
2024-02-12,Juventus,Udinese,2.015,1.132,Serie_A
2024-02-12,Almeria,Athletic Club,0.901,0.622,La_liga
2024-02-12,Crystal Palace,Chelsea,0.72,1.269,EPL
2024-02-14,Bologna,Fiorentina,2.652,0.97,Serie_A
2024-02-16,Torino,Lecce,1.528,0.416,Serie_A
2024-02-16,FC Cologne,Werder Bremen,0.627,1.352,Bundesliga
2024-02-16,Inter,Salernitana,4.488,0.046,Serie_A
2024-02-16,Lyon,Nice,0.801,0.685,Ligue_1
2024-02-16,Villarreal,Getafe,1.62,0.977,La_liga
2024-02-17,Valencia,Sevilla,1.12,0.046,La_liga
2024-02-17,Nottingham Forest,West Ham,2.669,0.52,EPL
2024-02-17,Newcastle United,Bournemouth,2.384,2.081,EPL
2024-02-17,Fulham,Aston Villa,1.418,1.573,EPL
2024-02-17,Burnley,Arsenal,0.335,2.206,EPL
2024-02-17,Brentford,Liverpool,1.695,3.09,EPL
2024-02-17,Lille,Le Havre,4.233,0.297,Ligue_1
2024-02-17,Nantes,Paris Saint Germain,2.136,1.719,Ligue_1
2024-02-17,Napoli,Genoa,1.188,0.285,Serie_A
2024-02-17,Verona,Juventus,0.617,1.806,Serie_A
2024-02-17,Celta Vigo,Barcelona,0.636,1.505,La_liga
2024-02-17,Atalanta,Sassuolo,5.009,1.814,Serie_A
2024-02-17,Atletico Madrid,Las Palmas,2.793,0.66,La_liga
2024-02-17,Osasuna,Cadiz,1.379,0.92,La_liga
2024-02-17,Tottenham,Wolverhampton Wanderers,1.598,1.776,EPL
2024-02-17,RasenBallsport Leipzig,Borussia M.Gladbach,1.49,0.944,Bundesliga
2024-02-17,Darmstadt,VfB Stuttgart,2.667,1.745,Bundesliga
2024-02-17,FC Heidenheim,Bayer Leverkusen,0.699,1.88,Bundesliga
2024-02-17,Hoffenheim,Union Berlin,1.245,2.165,Bundesliga
2024-02-17,Mainz 05,Augsburg,2.623,0.612,Bundesliga
2024-02-17,Wolfsburg,Borussia Dortmund,2.12,1.211,Bundesliga
2024-02-17,Manchester City,Chelsea,2.777,1.829,EPL
2024-02-18,Mallorca,Real Sociedad,0.189,1.209,La_liga
2024-02-18,Luton,Manchester United,1.572,3.59,EPL
2024-02-18,Sheffield United,Brighton,0.586,3.355,EPL
2024-02-18,Granada,Almeria,1.796,0.694,La_liga
2024-02-18,Rayo Vallecano,Real Madrid,1.143,1.022,La_liga
2024-02-18,Real Betis,Alaves,1.183,0.491,La_liga
2024-02-18,Bochum,Bayern Munich,2.085,2.869,Bundesliga
2024-02-18,Montpellier,Metz,3.047,0.929,Ligue_1
2024-02-18,Empoli,Fiorentina,0.945,0.92,Serie_A
2024-02-18,Frosinone,Roma,1.624,1.819,Serie_A
2024-02-18,Monza,AC Milan,1.619,1.331,Serie_A
2024-02-18,Brest,Marseille,1.799,0.496,Ligue_1
2024-02-18,Reims,Lens,1.041,1.46,Ligue_1
2024-02-18,Udinese,Cagliari,1.176,0.817,Serie_A
2024-02-18,Lazio,Bologna,1.141,1.16,Serie_A
2024-02-18,Rennes,Clermont Foot,4.272,0.755,Ligue_1
2024-02-18,Strasbourg,Lorient,1.719,2.137,Ligue_1
2024-02-18,Freiburg,Eintracht Frankfurt,2.772,1.355,Bundesliga
2024-02-18,Monaco,Toulouse,1.695,1.578,Ligue_1
2024-02-19,Athletic Club,Girona,2.79,1.806,La_liga
2024-02-19,Everton,Crystal Palace,2.446,0.735,EPL
2024-02-20,Manchester City,Brentford,2.538,0.504,EPL
2024-02-21,Liverpool,Luton,3.703,0.957,EPL
2024-02-22,Torino,Lazio,1.949,0.352,Serie_A
2024-02-23,Real Sociedad,Villarreal,1.49,1.642,La_liga
2024-02-23,Bayer Leverkusen,Mainz 05,1.472,0.471,Bundesliga
2024-02-23,Metz,Lyon,1.77,1.257,Ligue_1
2024-02-23,Bologna,Verona,2.333,0.702,Serie_A
2024-02-24,Crystal Palace,Burnley,2.416,0.076,EPL
2024-02-24,Aston Villa,Nottingham Forest,3.489,2.256,EPL
2024-02-24,Brighton,Everton,1.654,0.287,EPL
2024-02-24,Manchester United,Fulham,1.96,1.139,EPL
2024-02-24,Genoa,Udinese,1.623,0.323,Serie_A
2024-02-24,Arsenal,Newcastle United,2.593,0.217,EPL
2024-02-24,Strasbourg,Brest,0.147,1.756,Ligue_1
2024-02-24,Lorient,Nantes,0.621,0.332,Ligue_1
2024-02-24,VfB Stuttgart,FC Cologne,1.878,1.437,Bundesliga
2024-02-24,Werder Bremen,Darmstadt,1.589,0.89,Bundesliga
2024-02-24,Borussia M.Gladbach,Bochum,3.649,2.137,Bundesliga
2024-02-24,Union Berlin,FC Heidenheim,1.209,1.33,Bundesliga
2024-02-24,Bayern Munich,RasenBallsport Leipzig,1.832,0.577,Bundesliga
2024-02-24,Bournemouth,Manchester City,0.926,1.796,EPL
2024-02-24,Sassuolo,Empoli,1.602,2.525,Serie_A
2024-02-24,Barcelona,Getafe,2.651,0.317,La_liga
2024-02-24,Alaves,Mallorca,0.502,1.802,La_liga
2024-02-24,Almeria,Atletico Madrid,0.352,1.876,La_liga
2024-02-24,Salernitana,Monza,0.729,2.609,Serie_A
2024-02-25,Juventus,Frosinone,1.744,0.571,Serie_A
2024-02-25,Cagliari,Napoli,0.916,1.463,Serie_A
2024-02-25,Lecce,Inter,0.928,3.074,Serie_A
2024-02-25,AC Milan,Atalanta,1.389,1.066,Serie_A
2024-02-25,Las Palmas,Osasuna,0.943,0.388,La_liga
2024-02-25,Real Madrid,Sevilla,1.016,0.967,La_liga
2024-02-25,Real Betis,Athletic Club,0.921,0.138,La_liga
2024-02-25,Toulouse,Lille,1.958,0.599,Ligue_1
2024-02-25,Wolverhampton Wanderers,Sheffield United,1.216,0.654,EPL
2024-02-25,Borussia Dortmund,Hoffenheim,3.064,1.316,Bundesliga
2024-02-25,Augsburg,Freiburg,2.408,1.426,Bundesliga
2024-02-25,Eintracht Frankfurt,Wolfsburg,1.536,1.182,Bundesliga
2024-02-25,Cadiz,Celta Vigo,1.875,0.68,La_liga
2024-02-25,Lens,Monaco,2.863,2.33,Ligue_1
2024-02-25,Marseille,Montpellier,2.912,1.096,Ligue_1
2024-02-25,Paris Saint Germain,Rennes,1.887,0.982,Ligue_1
2024-02-25,Le Havre,Reims,1.718,3.17,Ligue_1
2024-02-25,Nice,Clermont Foot,1.97,2.463,Ligue_1
2024-02-26,Fiorentina,Lazio,3.869,0.612,Serie_A
2024-02-26,Roma,Torino,1.524,0.552,Serie_A
2024-02-26,West Ham,Brentford,2.069,1.337,EPL
2024-02-26,Girona,Rayo Vallecano,2.813,0.565,La_liga
2024-02-28,Sassuolo,Napoli,0.238,2.797,Serie_A
2024-02-28,Inter,Atalanta,2.919,0.258,Serie_A
2024-03-01,Celta Vigo,Almeria,1.823,0.326,La_liga
2024-03-01,Lazio,AC Milan,1.599,0.85,Serie_A
2024-03-01,Monaco,Paris Saint Germain,2.442,1.847,Ligue_1
2024-03-01,Freiburg,Bayern Munich,1.54,2.442,Bundesliga
2024-03-02,Reims,Lille,0.534,1.083,Ligue_1
2024-03-02,Clermont Foot,Marseille,0.737,3.069,Ligue_1
2024-03-02,Bochum,RasenBallsport Leipzig,0.563,2.117,Bundesliga
2024-03-02,FC Heidenheim,Eintracht Frankfurt,0.848,1.578,Bundesliga
2024-03-02,Union Berlin,Borussia Dortmund,0.999,1.639,Bundesliga
2024-03-02,Darmstadt,Augsburg,1.113,3.396,Bundesliga
2024-03-02,Mainz 05,Borussia M.Gladbach,1.089,1.551,Bundesliga
2024-03-02,Tottenham,Crystal Palace,2.663,0.278,EPL
2024-03-02,Nottingham Forest,Liverpool,0.971,1.323,EPL
2024-03-02,Wolfsburg,VfB Stuttgart,0.964,1.041,Bundesliga
2024-03-02,Torino,Fiorentina,0.562,0.698,Serie_A
2024-03-02,Luton,Aston Villa,2.433,2.086,EPL
2024-03-02,Udinese,Salernitana,1.983,0.839,Serie_A
2024-03-02,Valencia,Real Madrid,1.332,1.458,La_liga
2024-03-02,Getafe,Las Palmas,2.388,1.371,La_liga
2024-03-02,Monza,Roma,1.016,1.897,Serie_A
2024-03-02,Sevilla,Real Sociedad,2.155,1.272,La_liga
2024-03-02,Brentford,Chelsea,2.473,2.152,EPL
2024-03-02,Everton,West Ham,3.121,2.179,EPL
2024-03-02,Fulham,Brighton,1.376,1.152,EPL
2024-03-02,Newcastle United,Wolverhampton Wanderers,3.335,0.508,EPL
2024-03-02,Rayo Vallecano,Cadiz,0.688,1.216,La_liga
2024-03-03,Verona,Sassuolo,0.504,0.36,Serie_A
2024-03-03,FC Cologne,Bayer Leverkusen,1.294,1.638,Bundesliga
2024-03-03,Frosinone,Lecce,1.535,1.295,Serie_A
2024-03-03,Empoli,Cagliari,1.506,0.429,Serie_A
2024-03-03,Atalanta,Bologna,1.207,1.583,Serie_A
2024-03-03,Napoli,Juventus,1.776,2.036,Serie_A
2024-03-03,Hoffenheim,Werder Bremen,2.066,1.349,Bundesliga
2024-03-03,Lyon,Lens,2.132,3.353,Ligue_1
2024-03-03,Burnley,Bournemouth,1.605,1.436,EPL
2024-03-03,Villarreal,Granada,3.03,0.277,La_liga
2024-03-03,Atletico Madrid,Real Betis,3.541,0.589,La_liga
2024-03-03,Mallorca,Girona,0.943,1.086,La_liga
2024-03-03,Toulouse,Nice,1.501,1.912,Ligue_1
2024-03-03,Nantes,Metz,0.963,2.364,Ligue_1
2024-03-03,Montpellier,Strasbourg,1.554,1.616,Ligue_1
2024-03-03,Brest,Le Havre,1.249,0.427,Ligue_1
2024-03-03,Rennes,Lorient,1.488,1.946,Ligue_1
2024-03-03,Manchester City,Manchester United,2.642,0.154,EPL
2024-03-03,Athletic Club,Barcelona,0.468,0.715,La_liga
2024-03-04,Sheffield United,Arsenal,0.201,2.473,EPL
2024-03-04,Inter,Genoa,2.904,1.17,Serie_A
2024-03-04,Osasuna,Alaves,1.716,1.145,La_liga
2024-03-08,Nice,Montpellier,1.51,1.67,Ligue_1
2024-03-08,VfB Stuttgart,Union Berlin,1.309,0.839,Bundesliga
2024-03-08,Napoli,Torino,1.615,1.128,Serie_A
2024-03-08,Barcelona,Mallorca,2.062,0.505,La_liga
2024-03-09,Valencia,Getafe,1.272,1.178,La_liga
2024-03-09,Cadiz,Atletico Madrid,1.18,0.896,La_liga
2024-03-09,Granada,Real Sociedad,2.055,1.883,La_liga
2024-03-09,Cagliari,Salernitana,3.418,1.173,Serie_A
2024-03-09,Sassuolo,Frosinone,0.597,1.385,Serie_A
2024-03-09,Bologna,Inter,0.669,0.82,Serie_A
2024-03-09,Genoa,Monza,1.815,1.662,Serie_A
2024-03-09,Girona,Osasuna,2.177,0.185,La_liga
2024-03-09,Wolverhampton Wanderers,Fulham,1.296,2.942,EPL
2024-03-09,Bournemouth,Sheffield United,3.927,1.918,EPL
2024-03-09,Lens,Brest,0.751,0.523,Ligue_1
2024-03-09,Crystal Palace,Luton,3.251,1.085,EPL
2024-03-09,Lorient,Lyon,0.279,2.379,Ligue_1
2024-03-09,Bayern Munich,Mainz 05,6.781,1.074,Bundesliga
2024-03-09,RasenBallsport Leipzig,Darmstadt,4.254,0.394,Bundesliga
2024-03-09,Borussia M.Gladbach,FC Cologne,2.547,0.925,Bundesliga
2024-03-09,Augsburg,FC Heidenheim,0.741,0.268,Bundesliga
2024-03-09,Werder Bremen,Borussia Dortmund,1.348,1.236,Bundesliga
2024-03-09,Manchester United,Everton,2.902,1.821,EPL
2024-03-09,Arsenal,Brentford,1.594,0.733,EPL
2024-03-10,Aston Villa,Tottenham,1.233,2.254,EPL
2024-03-10,Brighton,Nottingham Forest,0.535,0.687,EPL
2024-03-10,Bochum,Freiburg,1.282,1.436,Bundesliga
2024-03-10,Bayer Leverkusen,Wolfsburg,2.1,0.355,Bundesliga
2024-03-10,Eintracht Frankfurt,Hoffenheim,3.532,0.696,Bundesliga
2024-03-10,West Ham,Burnley,1.874,0.881,EPL
2024-03-10,Fiorentina,Roma,2.478,0.777,Serie_A
2024-03-10,Las Palmas,Athletic Club,0.835,1.273,La_liga
2024-03-10,Le Havre,Toulouse,1.25,0.212,Ligue_1
2024-03-10,Lille,Rennes,2.476,1.211,Ligue_1
2024-03-10,Alaves,Rayo Vallecano,0.64,0.579,La_liga
2024-03-10,Real Betis,Villarreal,1.4,1.308,La_liga
2024-03-10,Strasbourg,Monaco,0.268,1.328,Ligue_1
2024-03-10,Juventus,Atalanta,1.667,0.471,Serie_A
2024-03-10,AC Milan,Empoli,0.989,0.42,Serie_A
2024-03-10,Lecce,Verona,1.035,0.557,Serie_A
2024-03-10,Real Madrid,Celta Vigo,3.688,0.537,La_liga
2024-03-10,Paris Saint Germain,Reims,1.535,1.519,Ligue_1
2024-03-10,Liverpool,Manchester City,2.255,1.373,EPL
2024-03-10,Marseille,Nantes,2.037,0.651,Ligue_1
2024-03-10,Metz,Clermont Foot,1.828,0.625,Ligue_1
2024-03-11,Chelsea,Newcastle United,1.783,0.568,EPL
2024-03-11,Lazio,Udinese,2.151,1.489,Serie_A
2024-03-11,Almeria,Sevilla,1.812,2.65,La_liga
2024-03-13,Bournemouth,Luton,2.844,2.794,EPL
2024-03-15,Toulouse,Lyon,2.059,1.498,Ligue_1
2024-03-15,FC Cologne,RasenBallsport Leipzig,1.183,3.928,Bundesliga
2024-03-15,Real Sociedad,Cadiz,2.35,0.696,La_liga
2024-03-15,Empoli,Bologna,0.869,2.306,Serie_A
2024-03-16,Burnley,Brentford,2.698,1.251,EPL
2024-03-16,Athletic Club,Alaves,2.311,1.387,La_liga
2024-03-16,Getafe,Girona,1.11,1.702,La_liga
2024-03-16,Osasuna,Real Madrid,0.67,3.058,La_liga
2024-03-16,Mallorca,Granada,1.655,0.296,La_liga
2024-03-16,Luton,Nottingham Forest,0.854,1.953,EPL
2024-03-16,Fulham,Tottenham,2.472,2.146,EPL
2024-03-16,FC Heidenheim,Borussia M.Gladbach,1.611,0.82,Bundesliga
2024-03-16,Mainz 05,Bochum,2.338,0.591,Bundesliga
2024-03-16,Monza,Cagliari,1.444,0.444,Serie_A
2024-03-16,Udinese,Torino,0.385,1.546,Serie_A
2024-03-16,Salernitana,Lecce,1.451,2.015,Serie_A
2024-03-16,Frosinone,Lazio,1.901,3.305,Serie_A
2024-03-16,Darmstadt,Bayern Munich,1.248,5.119,Bundesliga
2024-03-16,Hoffenheim,VfB Stuttgart,0.229,3.175,Bundesliga
2024-03-16,Lens,Nice,1.363,1.807,Ligue_1
2024-03-16,Nantes,Strasbourg,0.709,1.888,Ligue_1
2024-03-16,Union Berlin,Werder Bremen,1.428,0.833,Bundesliga
2024-03-16,Wolfsburg,Augsburg,1.679,0.971,Bundesliga
2024-03-17,West Ham,Aston Villa,1.328,0.911,EPL
2024-03-17,Brest,Lille,1.428,0.846,Ligue_1
2024-03-17,Reims,Metz,1.58,1.124,Ligue_1
2024-03-17,Rennes,Marseille,1.592,0.74,Ligue_1
2024-03-17,Montpellier,Paris Saint Germain,2.518,2.243,Ligue_1
2024-03-17,Monaco,Lorient,3.433,0.753,Ligue_1
2024-03-17,Clermont Foot,Le Havre,1.179,1.139,Ligue_1
2024-03-17,Freiburg,Bayer Leverkusen,0.917,2.503,Bundesliga
2024-03-17,Rayo Vallecano,Real Betis,0.79,0.694,La_liga
2024-03-17,Verona,AC Milan,0.566,2.753,Serie_A
2024-03-17,Roma,Sassuolo,0.858,0.778,Serie_A
2024-03-17,Inter,Napoli,1.379,1.361,Serie_A
2024-03-17,Sevilla,Celta Vigo,1.756,2.234,La_liga
2024-03-17,Villarreal,Valencia,2.187,1.077,La_liga
2024-03-17,Juventus,Genoa,1.387,0.176,Serie_A
2024-03-17,Atletico Madrid,Barcelona,0.571,1.95,La_liga
2024-03-17,Borussia Dortmund,Eintracht Frankfurt,2.834,0.869,Bundesliga
2024-03-17,Las Palmas,Almeria,0.794,0.688,La_liga
2024-03-29,Cadiz,Granada,1.192,0.413,La_liga
2024-03-29,Lille,Lens,1.602,0.742,Ligue_1
2024-03-30,Chelsea,Burnley,4.466,2.104,EPL
2024-03-30,Lyon,Reims,2.125,1.485,Ligue_1
2024-03-30,Metz,Monaco,1.763,2.862,Ligue_1
2024-03-30,Getafe,Sevilla,1.578,0.901,La_liga
2024-03-30,Almeria,Osasuna,0.746,1.009,La_liga
2024-03-30,Newcastle United,West Ham,3.809,0.995,EPL
2024-03-30,Bournemouth,Everton,1.393,0.934,EPL
2024-03-30,Nottingham Forest,Crystal Palace,0.785,0.901,EPL
2024-03-30,Tottenham,Luton,2.465,0.402,EPL
2024-03-30,Valencia,Mallorca,1.338,0.674,La_liga
2024-03-30,Aston Villa,Wolverhampton Wanderers,1.283,1.662,EPL
2024-03-30,Brentford,Manchester United,3.165,0.99,EPL
2024-03-30,Napoli,Atalanta,1.835,1.559,Serie_A
2024-03-30,Genoa,Frosinone,1.658,1.007,Serie_A
2024-03-30,Torino,Monza,1.616,0.56,Serie_A
2024-03-30,Lazio,Juventus,1.242,0.479,Serie_A
2024-03-30,Fiorentina,AC Milan,1.7,3.174,Serie_A
2024-03-30,Bayern Munich,Borussia Dortmund,1.909,1.258,Bundesliga
2024-03-30,Werder Bremen,Wolfsburg,0.739,2.446,Bundesliga
2024-03-30,Borussia M.Gladbach,Freiburg,1.844,2.088,Bundesliga
2024-03-30,Eintracht Frankfurt,Union Berlin,1.309,1.077,Bundesliga
2024-03-30,Bayer Leverkusen,Hoffenheim,3.037,0.658,Bundesliga
2024-03-30,RasenBallsport Leipzig,Mainz 05,2.92,1.006,Bundesliga
2024-03-30,Sheffield United,Fulham,1.788,1.103,EPL
2024-03-30,Barcelona,Las Palmas,1.729,0.314,La_liga
2024-03-31,Le Havre,Montpellier,0.691,1.818,Ligue_1
2024-03-31,Girona,Real Betis,2.432,0.525,La_liga
2024-03-31,Augsburg,FC Cologne,2.131,1.679,Bundesliga
2024-03-31,VfB Stuttgart,FC Heidenheim,3.059,1.625,Bundesliga
2024-03-31,Bochum,Darmstadt,2.293,0.879,Bundesliga
2024-03-31,Manchester City,Arsenal,1.22,0.511,EPL
2024-03-31,Celta Vigo,Rayo Vallecano,0.838,0.515,La_liga
2024-03-31,Lorient,Brest,1.411,0.43,Ligue_1
2024-03-31,Nice,Nantes,1.211,1.794,Ligue_1
2024-03-31,Liverpool,Brighton,3.211,0.439,EPL
2024-03-31,Strasbourg,Rennes,2.458,0.913,Ligue_1
2024-03-31,Marseille,Paris Saint Germain,1.026,1.74,Ligue_1
2024-03-31,Real Madrid,Athletic Club,1.188,0.305,La_liga
2024-03-31,Alaves,Real Sociedad,0.143,1.292,La_liga
2024-03-31,Clermont Foot,Toulouse,0.897,2.303,Ligue_1
2024-04-01,Lecce,Roma,1.976,1.694,Serie_A
2024-04-01,Villarreal,Atletico Madrid,0.682,1.24,La_liga
2024-04-01,Bologna,Salernitana,1.853,0.702,Serie_A
2024-04-01,Cagliari,Verona,0.594,1.092,Serie_A
2024-04-01,Sassuolo,Udinese,1.476,1.727,Serie_A
2024-04-01,Inter,Empoli,2.034,0.56,Serie_A
2024-04-02,West Ham,Tottenham,1.47,1.394,EPL
2024-04-02,Nottingham Forest,Fulham,1.946,1.043,EPL
2024-04-02,Newcastle United,Everton,2.65,1.698,EPL
2024-04-02,Bournemouth,Crystal Palace,1.31,0.174,EPL
2024-04-02,Burnley,Wolverhampton Wanderers,1.126,1.01,EPL
2024-04-03,Arsenal,Luton,1.144,0.292,EPL
2024-04-03,Brentford,Brighton,0.423,1.224,EPL
2024-04-03,Manchester City,Aston Villa,3.877,1.186,EPL
2024-04-04,Chelsea,Manchester United,3.48,1.567,EPL
2024-04-04,Granada,Valencia,0.729,0.719,La_liga
2024-04-04,Liverpool,Sheffield United,2.518,0.721,EPL
2024-04-05,Salernitana,Sassuolo,1.28,1.88,Serie_A
2024-04-05,Eintracht Frankfurt,Werder Bremen,2.189,1.601,Bundesliga
2024-04-05,Lille,Marseille,1.947,0.85,Ligue_1
2024-04-06,Aston Villa,Brentford,1.163,1.421,EPL
2024-04-06,Everton,Burnley,0.66,0.347,EPL
2024-04-06,Luton,Bournemouth,1.305,0.616,EPL
2024-04-06,FC Heidenheim,Bayern Munich,1.35,2.121,Bundesliga
2024-04-06,Borussia Dortmund,VfB Stuttgart,2.953,1.829,Bundesliga
2024-04-06,FC Cologne,Bochum,1.237,0.777,Bundesliga
2024-04-06,Union Berlin,Bayer Leverkusen,0.27,2.762,Bundesliga
2024-04-06,Freiburg,RasenBallsport Leipzig,1.559,2.887,Bundesliga
2024-04-06,Mainz 05,Darmstadt,3.85,0.558,Bundesliga
2024-04-06,Wolverhampton Wanderers,West Ham,1.783,1.141,EPL
2024-04-06,Brighton,Arsenal,0.429,4.165,EPL
2024-04-06,Fulham,Newcastle United,0.835,1.18,EPL
2024-04-06,AC Milan,Lecce,2.413,0.841,Serie_A
2024-04-06,Roma,Lazio,0.635,0.48,Serie_A
2024-04-06,Empoli,Torino,0.488,2.534,Serie_A
2024-04-06,Lens,Le Havre,1.031,1.548,Ligue_1
2024-04-06,Paris Saint Germain,Clermont Foot,2.574,0.281,Ligue_1
2024-04-06,Crystal Palace,Manchester City,1.495,2.264,EPL
2024-04-07,Brest,Metz,4.516,2.08,Ligue_1
2024-04-07,Juventus,Fiorentina,2.464,0.509,Serie_A
2024-04-07,Hoffenheim,Augsburg,2.22,0.807,Bundesliga
2024-04-07,Wolfsburg,Borussia M.Gladbach,1.267,1.387,Bundesliga
2024-04-07,Nantes,Lyon,1.103,2.91,Ligue_1
2024-04-07,Monaco,Rennes,1.605,1.665,Ligue_1
2024-04-07,Montpellier,Lorient,2.689,1.748,Ligue_1
2024-04-07,Tottenham,Nottingham Forest,1.62,2.001,EPL
2024-04-07,Sheffield United,Chelsea,1.743,0.522,EPL
2024-04-07,Manchester United,Liverpool,0.815,4.435,EPL
2024-04-07,Cagliari,Atalanta,0.715,0.772,Serie_A
2024-04-07,Verona,Genoa,0.961,2.013,Serie_A
2024-04-07,Toulouse,Strasbourg,0.825,0.582,Ligue_1
2024-04-07,Monza,Napoli,0.414,2.703,Serie_A
2024-04-07,Frosinone,Bologna,0.568,2.464,Serie_A
2024-04-07,Reims,Nice,0.538,1.922,Ligue_1
2024-04-08,Udinese,Inter,0.07,3.412,Serie_A
2024-04-12,Augsburg,Union Berlin,1.707,1.55,Bundesliga
2024-04-12,Lazio,Salernitana,2.502,0.545,Serie_A
2024-04-12,Metz,Lens,0.803,1.909,Ligue_1
2024-04-12,Real Betis,Celta Vigo,1.229,1.581,La_liga
2024-04-13,Borussia M.Gladbach,Borussia Dortmund,1.172,1.807,Bundesliga
2024-04-13,Bochum,FC Heidenheim,1.117,1.407,Bundesliga
2024-04-13,Bayern Munich,FC Cologne,2.347,0.767,Bundesliga
2024-04-13,RasenBallsport Leipzig,Wolfsburg,1.681,0.323,Bundesliga
2024-04-13,Atletico Madrid,Girona,2.586,2.21,La_liga
2024-04-13,Rayo Vallecano,Getafe,0.778,0.252,La_liga
2024-04-13,Mallorca,Real Madrid,0.593,1.812,La_liga
2024-04-13,Cadiz,Barcelona,0.79,0.833,La_liga
2024-04-13,VfB Stuttgart,Eintracht Frankfurt,1.262,0.566,Bundesliga
2024-04-13,Mainz 05,Hoffenheim,2.584,0.53,Bundesliga
2024-04-13,Nottingham Forest,Wolverhampton Wanderers,1.762,1.457,EPL
2024-04-13,Rennes,Toulouse,0.878,0.784,Ligue_1
2024-04-13,Bournemouth,Manchester United,2.385,1.523,EPL
2024-04-13,Manchester City,Luton,4.642,0.81,EPL
2024-04-13,Burnley,Brighton,1.852,0.889,EPL
2024-04-13,Brentford,Sheffield United,1.091,0.834,EPL
2024-04-13,Newcastle United,Tottenham,3.148,0.738,EPL
2024-04-13,Bologna,Monza,2.772,0.409,Serie_A
2024-04-13,Strasbourg,Reims,2.305,0.739,Ligue_1
2024-04-13,Lecce,Empoli,3.151,0.136,Serie_A
2024-04-13,Torino,Juventus,0.835,1.26,Serie_A
2024-04-14,Granada,Alaves,1.868,0.279,La_liga
2024-04-14,Las Palmas,Sevilla,0.091,2.064,La_liga
2024-04-14,West Ham,Fulham,1.453,3.614,EPL
2024-04-14,Athletic Club,Villarreal,0.823,2.191,La_liga
2024-04-14,Liverpool,Crystal Palace,3.045,2.129,EPL
2024-04-14,Arsenal,Aston Villa,1.89,0.929,EPL
2024-04-14,Real Sociedad,Almeria,1.687,1.775,La_liga
2024-04-14,Udinese,Roma,0.945,1.616,Serie_A
2024-04-14,Darmstadt,Freiburg,0.962,1.344,Bundesliga
2024-04-14,Sassuolo,AC Milan,1.372,3.053,Serie_A
2024-04-14,Napoli,Frosinone,2.733,2.314,Serie_A
2024-04-14,Lyon,Brest,1.848,1.718,Ligue_1
2024-04-14,Le Havre,Nantes,1.603,0.756,Ligue_1
2024-04-14,Inter,Cagliari,1.951,1.109,Serie_A
2024-04-14,Clermont Foot,Montpellier,1.369,1.714,Ligue_1
2024-04-14,Bayer Leverkusen,Werder Bremen,3.336,0.885,Bundesliga
2024-04-15,Fiorentina,Genoa,1.788,1.595,Serie_A
2024-04-15,Atalanta,Verona,1.671,1.104,Serie_A
2024-04-15,Osasuna,Valencia,2.269,0.236,La_liga
2024-04-15,Chelsea,Everton,3.371,1.218,EPL
2024-04-19,Nice,Lorient,2.513,0.562,Ligue_1
2024-04-19,Athletic Club,Granada,1.641,0.151,La_liga
2024-04-19,Cagliari,Juventus,1.978,0.595,Serie_A
2024-04-19,Genoa,Lazio,0.609,0.952,Serie_A
2024-04-19,Eintracht Frankfurt,Augsburg,1.887,0.598,Bundesliga
2024-04-20,Sheffield United,Burnley,1.978,2.423,EPL
2024-04-20,Verona,Udinese,1.295,1.972,Serie_A
2024-04-20,Empoli,Napoli,1.254,0.892,Serie_A
2024-04-20,Nantes,Rennes,0.159,2.382,Ligue_1
2024-04-20,Lens,Clermont Foot,2.807,0.617,Ligue_1
2024-04-20,Wolverhampton Wanderers,Arsenal,0.165,1.662,EPL
2024-04-20,Luton,Brentford,0.498,3.781,EPL
2024-04-20,FC Cologne,Darmstadt,1.112,1.951,Bundesliga
2024-04-20,Rayo Vallecano,Osasuna,0.56,0.931,La_liga
2024-04-20,Valencia,Real Betis,0.951,1.821,La_liga
2024-04-20,Girona,Cadiz,2.309,1.824,La_liga
2024-04-20,Wolfsburg,Bochum,1.348,1.379,Bundesliga
2024-04-20,Hoffenheim,Borussia M.Gladbach,2.773,1.364,Bundesliga
2024-04-20,FC Heidenheim,RasenBallsport Leipzig,1.352,1.581,Bundesliga
2024-04-20,Union Berlin,Bayern Munich,1.069,1.928,Bundesliga
2024-04-20,Celta Vigo,Las Palmas,3.589,0.908,La_liga
2024-04-21,Le Havre,Metz,0.649,1.502,Ligue_1
2024-04-21,Monza,Atalanta,0.879,2.198,Serie_A
2024-04-21,Crystal Palace,West Ham,3.719,1.345,EPL
2024-04-21,Fulham,Liverpool,0.839,1.024,EPL
2024-04-21,Borussia Dortmund,Bayer Leverkusen,0.774,1.513,Bundesliga
2024-04-21,Getafe,Real Sociedad,1.198,1.035,La_liga
2024-04-21,Almeria,Villarreal,2.145,1.6,La_liga
2024-04-21,Alaves,Atletico Madrid,0.521,0.715,La_liga
2024-04-21,Real Madrid,Barcelona,2.77,1.347,La_liga
2024-04-21,Sassuolo,Lecce,0.41,2.366,Serie_A
2024-04-21,Torino,Frosinone,0.521,0.579,Serie_A
2024-04-21,Salernitana,Fiorentina,0.327,2.451,Serie_A
2024-04-21,Werder Bremen,VfB Stuttgart,1.408,3.324,Bundesliga
2024-04-21,Aston Villa,Bournemouth,2.627,2.052,EPL
2024-04-21,Freiburg,Mainz 05,1.256,1.479,Bundesliga
2024-04-21,Paris Saint Germain,Lyon,3.091,0.667,Ligue_1
2024-04-21,Toulouse,Marseille,0.655,1.065,Ligue_1
2024-04-21,Lille,Strasbourg,1.263,0.949,Ligue_1
2024-04-21,Reims,Montpellier,1.319,1.356,Ligue_1
2024-04-21,Brest,Monaco,0.641,1.307,Ligue_1
2024-04-21,Everton,Nottingham Forest,0.473,1.189,EPL
2024-04-22,Sevilla,Mallorca,1.728,0.88,La_liga
2024-04-22,Roma,Bologna,1.834,1.257,Serie_A
2024-04-22,AC Milan,Inter,2.511,1.63,Serie_A
2024-04-23,Arsenal,Chelsea,3.459,1.603,EPL
2024-04-24,Marseille,Nice,1.777,1.288,Ligue_1
2024-04-24,Monaco,Lille,2.215,1.282,Ligue_1
2024-04-24,Lorient,Paris Saint Germain,1.036,1.978,Ligue_1
2024-04-24,Wolverhampton Wanderers,Bournemouth,0.484,2.403,EPL
2024-04-24,Manchester United,Sheffield United,3.513,1.205,EPL
2024-04-24,Everton,Liverpool,1.891,1.872,EPL
2024-04-24,Crystal Palace,Newcastle United,1.437,0.551,EPL
2024-04-25,Brighton,Manchester City,0.572,1.905,EPL
2024-04-26,Real Sociedad,Real Madrid,0.381,0.463,La_liga
2024-04-26,Bochum,Hoffenheim,3.91,1.283,Bundesliga
2024-04-26,Montpellier,Nantes,0.68,1.708,Ligue_1
2024-04-26,Frosinone,Salernitana,1.752,1.031,Serie_A
2024-04-27,Fulham,Crystal Palace,1.394,1.054,EPL
2024-04-27,Las Palmas,Girona,1.417,2.047,La_liga
2024-04-27,Bayer Leverkusen,VfB Stuttgart,1.666,2.02,Bundesliga
2024-04-27,Alaves,Celta Vigo,3.411,0.188,La_liga
2024-04-27,West Ham,Liverpool,0.794,2.293,EPL
2024-04-27,Bayern Munich,Eintracht Frankfurt,3.296,0.393,Bundesliga
2024-04-27,RasenBallsport Leipzig,Borussia Dortmund,2.749,1.776,Bundesliga
2024-04-27,Freiburg,Wolfsburg,1.863,0.583,Bundesliga
2024-04-27,Augsburg,Werder Bremen,0.543,2.531,Bundesliga
2024-04-27,Atletico Madrid,Athletic Club,0.62,0.895,La_liga
2024-04-27,Lazio,Verona,1.317,0.629,Serie_A
2024-04-27,Almeria,Getafe,2.748,1.675,La_liga
2024-04-27,Lecce,Monza,0.928,1.096,Serie_A
2024-04-27,Manchester United,Burnley,3.062,1.896,EPL
2024-04-27,Newcastle United,Sheffield United,2.935,1.824,EPL
2024-04-27,Wolverhampton Wanderers,Luton,1.49,0.904,EPL
2024-04-27,Everton,Brentford,1.214,0.956,EPL
2024-04-27,Aston Villa,Chelsea,0.612,1.564,EPL
2024-04-27,Paris Saint Germain,Le Havre,2.258,1.213,Ligue_1
2024-04-27,Juventus,AC Milan,1.766,0.278,Serie_A
2024-04-28,Mainz 05,FC Cologne,1.889,2.857,Bundesliga
2024-04-28,Darmstadt,FC Heidenheim,0.532,1.492,Bundesliga
2024-04-28,Marseille,Lens,1.773,1.251,Ligue_1
2024-04-28,Bournemouth,Brighton,2.481,1.357,EPL
2024-04-28,Fiorentina,Sassuolo,4.296,0.268,Serie_A
2024-04-28,Tottenham,Arsenal,2.605,1.515,EPL
2024-04-28,Lyon,Monaco,2.641,2.046,Ligue_1
2024-04-28,Clermont Foot,Reims,2.568,0.875,Ligue_1
2024-04-28,Rennes,Brest,2.342,2.187,Ligue_1
2024-04-28,Borussia M.Gladbach,Union Berlin,1.21,1.114,Bundesliga
2024-04-28,Real Betis,Sevilla,2.395,1.265,La_liga
2024-04-28,Villarreal,Rayo Vallecano,1.981,0.897,La_liga
2024-04-28,Granada,Osasuna,2.315,0.989,La_liga
2024-04-28,Inter,Torino,1.901,0.458,Serie_A
2024-04-28,Cadiz,Mallorca,0.442,0.827,La_liga
2024-04-28,Nottingham Forest,Manchester City,2.173,0.932,EPL
2024-04-28,Bologna,Udinese,0.709,0.614,Serie_A
2024-04-28,Napoli,Roma,3.876,1.789,Serie_A
2024-04-28,Lorient,Toulouse,1.357,2.235,Ligue_1
2024-04-28,Atalanta,Empoli,2.131,0.594,Serie_A
2024-04-28,Metz,Lille,1.282,0.882,Ligue_1
2024-04-28,Strasbourg,Nice,1.042,1.898,Ligue_1
2024-04-29,Barcelona,Valencia,2.596,1.493,La_liga
2024-04-29,Genoa,Cagliari,1.094,0.782,Serie_A
2024-05-02,Chelsea,Tottenham,2.224,1.271,EPL
2024-05-03,Lens,Lorient,2.302,0.46,Ligue_1
2024-05-03,Toulouse,Montpellier,1.986,0.66,Ligue_1
2024-05-03,Hoffenheim,RasenBallsport Leipzig,1.804,1.034,Bundesliga
2024-05-03,Torino,Bologna,0.787,0.17,Serie_A
2024-05-03,Luton,Everton,0.95,1.23,EPL
2024-05-03,Getafe,Athletic Club,4.416,0.926,La_liga
2024-05-04,Mallorca,Atletico Madrid,0.328,0.875,La_liga
2024-05-04,Real Sociedad,Las Palmas,0.899,0.567,La_liga
2024-05-04,Real Madrid,Cadiz,2.634,0.999,La_liga
2024-05-04,Girona,Barcelona,2.315,2.605,La_liga
2024-05-04,Monza,Lazio,2.081,1.575,Serie_A
2024-05-04,Sassuolo,Inter,0.335,1.637,Serie_A
2024-05-04,Sheffield United,Nottingham Forest,2.49,1.938,EPL
2024-05-04,Le Havre,Strasbourg,2.563,0.632,Ligue_1
2024-05-04,Monaco,Clermont Foot,3.445,1.015,Ligue_1
2024-05-04,Brest,Nantes,0.621,1.336,Ligue_1
2024-05-04,Burnley,Newcastle United,1.286,4.256,EPL
2024-05-04,Brentford,Fulham,0.809,1.456,EPL
2024-05-04,Arsenal,Bournemouth,3.914,0.469,EPL
2024-05-04,FC Cologne,Freiburg,1.089,1.127,Bundesliga
2024-05-04,VfB Stuttgart,Bayern Munich,2.011,1.928,Bundesliga
2024-05-04,Werder Bremen,Borussia M.Gladbach,1.316,2.285,Bundesliga
2024-05-04,Wolfsburg,Darmstadt,3.16,0.372,Bundesliga
2024-05-04,Borussia Dortmund,Augsburg,3.671,2.57,Bundesliga
2024-05-04,Metz,Rennes,0.829,2.018,Ligue_1
2024-05-04,Manchester City,Wolverhampton Wanderers,4.525,0.397,EPL
2024-05-05,Verona,Fiorentina,1.492,1.107,Serie_A
2024-05-05,FC Heidenheim,Mainz 05,1.426,2.231,Bundesliga
2024-05-05,Eintracht Frankfurt,Bayer Leverkusen,1.576,3.113,Bundesliga
2024-05-05,Union Berlin,Bochum,1.496,1.847,Bundesliga
2024-05-05,Empoli,Frosinone,0.318,0.948,Serie_A
2024-05-05,Roma,Juventus,1.606,0.953,Serie_A
2024-05-05,Cagliari,Lecce,0.924,1.813,Serie_A
2024-05-05,AC Milan,Genoa,2.315,0.911,Serie_A
2024-05-05,Sevilla,Granada,2.452,0.227,La_liga
2024-05-05,Rayo Vallecano,Almeria,2.096,0.556,La_liga
2024-05-05,Valencia,Alaves,1.408,1.169,La_liga
2024-05-05,Celta Vigo,Villarreal,4.413,0.545,La_liga
2024-05-05,Osasuna,Real Betis,1.025,1.447,La_liga
2024-05-05,Brighton,Aston Villa,2.636,0.064,EPL
2024-05-05,Chelsea,West Ham,4.218,0.894,EPL
2024-05-05,Liverpool,Tottenham,3.262,1.172,EPL
2024-05-06,Lille,Lyon,1.125,2.43,Ligue_1
2024-05-06,Udinese,Napoli,0.522,1.116,Serie_A
2024-05-06,Salernitana,Atalanta,0.497,2.265,Serie_A
2024-05-06,Crystal Palace,Manchester United,2.066,0.341,EPL
2024-05-10,Nice,Le Havre,1.936,0.428,Ligue_1
2024-05-10,Frosinone,Inter,1.888,2.057,Serie_A
2024-05-10,Augsburg,VfB Stuttgart,0.562,1.826,Bundesliga
2024-05-10,Brest,Reims,1.348,0.432,Ligue_1
2024-05-10,Alaves,Girona,2.401,1.537,La_liga
2024-05-11,West Ham,Luton,3.71,0.64,EPL
2024-05-11,Freiburg,FC Heidenheim,1.869,0.634,Bundesliga
2024-05-11,RasenBallsport Leipzig,Werder Bremen,1.61,1.03,Bundesliga
2024-05-11,Athletic Club,Osasuna,2.17,1.053,La_liga
2024-05-11,AC Milan,Cagliari,3.563,1.339,Serie_A
2024-05-11,Napoli,Bologna,1.483,1.741,Serie_A
2024-05-11,Nottingham Forest,Chelsea,2.446,2.411,EPL
2024-05-11,Villarreal,Sevilla,3.108,1.958,La_liga
2024-05-11,Mainz 05,Borussia Dortmund,3.054,0.399,Bundesliga
2024-05-11,Granada,Real Madrid,0.7,2.791,La_liga
2024-05-11,Wolverhampton Wanderers,Crystal Palace,1.156,2.515,EPL
2024-05-11,FC Cologne,Union Berlin,3.024,1.661,Bundesliga
2024-05-11,Borussia M.Gladbach,Eintracht Frankfurt,0.324,2.331,Bundesliga
2024-05-11,Mallorca,Las Palmas,0.457,0.313,La_liga
2024-05-11,Bournemouth,Brentford,1.072,1.927,EPL
2024-05-11,Everton,Sheffield United,1.824,0.466,EPL
2024-05-11,Newcastle United,Brighton,2.452,1.916,EPL
2024-05-11,Tottenham,Burnley,3.002,0.95,EPL
2024-05-11,Fulham,Manchester City,0.089,3.152,EPL
2024-05-12,Nantes,Lille,0.81,1.409,Ligue_1
2024-05-12,Clermont Foot,Lyon,1.177,0.39,Ligue_1
2024-05-12,Marseille,Lorient,3.969,1.086,Ligue_1
2024-05-12,Rennes,Lens,2.152,0.411,Ligue_1
2024-05-12,Strasbourg,Metz,1.387,0.897,Ligue_1
2024-05-12,Paris Saint Germain,Toulouse,1.504,1.711,Ligue_1
2024-05-12,Darmstadt,Hoffenheim,0.467,3.671,Bundesliga
2024-05-12,Montpellier,Monaco,1.13,2.316,Ligue_1
2024-05-12,Bochum,Bayer Leverkusen,0.222,4.595,Bundesliga
2024-05-12,Verona,Torino,1.093,0.957,Serie_A
2024-05-12,Lazio,Empoli,1.611,1.103,Serie_A
2024-05-12,Real Betis,Almeria,1.693,1.083,La_liga
2024-05-12,Juventus,Salernitana,2.37,0.921,Serie_A
2024-05-12,Valencia,Rayo Vallecano,1.163,0.786,La_liga
2024-05-12,Atletico Madrid,Celta Vigo,1.81,0.37,La_liga
2024-05-12,Cadiz,Getafe,1.428,0.31,La_liga
2024-05-12,Bayern Munich,Wolfsburg,0.372,0.132,Bundesliga
2024-05-12,Manchester United,Arsenal,0.552,1.731,EPL
2024-05-12,Atalanta,Roma,2.859,1.172,Serie_A
2024-05-12,Genoa,Sassuolo,0.813,1.69,Serie_A
2024-05-13,Barcelona,Real Sociedad,1.66,0.799,La_liga
2024-05-13,Aston Villa,Liverpool,2.717,1.9,EPL
2024-05-13,Lecce,Udinese,0.348,1.637,Serie_A
2024-05-13,Fiorentina,Monza,2.45,1.196,Serie_A
2024-05-14,Girona,Villarreal,2.285,0.776,La_liga
2024-05-14,Tottenham,Manchester City,1.843,2.703,EPL
2024-05-14,Real Madrid,Alaves,2.882,1.507,La_liga
2024-05-14,Osasuna,Mallorca,0.429,0.919,La_liga
2024-05-15,Brighton,Chelsea,1.324,1.544,EPL
2024-05-15,Manchester United,Newcastle United,1.497,2.277,EPL
2024-05-15,Sevilla,Cadiz,1.438,2.851,La_liga
2024-05-15,Getafe,Atletico Madrid,0.447,1.67,La_liga
2024-05-15,Celta Vigo,Athletic Club,0.758,0.377,La_liga
2024-05-15,Rayo Vallecano,Granada,3.003,0.933,La_liga
2024-05-15,Reims,Marseille,0.879,1.813,Ligue_1
2024-05-15,Nice,Paris Saint Germain,1.955,1.445,Ligue_1
2024-05-16,Real Sociedad,Valencia,1.132,0.775,La_liga
2024-05-16,Las Palmas,Real Betis,2.615,1.328,La_liga
2024-05-16,Almeria,Barcelona,1.039,2.131,La_liga
2024-05-17,Fiorentina,Napoli,0.567,1.321,Serie_A
2024-05-18,Alaves,Getafe,1.578,0.658,La_liga
2024-05-18,Lecce,Atalanta,1.03,2.22,Serie_A
2024-05-18,Torino,AC Milan,1.08,1.642,Serie_A
2024-05-18,Wolfsburg,Mainz 05,1.525,2.374,Bundesliga
2024-05-18,Union Berlin,Freiburg,2.289,0.964,Bundesliga
2024-05-18,FC Heidenheim,FC Cologne,1.463,2.701,Bundesliga
2024-05-18,VfB Stuttgart,Borussia M.Gladbach,2.107,1.654,Bundesliga
2024-05-18,Werder Bremen,Bochum,3.807,2.143,Bundesliga
2024-05-18,Borussia Dortmund,Darmstadt,3.053,0.282,Bundesliga
2024-05-18,Eintracht Frankfurt,RasenBallsport Leipzig,2.625,1.791,Bundesliga
2024-05-18,Bayer Leverkusen,Augsburg,2.402,1.199,Bundesliga
2024-05-18,Hoffenheim,Bayern Munich,2.442,1.692,Bundesliga
2024-05-19,Arsenal,Everton,3.212,0.665,EPL
2024-05-19,Udinese,Empoli,1.669,0.83,Serie_A
2024-05-19,Sassuolo,Cagliari,0.27,1.474,Serie_A
2024-05-19,Inter,Lazio,1.612,0.687,Serie_A
2024-05-19,Brentford,Newcastle United,1.702,3.65,EPL
2024-05-19,Brighton,Manchester United,1.972,1.004,EPL
2024-05-19,Chelsea,Bournemouth,1.598,2.002,EPL
2024-05-19,Crystal Palace,Aston Villa,2.232,0.599,EPL
2024-05-19,Villarreal,Real Madrid,2.212,1.591,La_liga
2024-05-19,Liverpool,Wolverhampton Wanderers,5.659,0.731,EPL
2024-05-19,Luton,Fulham,2.067,1.116,EPL
2024-05-19,Manchester City,West Ham,2.315,0.24,EPL
2024-05-19,Monza,Frosinone,1.249,2.227,Serie_A
2024-05-19,Burnley,Nottingham Forest,1.082,1.58,EPL
2024-05-19,Valencia,Girona,3.356,2.903,La_liga
2024-05-19,Cadiz,Las Palmas,1.361,0.966,La_liga
2024-05-19,Mallorca,Almeria,2.456,0.238,La_liga
2024-05-19,Toulouse,Brest,0.984,1.029,Ligue_1
2024-05-19,Athletic Club,Sevilla,1.786,1.292,La_liga
2024-05-19,Monaco,Nantes,1.853,0.886,Ligue_1
2024-05-19,Lorient,Clermont Foot,4.92,0.737,Ligue_1
2024-05-19,Lille,Nice,1.599,1.329,Ligue_1
2024-05-19,Reims,Rennes,1.39,1.256,Ligue_1
2024-05-19,Granada,Celta Vigo,1.758,2.021,La_liga
2024-05-19,Lyon,Strasbourg,3.267,1.125,Ligue_1
2024-05-19,Lens,Montpellier,5.386,1.115,Ligue_1
2024-05-19,Metz,Paris Saint Germain,1.207,2.929,Ligue_1
2024-05-19,Atletico Madrid,Osasuna,1.761,1.884,La_liga
2024-05-19,Barcelona,Rayo Vallecano,1.7,1.685,La_liga
2024-05-19,Real Betis,Real Sociedad,1.608,0.793,La_liga
2024-05-19,Roma,Genoa,0.737,0.508,Serie_A
2024-05-19,Le Havre,Marseille,2.323,2.321,Ligue_1
2024-05-19,Sheffield United,Tottenham,0.697,3.197,EPL
2024-05-20,Bologna,Juventus,1.379,1.274,Serie_A
2024-05-20,Salernitana,Verona,0.901,2.334,Serie_A
2024-05-24,Genoa,Bologna,1.576,0.451,Serie_A
2024-05-24,Girona,Granada,4.751,0.987,La_liga
2024-05-24,Cagliari,Fiorentina,2.083,2.216,Serie_A
2024-05-25,Juventus,Monza,1.928,1.134,Serie_A
2024-05-25,AC Milan,Salernitana,2.825,1.802,Serie_A
2024-05-25,Osasuna,Villarreal,1.094,0.835,La_liga
2024-05-25,Real Sociedad,Atletico Madrid,0.571,2.198,La_liga
2024-05-25,Almeria,Cadiz,3.234,0.495,La_liga
2024-05-25,Rayo Vallecano,Athletic Club,1.475,0.931,La_liga
2024-05-25,Real Madrid,Real Betis,1.244,1.156,La_liga
2024-05-26,Celta Vigo,Valencia,1.502,2.16,La_liga
2024-05-26,Las Palmas,Alaves,1.156,2.235,La_liga
2024-05-26,Lazio,Sassuolo,1.251,1.119,Serie_A
2024-05-26,Verona,Inter,1.637,2.999,Serie_A
2024-05-26,Frosinone,Udinese,0.869,0.895,Serie_A
2024-05-26,Empoli,Roma,2.89,1.456,Serie_A
2024-05-26,Napoli,Lecce,1.83,0.622,Serie_A
2024-05-26,Atalanta,Torino,2.569,1.695,Serie_A
2024-05-26,Sevilla,Barcelona,1.963,1.477,La_liga
2024-05-26,Getafe,Mallorca,1.079,1.344,La_liga
2024-06-02,Atalanta,Fiorentina,1.697,1.007,Serie_A
2024-08-15,Athletic Club,Getafe,0.29,0.538,La_liga
2024-08-15,Real Betis,Girona,1.806,1.547,La_liga
2024-08-16,Las Palmas,Sevilla,1.319,2.1,La_liga
2024-08-16,Le Havre,Paris Saint Germain,0.197,2.91,Ligue_1
2024-08-16,Celta Vigo,Alaves,0.794,1.939,La_liga
2024-08-16,Manchester United,Fulham,2.043,0.419,EPL
2024-08-17,Empoli,Monza,0.579,0.328,Serie_A
2024-08-17,Ipswich,Liverpool,0.343,3.929,EPL
2024-08-17,Arsenal,Wolverhampton Wanderers,1.628,0.576,EPL
2024-08-17,Everton,Brighton,0.405,1.791,EPL
2024-08-17,Newcastle United,Southampton,0.433,1.955,EPL
2024-08-17,Nottingham Forest,Bournemouth,1.244,1.909,EPL
2024-08-17,West Ham,Aston Villa,2.805,2.67,EPL
2024-08-17,Genoa,Inter,2.313,2.007,Serie_A
2024-08-17,Parma Calcio 1913,Fiorentina,1.838,0.813,Serie_A
2024-08-17,AC Milan,Torino,2.1,0.877,Serie_A
2024-08-17,Valencia,Barcelona,1.552,3.488,La_liga
2024-08-17,Osasuna,Leganes,1.763,1.339,La_liga
2024-08-17,Brest,Marseille,1.515,2.965,Ligue_1
2024-08-17,Reims,Lille,0.076,2.317,Ligue_1
2024-08-17,Monaco,Saint-Etienne,2.784,0.484,Ligue_1
2024-08-18,Auxerre,Nice,3.032,0.581,Ligue_1
2024-08-18,Cagliari,Roma,1.306,1.296,Serie_A
2024-08-18,Angers,Lens,0.298,1.041,Ligue_1
2024-08-18,Rennes,Lyon,2.574,2.201,Ligue_1
2024-08-18,Lazio,Venezia,2.332,0.79,Serie_A
2024-08-18,Real Sociedad,Rayo Vallecano,1.566,1.601,La_liga
2024-08-18,Bologna,Udinese,3.31,0.945,Serie_A
2024-08-18,Verona,Napoli,1.805,0.975,Serie_A
2024-08-18,Montpellier,Strasbourg,1.447,1.105,Ligue_1
2024-08-18,Mallorca,Real Madrid,1.306,0.608,La_liga
2024-08-18,Toulouse,Nantes,1.509,0.514,Ligue_1
2024-08-18,Chelsea,Manchester City,1.061,1.18,EPL
2024-08-18,Brentford,Crystal Palace,1.381,1.148,EPL
2024-08-19,Villarreal,Atletico Madrid,0.687,1.139,La_liga
2024-08-19,Real Valladolid,Espanyol,1.178,0.516,La_liga
2024-08-19,Leicester,Tottenham,1.026,1.408,EPL
2024-08-19,Juventus,Como,1.306,0.171,Serie_A
2024-08-19,Lecce,Atalanta,1.884,2.459,Serie_A
2024-08-23,Paris Saint Germain,Montpellier,4.937,0.773,Ligue_1
2024-08-23,Sevilla,Villarreal,1.238,1.398,La_liga
2024-08-23,Celta Vigo,Valencia,1.306,1.154,La_liga
2024-08-23,Borussia M.Gladbach,Bayer Leverkusen,1.517,3.236,Bundesliga
2024-08-24,Brighton,Manchester United,2.142,1.286,EPL
2024-08-24,Manchester City,Ipswich,3.078,0.48,EPL
2024-08-24,Barcelona,Athletic Club,2.416,1.1,La_liga
2024-08-24,Fulham,Leicester,1.962,0.857,EPL
2024-08-24,Inter,Lecce,2.481,0.335,Serie_A
2024-08-24,Monza,Genoa,0.401,0.66,Serie_A
2024-08-24,Crystal Palace,West Ham,1.376,1.534,EPL
2024-08-24,Saint-Etienne,Le Havre,1.488,2.234,Ligue_1
2024-08-24,Osasuna,Mallorca,0.888,0.428,La_liga
2024-08-24,Lyon,Monaco,0.014,2.609,Ligue_1
2024-08-24,Udinese,Lazio,1.116,1.683,Serie_A
2024-08-24,Southampton,Nottingham Forest,0.215,2.865,EPL
2024-08-24,Tottenham,Everton,2.611,0.649,EPL
2024-08-24,Aston Villa,Arsenal,1.317,1.414,EPL
2024-08-24,RasenBallsport Leipzig,Bochum,0.937,1.315,Bundesliga
2024-08-24,Hoffenheim,Holstein Kiel,3.737,1.972,Bundesliga
2024-08-24,Freiburg,VfB Stuttgart,3.015,0.374,Bundesliga
2024-08-24,Augsburg,Werder Bremen,1.316,1.543,Bundesliga
2024-08-24,Mainz 05,Union Berlin,1.77,0.732,Bundesliga
2024-08-24,Borussia Dortmund,Eintracht Frankfurt,1.926,1.152,Bundesliga
2024-08-24,Espanyol,Real Sociedad,1.796,0.796,La_liga
2024-08-24,Getafe,Rayo Vallecano,0.513,0.161,La_liga
2024-08-24,Lille,Angers,1.258,0.737,Ligue_1
2024-08-24,Parma Calcio 1913,AC Milan,2.463,2.098,Serie_A
2024-08-25,Atletico Madrid,Girona,1.424,0.597,La_liga
2024-08-25,St. Pauli,FC Heidenheim,1.161,1.168,Bundesliga
2024-08-25,Torino,Atalanta,2.499,3.087,Serie_A
2024-08-25,Real Madrid,Real Valladolid,2.18,0.379,La_liga
2024-08-25,Leganes,Las Palmas,1.59,1.234,La_liga
2024-08-25,Alaves,Real Betis,0.173,1.36,La_liga
2024-08-25,Liverpool,Brentford,2.719,0.457,EPL
2024-08-25,Bournemouth,Newcastle United,2.535,1.893,EPL
2024-08-25,Wolverhampton Wanderers,Chelsea,2.418,2.029,EPL
2024-08-25,Wolfsburg,Bayern Munich,2.081,2.175,Bundesliga
2024-08-25,Lens,Brest,4.019,0.696,Ligue_1
2024-08-25,Nice,Toulouse,1.237,0.947,Ligue_1
2024-08-25,Strasbourg,Rennes,1.589,1.403,Ligue_1
2024-08-25,Nantes,Auxerre,1.525,0.876,Ligue_1
2024-08-25,Marseille,Reims,2.94,1.012,Ligue_1
2024-08-25,Roma,Empoli,2.042,3.077,Serie_A
2024-08-25,Napoli,Bologna,2.071,0.545,Serie_A
2024-08-25,Fiorentina,Venezia,0.66,1.013,Serie_A
2024-08-26,Verona,Juventus,0.879,1.362,Serie_A
2024-08-26,Cagliari,Como,1.035,2.09,Serie_A
2024-08-26,Villarreal,Celta Vigo,4.382,3.792,La_liga
2024-08-27,Mallorca,Sevilla,0.941,0.61,La_liga
2024-08-27,Rayo Vallecano,Barcelona,0.392,1.519,La_liga
2024-08-28,Real Valladolid,Leganes,0.774,0.185,La_liga
2024-08-28,Athletic Club,Valencia,1.516,0.1,La_liga
2024-08-28,Real Sociedad,Alaves,0.952,2.626,La_liga
2024-08-28,Atletico Madrid,Espanyol,3.886,0.856,La_liga
2024-08-29,Girona,Osasuna,2.602,0.02,La_liga
2024-08-29,Las Palmas,Real Madrid,0.809,3.283,La_liga
2024-08-30,Lyon,Strasbourg,3.228,2.447,Ligue_1
2024-08-30,Inter,Atalanta,2.289,1.178,Serie_A
2024-08-30,Venezia,Torino,0.636,1.809,Serie_A
2024-08-30,Union Berlin,St. Pauli,1.049,0.645,Bundesliga
2024-08-31,Werder Bremen,Borussia Dortmund,0.279,0.918,Bundesliga
2024-08-31,Valencia,Villarreal,1.143,0.885,La_liga
2024-08-31,Barcelona,Real Valladolid,4.94,0.422,La_liga
2024-08-31,Bayer Leverkusen,RasenBallsport Leipzig,3.423,1.505,Bundesliga
2024-08-31,Lazio,AC Milan,2.33,1.342,Serie_A
2024-08-31,Napoli,Parma Calcio 1913,2.335,1.902,Serie_A
2024-08-31,Bologna,Empoli,1.359,1.114,Serie_A
2024-08-31,Lecce,Cagliari,2.341,2.093,Serie_A
2024-08-31,Eintracht Frankfurt,Hoffenheim,2.685,0.832,Bundesliga
2024-08-31,Bochum,Borussia M.Gladbach,0.919,2.669,Bundesliga
2024-08-31,VfB Stuttgart,Mainz 05,4.213,1.952,Bundesliga
2024-08-31,Holstein Kiel,Wolfsburg,0.895,1.462,Bundesliga
2024-08-31,Athletic Club,Atletico Madrid,0.252,1.586,La_liga
2024-08-31,West Ham,Manchester City,0.947,3.193,EPL
2024-08-31,Espanyol,Rayo Vallecano,1.847,1.009,La_liga
2024-08-31,Leicester,Aston Villa,0.775,2.164,EPL
2024-08-31,Brest,Saint-Etienne,3.607,0.257,Ligue_1
2024-08-31,Montpellier,Nantes,0.746,1.694,Ligue_1
2024-08-31,Toulouse,Marseille,0.485,1.298,Ligue_1
2024-08-31,Leganes,Mallorca,0.521,1.488,La_liga
2024-08-31,Ipswich,Fulham,0.707,1.189,EPL
2024-08-31,Everton,Bournemouth,2.556,2.957,EPL
2024-08-31,Brentford,Southampton,3.863,1.647,EPL
2024-08-31,Arsenal,Brighton,2.418,1.817,EPL
2024-08-31,Nottingham Forest,Wolverhampton Wanderers,1.411,0.938,EPL
2024-09-01,Monaco,Lens,0.906,1.913,Ligue_1
2024-09-01,Le Havre,Auxerre,2.837,0.744,Ligue_1
2024-09-01,Lille,Paris Saint Germain,1.576,3.241,Ligue_1
2024-09-01,FC Heidenheim,Augsburg,3.094,0.642,Bundesliga
2024-09-01,Bayern Munich,Freiburg,1.628,0.971,Bundesliga
2024-09-01,Udinese,Como,1.185,1.657,Serie_A
2024-09-01,Reims,Rennes,2.009,1.026,Ligue_1
2024-09-01,Chelsea,Crystal Palace,2.977,0.46,EPL
2024-09-01,Alaves,Las Palmas,2.01,0.547,La_liga
2024-09-01,Angers,Nice,1.332,2.534,Ligue_1
2024-09-01,Juventus,Roma,0.415,0.383,Serie_A
2024-09-01,Genoa,Verona,1.347,2.097,Serie_A
2024-09-01,Fiorentina,Monza,2.415,0.49,Serie_A
2024-09-01,Osasuna,Celta Vigo,0.78,1.723,La_liga
2024-09-01,Sevilla,Girona,0.813,2.364,La_liga
2024-09-01,Manchester United,Liverpool,1.501,2.104,EPL
2024-09-01,Getafe,Real Sociedad,0.547,0.021,La_liga
2024-09-01,Real Madrid,Real Betis,2.372,0.831,La_liga
2024-09-01,Newcastle United,Tottenham,1.587,1.633,EPL
2024-09-13,Saint-Etienne,Lille,1.177,2.732,Ligue_1
2024-09-13,Borussia Dortmund,FC Heidenheim,2.841,1.614,Bundesliga
2024-09-13,Real Betis,Leganes,1.722,0.107,La_liga
2024-09-14,Manchester City,Brentford,1.553,1.051,EPL
2024-09-14,Aston Villa,Everton,3.159,0.852,EPL
2024-09-14,Crystal Palace,Leicester,2.887,1.652,EPL
2024-09-14,Southampton,Manchester United,1.356,3.027,EPL
2024-09-14,Brighton,Ipswich,1.757,0.721,EPL
2024-09-14,Fulham,West Ham,2.886,0.683,EPL
2024-09-14,Liverpool,Nottingham Forest,1.17,0.59,EPL
2024-09-14,Bournemouth,Chelsea,1.537,0.933,EPL
2024-09-14,Wolfsburg,Eintracht Frankfurt,1.232,2.869,Bundesliga
2024-09-14,Como,Bologna,1.458,1.151,Serie_A
2024-09-14,Auxerre,Monaco,0.419,3.377,Ligue_1
2024-09-14,AC Milan,Venezia,2.189,0.263,Serie_A
2024-09-14,Empoli,Juventus,0.601,0.726,Serie_A
2024-09-14,Hoffenheim,Bayer Leverkusen,1.064,3.418,Bundesliga
2024-09-14,Freiburg,Bochum,3.956,1.107,Bundesliga
2024-09-14,Real Sociedad,Real Madrid,1.418,2.276,La_liga
2024-09-14,Espanyol,Alaves,1.951,2.369,La_liga
2024-09-14,Sevilla,Getafe,1.648,0.972,La_liga
2024-09-14,Holstein Kiel,Bayern Munich,0.3,4.134,Bundesliga
2024-09-14,RasenBallsport Leipzig,Union Berlin,1.295,0.859,Bundesliga
2024-09-14,Borussia M.Gladbach,VfB Stuttgart,2.051,2.721,Bundesliga
2024-09-14,Paris Saint Germain,Brest,2.912,1.009,Ligue_1
2024-09-14,Mallorca,Villarreal,0.345,2.419,La_liga
2024-09-14,Marseille,Nice,1.027,1.72,Ligue_1
2024-09-15,Mainz 05,Werder Bremen,1.671,1.809,Bundesliga
2024-09-15,Atalanta,Fiorentina,2.451,1.964,Serie_A
2024-09-15,Augsburg,St. Pauli,2.615,0.493,Bundesliga
2024-09-15,Celta Vigo,Real Valladolid,1.993,0.383,La_liga
2024-09-15,Girona,Barcelona,1.096,2.594,La_liga
2024-09-15,Genoa,Roma,1.596,2.658,Serie_A
2024-09-15,Strasbourg,Angers,2.479,0.855,Ligue_1
2024-09-15,Tottenham,Arsenal,0.793,1.121,EPL
2024-09-15,Rennes,Montpellier,1.269,0.31,Ligue_1
2024-09-15,Toulouse,Le Havre,1.867,0.15,Ligue_1
2024-09-15,Las Palmas,Athletic Club,1.519,1.804,La_liga
2024-09-15,Atletico Madrid,Valencia,3.23,0.183,La_liga
2024-09-15,Lens,Lyon,0.624,0.529,Ligue_1
2024-09-15,Nantes,Reims,1.433,0.549,Ligue_1
2024-09-15,Cagliari,Napoli,0.882,1.428,Serie_A
2024-09-15,Monza,Inter,0.218,1.808,Serie_A
2024-09-15,Wolverhampton Wanderers,Newcastle United,1.47,1.483,EPL
2024-09-15,Torino,Lecce,0.447,1.662,Serie_A
2024-09-16,Rayo Vallecano,Osasuna,1.484,0.53,La_liga
2024-09-16,Parma Calcio 1913,Udinese,0.88,3.088,Serie_A
2024-09-16,Lazio,Verona,1.792,0.533,Serie_A
2024-09-17,Mallorca,Real Sociedad,1.569,0.499,La_liga
2024-09-18,Real Betis,Getafe,3.062,0.864,La_liga
2024-09-19,Leganes,Athletic Club,0.667,1.323,La_liga
2024-09-20,Alaves,Sevilla,1.406,0.624,La_liga
2024-09-20,Verona,Torino,0.778,1.967,Serie_A
2024-09-20,Cagliari,Empoli,1.687,1.027,Serie_A
2024-09-20,Augsburg,Mainz 05,2.796,1.258,Bundesliga
2024-09-20,Nice,Saint-Etienne,4.5,0.336,Ligue_1
2024-09-21,Lille,Strasbourg,2.302,3.02,Ligue_1
2024-09-21,Tottenham,Brentford,3.895,0.894,EPL
2024-09-21,Aston Villa,Wolverhampton Wanderers,2.374,0.52,EPL
2024-09-21,Real Valladolid,Real Sociedad,0.953,1.391,La_liga
2024-09-21,Osasuna,Las Palmas,1.972,1.283,La_liga
2024-09-21,Valencia,Girona,0.351,0.388,La_liga
2024-09-21,Real Madrid,Espanyol,4.895,0.319,La_liga
2024-09-21,Fulham,Newcastle United,3.211,1.098,EPL
2024-09-21,Eintracht Frankfurt,Borussia M.Gladbach,2.933,1.197,Bundesliga
2024-09-21,Werder Bremen,Bayern Munich,0.0,3.345,Bundesliga
2024-09-21,FC Heidenheim,Freiburg,0.38,1.239,Bundesliga
2024-09-21,Union Berlin,Hoffenheim,1.216,0.379,Bundesliga
2024-09-21,Lecce,Parma Calcio 1913,1.259,2.054,Serie_A
2024-09-21,Juventus,Napoli,0.419,0.234,Serie_A
2024-09-21,Venezia,Genoa,2.335,0.389,Serie_A
2024-09-21,Liverpool,Bournemouth,2.437,1.47,EPL
2024-09-21,Leicester,Everton,1.338,1.824,EPL
2024-09-21,Southampton,Ipswich,2.898,1.645,EPL
2024-09-21,West Ham,Chelsea,0.758,2.397,EPL
2024-09-21,Reims,Paris Saint Germain,0.76,1.903,Ligue_1
2024-09-21,Rennes,Lens,1.346,0.853,Ligue_1
2024-09-21,Bochum,Holstein Kiel,1.324,2.269,Bundesliga
2024-09-21,Crystal Palace,Manchester United,1.669,2.351,EPL
2024-09-22,Villarreal,Barcelona,2.396,4.194,La_liga
2024-09-22,Athletic Club,Celta Vigo,0.864,1.215,La_liga
2024-09-22,Getafe,Leganes,1.243,0.783,La_liga
2024-09-22,Brighton,Nottingham Forest,1.568,1.369,EPL
2024-09-22,Rayo Vallecano,Atletico Madrid,1.69,0.554,La_liga
2024-09-22,Monaco,Le Havre,1.84,0.581,Ligue_1
2024-09-22,Inter,AC Milan,0.941,2.758,Serie_A
2024-09-22,Roma,Udinese,2.566,0.525,Serie_A
2024-09-22,Monza,Bologna,0.707,1.453,Serie_A
2024-09-22,Fiorentina,Lazio,2.856,1.145,Serie_A
2024-09-22,St. Pauli,RasenBallsport Leipzig,1.673,0.841,Bundesliga
2024-09-22,VfB Stuttgart,Borussia Dortmund,3.562,0.607,Bundesliga
2024-09-22,Bayer Leverkusen,Wolfsburg,1.719,0.836,Bundesliga
2024-09-22,Brest,Toulouse,0.709,2.35,Ligue_1
2024-09-22,Angers,Nantes,0.825,1.286,Ligue_1
2024-09-22,Manchester City,Arsenal,2.756,1.284,EPL
2024-09-22,Montpellier,Auxerre,1.784,1.426,Ligue_1
2024-09-22,Lyon,Marseille,3.893,0.676,Ligue_1
2024-09-23,Real Betis,Mallorca,1.371,1.437,La_liga
2024-09-24,Real Madrid,Alaves,1.798,0.853,La_liga
2024-09-24,Valencia,Osasuna,1.175,0.378,La_liga
2024-09-24,Sevilla,Real Valladolid,1.671,0.412,La_liga
2024-09-24,Atalanta,Como,1.317,0.58,Serie_A
2024-09-25,Barcelona,Getafe,2.208,0.93,La_liga
2024-09-25,Girona,Rayo Vallecano,2.158,0.378,La_liga
2024-09-26,Las Palmas,Real Betis,1.108,2.666,La_liga
2024-09-26,Celta Vigo,Atletico Madrid,1.761,0.778,La_liga
2024-09-26,Espanyol,Villarreal,0.355,1.962,La_liga
2024-09-27,AC Milan,Lecce,2.433,0.462,Serie_A
2024-09-27,Auxerre,Brest,2.95,0.726,Ligue_1
2024-09-27,Paris Saint Germain,Rennes,3.224,2.026,Ligue_1
2024-09-27,Borussia Dortmund,Bochum,4.171,1.029,Bundesliga
2024-09-27,Real Valladolid,Mallorca,1.316,2.49,La_liga
2024-09-28,Genoa,Juventus,0.385,2.918,Serie_A
2024-09-28,Freiburg,St. Pauli,1.102,1.409,Bundesliga
2024-09-28,Mainz 05,FC Heidenheim,0.371,1.093,Bundesliga
2024-09-28,Borussia M.Gladbach,Union Berlin,1.383,0.731,Bundesliga
2024-09-28,RasenBallsport Leipzig,Augsburg,2.816,1.074,Bundesliga
2024-09-28,Bayern Munich,Bayer Leverkusen,1.195,0.087,Bundesliga
2024-09-28,Udinese,Inter,0.985,2.305,Serie_A
2024-09-28,Bologna,Atalanta,0.176,2.478,Serie_A
2024-09-28,Wolfsburg,VfB Stuttgart,1.039,2.58,Bundesliga
2024-09-28,Everton,Crystal Palace,1.11,1.124,EPL
2024-09-28,Nottingham Forest,Fulham,0.614,1.436,EPL
2024-09-28,Wolverhampton Wanderers,Liverpool,0.749,2.117,EPL
2024-09-28,Chelsea,Brighton,3.658,1.207,EPL
2024-09-28,Brentford,West Ham,0.37,0.879,EPL
2024-09-28,Monaco,Montpellier,3.457,0.769,Ligue_1
2024-09-28,Newcastle United,Manchester City,1.343,1.265,EPL
2024-09-28,Arsenal,Leicester,6.053,0.338,EPL
2024-09-28,Real Sociedad,Valencia,3.685,0.806,La_liga
2024-09-28,Rayo Vallecano,Leganes,1.152,0.852,La_liga
2024-09-28,Getafe,Alaves,2.558,0.415,La_liga
2024-09-28,Lens,Nice,2.064,0.961,Ligue_1
2024-09-28,Le Havre,Lille,0.489,3.571,Ligue_1
2024-09-28,Osasuna,Barcelona,2.501,0.752,La_liga
2024-09-29,Ipswich,Aston Villa,1.846,1.145,EPL
2024-09-29,Manchester United,Tottenham,0.601,5.407,EPL
2024-09-29,Strasbourg,Marseille,1.675,0.782,Ligue_1
2024-09-29,Empoli,Fiorentina,0.448,1.254,Serie_A
2024-09-29,Napoli,Monza,1.359,0.298,Serie_A
2024-09-29,Nantes,Saint-Etienne,2.616,1.024,Ligue_1
2024-09-29,Como,Verona,2.475,1.554,Serie_A
2024-09-29,Torino,Lazio,0.495,2.247,Serie_A
2024-09-29,Atletico Madrid,Real Madrid,1.055,0.661,La_liga
2024-09-29,Real Betis,Espanyol,1.979,0.569,La_liga
2024-09-29,Athletic Club,Sevilla,1.83,1.241,La_liga
2024-09-29,Celta Vigo,Girona,0.524,1.413,La_liga
2024-09-29,Angers,Reims,1.083,4.181,Ligue_1
2024-09-29,Roma,Venezia,1.99,2.028,Serie_A
2024-09-29,Toulouse,Lyon,0.717,0.731,Ligue_1
2024-09-29,Hoffenheim,Werder Bremen,1.787,4.069,Bundesliga
2024-09-29,Holstein Kiel,Eintracht Frankfurt,1.03,2.434,Bundesliga
2024-09-30,Villarreal,Las Palmas,4.079,0.802,La_liga
2024-09-30,Parma Calcio 1913,Cagliari,2.986,3.057,Serie_A
2024-09-30,Bournemouth,Southampton,1.442,0.696,EPL
2024-10-04,Leganes,Valencia,0.913,0.704,La_liga
2024-10-04,Napoli,Como,1.914,0.638,Serie_A
2024-10-04,Verona,Venezia,2.107,1.438,Serie_A
2024-10-04,Marseille,Angers,0.897,1.194,Ligue_1
2024-10-04,Augsburg,Borussia M.Gladbach,1.755,0.807,Bundesliga
2024-10-05,Espanyol,Mallorca,0.949,1.798,La_liga
2024-10-05,Getafe,Osasuna,1.348,0.248,La_liga
2024-10-05,Las Palmas,Celta Vigo,0.965,0.814,La_liga
2024-10-05,Real Valladolid,Rayo Vallecano,1.658,1.647,La_liga
2024-10-05,Real Madrid,Villarreal,0.46,1.462,La_liga
2024-10-05,Manchester City,Fulham,1.367,2.758,EPL
2024-10-05,Rennes,Monaco,0.64,0.499,Ligue_1
2024-10-05,Lille,Toulouse,1.378,1.437,Ligue_1
2024-10-05,Union Berlin,Borussia Dortmund,1.527,0.749,Bundesliga
2024-10-05,Bochum,Wolfsburg,2.286,2.373,Bundesliga
2024-10-05,Werder Bremen,Freiburg,0.88,1.581,Bundesliga
2024-10-05,Leicester,Bournemouth,0.912,1.95,EPL
2024-10-05,West Ham,Ipswich,4.394,1.185,EPL
2024-10-05,Atalanta,Genoa,4.014,0.543,Serie_A
2024-10-05,Arsenal,Southampton,3.252,1.273,EPL
2024-10-05,Saint-Etienne,Auxerre,2.451,0.72,Ligue_1
2024-10-05,Bayer Leverkusen,Holstein Kiel,2.584,1.984,Bundesliga
2024-10-05,St. Pauli,Mainz 05,0.805,1.296,Bundesliga
2024-10-05,Udinese,Lecce,1.563,0.646,Serie_A
2024-10-05,Crystal Palace,Liverpool,0.609,2.073,EPL
2024-10-05,Everton,Newcastle United,0.692,1.79,EPL
2024-10-05,Inter,Torino,3.446,1.29,Serie_A
2024-10-05,Brentford,Wolverhampton Wanderers,4.135,0.696,EPL
2024-10-06,Strasbourg,Lens,1.311,1.43,Ligue_1
2024-10-06,Chelsea,Nottingham Forest,2.278,1.667,EPL
2024-10-06,Brest,Le Havre,0.89,2.119,Ligue_1
2024-10-06,Reims,Montpellier,3.715,0.874,Ligue_1
2024-10-06,Brighton,Tottenham,1.972,1.093,EPL
2024-10-06,Nice,Paris Saint Germain,0.326,0.822,Ligue_1
2024-10-06,Real Sociedad,Atletico Madrid,1.085,0.562,La_liga
2024-10-06,Aston Villa,Manchester United,0.533,0.449,EPL
2024-10-06,Sevilla,Real Betis,1.828,0.437,La_liga
2024-10-06,Alaves,Barcelona,0.795,2.494,La_liga
2024-10-06,Lyon,Nantes,2.433,0.766,Ligue_1
2024-10-06,VfB Stuttgart,Hoffenheim,1.726,0.893,Bundesliga
2024-10-06,Juventus,Cagliari,3.217,1.045,Serie_A
2024-10-06,Lazio,Empoli,2.046,0.913,Serie_A
2024-10-06,Bologna,Parma Calcio 1913,0.836,1.085,Serie_A
2024-10-06,Monza,Roma,1.12,1.479,Serie_A
2024-10-06,Fiorentina,AC Milan,1.943,2.834,Serie_A
2024-10-06,FC Heidenheim,RasenBallsport Leipzig,1.082,1.816,Bundesliga
2024-10-06,Girona,Athletic Club,2.174,3.16,La_liga
2024-10-06,Eintracht Frankfurt,Bayern Munich,1.495,2.831,Bundesliga
2024-10-18,Monaco,Lille,1.191,0.164,Ligue_1
2024-10-18,Alaves,Real Valladolid,0.433,2.336,La_liga
2024-10-18,Borussia Dortmund,St. Pauli,3.972,1.07,Bundesliga
2024-10-19,Genoa,Bologna,0.45,1.157,Serie_A
2024-10-19,Bournemouth,Arsenal,2.184,0.741,EPL
2024-10-19,Southampton,Leicester,2.428,2.838,EPL
2024-10-19,Newcastle United,Brighton,1.937,1.678,EPL
2024-10-19,Manchester United,Brentford,1.766,0.893,EPL
2024-10-19,Ipswich,Everton,1.174,1.608,EPL
2024-10-19,Fulham,Aston Villa,2.631,1.436,EPL
2024-10-19,Tottenham,West Ham,1.441,0.859,EPL
2024-10-19,Athletic Club,Espanyol,1.465,0.501,La_liga
2024-10-19,Osasuna,Real Betis,2.21,2.792,La_liga
2024-10-19,Girona,Real Sociedad,0.446,1.861,La_liga
2024-10-19,Celta Vigo,Real Madrid,1.791,1.198,La_liga
2024-10-19,Paris Saint Germain,Strasbourg,4.67,2.22,Ligue_1
2024-10-19,Brest,Rennes,1.426,1.144,Ligue_1
2024-10-19,Bayern Munich,VfB Stuttgart,3.619,0.287,Bundesliga
2024-10-19,Borussia M.Gladbach,FC Heidenheim,4.15,1.898,Bundesliga
2024-10-19,Mainz 05,RasenBallsport Leipzig,0.611,2.161,Bundesliga
2024-10-19,Freiburg,Augsburg,1.076,0.869,Bundesliga
2024-10-19,Hoffenheim,Bochum,2.463,2.345,Bundesliga
2024-10-19,Bayer Leverkusen,Eintracht Frankfurt,4.071,1.552,Bundesliga
2024-10-19,Juventus,Lazio,1.493,0.065,Serie_A
2024-10-19,AC Milan,Udinese,1.204,0.523,Serie_A
2024-10-19,Como,Parma Calcio 1913,1.285,0.918,Serie_A
2024-10-19,Saint-Etienne,Lens,0.783,1.356,Ligue_1
2024-10-20,Wolverhampton Wanderers,Manchester City,0.761,1.366,EPL
2024-10-20,Wolfsburg,Werder Bremen,2.174,2.148,Bundesliga
2024-10-20,Holstein Kiel,Union Berlin,0.901,1.281,Bundesliga
2024-10-20,Liverpool,Chelsea,2.225,1.339,EPL
2024-10-20,Auxerre,Reims,2.864,1.229,Ligue_1
2024-10-20,Barcelona,Sevilla,4.085,0.6,La_liga
2024-10-20,Nantes,Nice,0.832,0.777,Ligue_1
2024-10-20,Toulouse,Angers,2.438,1.473,Ligue_1
2024-10-20,Le Havre,Lyon,0.36,2.767,Ligue_1
2024-10-20,Empoli,Napoli,1.005,1.318,Serie_A
2024-10-20,Montpellier,Marseille,1.757,3.881,Ligue_1
2024-10-20,Villarreal,Getafe,1.147,2.026,La_liga
2024-10-20,Atletico Madrid,Leganes,5.214,0.272,La_liga
2024-10-20,Mallorca,Rayo Vallecano,2.721,0.465,La_liga
2024-10-20,Lecce,Fiorentina,0.224,2.217,Serie_A
2024-10-20,Cagliari,Torino,1.512,1.234,Serie_A
2024-10-20,Roma,Inter,0.787,0.797,Serie_A
2024-10-20,Venezia,Atalanta,0.882,1.834,Serie_A
2024-10-21,Nottingham Forest,Crystal Palace,1.886,0.835,EPL
2024-10-21,Verona,Monza,0.814,1.564,Serie_A
2024-10-21,Valencia,Las Palmas,1.944,1.569,La_liga
2024-10-25,Mainz 05,Borussia M.Gladbach,1.456,0.934,Bundesliga
2024-10-25,Espanyol,Sevilla,1.029,0.813,La_liga
2024-10-25,Udinese,Cagliari,1.129,0.161,Serie_A
2024-10-25,Torino,Como,1.56,1.596,Serie_A
2024-10-25,Rennes,Le Havre,1.842,0.272,Ligue_1
2024-10-25,Leicester,Nottingham Forest,0.832,2.545,EPL
2024-10-26,Napoli,Lecce,2.532,0.57,Serie_A
2024-10-26,Angers,Saint-Etienne,3.268,1.33,Ligue_1
2024-10-26,Atalanta,Verona,3.841,0.224,Serie_A
2024-10-26,Real Madrid,Barcelona,1.404,2.516,La_liga
2024-10-26,Reims,Brest,1.449,1.641,Ligue_1
2024-10-26,Real Valladolid,Villarreal,0.978,2.684,La_liga
2024-10-26,Las Palmas,Girona,1.245,1.047,La_liga
2024-10-26,Werder Bremen,Bayer Leverkusen,1.788,1.309,Bundesliga
2024-10-26,St. Pauli,Wolfsburg,0.73,0.941,Bundesliga
2024-10-26,Augsburg,Borussia Dortmund,0.561,0.777,Bundesliga
2024-10-26,Lens,Lille,0.865,1.476,Ligue_1
2024-10-26,VfB Stuttgart,Holstein Kiel,1.91,0.68,Bundesliga
2024-10-26,Everton,Fulham,0.885,1.495,EPL
2024-10-26,RasenBallsport Leipzig,Freiburg,2.69,1.759,Bundesliga
2024-10-26,Brentford,Ipswich,4.097,1.657,EPL
2024-10-26,Aston Villa,Bournemouth,1.974,0.329,EPL
2024-10-26,Manchester City,Southampton,3.163,0.37,EPL
2024-10-26,Rayo Vallecano,Alaves,2.89,0.871,La_liga
2024-10-26,Brighton,Wolverhampton Wanderers,1.513,1.111,EPL
2024-10-27,Inter,Juventus,2.825,2.362,Serie_A
2024-10-27,Bochum,Bayern Munich,0.205,3.15,Bundesliga
2024-10-27,Union Berlin,Eintracht Frankfurt,1.863,1.541,Bundesliga
2024-10-27,Fiorentina,Roma,4.569,0.657,Serie_A
2024-10-27,FC Heidenheim,Hoffenheim,1.578,0.693,Bundesliga
2024-10-27,Lazio,Genoa,2.98,0.262,Serie_A
2024-10-27,Leganes,Celta Vigo,1.549,0.767,La_liga
2024-10-27,Chelsea,Newcastle United,1.618,1.742,EPL
2024-10-27,Real Betis,Atletico Madrid,2.204,0.555,La_liga
2024-10-27,Real Sociedad,Osasuna,1.677,1.065,La_liga
2024-10-27,Arsenal,Liverpool,1.088,1.353,EPL
2024-10-27,West Ham,Manchester United,2.993,2.626,EPL
2024-10-27,Crystal Palace,Tottenham,0.979,1.019,EPL
2024-10-27,Monza,Venezia,0.903,0.46,Serie_A
2024-10-27,Marseille,Paris Saint Germain,0.278,4.042,Ligue_1
2024-10-27,Nice,Monaco,1.794,0.797,Ligue_1
2024-10-27,Getafe,Valencia,2.978,0.638,La_liga
2024-10-27,Montpellier,Toulouse,0.241,2.887,Ligue_1
2024-10-27,Lyon,Auxerre,2.212,1.061,Ligue_1
2024-10-27,Strasbourg,Nantes,1.997,0.762,Ligue_1
2024-10-27,Parma Calcio 1913,Empoli,1.436,0.149,Serie_A
2024-10-28,Mallorca,Athletic Club,0.542,0.755,La_liga
2024-10-29,Cagliari,Bologna,1.186,0.872,Serie_A
2024-10-29,AC Milan,Napoli,0.568,0.957,Serie_A
2024-10-29,Lecce,Verona,1.353,0.211,Serie_A
2024-10-30,Juventus,Parma Calcio 1913,2.776,1.455,Serie_A
2024-10-30,Atalanta,Monza,1.652,0.081,Serie_A
2024-10-30,Venezia,Udinese,2.554,1.307,Serie_A
2024-10-30,Empoli,Inter,0.32,1.688,Serie_A
2024-10-31,Como,Lazio,1.163,2.967,Serie_A
2024-10-31,Genoa,Fiorentina,0.849,0.909,Serie_A
2024-10-31,Roma,Torino,0.436,0.189,Serie_A
2024-11-01,Monaco,Angers,1.475,0.5,Ligue_1
2024-11-01,Alaves,Mallorca,1.436,0.708,La_liga
2024-11-01,Bayer Leverkusen,VfB Stuttgart,2.783,0.224,Bundesliga
2024-11-01,Lille,Lyon,1.672,1.58,Ligue_1
2024-11-02,Eintracht Frankfurt,Bochum,3.83,2.087,Bundesliga
2024-11-02,Hoffenheim,St. Pauli,0.746,1.115,Bundesliga
2024-11-02,Bayern Munich,Union Berlin,2.762,0.466,Bundesliga
2024-11-02,Wolfsburg,Augsburg,1.113,0.499,Bundesliga
2024-11-02,Brest,Nice,1.02,1.921,Ligue_1
2024-11-02,Girona,Leganes,1.813,0.321,La_liga
2024-11-02,Saint-Etienne,Strasbourg,2.827,0.451,Ligue_1
2024-11-02,Holstein Kiel,FC Heidenheim,2.133,1.276,Bundesliga
2024-11-02,Osasuna,Real Valladolid,3.217,0.204,La_liga
2024-11-02,Borussia Dortmund,RasenBallsport Leipzig,3.301,0.239,Bundesliga
2024-11-02,Paris Saint Germain,Lens,2.769,0.803,Ligue_1
2024-11-02,Udinese,Juventus,0.573,1.555,Serie_A
2024-11-02,Newcastle United,Arsenal,0.86,0.911,EPL
2024-11-02,Bologna,Lecce,2.061,0.772,Serie_A
2024-11-02,Bournemouth,Manchester City,2.449,2.353,EPL
2024-11-02,Ipswich,Leicester,1.336,2.339,EPL
2024-11-02,Liverpool,Brighton,1.81,1.016,EPL
2024-11-02,Nottingham Forest,West Ham,2.35,0.132,EPL
2024-11-02,Southampton,Everton,0.54,1.786,EPL
2024-11-02,Monza,AC Milan,1.233,2.91,Serie_A
2024-11-02,Wolverhampton Wanderers,Crystal Palace,1.65,2.648,EPL
2024-11-03,Napoli,Atalanta,0.611,1.51,Serie_A
2024-11-03,Torino,Fiorentina,0.59,0.523,Serie_A
2024-11-03,Verona,Roma,1.517,2.384,Serie_A
2024-11-03,Borussia M.Gladbach,Werder Bremen,2.957,1.302,Bundesliga
2024-11-03,Freiburg,Mainz 05,0.464,0.904,Bundesliga
2024-11-03,Inter,Venezia,3.345,1.14,Serie_A
2024-11-03,Atletico Madrid,Las Palmas,1.735,0.033,La_liga
2024-11-03,Barcelona,Espanyol,1.944,0.787,La_liga
2024-11-03,Sevilla,Real Sociedad,0.63,1.218,La_liga
2024-11-03,Athletic Club,Real Betis,4.203,1.545,La_liga
2024-11-03,Nantes,Marseille,1.259,0.876,Ligue_1
2024-11-03,Le Havre,Montpellier,1.8,0.723,Ligue_1
2024-11-03,Auxerre,Rennes,2.399,0.702,Ligue_1
2024-11-03,Toulouse,Reims,0.91,0.819,Ligue_1
2024-11-03,Manchester United,Chelsea,2.16,1.211,EPL
2024-11-03,Tottenham,Aston Villa,2.098,2.487,EPL
2024-11-04,Fulham,Brentford,1.43,0.739,EPL
2024-11-04,Celta Vigo,Getafe,2.125,0.425,La_liga
2024-11-04,Empoli,Como,0.724,0.417,Serie_A
2024-11-04,Parma Calcio 1913,Genoa,0.884,1.152,Serie_A
2024-11-04,Lazio,Cagliari,3.4,0.274,Serie_A
2024-11-07,Genoa,Como,1.039,1.374,Serie_A
2024-11-08,Union Berlin,Freiburg,0.802,2.666,Bundesliga
2024-11-08,Lecce,Empoli,1.419,0.61,Serie_A
2024-11-08,Marseille,Auxerre,2.028,2.095,Ligue_1
2024-11-08,Rayo Vallecano,Las Palmas,2.64,1.252,La_liga
2024-11-09,Venezia,Parma Calcio 1913,1.296,0.945,Serie_A
2024-11-09,Cagliari,AC Milan,1.904,2.776,Serie_A
2024-11-09,Juventus,Torino,1.573,0.274,Serie_A
2024-11-09,Liverpool,Aston Villa,2.682,1.663,EPL
2024-11-09,Brighton,Manchester City,2.871,2.603,EPL
2024-11-09,Wolverhampton Wanderers,Southampton,0.913,0.793,EPL
2024-11-09,West Ham,Everton,1.124,0.866,EPL
2024-11-09,Real Madrid,Osasuna,3.273,0.068,La_liga
2024-11-09,Crystal Palace,Fulham,1.96,2.253,EPL
2024-11-09,Villarreal,Alaves,1.443,0.609,La_liga
2024-11-09,Mainz 05,Borussia Dortmund,3.187,0.845,Bundesliga
2024-11-09,Strasbourg,Monaco,0.771,3.426,Ligue_1
2024-11-09,Lens,Nantes,3.747,1.499,Ligue_1
2024-11-09,Angers,Paris Saint Germain,1.215,4.381,Ligue_1
2024-11-09,Werder Bremen,Holstein Kiel,2.261,0.884,Bundesliga
2024-11-09,Leganes,Sevilla,1.093,0.54,La_liga
2024-11-09,Bochum,Bayer Leverkusen,0.778,1.406,Bundesliga
2024-11-09,St. Pauli,Bayern Munich,0.075,1.673,Bundesliga
2024-11-09,RasenBallsport Leipzig,Borussia M.Gladbach,0.85,1.315,Bundesliga
2024-11-09,Brentford,Bournemouth,1.565,2.492,EPL
2024-11-10,Lyon,Saint-Etienne,2.286,0.703,Ligue_1
2024-11-10,Rennes,Toulouse,0.313,1.316,Ligue_1
2024-11-10,Atalanta,Udinese,1.605,0.909,Serie_A
2024-11-10,Roma,Bologna,1.07,2.168,Serie_A
2024-11-10,Fiorentina,Verona,2.77,0.535,Serie_A
2024-11-10,Monza,Lazio,0.747,1.171,Serie_A
2024-11-10,Inter,Napoli,1.474,1.006,Serie_A
2024-11-10,Le Havre,Reims,1.51,2.7,Ligue_1
2024-11-10,Chelsea,Arsenal,1.241,1.96,EPL
2024-11-10,Manchester United,Leicester,1.237,0.417,EPL
2024-11-10,Nottingham Forest,Newcastle United,1.179,1.869,EPL
2024-11-10,Nice,Lille,1.93,2.196,Ligue_1
2024-11-10,Real Valladolid,Athletic Club,0.888,1.487,La_liga
2024-11-10,Getafe,Girona,0.221,0.521,La_liga
2024-11-10,Mallorca,Atletico Madrid,0.735,0.939,La_liga
2024-11-10,Tottenham,Ipswich,1.751,2.184,EPL
2024-11-10,Montpellier,Brest,3.038,1.887,Ligue_1
2024-11-10,Real Betis,Celta Vigo,1.651,0.942,La_liga
2024-11-10,Real Sociedad,Barcelona,1.885,0.514,La_liga
2024-11-10,Augsburg,Hoffenheim,0.97,0.416,Bundesliga
2024-11-10,VfB Stuttgart,Eintracht Frankfurt,2.819,1.939,Bundesliga
2024-11-10,FC Heidenheim,Wolfsburg,2.624,1.552,Bundesliga
2024-11-22,Paris Saint Germain,Toulouse,1.632,1.842,Ligue_1
2024-11-22,Getafe,Real Valladolid,0.658,0.729,La_liga
2024-11-22,Monaco,Brest,2.558,1.387,Ligue_1
2024-11-22,Bayern Munich,Augsburg,4.027,0.149,Bundesliga
2024-11-23,Manchester City,Tottenham,2.159,3.304,EPL
2024-11-23,Wolfsburg,Union Berlin,0.743,0.633,Bundesliga
2024-11-23,Hoffenheim,RasenBallsport Leipzig,2.601,1.73,Bundesliga
2024-11-23,Borussia Dortmund,Freiburg,1.5,1.196,Bundesliga
2024-11-23,VfB Stuttgart,Bochum,2.058,0.652,Bundesliga
2024-11-23,Leicester,Chelsea,0.968,2.817,EPL
2024-11-23,Fulham,Wolverhampton Wanderers,0.717,1.339,EPL
2024-11-23,Aston Villa,Crystal Palace,3.045,1.614,EPL
2024-11-23,Arsenal,Nottingham Forest,1.66,0.403,EPL
2024-11-23,Bournemouth,Brighton,1.912,1.231,EPL
2024-11-23,Bayer Leverkusen,FC Heidenheim,2.026,1.031,Bundesliga
2024-11-23,Eintracht Frankfurt,Werder Bremen,1.471,0.633,Bundesliga
2024-11-23,Everton,Brentford,1.595,1.343,EPL
2024-11-23,Girona,Espanyol,3.285,0.488,La_liga
2024-11-23,Celta Vigo,Barcelona,2.76,1.938,La_liga
2024-11-23,Reims,Lyon,1.173,1.927,Ligue_1
2024-11-23,Las Palmas,Mallorca,1.16,1.458,La_liga
2024-11-23,Valencia,Real Betis,1.673,1.052,La_liga
2024-11-23,Saint-Etienne,Montpellier,1.273,0.863,Ligue_1
2024-11-23,Verona,Inter,0.555,2.798,Serie_A
2024-11-23,AC Milan,Juventus,0.306,0.811,Serie_A
2024-11-23,Parma Calcio 1913,Atalanta,0.622,3.544,Serie_A
2024-11-23,Atletico Madrid,Alaves,2.053,0.786,La_liga
2024-11-23,Lens,Marseille,2.172,1.379,Ligue_1
2024-11-24,Como,Fiorentina,1.27,0.947,Serie_A
2024-11-24,Sevilla,Rayo Vallecano,1.571,0.862,La_liga
2024-11-24,Osasuna,Villarreal,1.327,2.682,La_liga
2024-11-24,Holstein Kiel,Mainz 05,0.346,2.136,Bundesliga
2024-11-24,Borussia M.Gladbach,St. Pauli,2.991,1.152,Bundesliga
2024-11-24,Lille,Rennes,0.642,0.178,Ligue_1
2024-11-24,Auxerre,Angers,0.683,1.141,Ligue_1
2024-11-24,Nantes,Le Havre,0.847,0.977,Ligue_1
2024-11-24,Genoa,Cagliari,2.198,2.812,Serie_A
2024-11-24,Athletic Club,Real Sociedad,1.651,0.799,La_liga
2024-11-24,Southampton,Liverpool,1.54,3.188,EPL
2024-11-24,Nice,Strasbourg,2.038,0.524,Ligue_1
2024-11-24,Leganes,Real Madrid,0.109,2.73,La_liga
2024-11-24,Lazio,Bologna,2.599,0.093,Serie_A
2024-11-24,Napoli,Roma,2.024,0.593,Serie_A
2024-11-24,Torino,Monza,1.454,0.917,Serie_A
2024-11-24,Ipswich,Manchester United,1.987,1.269,EPL
2024-11-25,Venezia,Lecce,2.882,0.625,Serie_A
2024-11-25,Empoli,Udinese,0.167,1.093,Serie_A
2024-11-25,Newcastle United,West Ham,1.498,0.943,EPL
2024-11-29,Reims,Lens,0.589,1.408,Ligue_1
2024-11-29,Brighton,Southampton,1.87,0.935,EPL
2024-11-29,Cagliari,Verona,2.648,0.606,Serie_A
2024-11-29,Mallorca,Valencia,0.721,1.334,La_liga
2024-11-30,AC Milan,Empoli,2.023,0.401,Serie_A
2024-11-30,Brentford,Leicester,2.219,0.908,EPL
2024-11-30,Espanyol,Celta Vigo,1.501,1.56,La_liga
2024-11-30,Alaves,Leganes,1.289,1.369,La_liga
2024-11-30,Barcelona,Las Palmas,2.184,0.599,La_liga
2024-11-30,Crystal Palace,Newcastle United,2.296,0.021,EPL
2024-11-30,Como,Monza,1.386,1.756,Serie_A
2024-11-30,Nottingham Forest,Ipswich,1.766,0.463,EPL
2024-11-30,Bologna,Venezia,4.17,0.357,Serie_A
2024-11-30,Real Valladolid,Atletico Madrid,0.437,3.405,La_liga
2024-11-30,Wolverhampton Wanderers,Bournemouth,0.866,3.079,EPL
2024-11-30,West Ham,Arsenal,1.235,3.999,EPL
2024-11-30,Paris Saint Germain,Nantes,3.858,0.743,Ligue_1
2024-11-30,RasenBallsport Leipzig,Wolfsburg,1.449,2.699,Bundesliga
2024-11-30,Werder Bremen,VfB Stuttgart,2.149,1.665,Bundesliga
2024-11-30,Freiburg,Borussia M.Gladbach,2.154,1.278,Bundesliga
2024-11-30,Augsburg,Bochum,2.155,0.251,Bundesliga
2024-11-30,Union Berlin,Bayer Leverkusen,1.113,0.907,Bundesliga
2024-11-30,St. Pauli,Holstein Kiel,1.962,1.151,Bundesliga
2024-11-30,Borussia Dortmund,Bayern Munich,0.56,1.831,Bundesliga
2024-11-30,Brest,Strasbourg,2.904,0.93,Ligue_1
2024-11-30,Rennes,Saint-Etienne,3.018,0.168,Ligue_1
2024-12-01,Marseille,Monaco,1.656,0.959,Ligue_1
2024-12-01,Mainz 05,Hoffenheim,2.628,0.815,Bundesliga
2024-12-01,Liverpool,Manchester City,3.701,0.745,EPL
2024-12-01,Lyon,Nice,2.885,2.036,Ligue_1
2024-12-01,Le Havre,Angers,0.323,2.104,Ligue_1
2024-12-01,Real Sociedad,Real Betis,0.818,0.366,La_liga
2024-12-01,Rayo Vallecano,Athletic Club,0.59,0.557,La_liga
2024-12-01,Real Madrid,Getafe,3.236,0.347,La_liga
2024-12-01,Montpellier,Lille,1.282,2.065,Ligue_1
2024-12-01,Chelsea,Aston Villa,1.949,0.875,EPL
2024-12-01,Manchester United,Everton,1.762,0.767,EPL
2024-12-01,Tottenham,Fulham,1.011,1.573,EPL
2024-12-01,Toulouse,Auxerre,2.786,0.13,Ligue_1
2024-12-01,FC Heidenheim,Eintracht Frankfurt,0.861,3.19,Bundesliga
2024-12-01,Villarreal,Girona,1.968,0.516,La_liga
2024-12-01,Lecce,Juventus,1.104,1.04,Serie_A
2024-12-01,Udinese,Genoa,0.156,1.717,Serie_A
2024-12-01,Parma Calcio 1913,Lazio,1.274,2.418,Serie_A
2024-12-01,Torino,Napoli,0.443,1.642,Serie_A
2024-12-02,Sevilla,Osasuna,1.091,1.048,La_liga
2024-12-02,Roma,Atalanta,0.668,1.767,Serie_A
2024-12-03,Mallorca,Barcelona,0.922,5.381,La_liga
2024-12-03,Ipswich,Crystal Palace,0.472,1.654,EPL
2024-12-03,Leicester,West Ham,2.781,2.877,EPL
2024-12-04,Athletic Club,Real Madrid,2.081,1.977,La_liga
2024-12-04,Manchester City,Nottingham Forest,3.202,0.802,EPL
2024-12-04,Newcastle United,Liverpool,1.521,2.228,EPL
2024-12-04,Southampton,Chelsea,1.91,5.833,EPL
2024-12-04,Arsenal,Manchester United,2.967,0.256,EPL
2024-12-04,Everton,Wolverhampton Wanderers,1.499,0.848,EPL
2024-12-04,Aston Villa,Brentford,3.217,1.133,EPL
2024-12-05,Fulham,Brighton,0.667,1.099,EPL
2024-12-05,Bournemouth,Tottenham,3.277,0.624,EPL
2024-12-06,Celta Vigo,Mallorca,1.199,1.09,La_liga
2024-12-06,Lille,Brest,3.01,0.74,Ligue_1
2024-12-06,Inter,Parma Calcio 1913,3.08,0.274,Serie_A
2024-12-06,Auxerre,Paris Saint Germain,0.342,3.045,Ligue_1
2024-12-06,Atalanta,AC Milan,2.628,0.9,Serie_A
2024-12-06,VfB Stuttgart,Union Berlin,1.813,1.863,Bundesliga
2024-12-07,Juventus,Bologna,0.857,0.785,Serie_A
2024-12-07,Nice,Le Havre,2.276,1.429,Ligue_1
2024-12-07,Aston Villa,Southampton,2.513,0.386,EPL
2024-12-07,Girona,Real Madrid,0.351,1.16,La_liga
2024-12-07,Valencia,Rayo Vallecano,1.0,1.023,La_liga
2024-12-07,Borussia M.Gladbach,Borussia Dortmund,1.102,1.589,Bundesliga
2024-12-07,Eintracht Frankfurt,Augsburg,1.535,1.171,Bundesliga
2024-12-07,Genoa,Torino,0.327,0.706,Serie_A
2024-12-07,Holstein Kiel,RasenBallsport Leipzig,1.15,1.727,Bundesliga
2024-12-07,Bochum,Werder Bremen,1.163,1.208,Bundesliga
2024-12-07,Bayer Leverkusen,St. Pauli,0.73,2.184,Bundesliga
2024-12-07,Brentford,Newcastle United,1.746,1.956,EPL
2024-12-07,Bayern Munich,FC Heidenheim,3.085,1.169,Bundesliga
2024-12-07,Las Palmas,Real Valladolid,1.276,1.308,La_liga
2024-12-07,Angers,Lyon,0.505,2.027,Ligue_1
2024-12-07,Manchester United,Nottingham Forest,1.47,0.651,EPL
2024-12-07,Crystal Palace,Manchester City,1.215,1.585,EPL
2024-12-07,Roma,Lecce,2.381,0.827,Serie_A
2024-12-07,Real Betis,Barcelona,2.763,1.541,La_liga
2024-12-07,Monaco,Toulouse,2.804,0.233,Ligue_1
2024-12-08,Nantes,Rennes,1.71,0.286,Ligue_1
2024-12-08,Strasbourg,Reims,1.095,1.285,Ligue_1
2024-12-08,Lens,Montpellier,1.103,1.518,Ligue_1
2024-12-08,Atletico Madrid,Sevilla,2.322,0.636,La_liga
2024-12-08,Osasuna,Alaves,2.313,1.501,La_liga
2024-12-08,Napoli,Lazio,1.145,0.244,Serie_A
2024-12-08,Saint-Etienne,Marseille,0.167,2.985,Ligue_1
2024-12-08,Tottenham,Chelsea,3.255,2.573,EPL
2024-12-08,Leganes,Real Sociedad,0.464,1.745,La_liga
2024-12-08,Hoffenheim,Freiburg,1.494,1.531,Bundesliga
2024-12-08,Wolfsburg,Mainz 05,1.487,3.022,Bundesliga
2024-12-08,Verona,Empoli,0.895,1.29,Serie_A
2024-12-08,Fulham,Arsenal,0.151,2.433,EPL
2024-12-08,Ipswich,Bournemouth,1.567,3.491,EPL
2024-12-08,Leicester,Brighton,1.424,1.122,EPL
2024-12-08,Fiorentina,Cagliari,0.412,1.001,Serie_A
2024-12-08,Athletic Club,Villarreal,1.315,0.796,La_liga
2024-12-08,Venezia,Como,0.303,0.779,Serie_A
2024-12-09,Monza,Udinese,1.922,1.405,Serie_A
2024-12-09,West Ham,Wolverhampton Wanderers,1.198,1.476,EPL
2024-12-09,Getafe,Espanyol,0.53,1.173,La_liga
2024-12-13,Freiburg,Wolfsburg,2.968,1.851,Bundesliga
2024-12-13,Empoli,Torino,0.954,1.361,Serie_A
2024-12-13,Real Valladolid,Valencia,0.532,0.657,La_liga
2024-12-13,Toulouse,Saint-Etienne,1.732,0.388,Ligue_1
2024-12-14,Auxerre,Lens,0.51,1.738,Ligue_1
2024-12-14,Reims,Monaco,1.521,1.329,Ligue_1
2024-12-14,Juventus,Venezia,2.19,0.587,Serie_A
2024-12-14,Udinese,Napoli,1.485,1.964,Serie_A
2024-12-14,Cagliari,Atalanta,1.909,2.374,Serie_A
2024-12-14,Union Berlin,Bochum,3.013,1.237,Bundesliga
2024-12-14,St. Pauli,Werder Bremen,0.515,0.986,Bundesliga
2024-12-14,Marseille,Lille,1.215,1.24,Ligue_1
2024-12-14,Sevilla,Celta Vigo,0.487,0.929,La_liga
2024-12-14,Borussia M.Gladbach,Holstein Kiel,2.334,0.324,Bundesliga
2024-12-14,Augsburg,Bayer Leverkusen,0.437,1.021,Bundesliga
2024-12-14,Rayo Vallecano,Real Madrid,1.608,1.154,La_liga
2024-12-14,Mallorca,Girona,1.651,0.94,La_liga
2024-12-14,Liverpool,Fulham,2.097,1.286,EPL
2024-12-14,Arsenal,Everton,1.309,0.132,EPL
2024-12-14,Wolverhampton Wanderers,Ipswich,1.237,1.733,EPL
2024-12-14,Nottingham Forest,Aston Villa,2.286,0.389,EPL
2024-12-14,Newcastle United,Leicester,3.955,0.187,EPL
2024-12-14,Espanyol,Osasuna,0.299,0.214,La_liga
2024-12-14,Mainz 05,Bayern Munich,1.642,0.992,Bundesliga
2024-12-15,Manchester City,Manchester United,0.638,2.047,EPL
2024-12-15,Brighton,Crystal Palace,1.323,3.006,EPL
2024-12-15,Southampton,Tottenham,1.274,3.893,EPL
2024-12-15,Parma Calcio 1913,Verona,2.305,3.704,Serie_A
2024-12-15,FC Heidenheim,VfB Stuttgart,0.808,3.462,Bundesliga
2024-12-15,Borussia Dortmund,Hoffenheim,0.433,1.314,Bundesliga
2024-12-15,RasenBallsport Leipzig,Eintracht Frankfurt,2.496,0.839,Bundesliga
2024-12-15,Atletico Madrid,Getafe,1.854,0.239,La_liga
2024-12-15,Real Sociedad,Las Palmas,1.246,0.841,La_liga
2024-12-15,Barcelona,Leganes,2.166,0.772,La_liga
2024-12-15,Lecce,Monza,1.578,0.79,Serie_A
2024-12-15,Bologna,Fiorentina,2.323,1.143,Serie_A
2024-12-15,Chelsea,Brentford,2.591,1.659,EPL
2024-12-15,Como,Roma,1.115,0.651,Serie_A
2024-12-15,Alaves,Athletic Club,0.804,0.844,La_liga
2024-12-15,Villarreal,Real Betis,1.61,1.673,La_liga
2024-12-15,Montpellier,Nice,2.451,1.552,Ligue_1
2024-12-15,Rennes,Angers,0.627,0.392,Ligue_1
2024-12-15,Le Havre,Strasbourg,1.583,1.392,Ligue_1
2024-12-15,Brest,Nantes,2.201,1.399,Ligue_1
2024-12-15,Paris Saint Germain,Lyon,2.596,1.239,Ligue_1
2024-12-15,AC Milan,Genoa,1.282,0.204,Serie_A
2024-12-16,Bournemouth,West Ham,2.048,1.818,EPL
2024-12-16,Lazio,Inter,0.635,2.333,Serie_A
2024-12-18,Espanyol,Valencia,1.879,1.781,La_liga
2024-12-18,Villarreal,Rayo Vallecano,2.529,1.857,La_liga
2024-12-18,Monaco,Paris Saint Germain,3.102,2.407,Ligue_1
2024-12-20,Verona,AC Milan,0.649,1.375,Serie_A
2024-12-20,Girona,Real Valladolid,2.164,0.012,La_liga
2024-12-20,Bayern Munich,RasenBallsport Leipzig,4.357,0.553,Bundesliga
2024-12-21,Bayer Leverkusen,Freiburg,3.26,1.342,Bundesliga
2024-12-21,Holstein Kiel,Augsburg,2.486,1.131,Bundesliga
2024-12-21,Werder Bremen,Union Berlin,2.734,1.641,Bundesliga
2024-12-21,Hoffenheim,Borussia M.Gladbach,3.723,0.49,Bundesliga
2024-12-21,Eintracht Frankfurt,Mainz 05,2.589,0.753,Bundesliga
2024-12-21,VfB Stuttgart,St. Pauli,2.416,2.578,Bundesliga
2024-12-21,Torino,Bologna,0.271,1.798,Serie_A
2024-12-21,Genoa,Napoli,0.707,1.424,Serie_A
2024-12-21,Lecce,Lazio,1.091,1.95,Serie_A
2024-12-21,Osasuna,Athletic Club,0.418,1.181,La_liga
2024-12-21,Crystal Palace,Arsenal,1.605,3.054,EPL
2024-12-21,Ipswich,Newcastle United,1.064,3.234,EPL
2024-12-21,West Ham,Brighton,1.229,1.344,EPL
2024-12-21,Brentford,Nottingham Forest,0.769,0.965,EPL
2024-12-21,Getafe,Mallorca,0.735,2.063,La_liga
2024-12-21,Barcelona,Atletico Madrid,3.374,0.711,La_liga
2024-12-21,Celta Vigo,Real Sociedad,1.222,0.314,La_liga
2024-12-21,Aston Villa,Manchester City,2.06,1.096,EPL
2024-12-22,Real Betis,Rayo Vallecano,1.93,0.878,La_liga
2024-12-22,Leganes,Villarreal,1.475,4.01,La_liga
2024-12-22,Las Palmas,Espanyol,0.956,0.879,La_liga
2024-12-22,Real Madrid,Sevilla,2.901,1.412,La_liga
2024-12-22,Valencia,Alaves,1.348,1.543,La_liga
2024-12-22,Roma,Parma Calcio 1913,5.559,0.616,Serie_A
2024-12-22,Wolfsburg,Borussia Dortmund,1.953,2.412,Bundesliga
2024-12-22,Bochum,FC Heidenheim,1.684,0.512,Bundesliga
2024-12-22,Leicester,Wolverhampton Wanderers,0.789,1.135,EPL
2024-12-22,Venezia,Cagliari,1.553,2.625,Serie_A
2024-12-22,Atalanta,Empoli,2.084,1.218,Serie_A
2024-12-22,Monza,Juventus,0.983,2.586,Serie_A
2024-12-22,Tottenham,Liverpool,1.202,5.202,EPL
2024-12-22,Manchester United,Bournemouth,2.285,1.828,EPL
2024-12-22,Fulham,Southampton,1.253,0.28,EPL
2024-12-22,Everton,Chelsea,1.071,1.516,EPL
2024-12-23,Fiorentina,Udinese,1.557,0.859,Serie_A
2024-12-23,Inter,Como,1.899,0.368,Serie_A
2024-12-26,Nottingham Forest,Tottenham,1.3,1.058,EPL
2024-12-26,Newcastle United,Aston Villa,2.829,0.226,EPL
2024-12-26,Liverpool,Leicester,1.899,0.221,EPL
2024-12-26,Wolverhampton Wanderers,Manchester United,0.826,0.359,EPL
2024-12-26,Manchester City,Everton,2.52,0.653,EPL
2024-12-26,Southampton,West Ham,2.198,1.901,EPL
2024-12-26,Chelsea,Fulham,1.556,1.779,EPL
2024-12-26,Bournemouth,Crystal Palace,1.202,0.5,EPL
2024-12-27,Brighton,Brentford,1.335,0.961,EPL
2024-12-27,Arsenal,Ipswich,2.165,0.078,EPL
2024-12-28,Empoli,Genoa,1.427,2.017,Serie_A
2024-12-28,Lazio,Atalanta,0.564,2.983,Serie_A
2024-12-28,Parma Calcio 1913,Monza,1.222,2.225,Serie_A
2024-12-28,Cagliari,Inter,0.302,3.172,Serie_A
2024-12-29,Leicester,Manchester City,1.842,1.58,EPL
2024-12-29,Crystal Palace,Southampton,3.054,1.219,EPL
2024-12-29,Everton,Nottingham Forest,0.615,2.028,EPL
2024-12-29,Fulham,Bournemouth,0.962,1.707,EPL
2024-12-29,Tottenham,Wolverhampton Wanderers,2.284,0.641,EPL
2024-12-29,West Ham,Liverpool,0.518,3.299,EPL
2024-12-29,AC Milan,Roma,2.263,1.611,Serie_A
2024-12-29,Juventus,Fiorentina,1.747,1.029,Serie_A
2024-12-29,Napoli,Venezia,2.555,0.462,Serie_A
2024-12-29,Udinese,Torino,1.24,0.604,Serie_A
2024-12-30,Manchester United,Newcastle United,1.001,2.242,EPL
2024-12-30,Bologna,Verona,2.865,0.799,Serie_A
2024-12-30,Como,Lecce,2.259,0.436,Serie_A
2024-12-30,Aston Villa,Brighton,1.88,0.938,EPL
2024-12-30,Ipswich,Chelsea,1.501,1.606,EPL
2025-01-01,Brentford,Arsenal,0.273,1.998,EPL
2025-01-03,Valencia,Real Madrid,1.353,2.692,La_liga
2025-01-03,Nice,Rennes,1.519,1.505,Ligue_1
2025-01-04,Lyon,Montpellier,1.077,1.556,Ligue_1
2025-01-04,Lille,Nantes,1.134,1.073,Ligue_1
2025-01-04,Saint-Etienne,Reims,3.186,1.276,Ligue_1
2025-01-04,Fiorentina,Napoli,0.878,1.597,Serie_A
2025-01-04,Tottenham,Newcastle United,1.003,2.43,EPL
2025-01-04,Bournemouth,Everton,2.619,0.561,EPL
2025-01-04,Aston Villa,Leicester,2.346,0.815,EPL
2025-01-04,Crystal Palace,Chelsea,1.277,1.515,EPL
2025-01-04,Manchester City,West Ham,1.98,1.533,EPL
2025-01-04,Southampton,Brentford,0.25,5.549,EPL
2025-01-04,Verona,Udinese,0.745,0.656,Serie_A
2025-01-04,Venezia,Empoli,0.456,1.523,Serie_A
2025-01-04,Brighton,Arsenal,1.765,1.811,EPL
2025-01-05,Lecce,Genoa,0.546,1.068,Serie_A
2025-01-05,Monza,Cagliari,1.558,0.782,Serie_A
2025-01-05,Torino,Parma Calcio 1913,1.086,0.322,Serie_A
2025-01-05,Fulham,Ipswich,2.655,1.443,EPL
2025-01-05,Liverpool,Manchester United,2.862,1.675,EPL
2025-01-05,Lens,Toulouse,1.329,2.192,Ligue_1
2025-01-05,Angers,Brest,1.901,0.609,Ligue_1
2025-01-05,Strasbourg,Auxerre,2.897,1.76,Ligue_1
2025-01-05,Marseille,Le Havre,3.175,0.885,Ligue_1
2025-01-05,Roma,Lazio,1.234,1.32,Serie_A
2025-01-06,Wolverhampton Wanderers,Nottingham Forest,1.905,2.572,EPL
2025-01-10,Nantes,Monaco,1.412,3.488,Ligue_1
2025-01-10,Auxerre,Lille,0.601,1.518,Ligue_1
2025-01-10,Rayo Vallecano,Celta Vigo,1.004,3.258,La_liga
2025-01-10,Lazio,Como,1.039,1.902,Serie_A
2025-01-10,Borussia Dortmund,Bayer Leverkusen,1.487,1.883,Bundesliga
2025-01-11,Real Valladolid,Real Betis,1.624,1.038,La_liga
2025-01-11,Alaves,Girona,1.722,0.626,La_liga
2025-01-11,Sevilla,Valencia,0.734,1.081,La_liga
2025-01-11,Empoli,Lecce,2.315,1.576,Serie_A
2025-01-11,Udinese,Atalanta,2.052,0.233,Serie_A
2025-01-11,Hoffenheim,Wolfsburg,1.18,1.491,Bundesliga
2025-01-11,FC Heidenheim,Union Berlin,1.756,1.034,Bundesliga
2025-01-11,Freiburg,Holstein Kiel,0.75,1.669,Bundesliga
2025-01-11,Mainz 05,Bochum,1.724,0.698,Bundesliga
2025-01-11,St. Pauli,Eintracht Frankfurt,2.554,2.237,Bundesliga
2025-01-11,Borussia M.Gladbach,Bayern Munich,0.326,4.477,Bundesliga
2025-01-11,Torino,Juventus,0.411,0.947,Serie_A
2025-01-11,AC Milan,Cagliari,2.43,0.309,Serie_A
2025-01-11,Brest,Lyon,1.29,1.401,Ligue_1
2025-01-11,Espanyol,Leganes,1.055,1.925,La_liga
2025-01-11,Reims,Nice,0.951,3.22,Ligue_1
2025-01-11,Rennes,Marseille,1.766,2.493,Ligue_1
2025-01-12,Le Havre,Lens,1.842,3.108,Ligue_1
2025-01-12,Toulouse,Strasbourg,1.193,1.828,Ligue_1
2025-01-12,Venezia,Inter,0.668,2.353,Serie_A
2025-01-12,Paris Saint Germain,Saint-Etienne,5.071,0.41,Ligue_1
2025-01-12,Napoli,Verona,1.59,0.232,Serie_A
2025-01-12,Bologna,Roma,2.289,1.589,Serie_A
2025-01-12,Genoa,Parma Calcio 1913,1.516,0.513,Serie_A
2025-01-12,Montpellier,Angers,1.447,3.469,Ligue_1
2025-01-12,Atletico Madrid,Osasuna,2.287,0.392,La_liga
2025-01-12,Las Palmas,Getafe,1.626,1.396,La_liga
2025-01-12,Augsburg,VfB Stuttgart,0.339,2.616,Bundesliga
2025-01-12,RasenBallsport Leipzig,Werder Bremen,2.65,1.327,Bundesliga
2025-01-13,Monza,Fiorentina,0.988,1.607,Serie_A
2025-01-13,Real Sociedad,Villarreal,0.806,1.225,La_liga
2025-01-14,Atalanta,Juventus,1.582,2.28,Serie_A
2025-01-14,Como,AC Milan,1.636,1.441,Serie_A
2025-01-14,Eintracht Frankfurt,Freiburg,2.822,0.588,Bundesliga
2025-01-14,Bayer Leverkusen,Mainz 05,1.994,0.603,Bundesliga
2025-01-14,Holstein Kiel,Borussia Dortmund,1.959,1.164,Bundesliga
2025-01-14,Brentford,Manchester City,2.391,2.653,EPL
2025-01-14,West Ham,Fulham,0.937,2.836,EPL
2025-01-14,Wolfsburg,Borussia M.Gladbach,3.728,0.857,Bundesliga
2025-01-14,Nottingham Forest,Liverpool,0.529,2.723,EPL
2025-01-14,Chelsea,Bournemouth,2.538,1.148,EPL
2025-01-15,Inter,Bologna,1.794,0.914,Serie_A
2025-01-15,VfB Stuttgart,RasenBallsport Leipzig,2.428,0.71,Bundesliga
2025-01-15,Bayern Munich,Hoffenheim,3.805,0.223,Bundesliga
2025-01-15,Union Berlin,Augsburg,0.549,1.419,Bundesliga
2025-01-15,Werder Bremen,FC Heidenheim,1.875,1.919,Bundesliga
2025-01-15,Arsenal,Tottenham,2.255,0.777,EPL
2025-01-15,Newcastle United,Wolverhampton Wanderers,2.133,1.474,EPL
2025-01-15,Leicester,Crystal Palace,2.099,2.265,EPL
2025-01-15,Bochum,St. Pauli,1.821,1.153,Bundesliga
2025-01-15,Everton,Aston Villa,1.231,1.285,EPL
2025-01-16,Manchester United,Southampton,3.108,1.367,EPL
2025-01-16,Ipswich,Brighton,0.268,1.063,EPL
2025-01-17,Lille,Nice,1.292,2.904,Ligue_1
2025-01-17,Espanyol,Real Valladolid,1.288,1.72,La_liga
2025-01-17,Eintracht Frankfurt,Borussia Dortmund,2.051,0.576,Bundesliga
2025-01-17,Montpellier,Monaco,2.606,1.75,Ligue_1
2025-01-17,Roma,Genoa,1.797,0.494,Serie_A
2025-01-18,Newcastle United,Bournemouth,0.838,2.702,EPL
2025-01-18,Arsenal,Aston Villa,1.645,1.206,EPL
2025-01-18,West Ham,Crystal Palace,0.221,1.626,EPL
2025-01-18,Juventus,AC Milan,1.569,1.178,Serie_A
2025-01-18,Bologna,Monza,2.337,0.411,Serie_A
2025-01-18,Atalanta,Napoli,0.71,1.254,Serie_A
2025-01-18,Brentford,Liverpool,1.2,4.162,EPL
2025-01-18,Leicester,Fulham,0.677,2.368,EPL
2025-01-18,VfB Stuttgart,Freiburg,2.266,0.188,Bundesliga
2025-01-18,Lens,Paris Saint Germain,1.349,1.573,Ligue_1
2025-01-18,Bayern Munich,Wolfsburg,3.233,0.702,Bundesliga
2025-01-18,FC Heidenheim,St. Pauli,0.924,2.232,Bundesliga
2025-01-18,Getafe,Barcelona,1.169,3.504,La_liga
2025-01-18,Real Betis,Alaves,0.501,1.654,La_liga
2025-01-18,Rennes,Brest,1.927,1.873,Ligue_1
2025-01-18,Bochum,RasenBallsport Leipzig,2.76,2.386,Bundesliga
2025-01-18,Bayer Leverkusen,Borussia M.Gladbach,2.084,0.474,Bundesliga
2025-01-18,Leganes,Atletico Madrid,0.77,3.056,La_liga
2025-01-18,Girona,Sevilla,1.143,3.092,La_liga
2025-01-18,Holstein Kiel,Hoffenheim,0.909,0.906,Bundesliga
2025-01-18,Lyon,Toulouse,0.619,1.366,Ligue_1
2025-01-19,Union Berlin,Mainz 05,2.45,1.404,Bundesliga
2025-01-19,Werder Bremen,Augsburg,1.152,1.316,Bundesliga
2025-01-19,Real Madrid,Las Palmas,6.405,1.062,La_liga
2025-01-19,Celta Vigo,Athletic Club,0.4,2.497,La_liga
2025-01-19,Fiorentina,Torino,1.818,0.54,Serie_A
2025-01-19,Reims,Le Havre,1.491,1.295,Ligue_1
2025-01-19,Osasuna,Rayo Vallecano,0.66,0.798,La_liga
2025-01-19,Cagliari,Lecce,3.362,0.388,Serie_A
2025-01-19,Parma Calcio 1913,Venezia,1.596,1.178,Serie_A
2025-01-19,Verona,Lazio,1.486,1.994,Serie_A
2025-01-19,Inter,Empoli,1.64,0.412,Serie_A
2025-01-19,Angers,Auxerre,1.218,0.462,Ligue_1
2025-01-19,Everton,Tottenham,2.561,1.357,EPL
2025-01-19,Manchester United,Brighton,1.318,2.172,EPL
2025-01-19,Marseille,Strasbourg,3.291,0.855,Ligue_1
2025-01-19,Nottingham Forest,Southampton,2.364,1.259,EPL
2025-01-19,Ipswich,Manchester City,0.796,3.202,EPL
2025-01-19,Saint-Etienne,Nantes,0.836,1.36,Ligue_1
2025-01-19,Valencia,Real Sociedad,1.772,0.758,La_liga
2025-01-20,Chelsea,Wolverhampton Wanderers,3.149,1.067,EPL
2025-01-20,Como,Udinese,1.819,0.847,Serie_A
2025-01-20,Villarreal,Mallorca,2.354,0.391,La_liga
2025-01-24,Las Palmas,Osasuna,0.833,2.537,La_liga
2025-01-24,Wolfsburg,Holstein Kiel,2.52,0.266,Bundesliga
2025-01-24,Torino,Cagliari,2.232,0.271,Serie_A
2025-01-24,Auxerre,Saint-Etienne,0.583,1.191,Ligue_1
2025-01-25,Brighton,Everton,0.644,0.871,EPL
2025-01-25,Liverpool,Ipswich,2.168,0.805,EPL
2025-01-25,Southampton,Newcastle United,0.826,3.083,EPL
2025-01-25,Bournemouth,Nottingham Forest,2.825,0.996,EPL
2025-01-25,Como,Atalanta,0.704,1.048,Serie_A
2025-01-25,Wolverhampton Wanderers,Arsenal,0.515,0.887,EPL
2025-01-25,Napoli,Juventus,2.336,1.025,Serie_A
2025-01-25,Empoli,Bologna,0.834,0.899,Serie_A
2025-01-25,Borussia M.Gladbach,Bochum,2.932,0.759,Bundesliga
2025-01-25,Freiburg,Bayern Munich,0.271,0.788,Bundesliga
2025-01-25,Augsburg,FC Heidenheim,1.638,0.947,Bundesliga
2025-01-25,Paris Saint Germain,Reims,1.796,0.613,Ligue_1
2025-01-25,Strasbourg,Lille,1.197,1.955,Ligue_1
2025-01-25,Monaco,Rennes,3.474,1.852,Ligue_1
2025-01-25,RasenBallsport Leipzig,Bayer Leverkusen,0.708,2.577,Bundesliga
2025-01-25,Borussia Dortmund,Werder Bremen,1.494,1.117,Bundesliga
2025-01-25,Manchester City,Chelsea,2.232,1.498,EPL
2025-01-25,Mainz 05,VfB Stuttgart,2.229,0.917,Bundesliga
2025-01-25,Mallorca,Real Betis,0.789,0.595,La_liga
2025-01-25,Atletico Madrid,Villarreal,1.723,1.785,La_liga
2025-01-25,Sevilla,Espanyol,1.15,1.279,La_liga
2025-01-25,Real Valladolid,Real Madrid,0.235,2.457,La_liga
2025-01-26,Lazio,Fiorentina,2.011,1.2,Serie_A
2025-01-26,St. Pauli,Union Berlin,1.404,0.986,Bundesliga
2025-01-26,Hoffenheim,Eintracht Frankfurt,2.321,2.303,Bundesliga
2025-01-26,Le Havre,Brest,0.696,2.383,Ligue_1
2025-01-26,AC Milan,Parma Calcio 1913,2.711,1.855,Serie_A
2025-01-26,Udinese,Roma,0.805,2.617,Serie_A
2025-01-26,Crystal Palace,Brentford,1.232,1.92,EPL
2025-01-26,Toulouse,Montpellier,1.343,0.94,Ligue_1
2025-01-26,Tottenham,Leicester,1.275,1.405,EPL
2025-01-26,Aston Villa,West Ham,0.908,1.679,EPL
2025-01-26,Fulham,Manchester United,0.561,0.202,EPL
2025-01-26,Lecce,Inter,0.719,2.582,Serie_A
2025-01-26,Nantes,Lyon,1.63,1.618,Ligue_1
2025-01-26,Lens,Angers,2.011,0.081,Ligue_1
2025-01-26,Rayo Vallecano,Girona,3.011,1.562,La_liga
2025-01-26,Real Sociedad,Getafe,1.261,2.01,La_liga
2025-01-26,Athletic Club,Leganes,2.273,1.574,La_liga
2025-01-26,Barcelona,Valencia,4.359,1.303,La_liga
2025-01-26,Nice,Marseille,2.11,1.112,Ligue_1
2025-01-27,Alaves,Celta Vigo,0.892,0.155,La_liga
2025-01-27,Venezia,Verona,0.71,2.172,Serie_A
2025-01-27,Genoa,Monza,3.317,0.312,Serie_A
2025-01-31,Montpellier,Lens,1.111,3.21,Ligue_1
2025-01-31,Werder Bremen,Mainz 05,2.585,1.016,Bundesliga
2025-01-31,Leganes,Rayo Vallecano,1.0,2.391,La_liga
2025-01-31,Parma Calcio 1913,Lecce,2.0,0.757,Serie_A
2025-02-01,Nottingham Forest,Brighton,4.068,0.756,EPL
2025-02-01,Union Berlin,RasenBallsport Leipzig,1.748,0.238,Bundesliga
2025-02-01,Lille,Saint-Etienne,2.748,2.103,Ligue_1
2025-02-01,Monaco,Auxerre,2.078,1.638,Ligue_1
2025-02-01,Brest,Paris Saint Germain,0.636,3.949,Ligue_1
2025-02-01,Bologna,Como,1.681,0.64,Serie_A
2025-02-01,Bournemouth,Liverpool,1.653,2.722,EPL
2025-02-01,Udinese,Venezia,0.94,1.363,Serie_A
2025-02-01,Ipswich,Southampton,1.948,1.176,EPL
2025-02-01,Getafe,Sevilla,0.923,0.871,La_liga
2025-02-01,Villarreal,Real Valladolid,3.894,0.747,La_liga
2025-02-01,Atletico Madrid,Mallorca,1.599,0.422,La_liga
2025-02-01,Espanyol,Real Madrid,0.527,1.528,La_liga
2025-02-01,FC Heidenheim,Borussia Dortmund,0.526,2.683,Bundesliga
2025-02-01,Bayern Munich,Holstein Kiel,4.932,2.058,Bundesliga
2025-02-01,VfB Stuttgart,Borussia M.Gladbach,0.951,1.97,Bundesliga
2025-02-01,St. Pauli,Augsburg,0.85,0.195,Bundesliga
2025-02-01,Bochum,Freiburg,0.843,3.332,Bundesliga
2025-02-01,Monza,Verona,0.28,0.855,Serie_A
2025-02-01,Atalanta,Torino,3.351,0.63,Serie_A
2025-02-01,Wolverhampton Wanderers,Aston Villa,2.001,0.743,EPL
2025-02-01,Newcastle United,Fulham,1.227,1.609,EPL
2025-02-01,Everton,Leicester,3.113,0.447,EPL
2025-02-02,Bayer Leverkusen,Hoffenheim,1.354,1.949,Bundesliga
2025-02-02,Juventus,Empoli,2.008,0.949,Serie_A
2025-02-02,Marseille,Lyon,3.62,1.838,Ligue_1
2025-02-02,Fiorentina,Genoa,0.695,1.965,Serie_A
2025-02-02,Angers,Le Havre,1.773,2.193,Ligue_1
2025-02-02,Barcelona,Alaves,1.185,0.126,La_liga
2025-02-02,Valencia,Celta Vigo,1.931,0.515,La_liga
2025-02-02,Osasuna,Real Sociedad,1.111,2.351,La_liga
2025-02-02,Real Betis,Athletic Club,1.317,1.759,La_liga
2025-02-02,Rennes,Strasbourg,0.763,0.994,Ligue_1
2025-02-02,Roma,Napoli,0.365,0.385,Serie_A
2025-02-02,AC Milan,Inter,1.044,1.983,Serie_A
2025-02-02,Eintracht Frankfurt,Wolfsburg,1.696,1.463,Bundesliga
2025-02-02,Arsenal,Manchester City,1.532,0.743,EPL
2025-02-02,Manchester United,Crystal Palace,1.507,2.446,EPL
2025-02-02,Brentford,Tottenham,1.665,0.945,EPL
2025-02-02,Reims,Nantes,0.961,1.417,Ligue_1
2025-02-02,Toulouse,Nice,0.855,1.513,Ligue_1
2025-02-03,Cagliari,Lazio,1.829,1.934,Serie_A
2025-02-03,Chelsea,West Ham,1.391,1.187,EPL
2025-02-03,Girona,Las Palmas,2.192,1.318,La_liga
2025-02-06,Fiorentina,Inter,1.053,0.589,Serie_A
2025-02-07,Como,Juventus,0.936,1.324,Serie_A
2025-02-07,Nantes,Brest,1.451,2.498,Ligue_1
2025-02-07,Paris Saint Germain,Monaco,3.14,0.925,Ligue_1
2025-02-07,Bayern Munich,Werder Bremen,4.477,0.151,Bundesliga
2025-02-07,Rayo Vallecano,Real Valladolid,2.873,0.61,La_liga
2025-02-08,Mainz 05,Augsburg,2.0,0.261,Bundesliga
2025-02-08,Empoli,AC Milan,0.669,1.906,Serie_A
2025-02-08,Verona,Atalanta,1.788,2.148,Serie_A
2025-02-08,Borussia Dortmund,VfB Stuttgart,1.071,0.453,Bundesliga
2025-02-08,Hoffenheim,Union Berlin,0.882,3.866,Bundesliga
2025-02-08,Wolfsburg,Bayer Leverkusen,0.895,1.663,Bundesliga
2025-02-08,Torino,Genoa,0.647,0.309,Serie_A
2025-02-08,Freiburg,FC Heidenheim,1.332,0.434,Bundesliga
2025-02-08,Saint-Etienne,Rennes,0.462,4.07,Ligue_1
2025-02-08,Celta Vigo,Real Betis,1.751,1.512,La_liga
2025-02-08,Athletic Club,Girona,3.819,0.056,La_liga
2025-02-08,Las Palmas,Villarreal,1.906,1.26,La_liga
2025-02-08,Real Madrid,Atletico Madrid,2.556,1.625,La_liga
2025-02-08,Lille,Le Havre,1.77,1.653,Ligue_1
2025-02-08,Nice,Lens,3.373,1.025,Ligue_1
2025-02-08,Borussia M.Gladbach,Eintracht Frankfurt,0.656,2.549,Bundesliga
2025-02-09,Angers,Marseille,0.367,2.876,Ligue_1
2025-02-09,Alaves,Getafe,1.259,0.825,La_liga
2025-02-09,Valencia,Leganes,2.032,0.418,La_liga
2025-02-09,Real Sociedad,Espanyol,1.678,0.873,La_liga
2025-02-09,Cagliari,Parma Calcio 1913,1.496,1.151,Serie_A
2025-02-09,Lyon,Reims,3.25,0.308,Ligue_1
2025-02-09,Venezia,Roma,0.905,2.142,Serie_A
2025-02-09,Auxerre,Toulouse,0.717,1.163,Ligue_1
2025-02-09,Strasbourg,Montpellier,3.172,1.982,Ligue_1
2025-02-09,Lecce,Bologna,0.845,0.851,Serie_A
2025-02-09,Holstein Kiel,Bochum,2.0,2.0,Bundesliga
2025-02-09,Lazio,Monza,4.43,0.872,Serie_A
2025-02-09,Napoli,Udinese,2.079,1.287,Serie_A
2025-02-09,RasenBallsport Leipzig,St. Pauli,1.896,0.723,Bundesliga
2025-02-09,Sevilla,Barcelona,0.921,1.932,La_liga
2025-02-10,Inter,Fiorentina,1.875,1.033,Serie_A
2025-02-10,Mallorca,Osasuna,1.173,1.82,La_liga
2025-02-12,Everton,Liverpool,0.911,0.929,EPL
2025-02-14,Girona,Getafe,1.287,0.955,La_liga
2025-02-14,Bologna,Torino,3.463,1.648,Serie_A
2025-02-14,Augsburg,RasenBallsport Leipzig,1.054,1.645,Bundesliga
2025-02-14,Brest,Auxerre,1.975,1.486,Ligue_1
2025-02-14,Brighton,Chelsea,2.069,0.65,EPL
2025-02-15,Marseille,Saint-Etienne,5.942,1.031,Ligue_1
2025-02-15,Lazio,Napoli,0.883,0.559,Serie_A
2025-02-15,Toulouse,Paris Saint Germain,1.196,2.933,Ligue_1
2025-02-15,Monaco,Nantes,5.148,1.366,Ligue_1
2025-02-15,AC Milan,Verona,1.875,0.372,Serie_A
2025-02-15,Leganes,Alaves,1.763,1.421,La_liga
2025-02-15,Atalanta,Cagliari,0.474,0.123,Serie_A
2025-02-15,Atletico Madrid,Celta Vigo,0.689,1.454,La_liga
2025-02-15,Osasuna,Real Madrid,1.644,2.733,La_liga
2025-02-15,Bochum,Borussia Dortmund,3.369,2.705,Bundesliga
2025-02-15,St. Pauli,Freiburg,0.191,1.251,Bundesliga
2025-02-15,Union Berlin,Borussia M.Gladbach,1.668,2.22,Bundesliga
2025-02-15,VfB Stuttgart,Wolfsburg,1.225,1.757,Bundesliga
2025-02-15,Bayer Leverkusen,Bayern Munich,2.557,0.072,Bundesliga
2025-02-15,Leicester,Arsenal,0.233,1.75,EPL
2025-02-15,Aston Villa,Ipswich,2.898,0.333,EPL
2025-02-15,Manchester City,Newcastle United,2.12,0.157,EPL
2025-02-15,Southampton,Bournemouth,0.974,2.087,EPL
2025-02-15,West Ham,Brentford,0.673,1.965,EPL
2025-02-15,Crystal Palace,Everton,2.306,1.016,EPL
2025-02-15,Fulham,Nottingham Forest,2.21,0.331,EPL
2025-02-15,Villarreal,Valencia,1.042,0.741,La_liga
2025-02-16,Udinese,Empoli,2.905,2.475,Serie_A
2025-02-16,Parma Calcio 1913,Roma,0.293,1.412,Serie_A
2025-02-16,Juventus,Inter,1.366,2.085,Serie_A
2025-02-16,FC Heidenheim,Mainz 05,0.545,1.949,Bundesliga
2025-02-16,Liverpool,Wolverhampton Wanderers,1.868,1.053,EPL
2025-02-16,Tottenham,Manchester United,1.971,1.427,EPL
2025-02-16,Fiorentina,Como,0.431,0.875,Serie_A
2025-02-16,Real Betis,Real Sociedad,2.494,0.205,La_liga
2025-02-16,Mallorca,Las Palmas,2.334,1.044,La_liga
2025-02-16,Real Valladolid,Sevilla,0.532,1.483,La_liga
2025-02-16,Espanyol,Athletic Club,1.196,0.897,La_liga
2025-02-16,Montpellier,Lyon,1.339,1.591,Ligue_1
2025-02-16,Lens,Strasbourg,0.266,1.978,Ligue_1
2025-02-16,Reims,Angers,2.067,2.431,Ligue_1
2025-02-16,Le Havre,Nice,0.556,1.223,Ligue_1
2025-02-16,Rennes,Lille,0.417,3.02,Ligue_1
2025-02-16,Werder Bremen,Hoffenheim,0.857,1.919,Bundesliga
2025-02-16,Eintracht Frankfurt,Holstein Kiel,3.025,1.266,Bundesliga
2025-02-16,Monza,Lecce,0.278,1.109,Serie_A
2025-02-17,Barcelona,Rayo Vallecano,2.828,1.309,La_liga
2025-02-17,Genoa,Venezia,1.6,0.341,Serie_A
2025-02-19,Aston Villa,Liverpool,1.023,2.043,EPL
2025-02-21,Celta Vigo,Osasuna,2.319,0.838,La_liga
2025-02-21,Lecce,Udinese,0.484,1.524,Serie_A
2025-02-21,Leicester,Brentford,0.728,2.035,EPL
2025-02-21,Rennes,Reims,3.064,0.16,Ligue_1
2025-02-21,Freiburg,Werder Bremen,2.662,1.255,Bundesliga
2025-02-22,Holstein Kiel,Bayer Leverkusen,0.495,2.556,Bundesliga
2025-02-22,Borussia M.Gladbach,Augsburg,0.8,1.739,Bundesliga
2025-02-22,Mainz 05,St. Pauli,1.356,0.901,Bundesliga
2025-02-22,Wolfsburg,Bochum,2.161,1.466,Bundesliga
2025-02-22,Lille,Monaco,1.05,2.78,Ligue_1
2025-02-22,Borussia Dortmund,Union Berlin,5.441,0.365,Bundesliga
2025-02-22,Parma Calcio 1913,Bologna,1.411,0.698,Serie_A
2025-02-22,Valencia,Atletico Madrid,1.354,2.318,La_liga
2025-02-22,Venezia,Lazio,0.996,0.791,Serie_A
2025-02-22,Torino,AC Milan,0.557,2.184,Serie_A
2025-02-22,Inter,Genoa,1.399,1.514,Serie_A
2025-02-22,Aston Villa,Chelsea,2.694,2.174,EPL
2025-02-22,Southampton,Brighton,0.154,5.12,EPL
2025-02-22,Ipswich,Tottenham,1.154,1.587,EPL
2025-02-22,Fulham,Crystal Palace,0.234,1.462,EPL
2025-02-22,Las Palmas,Barcelona,0.431,1.665,La_liga
2025-02-22,Arsenal,West Ham,1.373,1.027,EPL
2025-02-22,Everton,Manchester United,2.104,0.646,EPL
2025-02-22,Saint-Etienne,Angers,1.7,3.18,Ligue_1
2025-02-22,Alaves,Espanyol,1.546,0.496,La_liga
2025-02-22,Rayo Vallecano,Villarreal,0.514,0.794,La_liga
2025-02-22,Bournemouth,Wolverhampton Wanderers,0.63,2.101,EPL
2025-02-22,Auxerre,Marseille,1.966,1.222,Ligue_1
2025-02-23,Hoffenheim,VfB Stuttgart,0.706,3.671,Bundesliga
2025-02-23,Bayern Munich,Eintracht Frankfurt,4.487,0.493,Bundesliga
2025-02-23,RasenBallsport Leipzig,FC Heidenheim,1.645,0.835,Bundesliga
2025-02-23,Manchester City,Liverpool,0.582,0.807,EPL
2025-02-23,Newcastle United,Nottingham Forest,3.459,2.386,EPL
2025-02-23,Strasbourg,Brest,0.785,0.499,Ligue_1
2025-02-23,Le Havre,Toulouse,1.042,2.608,Ligue_1
2025-02-23,Como,Napoli,0.467,1.103,Serie_A
2025-02-23,Verona,Fiorentina,0.451,1.156,Serie_A
2025-02-23,Empoli,Atalanta,0.776,2.506,Serie_A
2025-02-23,Cagliari,Juventus,0.226,2.205,Serie_A
2025-02-23,Athletic Club,Real Valladolid,5.316,0.599,La_liga
2025-02-23,Real Madrid,Girona,2.363,0.326,La_liga
2025-02-23,Getafe,Real Betis,0.863,2.346,La_liga
2025-02-23,Nantes,Lens,4.253,2.062,Ligue_1
2025-02-23,Real Sociedad,Leganes,1.068,0.257,La_liga
2025-02-23,Nice,Montpellier,2.141,0.917,Ligue_1
2025-02-23,Lyon,Paris Saint Germain,1.762,2.746,Ligue_1
2025-02-24,Sevilla,Mallorca,1.582,1.65,La_liga
2025-02-24,Roma,Monza,2.162,0.332,Serie_A
2025-02-25,Chelsea,Southampton,2.982,0.845,EPL
2025-02-25,Crystal Palace,Aston Villa,4.025,0.667,EPL
2025-02-25,Wolverhampton Wanderers,Fulham,0.929,1.435,EPL
2025-02-25,Brighton,Bournemouth,2.579,1.702,EPL
2025-02-26,Tottenham,Manchester City,1.284,2.386,EPL
2025-02-26,Nottingham Forest,Arsenal,0.509,1.318,EPL
2025-02-26,Brentford,Everton,1.34,1.45,EPL
2025-02-26,Manchester United,Ipswich,1.402,1.045,EPL
2025-02-26,Liverpool,Newcastle United,1.4,0.459,EPL
2025-02-27,Bologna,AC Milan,2.32,1.555,Serie_A
2025-02-27,West Ham,Leicester,1.704,0.29,EPL
2025-02-28,Fiorentina,Lecce,1.438,1.116,Serie_A
2025-02-28,Real Valladolid,Las Palmas,2.174,0.163,La_liga
2025-02-28,VfB Stuttgart,Bayern Munich,0.654,2.299,Bundesliga
2025-02-28,Monaco,Reims,4.011,0.723,Ligue_1
2025-03-01,Atalanta,Venezia,3.346,0.359,Serie_A
2025-03-01,Napoli,Inter,1.729,0.453,Serie_A
2025-03-01,Udinese,Parma Calcio 1913,2.059,0.618,Serie_A
2025-03-01,Paris Saint Germain,Lille,3.598,0.873,Ligue_1
2025-03-01,Saint-Etienne,Nice,1.019,2.414,Ligue_1
2025-03-01,Lens,Le Havre,2.027,1.731,Ligue_1
2025-03-01,Girona,Celta Vigo,0.895,1.648,La_liga
2025-03-01,Eintracht Frankfurt,Bayer Leverkusen,1.0,2.37,Bundesliga
2025-03-01,Bochum,Hoffenheim,1.445,0.526,Bundesliga
2025-03-01,St. Pauli,Borussia Dortmund,0.294,2.238,Bundesliga
2025-03-01,Werder Bremen,Wolfsburg,2.103,1.117,Bundesliga
2025-03-01,FC Heidenheim,Borussia M.Gladbach,1.877,1.716,Bundesliga
2025-03-01,Rayo Vallecano,Sevilla,2.59,0.808,La_liga
2025-03-01,Real Betis,Real Madrid,2.24,1.051,La_liga
2025-03-01,Atletico Madrid,Athletic Club,2.016,1.543,La_liga
2025-03-01,RasenBallsport Leipzig,Mainz 05,1.784,1.647,Bundesliga
2025-03-02,Montpellier,Rennes,1.603,2.496,Ligue_1
2025-03-02,Osasuna,Valencia,1.268,1.55,La_liga
2025-03-02,Augsburg,Freiburg,2.222,0.799,Bundesliga
2025-03-02,Union Berlin,Holstein Kiel,0.886,0.693,Bundesliga
2025-03-02,Angers,Toulouse,0.364,4.436,Ligue_1
2025-03-02,Marseille,Nantes,2.617,0.838,Ligue_1
2025-03-02,Barcelona,Real Sociedad,3.637,0.0,La_liga
2025-03-02,Lyon,Brest,1.545,1.893,Ligue_1
2025-03-02,Leganes,Getafe,0.555,0.585,La_liga
2025-03-02,Monza,Torino,0.582,1.432,Serie_A
2025-03-02,Bologna,Cagliari,2.258,0.68,Serie_A
2025-03-02,Genoa,Empoli,0.23,1.01,Serie_A
2025-03-02,Roma,Como,1.595,1.296,Serie_A
2025-03-02,AC Milan,Lazio,1.29,2.531,Serie_A
2025-03-02,Auxerre,Strasbourg,2.093,1.526,Ligue_1
2025-03-02,Mallorca,Alaves,1.832,1.638,La_liga
2025-03-03,Juventus,Verona,1.975,0.27,Serie_A
2025-03-07,Cagliari,Genoa,0.81,1.431,Serie_A
2025-03-07,Borussia M.Gladbach,Mainz 05,1.255,1.989,Bundesliga
2025-03-07,Toulouse,Monaco,1.254,2.858,Ligue_1
2025-03-08,Bayern Munich,Bochum,2.729,1.363,Bundesliga
2025-03-08,Lille,Montpellier,1.777,0.306,Ligue_1
2025-03-08,Celta Vigo,Leganes,1.071,0.998,La_liga
2025-03-08,Alaves,Villarreal,1.215,2.633,La_liga
2025-03-08,Valencia,Real Valladolid,2.371,0.646,La_liga
2025-03-08,Wolverhampton Wanderers,Everton,0.812,1.367,EPL
2025-03-08,Brentford,Aston Villa,0.638,1.296,EPL
2025-03-08,Liverpool,Southampton,4.99,0.512,EPL
2025-03-08,Crystal Palace,Ipswich,3.139,1.633,EPL
2025-03-08,Brighton,Fulham,1.944,0.708,EPL
2025-03-08,Nottingham Forest,Manchester City,0.501,0.721,EPL
2025-03-08,Rennes,Paris Saint Germain,2.109,3.398,Ligue_1
2025-03-08,Freiburg,RasenBallsport Leipzig,0.511,2.028,Bundesliga
2025-03-08,Holstein Kiel,VfB Stuttgart,1.972,1.073,Bundesliga
2025-03-08,Wolfsburg,St. Pauli,1.966,1.237,Bundesliga
2025-03-08,Borussia Dortmund,Augsburg,1.111,0.25,Bundesliga
2025-03-08,Como,Venezia,1.273,1.806,Serie_A
2025-03-08,Bayer Leverkusen,Werder Bremen,1.363,1.677,Bundesliga
2025-03-08,Lecce,AC Milan,1.19,3.28,Serie_A
2025-03-08,Marseille,Lens,1.189,1.24,Ligue_1
2025-03-08,Inter,Monza,3.063,0.779,Serie_A
2025-03-08,Parma Calcio 1913,Torino,1.487,0.721,Serie_A
2025-03-09,Brest,Angers,4.536,0.489,Ligue_1
2025-03-09,Le Havre,Saint-Etienne,2.155,1.392,Ligue_1
2025-03-09,Getafe,Atletico Madrid,1.398,1.021,La_liga
2025-03-09,Real Madrid,Rayo Vallecano,1.594,1.21,La_liga
2025-03-09,Athletic Club,Mallorca,0.939,1.025,La_liga
2025-03-09,Real Betis,Las Palmas,2.314,0.427,La_liga
2025-03-09,Real Sociedad,Sevilla,0.804,1.012,La_liga
2025-03-09,Manchester United,Arsenal,1.311,1.83,EPL
2025-03-09,Chelsea,Leicester,1.768,0.108,EPL
2025-03-09,Reims,Auxerre,1.837,1.876,Ligue_1
2025-03-09,Tottenham,Bournemouth,1.351,2.225,EPL
2025-03-09,Nice,Lyon,1.506,0.78,Ligue_1
2025-03-09,Verona,Bologna,1.281,1.382,Serie_A
2025-03-09,Napoli,Fiorentina,2.938,1.056,Serie_A
2025-03-09,Empoli,Roma,0.077,2.999,Serie_A
2025-03-09,Eintracht Frankfurt,Union Berlin,2.008,0.726,Bundesliga
2025-03-09,Juventus,Atalanta,0.941,3.935,Serie_A
2025-03-09,Nantes,Strasbourg,0.661,1.17,Ligue_1
2025-03-09,Hoffenheim,FC Heidenheim,1.78,2.313,Bundesliga
2025-03-10,Espanyol,Girona,0.325,1.588,La_liga
2025-03-10,West Ham,Newcastle United,0.824,1.63,EPL
2025-03-10,Lazio,Udinese,1.015,1.239,Serie_A
2025-03-14,Genoa,Lecce,1.06,1.205,Serie_A
2025-03-14,Nice,Auxerre,2.291,0.606,Ligue_1
2025-03-14,Las Palmas,Alaves,1.944,1.499,La_liga
2025-03-14,St. Pauli,Hoffenheim,1.435,0.196,Bundesliga
2025-03-15,Ipswich,Nottingham Forest,0.521,1.307,EPL
2025-03-15,Everton,West Ham,1.189,0.516,EPL
2025-03-15,Southampton,Wolverhampton Wanderers,1.282,0.541,EPL
2025-03-15,Bournemouth,Brentford,2.027,1.603,EPL
2025-03-15,Manchester City,Brighton,2.026,2.111,EPL
2025-03-15,Werder Bremen,Borussia M.Gladbach,2.983,2.321,Bundesliga
2025-03-15,Angers,Monaco,0.498,2.036,Ligue_1
2025-03-15,RasenBallsport Leipzig,Borussia Dortmund,2.559,4.095,Bundesliga
2025-03-15,Union Berlin,Bayern Munich,0.804,1.835,Bundesliga
2025-03-15,Udinese,Verona,0.318,0.543,Serie_A
2025-03-15,AC Milan,Como,1.728,1.355,Serie_A
2025-03-15,Torino,Empoli,0.701,1.734,Serie_A
2025-03-15,Mainz 05,Freiburg,1.333,2.933,Bundesliga
2025-03-15,Nantes,Lille,2.01,2.45,Ligue_1
2025-03-15,Real Valladolid,Celta Vigo,0.839,1.817,La_liga
2025-03-15,Mallorca,Espanyol,2.57,0.184,La_liga
2025-03-15,Villarreal,Real Madrid,2.005,1.1,La_liga
2025-03-15,Girona,Valencia,1.18,1.22,La_liga
2025-03-15,Lens,Rennes,0.644,0.654,Ligue_1
2025-03-15,Monza,Parma Calcio 1913,0.931,0.616,Serie_A
2025-03-15,Augsburg,Wolfsburg,0.599,0.764,Bundesliga
2025-03-16,Leganes,Real Betis,1.573,2.928,La_liga
2025-03-16,Rayo Vallecano,Real Sociedad,0.537,0.906,La_liga
2025-03-16,Fulham,Tottenham,1.04,1.409,EPL
2025-03-16,Osasuna,Getafe,2.085,0.901,La_liga
2025-03-16,Leicester,Manchester United,1.305,1.139,EPL
2025-03-16,Venezia,Napoli,1.047,1.266,Serie_A
2025-03-16,Bologna,Lazio,2.854,0.601,Serie_A
2025-03-16,Roma,Cagliari,1.611,1.1,Serie_A
2025-03-16,Fiorentina,Juventus,0.508,0.598,Serie_A
2025-03-16,Atalanta,Inter,0.682,2.281,Serie_A
2025-03-16,Bochum,Eintracht Frankfurt,1.881,3.294,Bundesliga
2025-03-16,FC Heidenheim,Holstein Kiel,1.657,1.15,Bundesliga
2025-03-16,VfB Stuttgart,Bayer Leverkusen,2.85,2.074,Bundesliga
2025-03-16,Arsenal,Chelsea,0.696,0.286,EPL
2025-03-16,Atletico Madrid,Barcelona,1.094,2.162,La_liga
2025-03-16,Sevilla,Athletic Club,0.459,1.645,La_liga
2025-03-16,Brest,Reims,0.338,0.985,Ligue_1
2025-03-16,Paris Saint Germain,Marseille,2.609,0.734,Ligue_1
2025-03-16,Strasbourg,Toulouse,1.987,1.397,Ligue_1
2025-03-16,Lyon,Le Havre,3.587,1.561,Ligue_1
2025-03-16,Montpellier,Saint-Etienne,1.339,1.138,Ligue_1
2025-03-27,Barcelona,Osasuna,4.637,0.534,La_liga
2025-03-28,Strasbourg,Lyon,1.776,2.872,Ligue_1
2025-03-28,Bayer Leverkusen,Bochum,2.081,0.702,Bundesliga
2025-03-29,Reims,Marseille,1.055,1.079,Ligue_1
2025-03-29,Como,Empoli,1.937,1.785,Serie_A
2025-03-29,Venezia,Bologna,0.683,1.296,Serie_A
2025-03-29,Espanyol,Atletico Madrid,0.985,0.994,La_liga
2025-03-29,Lecce,Roma,0.694,1.908,Serie_A
2025-03-29,Alaves,Rayo Vallecano,1.601,0.682,La_liga
2025-03-29,Bayern Munich,St. Pauli,4.002,0.841,Bundesliga
2025-03-29,Borussia M.Gladbach,RasenBallsport Leipzig,1.795,0.929,Bundesliga
2025-03-29,Wolfsburg,FC Heidenheim,1.239,1.314,Bundesliga
2025-03-29,Hoffenheim,Augsburg,1.945,0.689,Bundesliga
2025-03-29,Juventus,Genoa,1.509,0.263,Serie_A
2025-03-29,Monaco,Nice,2.526,0.602,Ligue_1
2025-03-29,Saint-Etienne,Paris Saint Germain,1.276,3.96,Ligue_1
2025-03-29,Real Sociedad,Real Valladolid,1.328,1.295,La_liga
2025-03-29,Real Madrid,Leganes,3.593,2.384,La_liga
2025-03-29,Eintracht Frankfurt,VfB Stuttgart,3.692,0.863,Bundesliga
2025-03-29,Holstein Kiel,Werder Bremen,0.565,1.482,Bundesliga
2025-03-30,Angers,Rennes,1.049,1.634,Ligue_1
2025-03-30,Napoli,AC Milan,0.945,2.256,Serie_A
2025-03-30,Getafe,Villarreal,0.94,1.385,La_liga
2025-03-30,Barcelona,Girona,2.753,0.491,La_liga
2025-03-30,Valencia,Mallorca,0.732,0.658,La_liga
2025-03-30,Athletic Club,Osasuna,0.759,0.565,La_liga
2025-03-30,Real Betis,Sevilla,0.894,0.868,La_liga
2025-03-30,Inter,Udinese,2.338,1.34,Serie_A
2025-03-30,Fiorentina,Atalanta,1.927,0.919,Serie_A
2025-03-30,Cagliari,Monza,1.958,0.963,Serie_A
2025-03-30,Freiburg,Union Berlin,1.01,1.386,Bundesliga
2025-03-30,Borussia Dortmund,Mainz 05,2.697,0.654,Bundesliga
2025-03-30,Lille,Lens,1.955,0.596,Ligue_1
2025-03-30,Le Havre,Nantes,4.014,1.066,Ligue_1
2025-03-30,Auxerre,Montpellier,2.117,0.457,Ligue_1
2025-03-30,Toulouse,Brest,2.442,1.991,Ligue_1
2025-03-31,Celta Vigo,Las Palmas,1.077,0.527,La_liga
2025-03-31,Lazio,Torino,1.938,0.633,Serie_A
2025-03-31,Verona,Parma Calcio 1913,0.765,0.501,Serie_A
2025-04-01,Nottingham Forest,Manchester United,0.512,1.867,EPL
2025-04-01,Wolverhampton Wanderers,West Ham,1.104,1.731,EPL
2025-04-01,Arsenal,Fulham,2.302,1.442,EPL
2025-04-02,Brighton,Aston Villa,0.558,1.207,EPL
2025-04-02,Bournemouth,Ipswich,1.996,1.413,EPL
2025-04-02,Manchester City,Leicester,2.072,0.105,EPL
2025-04-02,Southampton,Crystal Palace,0.687,0.938,EPL
2025-04-02,Newcastle United,Brentford,2.266,1.532,EPL
2025-04-02,Liverpool,Everton,1.297,0.823,EPL
2025-04-03,Chelsea,Tottenham,1.304,1.403,EPL
2025-04-04,Nice,Nantes,2.179,0.945,Ligue_1
2025-04-04,Augsburg,Bayern Munich,0.568,1.917,Bundesliga
2025-04-04,Genoa,Udinese,1.655,1.111,Serie_A
2025-04-04,Rayo Vallecano,Espanyol,0.501,3.487,La_liga
2025-04-05,Barcelona,Real Betis,1.468,0.25,La_liga
2025-04-05,RasenBallsport Leipzig,Hoffenheim,1.401,1.186,Bundesliga
2025-04-05,Freiburg,Borussia Dortmund,2.028,3.555,Bundesliga
2025-04-05,Mainz 05,Holstein Kiel,1.652,1.663,Bundesliga
2025-04-05,Mallorca,Celta Vigo,0.67,1.121,La_liga
2025-04-05,Aston Villa,Nottingham Forest,2.633,0.968,EPL
2025-04-05,Girona,Alaves,1.733,0.806,La_liga
2025-04-05,Bochum,VfB Stuttgart,0.816,2.647,Bundesliga
2025-04-05,Everton,Arsenal,1.229,1.403,EPL
2025-04-05,Crystal Palace,Brighton,0.444,1.272,EPL
2025-04-05,Ipswich,Wolverhampton Wanderers,0.872,2.81,EPL
2025-04-05,West Ham,Bournemouth,0.908,1.949,EPL
2025-04-05,Real Madrid,Valencia,3.361,1.09,La_liga
2025-04-05,Werder Bremen,Eintracht Frankfurt,1.227,0.515,Bundesliga
2025-04-05,FC Heidenheim,Bayer Leverkusen,1.302,0.367,Bundesliga
2025-04-05,AC Milan,Fiorentina,2.178,3.049,Serie_A
2025-04-05,Paris Saint Germain,Angers,1.644,0.28,Ligue_1
2025-04-05,Parma Calcio 1913,Inter,1.661,2.179,Serie_A
2025-04-05,Brest,Monaco,0.907,1.755,Ligue_1
2025-04-05,Monza,Como,1.06,2.27,Serie_A
2025-04-05,Lyon,Lille,1.754,0.657,Ligue_1
2025-04-06,Montpellier,Le Havre,0.956,1.73,Ligue_1
2025-04-06,Las Palmas,Real Sociedad,1.754,2.815,La_liga
2025-04-06,Sevilla,Atletico Madrid,0.819,1.237,La_liga
2025-04-06,Real Valladolid,Getafe,0.301,2.803,La_liga
2025-04-06,Reims,Strasbourg,0.891,2.803,Ligue_1
2025-04-06,Rennes,Auxerre,1.064,1.106,Ligue_1
2025-04-06,Manchester United,Manchester City,1.233,0.688,EPL
2025-04-06,Roma,Juventus,1.372,0.995,Serie_A
2025-04-06,Atalanta,Lazio,1.04,0.523,Serie_A
2025-04-06,Torino,Verona,0.964,1.324,Serie_A
2025-04-06,Empoli,Cagliari,0.387,0.163,Serie_A
2025-04-06,Lecce,Venezia,1.501,0.899,Serie_A
2025-04-06,Villarreal,Athletic Club,1.595,0.999,La_liga
2025-04-06,Lens,Saint-Etienne,2.504,1.692,Ligue_1
2025-04-06,Fulham,Liverpool,1.728,1.406,EPL
2025-04-06,Union Berlin,Wolfsburg,1.551,1.796,Bundesliga
2025-04-06,St. Pauli,Borussia M.Gladbach,2.194,0.647,Bundesliga
2025-04-06,Tottenham,Southampton,2.648,0.78,EPL
2025-04-06,Marseille,Toulouse,1.132,1.306,Ligue_1
2025-04-06,Brentford,Chelsea,1.361,1.478,EPL
2025-04-07,Leganes,Osasuna,2.223,2.074,La_liga
2025-04-07,Bologna,Napoli,1.11,0.999,Serie_A
2025-04-07,Leicester,Newcastle United,0.355,3.441,EPL
2025-04-11,Wolfsburg,RasenBallsport Leipzig,1.844,1.601,Bundesliga
2025-04-11,Valencia,Sevilla,1.426,0.911,La_liga
2025-04-11,Udinese,AC Milan,0.645,2.496,Serie_A
2025-04-11,Lens,Reims,2.719,1.449,Ligue_1
2025-04-12,Brighton,Leicester,3.698,1.984,EPL
2025-04-12,Manchester City,Crystal Palace,4.597,1.338,EPL
2025-04-12,Strasbourg,Nice,0.789,1.838,Ligue_1
2025-04-12,Toulouse,Lille,0.982,0.6,Ligue_1
2025-04-12,Venezia,Monza,1.623,0.59,Serie_A
2025-04-12,Nottingham Forest,Everton,0.424,1.26,EPL
2025-04-12,Bayern Munich,Borussia Dortmund,2.947,1.717,Bundesliga
2025-04-12,Juventus,Lecce,1.956,0.94,Serie_A
2025-04-12,Inter,Cagliari,1.716,0.914,Serie_A
2025-04-12,Monaco,Marseille,2.915,0.878,Ligue_1
2025-04-12,Southampton,Aston Villa,0.412,2.999,EPL
2025-04-12,Holstein Kiel,St. Pauli,0.693,1.066,Bundesliga
2025-04-12,Bochum,Augsburg,1.861,1.025,Bundesliga
2025-04-12,Borussia M.Gladbach,Freiburg,0.525,2.317,Bundesliga
2025-04-12,Real Sociedad,Mallorca,0.617,0.801,La_liga
2025-04-12,Getafe,Las Palmas,1.618,1.542,La_liga
2025-04-12,Celta Vigo,Espanyol,0.824,0.781,La_liga
2025-04-12,Leganes,Barcelona,0.599,1.101,La_liga
2025-04-12,Hoffenheim,Mainz 05,1.424,0.97,Bundesliga
2025-04-12,Bayer Leverkusen,Union Berlin,0.495,0.514,Bundesliga
2025-04-12,Arsenal,Brentford,0.767,0.589,EPL
2025-04-13,Chelsea,Ipswich,2.908,1.603,EPL
2025-04-13,Le Havre,Rennes,0.718,3.722,Ligue_1
2025-04-13,Saint-Etienne,Brest,1.023,2.014,Ligue_1
2025-04-13,VfB Stuttgart,Werder Bremen,1.754,1.654,Bundesliga
2025-04-13,Eintracht Frankfurt,FC Heidenheim,3.645,1.288,Bundesliga
2025-04-13,Lazio,Roma,1.921,0.222,Serie_A
2025-04-13,Como,Torino,1.231,1.042,Serie_A
2025-04-13,Atalanta,Bologna,1.158,0.547,Serie_A
2025-04-13,Fiorentina,Parma Calcio 1913,0.671,0.616,Serie_A
2025-04-13,Athletic Club,Rayo Vallecano,1.977,1.819,La_liga
2025-04-13,Real Betis,Villarreal,2.04,1.326,La_liga
2025-04-13,Alaves,Real Madrid,0.608,1.265,La_liga
2025-04-13,Osasuna,Girona,1.688,0.574,La_liga
2025-04-13,Angers,Montpellier,1.771,0.453,Ligue_1
2025-04-13,Newcastle United,Manchester United,2.638,0.787,EPL
2025-04-13,Wolverhampton Wanderers,Tottenham,2.23,1.629,EPL
2025-04-13,Liverpool,West Ham,1.429,1.466,EPL
2025-04-13,Verona,Genoa,1.001,0.112,Serie_A
2025-04-13,Auxerre,Lyon,1.004,3.118,Ligue_1
2025-04-14,Atletico Madrid,Real Valladolid,4.063,1.38,La_liga
2025-04-14,Napoli,Empoli,2.137,1.373,Serie_A
2025-04-14,Bournemouth,Fulham,1.858,1.072,EPL
2025-04-16,Newcastle United,Crystal Palace,2.329,2.375,EPL
2025-04-18,Rennes,Nantes,2.53,0.702,Ligue_1
2025-04-18,Espanyol,Getafe,0.367,0.737,La_liga
2025-04-19,Everton,Manchester City,0.817,1.88,EPL
2025-04-19,Aston Villa,Newcastle United,3.054,1.272,EPL
2025-04-19,West Ham,Southampton,0.984,0.923,EPL
2025-04-19,Union Berlin,VfB Stuttgart,2.161,1.19,Bundesliga
2025-04-19,Crystal Palace,Bournemouth,0.338,0.664,EPL
2025-04-19,Brentford,Brighton,2.955,1.241,EPL
2025-04-19,Lecce,Como,0.667,1.654,Serie_A
2025-04-19,Monza,Napoli,0.875,1.666,Serie_A
2025-04-19,Roma,Verona,1.247,0.33,Serie_A
2025-04-19,Mainz 05,Wolfsburg,2.682,1.808,Bundesliga
2025-04-19,Freiburg,Hoffenheim,1.55,1.947,Bundesliga
2025-04-19,Werder Bremen,Bochum,2.709,0.495,Bundesliga
2025-04-19,FC Heidenheim,Bayern Munich,0.53,3.542,Bundesliga
2025-04-19,RasenBallsport Leipzig,Holstein Kiel,2.168,1.017,Bundesliga
2025-04-19,Paris Saint Germain,Le Havre,3.192,0.709,Ligue_1
2025-04-19,Monaco,Strasbourg,0.97,0.34,Ligue_1
2025-04-19,Marseille,Montpellier,3.822,0.304,Ligue_1
2025-04-19,Rayo Vallecano,Valencia,0.722,2.063,La_liga
2025-04-19,Barcelona,Celta Vigo,2.566,2.505,La_liga
2025-04-19,Mallorca,Leganes,1.069,0.952,La_liga
2025-04-19,Las Palmas,Atletico Madrid,0.768,0.757,La_liga
2025-04-20,Real Valladolid,Osasuna,1.455,2.362,La_liga
2025-04-20,Augsburg,Eintracht Frankfurt,1.142,1.395,Bundesliga
2025-04-20,Borussia Dortmund,Borussia M.Gladbach,1.185,1.218,Bundesliga
2025-04-20,St. Pauli,Bayer Leverkusen,2.316,1.135,Bundesliga
2025-04-20,Real Madrid,Athletic Club,2.407,0.133,La_liga
2025-04-20,Ipswich,Arsenal,0.193,2.814,EPL
2025-04-20,Leicester,Liverpool,0.232,4.527,EPL
2025-04-20,Saint-Etienne,Lyon,1.746,0.632,Ligue_1
2025-04-20,Reims,Toulouse,0.66,1.327,Ligue_1
2025-04-20,Brest,Lens,1.054,2.986,Ligue_1
2025-04-20,Nice,Angers,2.726,0.279,Ligue_1
2025-04-20,Lille,Auxerre,2.97,0.281,Ligue_1
2025-04-20,AC Milan,Atalanta,0.495,2.078,Serie_A
2025-04-20,Sevilla,Alaves,1.896,1.303,La_liga
2025-04-20,Empoli,Venezia,1.147,1.485,Serie_A
2025-04-20,Villarreal,Real Sociedad,2.145,2.298,La_liga
2025-04-20,Fulham,Chelsea,0.306,0.752,EPL
2025-04-20,Manchester United,Wolverhampton Wanderers,1.14,0.188,EPL
2025-04-20,Bologna,Inter,1.088,0.661,Serie_A
2025-04-21,Tottenham,Nottingham Forest,2.402,0.558,EPL
2025-04-21,Girona,Real Betis,1.103,2.283,La_liga
2025-04-22,Barcelona,Mallorca,3.435,0.327,La_liga
2025-04-22,Valencia,Espanyol,1.079,0.344,La_liga
2025-04-22,Nantes,Paris Saint Germain,0.521,2.306,Ligue_1
2025-04-22,Manchester City,Aston Villa,1.362,1.859,EPL
2025-04-23,Torino,Udinese,0.949,0.95,Serie_A
2025-04-23,Cagliari,Fiorentina,0.367,0.701,Serie_A
2025-04-23,Genoa,Lazio,0.471,1.337,Serie_A
2025-04-23,Parma Calcio 1913,Juventus,0.785,0.777,Serie_A
2025-04-23,Alaves,Real Sociedad,0.815,0.472,La_liga
2025-04-23,Athletic Club,Las Palmas,2.638,1.018,La_liga
2025-04-23,Getafe,Real Madrid,2.536,1.748,La_liga
2025-04-23,Arsenal,Crystal Palace,1.921,2.505,EPL
2025-04-23,Celta Vigo,Villarreal,3.197,0.595,La_liga
2025-04-24,Osasuna,Sevilla,0.374,0.934,La_liga
2025-04-24,Leganes,Girona,0.331,0.764,La_liga
2025-04-24,Atletico Madrid,Rayo Vallecano,3.345,1.132,La_liga
2025-04-24,Real Betis,Real Valladolid,2.267,0.84,La_liga
2025-04-25,VfB Stuttgart,FC Heidenheim,1.917,0.523,Bundesliga
2025-04-25,Paris Saint Germain,Nice,4.507,1.63,Ligue_1
2025-04-26,Southampton,Fulham,0.936,1.996,EPL
2025-04-26,Strasbourg,Saint-Etienne,2.835,2.22,Ligue_1
2025-04-26,Bayern Munich,Mainz 05,1.701,0.924,Bundesliga
2025-04-26,Hoffenheim,Borussia Dortmund,1.19,2.415,Bundesliga
2025-04-26,Wolfsburg,Freiburg,0.288,1.958,Bundesliga
2025-04-26,Holstein Kiel,Borussia M.Gladbach,3.038,2.551,Bundesliga
2025-04-26,Eintracht Frankfurt,RasenBallsport Leipzig,2.239,0.316,Bundesliga
2025-04-26,Chelsea,Everton,0.768,0.917,EPL
2025-04-26,Brighton,West Ham,1.294,1.241,EPL
2025-04-26,Lyon,Rennes,2.259,0.782,Ligue_1
2025-04-26,Le Havre,Monaco,0.808,3.29,Ligue_1
2025-04-26,Wolverhampton Wanderers,Leicester,2.577,1.05,EPL
2025-04-26,Bayer Leverkusen,Augsburg,1.038,0.641,Bundesliga
2025-04-26,Newcastle United,Ipswich,4.115,0.127,EPL
2025-04-27,Venezia,AC Milan,1.006,1.466,Serie_A
2025-04-27,Villarreal,Espanyol,1.354,1.535,La_liga
2025-04-27,Bournemouth,Manchester United,0.61,1.91,EPL
2025-04-27,Liverpool,Tottenham,2.511,0.513,EPL
2025-04-27,Como,Genoa,1.804,1.046,Serie_A
2025-04-27,Atalanta,Lecce,2.458,1.454,Serie_A
2025-04-27,Bochum,Union Berlin,1.518,0.499,Bundesliga
2025-04-27,Werder Bremen,St. Pauli,1.551,0.831,Bundesliga
2025-04-27,Juventus,Monza,1.147,0.622,Serie_A
2025-04-27,Napoli,Torino,1.233,0.661,Serie_A
2025-04-27,Lens,Auxerre,2.315,2.384,Ligue_1
2025-04-27,Inter,Roma,1.103,2.798,Serie_A
2025-04-27,Fiorentina,Empoli,0.655,0.466,Serie_A
2025-04-27,Nantes,Toulouse,1.338,0.411,Ligue_1
2025-04-27,Angers,Lille,0.917,2.226,Ligue_1
2025-04-27,Marseille,Brest,1.126,2.009,Ligue_1
2025-04-27,Montpellier,Reims,0.95,1.037,Ligue_1
2025-04-28,Lazio,Parma Calcio 1913,1.777,1.09,Serie_A
2025-04-28,Verona,Cagliari,0.27,1.874,Serie_A
2025-04-28,Udinese,Bologna,0.387,1.177,Serie_A
2025-05-01,Nottingham Forest,Brentford,0.671,1.521,EPL
2025-05-02,Torino,Venezia,1.745,1.075,Serie_A
2025-05-02,Manchester City,Wolverhampton Wanderers,0.859,0.622,EPL
2025-05-02,FC Heidenheim,Bochum,0.464,1.813,Bundesliga
2025-05-02,Rayo Vallecano,Getafe,1.216,0.804,La_liga
2025-05-02,Nice,Reims,1.212,0.876,Ligue_1
2025-05-03,Lecce,Napoli,0.277,0.845,Serie_A
2025-05-03,Inter,Verona,1.599,0.303,Serie_A
2025-05-03,Parma Calcio 1913,Como,2.745,1.328,Serie_A
2025-05-03,Saint-Etienne,Monaco,1.17,1.844,Ligue_1
2025-05-03,Cagliari,Udinese,0.955,1.921,Serie_A
2025-05-03,Everton,Ipswich,0.808,1.144,EPL
2025-05-03,Leicester,Southampton,1.607,0.551,EPL
2025-05-03,Arsenal,Bournemouth,2.055,1.418,EPL
2025-05-03,Toulouse,Rennes,1.014,1.577,Ligue_1
2025-05-03,RasenBallsport Leipzig,Bayern Munich,1.749,1.972,Bundesliga
2025-05-03,Borussia M.Gladbach,Hoffenheim,1.918,1.911,Bundesliga
2025-05-03,Union Berlin,Werder Bremen,1.353,1.358,Bundesliga
2025-05-03,St. Pauli,VfB Stuttgart,0.213,3.563,Bundesliga
2025-05-03,Aston Villa,Fulham,1.29,0.703,EPL
2025-05-03,Strasbourg,Paris Saint Germain,1.421,2.359,Ligue_1
2025-05-03,Borussia Dortmund,Wolfsburg,2.55,1.363,Bundesliga
2025-05-03,Villarreal,Osasuna,2.3,1.414,La_liga
2025-05-03,Las Palmas,Valencia,1.81,1.673,La_liga
2025-05-03,Real Valladolid,Barcelona,0.746,2.212,La_liga
2025-05-03,Alaves,Atletico Madrid,0.908,0.391,La_liga
2025-05-04,Real Madrid,Celta Vigo,3.074,2.131,La_liga
2025-05-04,Sevilla,Leganes,2.337,0.805,La_liga
2025-05-04,Espanyol,Real Betis,0.873,1.056,La_liga
2025-05-04,Real Sociedad,Athletic Club,0.893,0.233,La_liga
2025-05-04,Augsburg,Holstein Kiel,3.93,2.104,Bundesliga
2025-05-04,Freiburg,Bayer Leverkusen,0.904,0.228,Bundesliga
2025-05-04,Mainz 05,Eintracht Frankfurt,1.643,1.388,Bundesliga
2025-05-04,Lyon,Lens,1.18,0.953,Ligue_1
2025-05-04,Auxerre,Le Havre,0.323,1.303,Ligue_1
2025-05-04,Brentford,Manchester United,3.587,1.134,EPL
2025-05-04,Brighton,Newcastle United,0.688,1.638,EPL
2025-05-04,West Ham,Tottenham,1.152,0.847,EPL
2025-05-04,Empoli,Lazio,0.183,1.127,Serie_A
2025-05-04,Monza,Atalanta,0.827,3.051,Serie_A
2025-05-04,Roma,Fiorentina,1.001,0.761,Serie_A
2025-05-04,Bologna,Juventus,0.39,0.681,Serie_A
2025-05-04,Nantes,Angers,0.141,0.728,Ligue_1
2025-05-04,Lille,Marseille,0.683,1.426,Ligue_1
2025-05-04,Brest,Montpellier,1.342,0.414,Ligue_1
2025-05-04,Chelsea,Liverpool,3.519,1.427,EPL
2025-05-05,Girona,Mallorca,1.778,0.488,La_liga
2025-05-05,Genoa,AC Milan,0.548,1.3,Serie_A
2025-05-05,Crystal Palace,Nottingham Forest,2.34,0.637,EPL
2025-05-09,Las Palmas,Rayo Vallecano,0.721,1.008,La_liga
2025-05-09,Wolfsburg,Hoffenheim,1.368,1.109,Bundesliga
2025-05-09,AC Milan,Bologna,1.553,0.361,Serie_A
2025-05-10,Holstein Kiel,Freiburg,0.974,2.016,Bundesliga
2025-05-10,Fulham,Everton,1.209,1.326,EPL
2025-05-10,Werder Bremen,RasenBallsport Leipzig,3.206,1.394,Bundesliga
2025-05-10,Union Berlin,FC Heidenheim,0.529,1.862,Bundesliga
2025-05-10,Bochum,Mainz 05,0.735,2.488,Bundesliga
2025-05-10,Brest,Lille,1.886,1.845,Ligue_1
2025-05-10,Bayern Munich,Borussia M.Gladbach,2.783,1.355,Bundesliga
2025-05-10,Lazio,Juventus,1.511,1.179,Serie_A
2025-05-10,Como,Cagliari,1.933,1.225,Serie_A
2025-05-10,Reims,Saint-Etienne,1.123,0.711,Ligue_1
2025-05-10,Auxerre,Nantes,0.624,0.823,Ligue_1
2025-05-10,Angers,Strasbourg,1.331,0.71,Ligue_1
2025-05-10,Le Havre,Marseille,1.103,2.161,Ligue_1
2025-05-10,Rennes,Nice,2.067,1.235,Ligue_1
2025-05-10,Montpellier,Paris Saint Germain,0.594,1.782,Ligue_1
2025-05-10,Toulouse,Lens,1.124,0.766,Ligue_1
2025-05-10,Empoli,Parma Calcio 1913,0.99,0.405,Serie_A
2025-05-10,Ipswich,Brentford,0.717,1.321,EPL
2025-05-10,Southampton,Manchester City,0.137,1.585,EPL
2025-05-10,Monaco,Lyon,1.487,0.39,Ligue_1
2025-05-10,Wolverhampton Wanderers,Brighton,0.734,1.413,EPL
2025-05-10,Bournemouth,Aston Villa,1.023,1.124,EPL
2025-05-10,Valencia,Getafe,2.974,0.59,La_liga
2025-05-10,Atletico Madrid,Real Sociedad,1.715,0.299,La_liga
2025-05-10,Mallorca,Real Valladolid,1.756,2.764,La_liga
2025-05-10,Girona,Villarreal,0.28,2.282,La_liga
2025-05-10,Celta Vigo,Sevilla,0.96,2.614,La_liga
2025-05-11,Newcastle United,Chelsea,1.67,0.646,EPL
2025-05-11,Verona,Lecce,0.481,1.25,Serie_A
2025-05-11,Torino,Inter,1.767,2.489,Serie_A
2025-05-11,Napoli,Genoa,2.352,0.648,Serie_A
2025-05-11,Liverpool,Arsenal,2.747,2.188,EPL
2025-05-11,Tottenham,Crystal Palace,0.807,3.985,EPL
2025-05-11,Nottingham Forest,Leicester,1.769,1.229,EPL
2025-05-11,Manchester United,West Ham,2.313,2.16,EPL
2025-05-11,Udinese,Monza,1.458,1.632,Serie_A
2025-05-11,Eintracht Frankfurt,St. Pauli,1.82,0.667,Bundesliga
2025-05-11,Bayer Leverkusen,Borussia Dortmund,1.905,1.395,Bundesliga
2025-05-11,Leganes,Espanyol,2.058,1.577,La_liga
2025-05-11,Barcelona,Real Madrid,4.106,2.562,La_liga
2025-05-11,Athletic Club,Alaves,1.35,0.643,La_liga
2025-05-11,VfB Stuttgart,Augsburg,4.972,0.382,Bundesliga
2025-05-11,Real Betis,Osasuna,0.359,2.227,La_liga
2025-05-12,Atalanta,Roma,2.875,0.572,Serie_A
2025-05-12,Venezia,Fiorentina,2.26,0.995,Serie_A
2025-05-13,Sevilla,Las Palmas,0.931,0.399,La_liga
2025-05-13,Real Sociedad,Celta Vigo,3.313,1.299,La_liga
2025-05-13,Real Valladolid,Girona,1.307,1.568,La_liga
2025-05-14,Alaves,Valencia,2.063,0.585,La_liga
2025-05-14,Villarreal,Leganes,2.289,1.19,La_liga
2025-05-14,Real Madrid,Mallorca,3.462,0.475,La_liga
2025-05-15,Rayo Vallecano,Real Betis,1.302,1.171,La_liga
2025-05-15,Osasuna,Atletico Madrid,1.075,1.341,La_liga
2025-05-15,Espanyol,Barcelona,1.515,0.736,La_liga
2025-05-15,Getafe,Athletic Club,0.734,1.333,La_liga
2025-05-16,Aston Villa,Tottenham,1.691,0.523,EPL
2025-05-16,Chelsea,Manchester United,1.296,0.338,EPL
2025-05-17,Nice,Brest,5.022,0.689,Ligue_1
2025-05-17,RasenBallsport Leipzig,VfB Stuttgart,1.424,3.346,Bundesliga
2025-05-17,Borussia Dortmund,Holstein Kiel,2.561,0.574,Bundesliga
2025-05-17,Hoffenheim,Bayern Munich,0.661,2.214,Bundesliga
2025-05-17,FC Heidenheim,Werder Bremen,1.757,2.206,Bundesliga
2025-05-17,Freiburg,Eintracht Frankfurt,1.14,2.618,Bundesliga
2025-05-17,Mainz 05,Bayer Leverkusen,2.899,1.336,Bundesliga
2025-05-17,Paris Saint Germain,Auxerre,3.72,0.901,Ligue_1
2025-05-17,Borussia M.Gladbach,Wolfsburg,0.745,1.576,Bundesliga
2025-05-17,Lille,Reims,2.316,0.098,Ligue_1
2025-05-17,Saint-Etienne,Toulouse,1.327,3.822,Ligue_1
2025-05-17,Strasbourg,Le Havre,1.744,2.495,Ligue_1
2025-05-17,Marseille,Rennes,4.066,1.403,Ligue_1
2025-05-17,Nantes,Montpellier,3.007,0.603,Ligue_1
2025-05-17,Lyon,Angers,3.758,0.557,Ligue_1
2025-05-17,Lens,Monaco,2.49,0.481,Ligue_1
2025-05-17,St. Pauli,Bochum,0.803,1.343,Bundesliga
2025-05-17,Augsburg,Union Berlin,1.579,1.141,Bundesliga
2025-05-18,Monza,Empoli,1.032,1.958,Serie_A
2025-05-18,Cagliari,Venezia,2.751,0.773,Serie_A
2025-05-18,Everton,Southampton,2.678,1.05,EPL
2025-05-18,West Ham,Nottingham Forest,0.85,2.148,EPL
2025-05-18,Brentford,Fulham,2.43,1.617,EPL
2025-05-18,Leicester,Ipswich,0.789,1.37,EPL
2025-05-18,Arsenal,Newcastle United,1.16,2.246,EPL
2025-05-18,Genoa,Atalanta,1.441,1.569,Serie_A
2025-05-18,Juventus,Udinese,2.614,0.359,Serie_A
2025-05-18,Las Palmas,Leganes,0.514,1.063,La_liga
2025-05-18,Real Valladolid,Alaves,0.89,1.227,La_liga
2025-05-18,Sevilla,Real Madrid,0.485,1.96,La_liga
2025-05-18,Osasuna,Espanyol,1.925,0.572,La_liga
2025-05-18,Mallorca,Getafe,0.809,1.56,La_liga
2025-05-18,Fiorentina,Bologna,1.43,1.52,Serie_A
2025-05-18,Verona,Como,1.554,1.124,Serie_A
2025-05-18,Inter,Lazio,1.594,2.335,Serie_A
2025-05-18,Lecce,Torino,0.971,0.476,Serie_A
2025-05-18,Parma Calcio 1913,Napoli,0.297,0.38,Serie_A
2025-05-18,Real Sociedad,Girona,1.873,1.645,La_liga
2025-05-18,Roma,AC Milan,1.577,1.786,Serie_A
2025-05-18,Atletico Madrid,Real Betis,4.943,0.822,La_liga
2025-05-18,Barcelona,Villarreal,1.569,1.962,La_liga
2025-05-18,Celta Vigo,Rayo Vallecano,2.424,0.907,La_liga
2025-05-18,Valencia,Athletic Club,0.389,1.162,La_liga
2025-05-19,Brighton,Liverpool,2.178,3.065,EPL
2025-05-20,Manchester City,Bournemouth,1.598,0.962,EPL
2025-05-20,Crystal Palace,Wolverhampton Wanderers,1.685,1.429,EPL
2025-05-23,Real Betis,Valencia,1.153,0.648,La_liga
2025-05-23,Como,Inter,1.49,2.278,Serie_A
2025-05-23,Napoli,Cagliari,2.161,0.097,Serie_A
2025-05-24,AC Milan,Monza,1.993,0.517,Serie_A
2025-05-24,Espanyol,Las Palmas,1.722,0.736,La_liga
2025-05-24,Getafe,Celta Vigo,0.359,1.308,La_liga
2025-05-24,Alaves,Osasuna,1.575,1.881,La_liga
2025-05-24,Leganes,Real Valladolid,1.747,0.479,La_liga
2025-05-24,Real Madrid,Real Sociedad,2.619,1.185,La_liga
2025-05-24,Rayo Vallecano,Mallorca,2.12,0.748,La_liga
2025-05-24,Bologna,Genoa,0.628,1.173,Serie_A
2025-05-25,Atalanta,Parma Calcio 1913,1.903,2.825,Serie_A
2025-05-25,Empoli,Verona,1.234,0.834,Serie_A
2025-05-25,Venezia,Juventus,1.013,1.669,Serie_A
2025-05-25,Athletic Club,Barcelona,0.751,3.364,La_liga
2025-05-25,Villarreal,Sevilla,1.288,1.648,La_liga
2025-05-25,Girona,Atletico Madrid,0.05,3.106,La_liga
2025-05-25,Nottingham Forest,Chelsea,1.58,1.309,EPL
2025-05-25,Newcastle United,Everton,1.159,1.073,EPL
2025-05-25,Manchester United,Aston Villa,2.963,0.335,EPL
2025-05-25,Liverpool,Crystal Palace,1.921,1.414,EPL
2025-05-25,Tottenham,Brighton,1.853,3.116,EPL
2025-05-25,Southampton,Arsenal,0.598,2.407,EPL
2025-05-25,Wolverhampton Wanderers,Brentford,1.109,1.972,EPL
2025-05-25,Bournemouth,Leicester,2.724,0.157,EPL
2025-05-25,Ipswich,West Ham,0.893,0.967,EPL
2025-05-25,Fulham,Manchester City,2.218,2.459,EPL
2025-05-25,Udinese,Fiorentina,1.617,3.065,Serie_A
2025-05-25,Torino,Roma,0.381,2.644,Serie_A
2025-05-25,Lazio,Lecce,1.735,0.709,Serie_A
